<doc xmlns:tm="http://www.temis.com/annotations/1.1/">
<metadata>
<aboutcompany value="thinkequity partners llc"/>
<releaselocation value="san francisco"/>
<data_source value="prnews"/>
<source value="salesforce.com"/>
<processing_date>2008-01-21T18:14:10</processing_date>
<date>2007-12-17T09:00:00</date>







<quote symbol="NYSE:CRM" src-company="salesforce" company="salesforce.com, inc." date="2007-12-17" price="58.73"/><quote symbol="NYSE:ABN" src-company="abn amro" company="ABN AMRO Holding N.V. (ADR)" date="2007-12-17" price=""/><quote symbol="NYSE:S" src-company="sprint nextel" company="Sprint Nextel Corporation" date="2007-12-17" price="13.91"/><quote symbol="NYSE:STI" src-company="suntrust banks" company="SunTrust Banks, Inc." date="2007-12-17" price="63.43"/><quote symbol="NYSE:AOC" src-company="aon" company="Aon Corporation" date="2007-12-17" price="49.40"/><quote symbol="LON:PMR" src-company="panmure gordon" company="Panmure Gordon &amp; Co. Plc" date="2007-12-17" price=""/></metadata>
<title>ThinkEquity Standardizes on Salesforce for Financial Services
</title>
<html>
<head>
<meta name="generator" content="HTML Tidy for Windows (vers 14 February 2006), see www.w3.org"/>
<!-- #BeginEditable "doctitle" -->
<title><tm:entity><tm:company value="thinkequity">ThinkEquity</tm:company></tm:entity> Standardizes on <tm:entity><tm:company value="salesforce">Salesforce</tm:company></tm:entity> for Financial
Services</title>
</head>
<body>
<p>Global growth investment bank implements industry's leading
on-demand <tm:entity><tm:companyticker company="CORIMON C A (NEW)" value="NYSE:CRM">CRM</tm:companyticker></tm:entity> service; leverages the <tm:entity><tm:company value="force">Force.com</tm:company></tm:entity> platform to build
and integrate custom</p>
<p>applications</p>
<p><tm:entity><tm:location><tm:country location_country="United States of America"><tm:place>SAN FRANCISCO</tm:place></tm:country></tm:location></tm:entity>, <tm:entity><tm:time_expression><tm:relative_time Day="17" Month="Dec." value="dec. 17">Dec. 17</tm:relative_time></tm:time_expression></tm:entity> /PRNewswire-FirstCall/ -- <tm:entity><tm:company value="salesforce">Salesforce.com</tm:company></tm:entity>(<tm:entity><tm:stockindex value="nyse">NYSE</tm:stockindex></tm:entity>: <tm:entity><tm:companyticker company="CORIMON C A (NEW)" value="NYSE:CRM">CRM</tm:companyticker></tm:entity>), the market and technology leader in on-demand business
services, today announced that <tm:entity><tm:company Extension="Llc" value="thinkequity partners">ThinkEquity Partners</tm:company></tm:entity> LLC, a leading
global growth investment bank, has joined 1,600 other financial
services organizations standardizing on <tm:entity><tm:company value="salesforce">Salesforce</tm:company></tm:entity> for Financial
Services. In addition to implementing <tm:entity><tm:company value="salesforce">salesforce.com</tm:company></tm:entity>'s industry
leading on-demand <tm:entity><tm:companyticker company="CORIMON C A (NEW)" value="NYSE:CRM">CRM</tm:companyticker></tm:entity> service to manage its diverse client base
effectively across multiple business groups, the company used the
<tm:entity><tm:company value="force">Force.com</tm:company></tm:entity> platform to develop multiple custom solutions and to
integrate with its publishing and sales commission system,
resulting in a single interface for all its business needs.</p>
<p>(Logo: <a href="http://www.newscom.com/cgi-bin/prnh/20050216/SFW105LOGO" target="_new">http://www.newscom.com/cgi-bin/prnh/20050216/SFW105LOGO</a>)</p>
<p><tm:entity><tm:company value="thinkequity">ThinkEquity</tm:company></tm:entity> is one of the 38,100 companies of all sizes,
industries and geographies that comprised the <tm:entity><tm:company value="salesforce">salesforce.com</tm:company></tm:entity> customer base <tm:entity><tm:time_expression><tm:exact_time value="2007">as of October 31, 2007</tm:exact_time></tm:time_expression></tm:entity>. Revenue and subscribers will
be recognized as the service is delivered.</p><p>"When we were looking for a new way to manage our business
information, Software-as-a-Service from <tm:entity><tm:company value="salesforce">salesforce.com</tm:company></tm:entity> was the
clear choice," said <tm:entity><tm:person Family_Name="Coleman" First_Name="Peter" Gender="Undefined Gender" role="Person" value="peter coleman">Peter Coleman</tm:person></tm:entity>, <tm:entity><tm:function FunctionCategory="Board" role="Has_Function" value="chief operation officer">COO</tm:function></tm:entity> at <tm:entity><tm:company><tm:potential_company role="Who" value="thinkequity">ThinkEquity</tm:potential_company></tm:company></tm:entity>. "We have
users around the globe, and <tm:entity><tm:company value="salesforce">Salesforce</tm:company></tm:entity> provides quick and easy
access to all the information they need to be successful."</p>
<p><tm:entity><tm:company value="thinkequity">ThinkEquity</tm:company></tm:entity> selected the <tm:entity><tm:company value="salesforce">Salesforce</tm:company></tm:entity> on-demand <tm:entity><tm:companyticker company="CORIMON C A (NEW)" value="NYSE:CRM">CRM</tm:companyticker></tm:entity> service for
its flexibility and ease-of-use to drive adoption, and the ability
to extend the solution using the customization and integration
capabilities inherent in the <tm:entity><tm:company value="force">Force.com</tm:company></tm:entity> platform. <tm:entity><tm:company value="thinkequity">ThinkEquity</tm:company></tm:entity> leveraged the flexible development platform to build custom
solutions for marketing, sales, research, wealth management and
equity venture services that meet its particular business needs. In
addition, the company built custom business tools, including a
portfolio tracking feature and a calendaring function that manages
invitations to company events and regional shows. Putting these
functions within <tm:entity><tm:company value="salesforce">Salesforce</tm:company></tm:entity> enables <tm:entity><tm:company value="thinkequity">ThinkEquity</tm:company></tm:entity> to better manage
and track <tm:entity><tm:function FunctionCategory="Other" value="salesperson">salesperson</tm:function></tm:entity> productivity, event ROI and the various ways
the company interacts with customers.</p>
<p>"We've enjoyed the flexibility and ease-of-use that <tm:entity><tm:company value="salesforce">Salesforce</tm:company></tm:entity> provides, and now have greater insight in to our business," added
<tm:entity><tm:person Family_Name="Coleman" First_Name="Peter" Gender="Undefined Gender" role="Person" value="peter coleman">Coleman</tm:person></tm:entity>. "<tm:entity><tm:company><tm:potential_company role="Who" value="salesforce">Salesforce</tm:potential_company></tm:company></tm:entity> had made us both more efficient and more agile
which, in turn, is helping us leverage market opportunities to
increase our profitability."</p>
<p><tm:entity><tm:company value="salesforce">Salesforce</tm:company></tm:entity> for Financial Services</p>
<p>More than 1,600 financial services firms around the globe are
standardizing on <tm:entity><tm:company value="salesforce">Salesforce</tm:company></tm:entity> in Wealth Management, Banking, Capital
Markets, Mortgage, and Insurance. Customers such as <tm:entity><tm:company value="aon">AON</tm:company></tm:entity>, BOK
Financial Corporation, <tm:entity><tm:company value="e loan">E-LOAN</tm:company></tm:entity>, <tm:entity><tm:company Domain="Financial" Extension="Group" value="mizuho financial">Mizuho Financial</tm:company></tm:entity> Group and <tm:entity><tm:company value="travelex">Travelex</tm:company></tm:entity> put their trust in the <tm:entity><tm:company value="salesforce">Salesforce</tm:company></tm:entity> on-demand customer relationship
management (<tm:entity><tm:companyticker company="CORIMON C A (NEW)" value="NYSE:CRM">CRM</tm:companyticker></tm:entity>) solution to support their most critical business
relationships. <tm:entity><tm:company value="salesforce">Salesforce.com</tm:company></tm:entity> customers have access to the largest
ecosystem of partner solutions available via the AppExchange,
including financial services mash-ups with more than 35
pre-integrated partner applications. All of these solutions are
built on the Force.com platform, the world's most powerful and
trusted on-demand platform. For more information, please visit
<a href="http://www.salesforce.com/fs" target="_new">http://www.salesforce.com/fs</a>.</p><p>About <tm:entity><tm:company Extension="Llc" value="thinkequity partners">ThinkEquity Partners</tm:company></tm:entity> LLC</p>
<p><tm:entity><tm:company Extension="Llc" value="thinkequity partners">ThinkEquity Partners</tm:company></tm:entity> LLC, a <tm:entity><tm:company Extension="Co" value="panmure gordon">Panmure Gordon</tm:company></tm:entity> Company, is a
research-centric institutional investment firm focused on the
growth economy. <tm:entity><tm:company Extension="Llc" value="thinkequity partners">ThinkEquity Partners</tm:company></tm:entity> LLC is dedicated to providing
focused insight, advisory services, and capital to institutional
investors and corporate constituents in the knowledge economy's key
growth verticals, including technology, healthcare, media and
consumer business services. For more information about <tm:entity><tm:company Extension="Llc" value="thinkequity partners">ThinkEquity
Partners</tm:company></tm:entity> LLC, please visit <a href="http://www.thinkequity.com" target="_new">http://www.thinkequity.com</a>.</p><p><tm:entity><tm:company value="force">Force.com</tm:company></tm:entity> Platform and the AppExchange</p>
<p><tm:entity><tm:company value="force">Force.com</tm:company></tm:entity> reinvents the traditional development, deployment and
distribution of any business application with
platform-as-a-service. Developers, customers and partners can use
<tm:entity><tm:company value="force">Force.com</tm:company></tm:entity> to easily create a new generation of on-demand
applications and deploy them worldwide as a service. <tm:entity><tm:company value="force">Force.com</tm:company></tm:entity> allows applications to be easily shared, exchanged and installed
with a few simple clicks via <tm:entity><tm:company value="salesforce">salesforce.com</tm:company></tm:entity>'s AppExchange
marketplace, enabling all the innovation that <tm:entity><tm:company value="force">Force.com</tm:company></tm:entity> unleashes
to be easily distributed to the entire on-demand community.</p>
<p>The AppExchange economy continues to expand, with thousands of
customers installing applications via the AppExchange. Customers of
all sizes can quickly and easily extend <tm:entity><tm:company value="salesforce">Salesforce</tm:company></tm:entity> with additional
on-demand business applications available on the AppExchange, found
at <a href="http://www.salesforce.com/appexchange" target="_new">http://www.salesforce.com/appexchange</a>.</p><p>About <tm:entity><tm:company value="salesforce">salesforce.com</tm:company></tm:entity></p><p><tm:entity><tm:company value="salesforce">Salesforce.com</tm:company></tm:entity> is the market and technology leader in on-demand
business services. The company's <tm:entity><tm:company value="salesforce">Salesforce</tm:company></tm:entity> suite of on-demand CRM
applications allows customers to manage and share all of their
sales, support, marketing and partner information on-demand.
<tm:entity><tm:company value="force">Force.com</tm:company></tm:entity>, the world's first on-demand platform, enables customers,
developers and partners to build powerful new on-demand
applications that extend beyond <tm:entity><tm:companyticker company="CORIMON C A (NEW)" value="NYSE:CRM">CRM</tm:companyticker></tm:entity> to deliver the benefits of
multi-tenancy and The Business Web across the enterprise. <tm:entity><tm:company value="force">Force.com</tm:company></tm:entity> allows applications to be easily shared, exchanged and installed
with a few simple clicks via <tm:entity><tm:company value="salesforce">salesforce.com</tm:company></tm:entity>'s AppExchange
marketplace, available at <a href="http://www.salesforce.com/appexchange" target="_new">http://www.salesforce.com/appexchange</a>. Customers can
also take advantage of <tm:entity><tm:company value="successforce">Successforce</tm:company></tm:entity>, <tm:entity><tm:company value="salesforce">salesforce.com</tm:company></tm:entity>'s world-class
training, support, consulting and best practices offerings.</p><p><tm:entity><tm:time_expression><tm:exact_time value="2007">As of October 31, 2007</tm:exact_time></tm:time_expression></tm:entity>, <tm:entity><tm:company value="salesforce">salesforce.com</tm:company></tm:entity> manages customer
information for approximately 38,100 customers including <tm:entity><tm:company Domain="Financial" value="abn amro">ABN AMRO</tm:company></tm:entity>,
<tm:entity><tm:stockindex value="dow jones">Dow Jones</tm:stockindex></tm:entity> Newswires, <tm:entity><tm:media><tm:newspaper Location_Continent="Asia" Location_Country="Japan" value="japan post">Japan Post</tm:newspaper></tm:media></tm:entity>, <tm:entity><tm:company Domain="Pharma" value="kaiser permanente">Kaiser Permanente</tm:company></tm:entity>, <tm:entity><tm:company value="kone">KONE</tm:company></tm:entity>, <tm:entity><tm:company Domain="TeleCommunication" value="sprint nextel">Sprint
Nextel</tm:company></tm:entity>, and <tm:entity><tm:company Domain="Financial" value="suntrust banks">SunTrust Banks</tm:company></tm:entity>. Any unreleased services or features
referenced in this or other press releases or public statements are
not currently available and may not be delivered on time or at all.
Customers who purchase <tm:entity><tm:company value="salesforce">salesforce.com</tm:company></tm:entity> applications should make
their purchase decisions based upon features that are currently
available. <tm:entity><tm:company value="salesforce">Salesforce.com</tm:company></tm:entity> has headquarters in <tm:entity><tm:location><tm:country location_country="United States of America"><tm:place>San Francisco</tm:place></tm:country></tm:location></tm:entity>, with
offices in <tm:entity><tm:location><tm:country><tm:place>Europe</tm:place></tm:country></tm:location></tm:entity> and <tm:entity><tm:location><tm:country><tm:place>Asia</tm:place></tm:country></tm:location></tm:entity>, and trades on the <tm:entity><tm:organisation Domain="Financial" value="new york stock exchange">New York Stock
Exchange</tm:organisation></tm:entity> under the ticker symbol "<tm:entity><tm:companyticker company="CORIMON C A (NEW)" value="NYSE:CRM">CRM</tm:companyticker></tm:entity>". For more information please
visit <a href="http://www.salesforce.com" target="_new">http://www.salesforce.com,</a>or call
1-800-NO-SOFTWARE.</p>
<p>Copyright (c) 2007 <tm:entity><tm:company value="salesforce">salesforce.com</tm:company></tm:entity>, inc. All rights reserved.
<tm:entity><tm:company value="salesforce">Salesforce.com</tm:company></tm:entity> and the "no software" logo are registered trademarks
of <tm:entity><tm:company value="salesforce">salesforce.com</tm:company></tm:entity>, inc., and <tm:entity><tm:company value="salesforce">salesforce.com</tm:company></tm:entity> owns other registered
and unregistered trademarks. Other names used herein may be
trademarks of their <tm:entity><tm:function FunctionCategory="Board" value="respective owners">respective owners</tm:function></tm:entity>.</p></body>
</html>


</doc>

