<doc xmlns:tm="http://www.temis.com/annotations/1.1/">
<metadata>
<aboutcompany value="amdocs"/>
<releaselocation value="st. louis"/>
<data_source value="prnews"/>
<source value="amdocs"/>
<processing_date>2008-01-21T17:53:28</processing_date>
<date>2007-12-19T07:00:00</date>
<quote symbol="NYSE:DOX" src-company="amdocs" company="Amdocs Limited" date="2007-12-19" price="34.04"/></metadata>
<title><tm:entity><tm:location><tm:country><tm:place>China</tm:place></tm:country></tm:location></tm:entity>'s Chongqing <tm:entity><tm:company Domain="TeleCommunication" Location_Continent="Asia" Location_Country="China" value="unicom">Unicom</tm:company></tm:entity> Deploys Amdocs Next-Generation Business Support System to Improve Service and Operational Capabilities
</title>
<html>
<head>
<meta name="generator" content="HTML Tidy for Windows (vers 14 February 2006), see www.w3.org"/>
<!-- #BeginEditable "doctitle" -->
<title><tm:entity><tm:location><tm:country><tm:place>China</tm:place></tm:country></tm:location></tm:entity>'s Chongqing <tm:entity><tm:company Domain="TeleCommunication" Location_Continent="Asia" Location_Country="China" value="unicom">Unicom</tm:company></tm:entity> Deploys <tm:entity><tm:company value="amdocs">Amdocs</tm:company></tm:entity> Next-Generation
Business Support System to Improve Service and Operational
Capabilities</title>
</head>
<body>
<p>Provincial unit of China <tm:entity><tm:company Domain="TeleCommunication" Location_Continent="Asia" Location_Country="China" value="unicom">Unicom</tm:company></tm:entity> pilots key project as part of
broader</p>
<p>nationwide deployment</p>
<p>ST. LOUIS, <tm:entity><tm:time_expression><tm:relative_time Day="19" Month="Dec." value="dec. 19">Dec. 19</tm:relative_time></tm:time_expression></tm:entity> /PRNewswire-FirstCall/ -- <tm:entity><tm:company value="amdocs">Amdocs</tm:company></tm:entity>(<tm:entity><tm:stockindex value="nyse">NYSE</tm:stockindex></tm:entity>:
<a class="small" href="http://studio-5.financialcontent.com/prnews?Page=Quote&amp;Ticker=DOX" onclick="var s=s_gi(s_account); var hd1 = document.getElementById('headline'); s.tl(this,'o',getLinkName('Company Sanpshot'));">DOX</a>), the leading provider of customer experience systems,
today announced that Chongqing <tm:entity><tm:company Domain="TeleCommunication" Location_Continent="Asia" Location_Country="China" value="unicom">Unicom</tm:company></tm:entity>, a provincial unit of China
<tm:entity><tm:company Domain="TeleCommunication" Location_Continent="Asia" Location_Country="China" value="unicom">Unicom</tm:company></tm:entity>, has deployed <tm:entity><tm:company value="amdocs">Amdocs</tm:company></tm:entity> solutions as part of a comprehensive
project to implement a next-generation business support system
(NGBSS). <tm:entity><tm:company value="amdocs">Amdocs</tm:company></tm:entity>' NGBSS will enable Chongqing <tm:entity><tm:company Domain="TeleCommunication" Location_Continent="Asia" Location_Country="China" value="unicom">Unicom</tm:company></tm:entity> to
significantly improve customer billing, customer relationship
management and business intelligence to improve the service it
offers customers, better its sales and marketing capabilities, and
reduce its total cost of operations.</p>
<p>The Chongqing <tm:entity><tm:company Domain="TeleCommunication" Location_Continent="Asia" Location_Country="China" value="unicom">Unicom</tm:company></tm:entity> implementation is a key pilot project of a
broader plan to roll out NGBSS across provinces in the China <tm:entity><tm:company Domain="TeleCommunication" Location_Continent="Asia" Location_Country="China" value="unicom">Unicom</tm:company></tm:entity> network. The <tm:entity><tm:company value="amdocs">Amdocs</tm:company></tm:entity> deployment was rated by China <tm:entity><tm:company Domain="TeleCommunication" Location_Continent="Asia" Location_Country="China" value="unicom">Unicom</tm:company></tm:entity> as the
most successful NGBSS deployment to date when compared to NGBSS
deployments in other provincial units. Chongqing <tm:entity><tm:company Domain="TeleCommunication" Location_Continent="Asia" Location_Country="China" value="unicom">Unicom</tm:company></tm:entity> provides a
full range of services, including voice, data and multimedia
communications to customers in <tm:entity><tm:location><tm:country location_country="China"><tm:place>Chongqing</tm:place></tm:country></tm:location></tm:entity>, <tm:entity><tm:location><tm:country><tm:place>China</tm:place></tm:country></tm:location></tm:entity>'s fourth largest
municipality.</p><p>"With valuable information from the new system, <tm:entity><tm:location><tm:country location_country="China"><tm:place>Chongqing</tm:place></tm:country></tm:location></tm:entity> can
create and execute more comprehensive and targeted marketing
activities. This enhanced capability delivered by <tm:entity><tm:company value="amdocs">Amdocs</tm:company></tm:entity> is
critical in developing the rural, yet dynamic market of <tm:entity><tm:location><tm:country location_country="China"><tm:place>Chongqing</tm:place></tm:country></tm:location></tm:entity>,"
said <tm:entity><tm:person Family_Name="Shiquan" First_Name="Li" Gender="Female" role="Person" value="li shiquan">Li Shiquan</tm:person></tm:entity>, <tm:entity><tm:function FunctionCategory="Board" role="Has_Function" value="general manager">general manager</tm:function></tm:entity> of Chongqing <tm:entity><tm:company Domain="TeleCommunication" Location_Continent="Asia" Location_Country="China" role="Who" value="unicom">Unicom</tm:company></tm:entity>. "<tm:entity><tm:company value="amdocs">Amdocs</tm:company></tm:entity> also
delivered and managed the project very smoothly, without a single
service interruption."</p>
<p>The new Amdocs system offers several benefits for Chongqing
<tm:entity><tm:company Domain="TeleCommunication" Location_Continent="Asia" Location_Country="China" value="unicom">Unicom</tm:company></tm:entity> customers, including exact and real-time billing, better
credit control, and greater capacity for customer queries and
commands. The NGBSS solution also consolidates information from a
series of systems, allowing Chongqing <tm:entity><tm:company Domain="TeleCommunication" Location_Continent="Asia" Location_Country="China" value="unicom">Unicom</tm:company></tm:entity> to have a 360-degree
view of each customer. Additionally, the solution enables the
provider to accommodate more users on its network and enhance
customer account management processes.</p>
<p>"As <tm:entity><tm:company value="amdocs">Amdocs</tm:company></tm:entity> continues to reinforce its presence in the Chinese
market, Chongqing <tm:entity><tm:company Domain="TeleCommunication" Location_Continent="Asia" Location_Country="China" role="Who" value="unicom">Unicom</tm:company></tm:entity>'s deployment demonstrates that service
providers around the world are investing in customer experience
systems," said <tm:entity><tm:person Family_Name="Born" First_Name="Charles" Gender="Male" role="Person" value="charles born">Charles Born</tm:person></tm:entity>, <tm:entity><tm:function FunctionCategory="Board" role="Has_Function" value="vice president">vice president</tm:function></tm:entity> of corporate
communications for <tm:entity><tm:company value="amdocs">Amdocs</tm:company></tm:entity>. "We are also very pleased to be the
first and highest rated NGBSS deployment. Chongqing <tm:entity><tm:company Domain="TeleCommunication" Location_Continent="Asia" Location_Country="China" value="unicom">Unicom</tm:company></tm:entity> will now
be able to operate its business more efficiently, and implement new
complex service offerings to deliver a superior customer experience
to its subscribers."</p>
<p>About <tm:entity><tm:company value="amdocs">Amdocs</tm:company></tm:entity></p><p><tm:entity><tm:company value="amdocs">Amdocs</tm:company></tm:entity> is the market leader in customer experience systems
innovation, enabling world-leading service providers to deliver an
integrated, innovative and intentional customer experience(TM) at
every point of service. <tm:entity><tm:company value="amdocs">Amdocs</tm:company></tm:entity> provides solutions that deliver
customer experience excellence, combining the software, service and
expertise to help its customers execute their strategies and
achieve service, operational and financial excellence. A global
company with revenue of $2.84 billion in fiscal 2007, <tm:entity><tm:company><tm:potential_company role="Who" value="amdocs">Amdocs</tm:potential_company></tm:company></tm:entity> has
more than 16,000 employees and serves customers in more than 50
countries around the world. For more information, visit <tm:entity><tm:company value="amdocs">Amdocs</tm:company></tm:entity> at
<a href="http://www.amdocs.com" target="_new">http://www.amdocs.com</a>.</p><p><tm:entity><tm:company value="amdocs">Amdocs</tm:company></tm:entity> Forward-Looking Statement</p>
<p>This press release includes information that constitutes
forward-looking statements made pursuant to the safe harbor
provision of the Private Securities Litigation Reform Act of 1995,
including statements about <tm:entity><tm:company value="amdocs">Amdocs</tm:company></tm:entity>' growth and business results in
future quarters. Although we believe the expectations reflected in
such forward-looking statements are based upon reasonable
assumptions, we can give no assurance that our expectations will be
obtained or that any deviations will not be material. Such
statements involve risks and uncertainties that may cause future
results to differ from those anticipated. These risks include, but
are not limited to, the effects of general economic conditions,
<tm:entity><tm:company value="amdocs">Amdocs</tm:company></tm:entity>' ability to grow in the business segments it serves, adverse
effects of market competition, rapid technological shifts that may
render the Company's products and services obsolete, potential loss
of a major customer, our ability to develop long-term relationships
with our customers, and risks associated with operating businesses
in the international market. <tm:entity><tm:company value="amdocs">Amdocs</tm:company></tm:entity> may elect to update these
forward-looking statements at some point in the future, however the
Company specifically disclaims any obligation to do so. These and
other risks are discussed at greater length in the Company's
filings with the Securities and <tm:entity><tm:organisation value="exchange commission">Exchange Commission</tm:organisation></tm:entity>, including in
our Annual Report on Form <tm:entity><tm:money_expression><tm:money Amount="20-" Currency="Franc" value="20-f">20-F</tm:money></tm:money_expression></tm:entity> <tm:entity><tm:time_expression><tm:duration To="September 30 , 2007" value="for the fiscal year ended september 30 , 2007">for the fiscal year ended September
30, 2007</tm:duration></tm:time_expression></tm:entity>, filed <tm:entity><tm:time_expression><tm:exact_time value="2007">on December 3, 2007</tm:exact_time></tm:time_expression></tm:entity>.<br/></p><p>Media Contact:</p>
<p><tm:entity><tm:location><tm:country location_country="United States of America"><tm:place>Garland</tm:place></tm:country></tm:location></tm:entity> Harwood</p>
<p>Weber Shandwick for <tm:entity><tm:company value="amdocs">Amdocs</tm:company></tm:entity></p><p>Tel: <tm:entity><tm:phone_number value="+1-212-445-8373">+1-212-445-8373</tm:phone_number></tm:entity></p><p>Email: <a href="mailto:gharwood@webershandwick.com"><tm:entity><tm:email value="gharwood@webershandwick.com">gharwood@webershandwick.com</tm:email></tm:entity></a></p></body>
</html>


</doc>

