<doc xmlns:tm="http://www.temis.com/annotations/1.1/">
<metadata>
<aboutcompany value="aladdin hasp"/>
<releaselocation value="chicago"/>
<data_source value="prnews"/>
<source value="aladdin knowledge systems"/>
<processing_date>2008-01-21T17:57:35</processing_date>
<date>2007-12-18T07:30:00</date>
<quote symbol="NASDAQ:ALDN" src-company="aladdin knowledge systems" company="Aladdin Knowledge Systems Ltd." date="2007-12-18" price="25.73"/></metadata>
<title>Aladdin HASP HL USB Keys Add Support for Mac OS X Leopard
</title>
<html>
<head>
<meta name="generator" content="HTML Tidy for Windows (vers 14 February 2006), see www.w3.org"/>
<!-- #BeginEditable "doctitle" -->
<title>Aladdin HASP HL USB Keys Add Support for Mac OS X
Leopard</title>
</head>
<body>
<p>World leader in digital printing quickly implements HASP HL USB
keys for</p>
<p>Mac OS X Leopard applications</p>
<p><tm:entity><tm:location><tm:country location_country="United States of America"><tm:place>CHICAGO</tm:place></tm:country></tm:location></tm:entity>, <tm:entity><tm:time_expression><tm:relative_time Day="18" Month="Dec." value="dec. 18">Dec. 18</tm:relative_time></tm:time_expression></tm:entity> /PRNewswire-FirstCall/ -- <tm:entity><tm:company Extension="Ltd" value="aladdin knowledge systems">Aladdin Knowledge
Systems</tm:company></tm:entity>(<tm:entity><tm:stockindex value="nasdaq">Nasdaq</tm:stockindex></tm:entity>: <a class="small" href="http://studio-5.financialcontent.com/prnews?Page=Quote&amp;Ticker=ALDN" onclick="var s=s_gi(s_account); var hd1 = document.getElementById('headline'); s.tl(this,'o',getLinkName('Company Sanpshot'));">ALDN</a>), an information security leader specializing in
authentication, software DRM and content security, today announced
that its Aladdin HASP HL for Mac software anti-piracy and licensing
USB key solution supports Mac OS(R) X Leopard.</p>
<p>(Logo: <a href="http://www.newscom.com/cgi-bin/prnh/20040416/CGALADDINLOGO" target="_new">http://www.newscom.com/cgi-bin/prnh/20040416/CGALADDINLOGO</a>
)</p>
<p>"HASP HL's quick support for Mac OS X Leopard is yet another
reason why we trust Aladdin to provide our company with timely,
reliable software protection and licensing that matches the latest
platforms available," said Bill Beven, senior director at EFI, an
Aladdin HASP customer and world leader in customer- focused digital
printing innovation. "We value Aladdin's responsive customer
support as it helps us to in turn meet our customers' demands."</p>
<p>"Aladdin continually works to arm valued customers such as <tm:entity><tm:company><tm:potential_company role="Who" value="efi">EFI</tm:potential_company></tm:company></tm:entity> with the latest software protection and licensing tools they need
to protect revenues and grow business," said <tm:entity><tm:person Family_Name="Barir" First_Name="Avi" Gender="Male" role="Person" value="avi barir">Avi Barir</tm:person></tm:entity>, <tm:entity><tm:function FunctionCategory="Board" role="Has_Function" value="vice president">vice
president</tm:function></tm:entity> of software <tm:entity><tm:company><tm:potential_company role="Who" value="drm">DRM</tm:potential_company></tm:company></tm:entity> at <tm:entity><tm:company><tm:potential_company role="Who" value="aladdin knowledge systems">Aladdin Knowledge Systems</tm:potential_company></tm:company></tm:entity>. "As the #1
choice for software developers worldwide, Aladdin is pleased to
announce support for Mac's latest operating system."</p><p>A <tm:entity><tm:company><tm:potential_company role="Who" value="usb-based">USB-based</tm:potential_company></tm:company></tm:entity> software copy protection solution, Aladdin HASP HL
enables software publishers to grow their revenues by providing
several key benefits:<br/></p>
<ul>
<li>Strong software copy protection</li>
<li>Intellectual property protection</li>
<li>Supports innovative licensing models to help you grow your
business</li>
<li>Rich variety of HASP HL models, including keys with memory,
flash, real-time clock, and keys for network environments</li>
<li>Securely upgrade/downgrade licenses on keys out in the
field</li>
</ul>
<p>About Aladdin HASP</p>
<p>The Aladdin HASP family of software <tm:entity><tm:company><tm:potential_company role="Who" value="drm">DRM</tm:potential_company></tm:company></tm:entity> products is the #1
choice of software publishers worldwide. HASP provides software
developers with strong software protection, licensing and
distribution solutions that enable them to prevent software piracy
and increase revenues, protect intellectual property, and expand
licensing models to reach more customers. Visit <a href="http://www.Aladdin.com/HASP" target="_new">http://www.Aladdin.com/HASP</a>.</p>
<p>About Aladdin</p>
<p><tm:entity><tm:company><tm:potential_company role="Who, Who" value="aladdin knowledge systems">Aladdin Knowledge Systems</tm:potential_company></tm:company></tm:entity>' Software Rights Management products
are the #1 choice of software developers and publishers to protect
intellectual property, increase revenues, and reduce losses from
software piracy. Aladdin eToken is the world's #1 USB-based
authentication solution. The Aladdin eSafe secure Web gateway
provides the most advanced protection against the latest Web-based
threats and attacks. Aladdin has offices in 12 countries, a
worldwide network of channel partners, and has won numerous awards
for innovation. For more information, visit the Aladdin Web site at
<a href="http://www.Aladdin.com" target="_new">http://www.Aladdin.com</a>.</p><p>HASP, Aladdin Knowledge Systems and the Aladdin logo are
trademarks or registered trademarks of <tm:entity><tm:company Extension="Ltd" value="aladdin knowledge systems">Aladdin Knowledge Systems</tm:company></tm:entity>,
Ltd. All other product and brand names mentioned in this document
are trademarks or registered trademarks of their <tm:entity><tm:function FunctionCategory="Board" value="respective owners">respective
owners</tm:function></tm:entity>.<br/></p><p>Press Contact: Investor Relations Contact:</p>
<p><tm:entity><tm:person Family_Name="Zintel" First_Name="Matthew" Gender="Male" value="matthew zintel">Matthew Zintel</tm:person></tm:entity> <tm:entity><tm:person Family_Name="Knettel" First_Name="Erik" Gender="Male" value="erik knettel">Erik Knettel</tm:person></tm:entity>/ <tm:entity><tm:person Family_Name="Costa" First_Name="Andrea" Gender="Male" value="andrea costa">Andrea Costa</tm:person></tm:entity></p><p><tm:entity><tm:company Extension="Group" value="zintel public relations global consulting">Zintel Public Relations Global Consulting</tm:company></tm:entity> Group</p>
<p><a href="mailto:matthew.zintel@zintelpr.com"><tm:entity><tm:email value="matthew.zintel@zintelpr.com">matthew.zintel@zintelpr.com</tm:email></tm:entity></a><a href="mailto:aladdin@hfgcg.com"><tm:entity><tm:email value="aladdin@hfgcg.com">aladdin@hfgcg.com</tm:email></tm:entity></a></p><p>310.574.8888 646.284.9400</p>
</body>
</html>


</doc>

