<doc xmlns:tm="http://www.temis.com/annotations/1.1/">
<metadata><aboutcompany value="oce"/><releaselocation value="trumbull"/><data_source value="prnews"/><source value="oce"/><processing_date>2008-01-21T17:50:22</processing_date><date>2007-12-19T01:21:00</date><quote symbol="CVE:OCE" src-company="oce" company="Open EC Technologies Inc." date="2007-12-19" price=""/></metadata>
<title>Oce and <tm:entity><tm:location><tm:country><tm:place>U.S.</tm:place></tm:country></tm:location></tm:entity> <tm:entity><tm:organisation Domain="Governmental" value="marine corps">Marine Corps</tm:organisation></tm:entity> Team Up to Provide 'Toys for Tots' This Holiday Season
</title>
<html>
<head>
<meta name="generator" content="HTML Tidy for Windows (vers 14 February 2006), see www.w3.org"/>
<!-- #BeginEditable "doctitle" -->
<title><tm:entity><tm:company Extension="N V" value="oce">Oce</tm:company></tm:entity> and <tm:entity><tm:location><tm:country><tm:place>U.S.</tm:place></tm:country></tm:location></tm:entity> <tm:entity><tm:organisation Domain="Governmental" value="marine corps">Marine Corps</tm:organisation></tm:entity> Team Up to Provide 'Toys for Tots'
This Holiday Season</title>
</head>
<body>
<p>TRUMBULL, Conn., <tm:entity><tm:time_expression><tm:relative_time Day="19" Month="Dec." value="dec. 19">Dec. 19</tm:relative_time></tm:time_expression></tm:entity> /PRNewswire/ -- <tm:entity><tm:company Extension="N V" value="oce">Oce</tm:company></tm:entity>, a global leader in
digital document management and delivery solutions with offices in
<tm:location><tm:country location_country="United States of America"><tm:place>Chicago</tm:place></tm:country></tm:location>, today announced their donation of 168 toys, built by <tm:entity><tm:company Extension="N V" value="oce">Oce</tm:company></tm:entity> employees from the <tm:entity><tm:company><tm:potential_company role="Who" value="oce wide format">Oce Wide Format</tm:potential_company></tm:company></tm:entity> Printing Systems division, to
the <tm:entity><tm:location><tm:country><tm:place>U.S.</tm:place></tm:country></tm:location></tm:entity> <tm:entity><tm:organisation Domain="Governmental" value="marine corps">Marine Corps</tm:organisation></tm:entity>' Toys for Tots(R) program as part of a
teambuilding exercise incorporated into <tm:entity><tm:company Extension="N V" value="oce">Oce</tm:company></tm:entity>'s annual sales
meeting.</p><p>"<tm:entity><tm:company Extension="N V" value="oce">Oce</tm:company></tm:entity> is proud to give back to the <tm:location><tm:country location_country="United States of America"><tm:place>Las Vegas</tm:place></tm:country></tm:location> community and
support the local <tm:entity><tm:organisation Domain="Governmental" value="marine corps">Marine Corps</tm:organisation></tm:entity>' Toys for Tots program in their goal
to ensure this holiday season is a bright one for children in
need," said <tm:entity><tm:person Family_Name="Chapuis" First_Name="Patrick" Gender="Male" role="Person" value="patrick chapuis">Patrick Chapuis</tm:person></tm:entity>, <tm:entity><tm:function FunctionCategory="Board" role="Has_Function" value="president">President</tm:function></tm:entity>, <tm:entity><tm:company><tm:potential_company role="Who" value="oce wide format">Oce Wide Format</tm:potential_company></tm:company></tm:entity> Printing
Systems division.</p>
<p>WHAT: Partnering with the <tm:entity><tm:location><tm:country><tm:place>U.S.</tm:place></tm:country></tm:location></tm:entity> <tm:entity><tm:organisation Domain="Governmental" value="marine corps">Marine Corps</tm:organisation></tm:entity>-- <tm:location><tm:country location_country="United States of America"><tm:place>Las Vegas</tm:place></tm:country></tm:location>, <tm:entity><tm:company Extension="N V" value="oce">Oce</tm:company></tm:entity> employees from the <tm:entity><tm:company><tm:potential_company role="Who" value="oce wide format">Oce Wide Format</tm:potential_company></tm:company></tm:entity> Printing Systems division
assembled 168 tricycles, scooters, and wagons that were then
donated as holiday gifts to the <tm:entity><tm:location><tm:country><tm:place>U.S.</tm:place></tm:country></tm:location></tm:entity> <tm:entity><tm:organisation Domain="Governmental" value="marine corps">Marine Corps</tm:organisation></tm:entity>' Toys for Tots
program.</p><p>WHEN: The teambuilding exercise and donation event took place on
December 13, 2007 at the <tm:entity><tm:company Domain="ConsumerGood" value="monte carlo hotel">Monte Carlo Hotel</tm:company></tm:entity> in <tm:location><tm:country location_country="United States of America"><tm:place>Las Vegas</tm:place></tm:country></tm:location>,
<tm:location><tm:country location_country="United States of America"><tm:place>Nevada</tm:place></tm:country></tm:location>.</p>
<p>HOW: Four <tm:entity><tm:function FunctionCategory="Other" value="representatives">representatives</tm:function></tm:entity> from the <tm:entity><tm:location><tm:country><tm:place>U.S.</tm:place></tm:country></tm:location></tm:entity> <tm:entity><tm:organisation Domain="Governmental" value="marine corps">Marine Corps</tm:organisation></tm:entity>-- <tm:location><tm:country location_country="United States of America"><tm:place>Las
Vegas</tm:place></tm:country></tm:location> acted as drill sergeants during the event, keeping the teams
of <tm:entity><tm:company Extension="N V" value="oce">Oce</tm:company></tm:entity> sales professionals on task as they assembled the tricycles,
scooters and wagons. The <tm:entity><tm:function FunctionCategory="Other" value="representatives">representatives</tm:function></tm:entity> also served as final
quality control inspectors for the newly built toys. At the close
of the event, <tm:location><tm:country location_country="United States of America"><tm:place>Las Vegas</tm:place></tm:country></tm:location> <tm:entity><tm:organisation Domain="Governmental" value="marine corps">Marine Corps</tm:organisation></tm:entity> Gny <tm:entity><tm:person Family_Name="Rodgers" First_Name="Sonny, J" Gender="Male" Title="Sgt" value="sgt sonny j rodgers">Sgt Sonny J. Rodgers</tm:person></tm:entity> gave
a brief speech highlighting the history of the Toys for Tots
program and explaining how the toys will be used. The
<tm:entity><tm:function FunctionCategory="Other" value="representatives">representatives</tm:function></tm:entity> then collected the toys and loaded them into trucks
for delivery to the donation site.</p>
<p>Interviews &amp; Photos Available: To schedule an interview with
<tm:entity><tm:company Extension="N V" value="oce">Oce</tm:company></tm:entity>'s <tm:entity><tm:person Family_Name="Chapuis" First_Name="Patrick" Gender="Male" value="patrick chapuis">Patrick Chapuis</tm:person></tm:entity> or <tm:location><tm:country location_country="United States of America"><tm:place>Las Vegas</tm:place></tm:country></tm:location> <tm:entity><tm:organisation Domain="Governmental" value="marine corps">Marine Corps</tm:organisation></tm:entity> Gny <tm:entity><tm:person Family_Name="Rodgers" First_Name="Sonny, J" Gender="Male" Title="Sgt" value="sgt sonny j rodgers">Sgt Sonny J.
Rodgers</tm:person></tm:entity> or to request photos from the event, please contact <tm:entity><tm:person Family_Name="Greenberg" First_Name="Stacy" Gender="Male" value="stacy greenberg">Stacy
Greenberg</tm:person></tm:entity> at 847.465.8700 x19.</p>
<p>About <tm:entity><tm:company Extension="N V" value="oce">Oce</tm:company></tm:entity></p><p><tm:entity><tm:company Extension="N V" value="oce">Oce</tm:company></tm:entity> N.V. is a leading international provider of digital document
management technology and services. The company's solutions are
based on <tm:entity><tm:company Extension="N V" value="oce">Oce</tm:company></tm:entity>'s advanced software applications that deliver
documents and data over internal networks and the Internet to
printing devices and archives -- locally and around the world.
Supporting the workflow solutions are <tm:entity><tm:company Extension="N V" value="oce">Oce</tm:company></tm:entity> digital printers and
scanners, considered the most reliable and productive in the world.
<tm:entity><tm:company Extension="N V" value="oce">Oce</tm:company></tm:entity> also offers a wide range of display graphics, consulting and
outsourcing solutions.</p>
<p><tm:entity><tm:company><tm:potential_company role="Who" value="oce">Oce</tm:potential_company></tm:company></tm:entity> employs around 24,000 people, with 2006 annual revenues of
approximately $4 billion, operates in approximately one hundred
countries and maintains research and manufacturing centers in the
<tm:location><tm:country><tm:place>Netherlands</tm:place></tm:country></tm:location>, the <tm:entity><tm:location><tm:country><tm:place>United States</tm:place></tm:country></tm:location></tm:entity>, <tm:location><tm:country><tm:place>Canada</tm:place></tm:country></tm:location>, <tm:location><tm:country><tm:place>Germany</tm:place></tm:country></tm:location>, <tm:location><tm:country><tm:place>France</tm:place></tm:country></tm:location>, <tm:location><tm:country><tm:place>Belgium</tm:place></tm:country></tm:location>,
the <tm:location><tm:country><tm:place>Czech Republic</tm:place></tm:country></tm:location>, and <tm:entity><tm:location><tm:country><tm:place>Romania</tm:place></tm:country></tm:location></tm:entity>. <tm:entity><tm:company Extension="N V" value="oce">Oce</tm:company></tm:entity><tm:location><tm:country><tm:place>North America</tm:place></tm:country></tm:location> is headquartered
in Trumbull, CT, with additional business units in <tm:location><tm:country location_country="United States of America"><tm:place>Chicago</tm:place></tm:country></tm:location>, IL; <tm:location><tm:country location_country="United States of America"><tm:place>New
York City</tm:place></tm:country></tm:location>; Boca Raton, FL; <tm:location><tm:country location_country="United States of America"><tm:place>Salt Lake City</tm:place></tm:country></tm:location>, UT; <tm:entity><tm:location><tm:country location_country="UnitedKingdom"><tm:place>Coventry</tm:place></tm:country></tm:location></tm:entity>, <tm:entity><tm:location><tm:country location_country="United States of America"><tm:place>RI</tm:place></tm:country></tm:location></tm:entity>; and
<tm:location><tm:country location_country="Canada"><tm:place>Vancouver</tm:place></tm:country></tm:location>, BC. North American revenues were approximately <tm:entity><tm:money_expression><tm:money Amount="1.7 billion" Currency="Dollar" value="$1.7 billion">$1.7
billion</tm:money></tm:money_expression></tm:entity> <tm:entity><tm:time_expression><tm:exact_time Year="2006" value="for fiscal 2006">for fiscal 2006</tm:exact_time></tm:time_expression></tm:entity>, and employment is currently 11,000. For
more information about <tm:entity><tm:company Extension="N V" value="oce">Oce</tm:company></tm:entity>, visit <a href="http://www.oceusa.com" target="_new">http://www.oceusa.com</a>. Outside the U.S., consult
<a href="http://www.oce.com" target="_new">http://www.oce.com</a></p><p>About the <tm:entity><tm:location><tm:country><tm:place>U.S.</tm:place></tm:country></tm:location></tm:entity> <tm:entity><tm:organisation Domain="Governmental" value="marine corps">Marine Corps</tm:organisation></tm:entity> Toys for Tots Program</p>
<p>The Toys for Tots program began <tm:entity><tm:time_expression><tm:exact_time Year="1947" value="in 1947">in 1947</tm:exact_time></tm:time_expression></tm:entity>. At that time, <tm:entity><tm:person Family_Name="Hendricks" First_Name="Bill" Gender="Male" Title="Major" value="major bill hendricks">Major
Bill Hendricks</tm:person></tm:entity>, USMCR and a group of Marine Reservists in <tm:entity><tm:location><tm:country location_country="United States of America"><tm:place>Los
Angeles</tm:place></tm:country></tm:location></tm:entity> collected and distributed 5,000 toys to needy children. The
success of this pilot project prompted the <tm:entity><tm:organisation Domain="Governmental" value="marine corps">Marine Corps</tm:organisation></tm:entity> to adopt
and expand the Toys for Tots program <tm:entity><tm:time_expression><tm:exact_time Year="1948" value="in 1948">in 1948</tm:exact_time></tm:time_expression></tm:entity> and turn it into a
nationwide campaign. <tm:entity><tm:time_expression><tm:duration value="over the last 59 years ,">Over the last 59 years,</tm:duration></tm:time_expression></tm:entity> Marines have
distributed more than 370 million toys to more than 173 million
needy children. The mission of this program is to collect new,
unwrapped toys <tm:entity><tm:time_expression><tm:duration value="during october , november">during October, November</tm:duration></tm:time_expression></tm:entity> and <tm:entity><tm:time_expression><tm:relative_time Month="December" value="december of each year">December of each year</tm:relative_time></tm:time_expression></tm:entity>,
which are then distributed as holiday gifts to needy children in
the community in which the campaign is conducted.</p><p>"<tm:entity><tm:company Extension="N V" value="oce">Oce</tm:company></tm:entity>" and the "<tm:entity><tm:company Extension="N V" value="oce">Oce</tm:company></tm:entity>" logo are registered trademarks of
<tm:entity><tm:company Extension="B V" value="oce technologies">Oce-Technologies</tm:company></tm:entity> B.V. All other product and company names are
trademarks or registered trademarks and are the property of their
<tm:entity><tm:function FunctionCategory="Board" value="owners">owners</tm:function></tm:entity> and are respectfully acknowledged.</p>
</body>
</html>


</doc>

