<doc xmlns:tm="http://www.temis.com/annotations/1.1/">
<metadata><aboutcompany value="merrill corporation"/><releaselocation value="st. paul"/><data_source value="prnews"/><source value="merrill corporation"/><processing_date>2008-01-21T18:20:38</processing_date><date>2007-12-12T12:02:00</date><quote symbol="NYSE:MER" src-company="merrill" company="Merrill Lynch &amp; Co., Inc." date="2007-12-12" price="58.81"/></metadata>
<title>Merrill Corporation Supports ALSP Mission and Programs Through Charter Sponsorship
</title>
<html>
<head>
<meta name="generator" content="HTML Tidy for Windows (vers 14 February 2006), see www.w3.org"/>
<!-- #BeginEditable "doctitle" -->
<title>Merrill Corporation Supports ALSP Mission and Programs
Through Charter Sponsorship</title>
</head>
<body>
<p>ST. <tm:entity><tm:location><tm:country location_country="United States of America"><tm:place>PAUL</tm:place></tm:country></tm:location></tm:entity>, Minn., <tm:entity><tm:time_expression><tm:relative_time Day="12" Month="Dec." value="dec. 12">Dec. 12</tm:relative_time></tm:time_expression></tm:entity> /PRNewswire/ -- <tm:entity><tm:company Extension="Corporation" value="merrill">Merrill</tm:company></tm:entity> Corporation, a
leading provider of technology-enabled services for the legal,
financial, real estate and other corporate markets, today announced
their charter sponsorship of the <tm:entity><tm:organisation value="association of litigation support professionals">Association of Litigation Support
Professionals</tm:organisation></tm:entity>(<tm:entity><tm:organisation><tm:abbreviation value="alsp">ALSP</tm:abbreviation></tm:organisation></tm:entity>), a nonprofit organization representing all
sectors of the litigation support industry.</p><p>As a charter sponsor, <tm:entity><tm:company Extension="Corporation" value="merrill">Merrill</tm:company></tm:entity> has pledged its support to the
organization and its mission to establish global standards for the
litigation support profession through collaboration, education and
certification.</p>
<p>"We are proud to partner with <tm:entity><tm:organisation><tm:abbreviation value="alsp">ALSP</tm:abbreviation></tm:organisation></tm:entity> and address the challenges
and opportunities that the litigation support industry will face as
the profession continues to evolve," said <tm:entity><tm:person Family_Name="Velasco" First_Name="Jason" Gender="Male" role="Person" value="jason velasco">Jason Velasco</tm:person></tm:entity>, <tm:entity><tm:function FunctionCategory="Board" role="Has_Function" value="vice president of client services">Vice
President of Client Services</tm:function></tm:entity>, Merrill Legal Solutions. "<tm:entity><tm:company Extension="Corporation" value="merrill">Merrill</tm:company></tm:entity> welcomes the opportunity to help develop certification guidelines
and to play a key role in shaping the industry through ongoing
thought leadership."</p>
<p><tm:entity><tm:organisation><tm:abbreviation value="alsp">ALSP</tm:abbreviation></tm:organisation></tm:entity> is the only nonprofit organization whose <tm:entity><tm:function FunctionCategory="Board" value="members">members</tm:function></tm:entity> include
all sectors of the litigation support profession, including
litigation <tm:entity><tm:function FunctionCategory="Board" value="support managers">support managers</tm:function></tm:entity> and analysts, <tm:entity><tm:function FunctionCategory="Other" value="attorneys">attorneys</tm:function></tm:entity>, paralegals,
technical support staff, <tm:entity><tm:function FunctionCategory="Other" value="consultants">consultants</tm:function></tm:entity>, software developers and
judiciary. This wide membership base provides an opportunity to
better understand the industry and develop best practices that
positively impact the profession.</p><p><tm:entity><tm:organisation><tm:abbreviation value="alsp">ALSP</tm:abbreviation></tm:organisation></tm:entity> is dedicated to advancing the profession and contributing
to the career development of litigation professionals around the
world. Since its official launch <tm:entity><tm:time_expression><tm:exact_time Month="July" Year="2007" value="in july 2007">in July 2007</tm:exact_time></tm:time_expression></tm:entity>, the organization has
worked to facilitate information-sharing across industry sectors
and initiate Web-based seminars on relevant litigation topics. <tm:entity><tm:time_expression><tm:exact_time Year="2008" value="in 2008">In
2008</tm:exact_time></tm:time_expression></tm:entity>, the organization will continue to develop essential programs,
conduct research and take additional steps toward advancing the
industry through best practices.</p><p>About <tm:entity><tm:company Extension="Corporation" value="merrill">Merrill</tm:company></tm:entity> Corporation</p>
<p>Founded <tm:entity><tm:time_expression><tm:exact_time Year="1968" value="in 1968">in 1968</tm:exact_time></tm:time_expression></tm:entity> and headquartered in <tm:entity><tm:location><tm:country location_country="United States of America"><tm:place>St. Paul</tm:place></tm:country></tm:location></tm:entity>, <tm:entity><tm:location><tm:country location_country="United States of America"><tm:place>Minn.</tm:place></tm:country></tm:location></tm:entity>, <tm:entity><tm:company Extension="Corporation" value="merrill">Merrill</tm:company></tm:entity> Corporation (<a href="http://www.merrillcorp.com" target="_new">http://www.merrillcorp.com</a>) is a leading provider of
outsourcing solutions for complex business communication and
information management. <tm:entity><tm:company Extension="Corporation" value="merrill">Merrill</tm:company></tm:entity>'s services include document and
data management, litigation support, branded communication
programs, fulfillment, imaging and printing. <tm:entity><tm:company Extension="Corporation" value="merrill">Merrill</tm:company></tm:entity>'s target
markets include the legal, financial services, insurance and real
estate industries. With more than 6,300 people in over 70 domestic
and 15 international locations, <tm:entity><tm:company Extension="Corporation" value="merrill">Merrill</tm:company></tm:entity> empowers the communications
of the world's leading companies.</p>
</body>
</html>


</doc>

