<doc xmlns:tm="http://www.temis.com/annotations/1.1/">
<metadata>
<aboutcompany value="captaris inc."/>
<releaselocation value="bellevue"/>
<data_source value="prnews"/>
<source value="captaris, inc."/>
<processing_date>2008-01-21T18:09:30</processing_date>
<date>2007-12-17T16:00:00</date>
<quote symbol="NASDAQ:CAPA" src-company="captaris" company="Captaris, Inc." date="2007-12-17" price="4.18"/></metadata>
<title>Captaris and The <tm:entity><tm:company><tm:normalized_name Domain="Financial" Extension="Company, Co" value="abbey">Abbey</tm:normalized_name></tm:company></tm:entity> Company Win 2007 Process Innovation Award for IT Effectiveness &amp; Business Benefit
</title>
<html>
<head>
<meta name="generator" content="HTML Tidy for Windows (vers 14 February 2006), see www.w3.org"/>
<!-- #BeginEditable "doctitle" -->
<title><tm:entity><tm:company Extension="Inc" value="captaris">Captaris</tm:company></tm:entity> and The <tm:entity><tm:company><tm:normalized_name Domain="Financial" Extension="Company, Co" value="abbey">Abbey</tm:normalized_name></tm:company></tm:entity> Company Win 2007 Process Innovation
Award for IT Effectiveness &amp; Business Benefit</title>
</head>
<body>
<p>Awards Recognize Innovation in the Application of Information
Technology</p>
<p><tm:entity><tm:location><tm:country location_country="Switzerland"><tm:place>BELLEVUE</tm:place></tm:country></tm:location></tm:entity>, <tm:entity><tm:location><tm:country location_country="United States of America"><tm:place>Wash.</tm:place></tm:country></tm:location></tm:entity>, <tm:entity><tm:time_expression><tm:relative_time Day="17" Month="Dec." value="dec. 17">Dec. 17</tm:relative_time></tm:time_expression></tm:entity> /PRNewswire-FirstCall/ -- <tm:entity><tm:company Extension="Inc" value="captaris">Captaris</tm:company></tm:entity>,
Inc. (<tm:entity><tm:stockindex value="nasdaq">Nasdaq</tm:stockindex></tm:entity>: <a class="small" href="http://studio-5.financialcontent.com/prnews?Page=Quote&amp;Ticker=CAPA" onclick="var s=s_gi(s_account); var hd1 = document.getElementById('headline'); s.tl(this,'o',getLinkName('Company Sanpshot'));">CAPA</a>), a leading provider of software products that automate
document-centric processes and The <tm:entity><tm:company><tm:normalized_name Domain="Financial" Extension="Company, Co" value="abbey">Abbey</tm:normalized_name></tm:company></tm:entity> Company, a
California-based commercial real estate investment and management
company have won a 2007 Process Innovation Award for the creative
deployment and integration of Captaris RightFax, Workflow and
Alchemy.</p>
<p>The Process Innovation Awards program presents innovation
solution honors to companies that focus on the return of
significant business benefit and effectiveness of their technology
solutions.</p>
<p>The Abbey Company implemented Captaris solutions to reduce
paper, manage business information and drive effective
decision-making. The firm utilizes Captaris RightFax for electronic
document exchange, Captaris Workflow for business process
automation and Captaris Alchemy for digital storage and retrieval.
Read The <tm:entity><tm:company><tm:normalized_name Domain="Financial" Extension="Company, Co" value="abbey">Abbey</tm:normalized_name></tm:company></tm:entity> Company case study at: <a href="http://www.captaris.com/news_and_events/case_studies/index.html" target="_new">http://www.captaris.com/news_and_events/case_studies/index.html</a>.</p>
<p>"We are extremely pleased for the industry recognition that
these awards represent," said <tm:entity><tm:person Family_Name="Yantus" First_Name="Paul" Gender="Male" role="Person" value="paul yantus">Paul Yantus</tm:person></tm:entity>, <tm:entity><tm:company><tm:potential_company role="Who" value="captaris">Captaris</tm:potential_company></tm:company></tm:entity> <tm:entity><tm:function FunctionCategory="Board" role="Has_Function" value="executive vice president">executive vice
president</tm:function></tm:entity> of <tm:entity><tm:company><tm:potential_company role="Who" value="marketing">Marketing</tm:potential_company></tm:company></tm:entity> and Product Development. "The <tm:entity><tm:company><tm:normalized_name Domain="Financial" Extension="Company, Co" value="abbey">Abbey</tm:normalized_name></tm:company></tm:entity> Company's implementation of our solutions truly reflects the
benefits of replacing paper-based processes with automated
solutions."</p>
<p><tm:entity><tm:company Extension="Inc" value="captaris">Captaris</tm:company></tm:entity> and The <tm:entity><tm:company><tm:normalized_name Domain="Financial" Extension="Company, Co" role="Who" value="abbey">Abbey</tm:normalized_name></tm:company></tm:entity> Company implementation were selected by
an independent panel of industry <tm:entity><tm:function FunctionCategory="Other" role="Context_Entity" value="experts">experts</tm:function></tm:entity> based on process
improvements that led to gains in at least one of the following
areas: productivity, profitability, ability to adapt to market
conditions, or competitive standing/market share.</p>
<p>Enterprise Innovator, a premier publication focused on
technology innovation in the enterprise (<a href="http://www.enterpriseinnovator.com" target="_new">http://www.enterpriseinnovator.com</a>), sponsored the 2007
Process Innovation Awards, which were created by Kinetic
Information LLC and are now <tm:entity><tm:time_expression><tm:relative_time value="in their 11th year">in their 11th year</tm:relative_time></tm:time_expression></tm:entity>.</p><p>"We are honored to sponsor such a coveted award program and
chose to be part of the 2007 series because it rewards innovative
enterprise applications that achieve business benefit, and
illuminates such an important area of information technology
expertise for our readers," stated <tm:entity><tm:person Family_Name="Abraham" First_Name="Harold" Gender="Male" role="Person" value="harold abraham">Harold Abraham</tm:person></tm:entity>, <tm:entity><tm:function FunctionCategory="Political" role="Has_Function" value="deputy editor">Deputy Editor</tm:function></tm:entity>,
<tm:entity><tm:company role="Who" value="enterpriseinnovator">EnterpriseInnovator.com</tm:company></tm:entity>.</p><p>About <tm:entity><tm:company Extension="Inc" value="captaris">Captaris</tm:company></tm:entity> Inc.</p>
<p><tm:entity><tm:company Extension="Inc" value="captaris">Captaris</tm:company></tm:entity>, Inc. is a leading provider of software products that
automate document centric business processes. <tm:entity><tm:company Extension="Inc" value="captaris">Captaris</tm:company></tm:entity> specializes
in document capture, recognition, routing, workflow, and delivery.
<tm:entity><tm:company Extension="Inc" value="captaris">Captaris</tm:company></tm:entity> integrated solutions provide interoperability with leading
line of business applications and technology platforms. <tm:entity><tm:company Extension="Inc" value="captaris">Captaris</tm:company></tm:entity> products include RightFax, Captaris Workflow, Alchemy and FaxPress,
which are distributed through a global network of leading
technology partners. <tm:entity><tm:company Extension="Inc" value="captaris">Captaris</tm:company></tm:entity> customers include the entire Fortune
100 and the majority of <tm:entity><tm:company value="global pharmaceuticals">Global</tm:company></tm:entity> 2000 companies. Headquartered in
<tm:entity><tm:location><tm:country location_country="Switzerland"><tm:place>Bellevue</tm:place></tm:country></tm:location></tm:entity>, <tm:entity><tm:location><tm:country location_country="United States of America"><tm:place>Washington</tm:place></tm:country></tm:location></tm:entity>, <tm:entity><tm:location><tm:country><tm:place>Captaris</tm:place></tm:country></tm:location></tm:entity> was founded <tm:entity><tm:time_expression><tm:exact_time Year="1982" value="in 1982">in 1982</tm:exact_time></tm:time_expression></tm:entity> and is publicly
traded on <tm:entity><tm:stockindex value="nasdaq">NASDAQ</tm:stockindex></tm:entity> under the symbol CAPA. For more information visit
<a href="http://www.captaris.com" target="_new">http://www.captaris.com</a>.</p><p>The following are registered trademarks and trademarks of
<tm:entity><tm:company Extension="Inc" value="captaris">Captaris</tm:company></tm:entity>: <tm:entity><tm:company Extension="Inc" value="captaris">Captaris</tm:company></tm:entity>, Alchemy, RightFax and Captaris Workflow.
FaxPress is a trademark of Castelle. All other brand names and
trademarks are the property of their <tm:entity><tm:function FunctionCategory="Board" value="respective owners">respective owners</tm:function></tm:entity>.</p><p>About Process Innovation Awards:</p>
<p>The Process Innovation Awards program recognizes innovation in
the application of information technology. Awards focus on the
business benefits user organizations derive from their technology
systems. Award winners are selected by a panel of <tm:entity><tm:function FunctionCategory="Other" value="experts">experts</tm:function></tm:entity> consisting of <tm:entity><tm:function FunctionCategory="Other" value="independent professional consultants">independent professional consultants</tm:function></tm:entity> who are
recognized authorities in their fields. The judging process is free
of any vendor or other bias so the emphasis remains on the business
benefits provided by each winning implementation.</p>
</body>
</html>


</doc>

