<doc xmlns:tm="http://www.temis.com/annotations/1.1/">
<metadata>
<aboutcompany value="salesforce.com"/>
<releaselocation value="san francisco"/>
<data_source value="prnews"/>
<source value="salesforce.com"/>
<processing_date>2008-01-21T18:21:05</processing_date>
<date>2007-12-12T10:25:00</date>



<quote symbol="NYSE:CRM" src-company="salesforce" company="salesforce.com, inc." date="2007-12-12" price="58.21"/><quote symbol="NYSE:ABN" src-company="abn amro" company="ABN AMRO Holding N.V. (ADR)" date="2007-12-12" price=""/><quote symbol="NYSE:S" src-company="sprint nextel" company="Sprint Nextel Corporation" date="2007-12-12" price="14.66"/><quote symbol="NYSE:STI" src-company="suntrust banks" company="SunTrust Banks, Inc." date="2007-12-12" price="65.91"/><quote symbol="NYSE:JEF" src-company="jefferies" company="Jefferies Group, Inc." date="2007-12-12" price="24.06"/></metadata>
<title><tm:entity><tm:company value="salesforce">Salesforce.com</tm:company></tm:entity> <tm:entity><tm:function FunctionCategory="Board" value="senior vice president of product strategy">Senior Vice President of Product Strategy</tm:function></tm:entity> to Host Two Investor Groups: <tm:entity><tm:company><tm:normalized_name Domain="Financial" value="ubs">UBS</tm:normalized_name></tm:company></tm:entity> and <tm:entity><tm:company Domain="Financial" Extension="&amp; Co" value="jefferies">Jefferies</tm:company></tm:entity>&amp; Co
</title>
<html>
<head>
<meta name="generator" content="HTML Tidy for Windows (vers 14 February 2006), see www.w3.org"/>
<!-- #BeginEditable "doctitle" -->
<title><tm:entity><tm:company value="salesforce">Salesforce.com</tm:company></tm:entity> <tm:entity><tm:function FunctionCategory="Board" value="senior vice president of product strategy">Senior Vice President of Product Strategy</tm:function></tm:entity> to
Host Two Investor Groups: <tm:entity><tm:company><tm:normalized_name Domain="Financial" value="ubs">UBS</tm:normalized_name></tm:company></tm:entity> and <tm:entity><tm:company Domain="Financial" Extension="&amp; Co" value="jefferies">Jefferies</tm:company></tm:entity>&amp; Co</title>
</head>
<body>
<p>Event to be Webcast Live on <tm:entity><tm:company value="salesforce">salesforce.com</tm:company></tm:entity>'s Investor Relations
Website</p><p><tm:entity><tm:location><tm:country location_country="United States of America"><tm:place>SAN FRANCISCO</tm:place></tm:country></tm:location></tm:entity>, <tm:entity><tm:time_expression><tm:relative_time Day="12" Month="Dec." value="dec. 12">Dec. 12</tm:relative_time></tm:time_expression></tm:entity> /PRNewswire-FirstCall/ -- <tm:entity><tm:company value="salesforce">Salesforce.com</tm:company></tm:entity>(<tm:entity><tm:stockindex value="nyse">NYSE</tm:stockindex></tm:entity>: <tm:entity><tm:companyticker company="CORIMON C A (NEW)" value="NYSE:CRM">CRM</tm:companyticker></tm:entity>), the market and technology leader in on-demand business
services today announced that <tm:entity><tm:person Family_Name="Tzuo" First_Name="Tien" Gender="Male" Title="M" role="Person" value="tien tzuo">Tien Tzuo</tm:person></tm:entity>, <tm:entity><tm:function FunctionCategory="Board" role="Has_Function" value="senior vice president of product strategy">Senior Vice President of
Product Strategy</tm:function></tm:entity> of <tm:entity><tm:company role="Who" value="salesforce">salesforce.com</tm:company></tm:entity>, will host two investor groups:
<tm:entity><tm:company><tm:normalized_name Domain="Financial" value="ubs">UBS</tm:normalized_name></tm:company></tm:entity> and <tm:entity><tm:company Domain="Financial" Extension="&amp; Co" value="jefferies">Jefferies</tm:company></tm:entity>&amp; Co <tm:entity><tm:time_expression><tm:exact_time value="2007">on Wednesday, December 12, 2007</tm:exact_time></tm:time_expression></tm:entity>, in <tm:entity><tm:location><tm:country location_country="United States of America"><tm:place>San
Francisco</tm:place></tm:country></tm:location></tm:entity>, <tm:entity><tm:location><tm:country location_country="United States of America"><tm:place>California</tm:place></tm:country></tm:location></tm:entity>. The <tm:entity><tm:company><tm:normalized_name Domain="Financial" value="ubs">UBS</tm:normalized_name></tm:company></tm:entity> investor group will be at 9:30am
(PST) / 12:30pm (EST), and the <tm:entity><tm:company Domain="Financial" Extension="&amp; Co" value="jefferies">Jefferies</tm:company></tm:entity>&amp; Co investor group
will be at 11:15am (PST) / 2:15pm (EST) in <tm:entity><tm:location><tm:country location_country="United States of America"><tm:place>San Francisco</tm:place></tm:country></tm:location></tm:entity>,
<tm:entity><tm:location><tm:country location_country="United States of America"><tm:place>California</tm:place></tm:country></tm:location></tm:entity>.</p><p>(Logo: <a href="http://www.newscom.com/cgi-bin/prnh/20050216/SFW105LOGO" target="_new">http://www.newscom.com/cgi-bin/prnh/20050216/SFW105LOGO</a>)</p>
<p>An audio webcast of <tm:entity><tm:person Family_Name="Tzuo" First_Name="Tien" Gender="Male" Title="M" value="tien tzuo">Mr. Tzuo</tm:person></tm:entity>'s presentation will be available on
<tm:entity><tm:company value="salesforce">salesforce.com</tm:company></tm:entity>'s website at <a href="http://www.salesforce.com/investor" target="_new">http://www.salesforce.com/investor</a>.</p><p>About <tm:entity><tm:company value="salesforce">salesforce.com</tm:company></tm:entity></p><p><tm:entity><tm:company value="salesforce">Salesforce.com</tm:company></tm:entity> is the market and technology leader in on-demand
business services. The company's <tm:entity><tm:company value="salesforce">Salesforce</tm:company></tm:entity> suite of on-demand CRM
applications allows customers to manage and share all of their
sales, support, marketing and partner information on-demand.
<tm:entity><tm:company value="force">Force.com</tm:company></tm:entity>, the world's first on-demand platform, enables customers,
developers and partners to build powerful new on-demand
applications that extend beyond <tm:entity><tm:companyticker company="CORIMON C A (NEW)" value="NYSE:CRM">CRM</tm:companyticker></tm:entity> to deliver the benefits of
multi-tenancy and The Business Web across the enterprise. <tm:entity><tm:company value="force">Force.com</tm:company></tm:entity> allows applications to be easily shared, exchanged and installed
with a few simple clicks via <tm:entity><tm:company value="salesforce">salesforce.com</tm:company></tm:entity>'s AppExchange
marketplace, available at <a href="http://www.salesforce.com/appexchange" target="_new">http://www.salesforce.com/appexchange</a>. Customers can
also take advantage of <tm:entity><tm:company value="successforce">Successforce</tm:company></tm:entity>, <tm:entity><tm:company value="salesforce">salesforce.com</tm:company></tm:entity>'s world-class
training, support, consulting and best practices offerings.</p><p><tm:entity><tm:time_expression><tm:exact_time value="2007">As of October 31, 2007</tm:exact_time></tm:time_expression></tm:entity>, <tm:entity><tm:company value="salesforce">salesforce.com</tm:company></tm:entity> manages customer
information for approximately 38,100 customers including <tm:entity><tm:company Domain="Financial" value="abn amro">ABN AMRO</tm:company></tm:entity>,
<tm:entity><tm:stockindex value="dow jones">Dow Jones</tm:stockindex></tm:entity> Newswires, <tm:entity><tm:media><tm:newspaper Location_Continent="Asia" Location_Country="Japan" value="japan post">Japan Post</tm:newspaper></tm:media></tm:entity>, <tm:entity><tm:company Domain="Pharma" value="kaiser permanente">Kaiser Permanente</tm:company></tm:entity>, <tm:entity><tm:company value="kone">KONE</tm:company></tm:entity>, <tm:entity><tm:company Domain="TeleCommunication" value="sprint nextel">Sprint
Nextel</tm:company></tm:entity>, and <tm:entity><tm:company Domain="Financial" value="suntrust banks">SunTrust Banks</tm:company></tm:entity>. Any unreleased services or features
referenced in this or other press releases or public statements are
not currently available and may not be delivered on time or at all.
Customers who purchase <tm:entity><tm:company value="salesforce">salesforce.com</tm:company></tm:entity> applications should make
their purchase decisions based upon features that are currently
available. <tm:entity><tm:company value="salesforce">Salesforce.com</tm:company></tm:entity> has headquarters in <tm:entity><tm:location><tm:country location_country="United States of America"><tm:place>San Francisco</tm:place></tm:country></tm:location></tm:entity>, with
offices in <tm:entity><tm:location><tm:country><tm:place>Europe</tm:place></tm:country></tm:location></tm:entity> and <tm:entity><tm:location><tm:country><tm:place>Asia</tm:place></tm:country></tm:location></tm:entity>, and trades on the <tm:entity><tm:organisation Domain="Financial" value="new york stock exchange">New York Stock
Exchange</tm:organisation></tm:entity> under the ticker symbol "<tm:entity><tm:companyticker company="CORIMON C A (NEW)" value="NYSE:CRM">CRM</tm:companyticker></tm:entity>". For more information please
visit <a href="http://www.salesforce.com" target="_new">http://www.salesforce.com,</a>or call
1-800-NO-SOFTWARE.</p>
<p>Copyright (c) 2007 <tm:entity><tm:company value="salesforce">salesforce.com</tm:company></tm:entity>, inc. All rights reserved.
<tm:entity><tm:company value="salesforce">Salesforce.com</tm:company></tm:entity> and the "no software" logo are registered trademarks
of <tm:entity><tm:company value="salesforce">salesforce.com</tm:company></tm:entity>, inc., and <tm:entity><tm:company value="salesforce">salesforce.com</tm:company></tm:entity> owns other registered
and unregistered trademarks. Other names used herein may be
trademarks of their <tm:entity><tm:function FunctionCategory="Board" value="respective owners">respective owners</tm:function></tm:entity>.</p></body>
</html>


</doc>

