<doc xmlns:tm="http://www.temis.com/annotations/1.1/">
<metadata><aboutcompany value="eon communications(tm)"/><releaselocation value="san jose"/><data_source value="prnews"/><source value="eon communications corporation"/><processing_date>2008-01-21T18:16:07</processing_date><date>2007-12-13T17:30:00</date><quote symbol="OTC:OIVO" src-company="ip voice" company="One IP Voice, Inc." date="2007-12-13" price="0.015"/></metadata>
<title>eOn Communications Reports <tm:entity><tm:time_expression><tm:relative_time value="first quarter">First Quarter</tm:relative_time></tm:time_expression></tm:entity> Fiscal Year Financial Results
</title>
<html>
<head>
<meta name="generator" content="HTML Tidy for Windows (vers 14 February 2006), see www.w3.org"/>
<!-- #BeginEditable "doctitle" -->
<title>eOn Communications Reports <tm:entity><tm:time_expression><tm:relative_time value="first quarter">First Quarter</tm:relative_time></tm:time_expression></tm:entity> Fiscal Year
Financial Results</title>
</head>
<body>
<p><tm:entity><tm:location><tm:country location_country="United States of America"><tm:place>SAN JOSE</tm:place></tm:country></tm:location></tm:entity>, <tm:entity><tm:location><tm:country location_country="United States of America"><tm:place>Calif.</tm:place></tm:country></tm:location></tm:entity>, <tm:entity><tm:time_expression><tm:relative_time Day="13" Month="Dec." value="dec. 13">Dec. 13</tm:relative_time></tm:time_expression></tm:entity> /PRNewswire-FirstCall/ -- eOn
<tm:entity><tm:company value="communications corporation ( tm )">Communications Corporation(TM)</tm:company></tm:entity>(<tm:entity><tm:stockindex value="nasdaq">Nasdaq</tm:stockindex></tm:entity>: <a class="small" href="http://studio-5.financialcontent.com/prnews?Page=Quote&amp;Ticker=EONC" onclick="var s=s_gi(s_account); var hd1 = document.getElementById('headline'); s.tl(this,'o',getLinkName('Company Sanpshot'));">EONC</a>), a leading provider of telecommunications solutions,
today reported <tm:entity><tm:time_expression><tm:exact_time Year="2008" value="first quarter fiscal year 2008">first quarter fiscal year 2008</tm:exact_time></tm:time_expression></tm:entity> results.</p>
<p>Net loss for the quarter was <tm:entity><tm:money_expression><tm:money Amount="911,000" Currency="Dollar" value="$911,000">$911,000</tm:money></tm:money_expression></tm:entity> or ($0.07) per common
share, compared to net income of $40,000 or less than $0.01 per
common share <tm:entity><tm:time_expression><tm:relative_time value="in the quarter ended october 31 , 2006">in the quarter ended October 31, 2006</tm:relative_time></tm:time_expression></tm:entity>. <tm:entity><tm:time_expression><tm:duration value="for the quarter ,">For the
quarter,</tm:duration></tm:time_expression></tm:entity> net income included a loss from continuing operations of
<tm:entity><tm:money_expression><tm:money Amount="393,000" Currency="Dollar" value="$393,000">$393,000</tm:money></tm:money_expression></tm:entity> and loss from the discontinued operations of eOn <tm:entity><tm:company Extension="Inc" value="ip voice">IP Voice</tm:company></tm:entity>,
Inc of <tm:entity><tm:money_expression><tm:money Amount="518,000" Currency="Dollar" value="$518,000">$518,000</tm:money></tm:money_expression></tm:entity>. Revenues <tm:entity><tm:time_expression><tm:duration value="for the quarter">for the quarter</tm:duration></tm:time_expression></tm:entity> were <tm:entity><tm:money_expression><tm:money Amount="2,396,000" Currency="Dollar" value="$2,396,000">$2,396,000</tm:money></tm:money_expression></tm:entity>, a
decrease of 11% compared to $2,708,000 for the quarter ended
October 31, 2006.</p><p>Cash and cash equivalents and short-term marketable securities
decreased 25% to $4,246,000 from $5,656,000 as of July 31, 2007,
primarily as a result of the <tm:entity><tm:money_expression><tm:money Amount="900,000" Currency="Dollar" value="$900,000">$900,000</tm:money></tm:money_expression></tm:entity> investment in <tm:entity><tm:company Extension="Group" role="Who" value="symbio">Symbio</tm:company></tm:entity> Group
and funding operating losses during the quarter.</p>
<p>"Although we did not meet our financial objectives, we have made
significant strides in creating future growth opportunities for the
Company, particularly in <tm:entity><tm:location><tm:country><tm:place>China</tm:place></tm:country></tm:location></tm:entity>," stated <tm:entity><tm:person Family_Name="Lee" First_Name="David" Gender="Male" value="david lee">David Lee</tm:person></tm:entity>, eOn's <tm:entity><tm:function FunctionCategory="Board" value="chairman and chief executive officer">chairman
and chief executive officer</tm:function></tm:entity>. "Our recent investments in Symbio are
expected to lead to new contact center revenues."</p><p>Conference Call</p>
<p>The Company will host a conference call at 4:45 p.m. ET,
<tm:entity><tm:time_expression><tm:exact_time value="2007">December 13, 2007</tm:exact_time></tm:time_expression></tm:entity>, to discuss <tm:entity><tm:time_expression><tm:exact_time Year="2008" value="first quarter fiscal year 2008">first quarter fiscal year 2008</tm:exact_time></tm:time_expression></tm:entity> results. To hear the call, dial 800-595-9010 or visit our investor
relations website at <a href="http://investor.eoncc.com" target="_new">http://investor.eoncc.com</a>. A replay of the call will be
posted to our investor relations website shortly following the
call.</p><p>About eOn Communications(TM)</p>
<p>eOn Communications Corporation(TM) is a global provider of
innovative communications solutions. Backed by <tm:entity><tm:time_expression><tm:duration value="over 20 years">over 20 years</tm:duration></tm:time_expression></tm:entity> of
telecommunications engineering expertise, our solutions enable our
customers to easily leverage advanced technologies in order to
communicate more effectively. To find out more information about
eOn Communications and its solutions, visit the World Wide Web at
<a href="http://www.eoncommunications.com" target="_new">http://www.eoncommunications.com,</a>or call
800-955-5321.</p>
<p>Note:</p>
<p>This press release may contain forward-looking statements within
the meaning of the Private Securities Litigation Reform Act of
1995. These forward-looking statements involve risks and
uncertainties, including technical and competitive factors, which
could cause the Company's results and the timing of certain events
to differ materially from those discussed in the forward-looking
statements. Such risks are detailed in eOn <tm:entity><tm:company Extension="Corporation" value="communications">Communications</tm:company></tm:entity> Corporation's most recent Form 10-Q filing with the Securities and
<tm:entity><tm:organisation value="exchange commission">Exchange Commission</tm:organisation></tm:entity>.</p><p>eOn <tm:entity><tm:company Extension="Corporation" value="communications">Communications</tm:company></tm:entity> Corporation, the mark eOn, and eQueue are
trademarks of eOn <tm:entity><tm:company Extension="Corporation" value="communications">Communications</tm:company></tm:entity> Corporation.<br/></p>
<p>eOn <tm:entity><tm:company Extension="Corporation" value="communications">Communications</tm:company></tm:entity> Corporation</p>
<p>Condensed Consolidated Statements of Operations and
Comprehensive (Loss)</p>
<p>Income</p>
<p>(Amounts in thousands, except per share data)</p>
<p>(Unaudited)</p>
<p>Three Months Ended</p>
<p><tm:entity><tm:time_expression><tm:relative_time Day="31" Month="October" value="october 31">October 31</tm:relative_time></tm:time_expression></tm:entity>,</p><p>2007 2006</p>
<p>REVENUE</p>
<p>Third party revenue $2,268 $2,708</p>
<p>Related party revenue 128 -</p>
<p>Net revenue 2,396 2,708</p>
<p>COST OF REVENUE</p>
<p>Third party cost of revenue 892 943</p>
<p>Related party cost of revenue 120 -</p>
<p>Cost of revenue 1,012 943</p>
<p>Gross profit 1,384 1,765</p>
<p>OPERATING EXPENSE</p>
<p>Selling, general and administrative 1,040 1,057</p>
<p>Research and development 757 742</p>
<p>Other expense 26 6</p>
<p>Total operating expense 1,823 1,805</p>
<p>Loss from continuing operations (439) (40)</p>
<p>Interest income 46 80</p>
<p>(Loss) income from continuing</p>
<p>operations before income taxes (393) 40</p>
<p>Income tax expense - -</p>
<p>(Loss) income from continuing</p>
<p>operations after income taxes (393) 40</p>
<p>DISCONTINUED OPERATIONS</p>
<p>Loss from discontinued operations,</p>
<p>net of tax of $0 (518) -</p>
<p>Loss from discontinued operations (518) -</p>
<p>Net (loss) income $(911) <tm:entity><tm:money_expression><tm:money Amount="40" Currency="Dollar" value="$40">$40</tm:money></tm:money_expression></tm:entity></p><p>COMPREHENSIVE INCOME (LOSS)</p>
<p>Net (loss) income $(911) <tm:entity><tm:money_expression><tm:money Amount="40" Currency="Dollar" value="$40">$40</tm:money></tm:money_expression></tm:entity></p><p>Foreign currency translation adjustment 38 -</p>
<p>Comprehensive (loss) income $(873) <tm:entity><tm:money_expression><tm:money Amount="40" Currency="Dollar" value="$40">$40</tm:money></tm:money_expression></tm:entity></p><p>Weighted average shares outstanding:</p>
<p>Basic 13,580 13,547</p>
<p>Diluted 13,580 13,725</p>
<p>Basic (loss) income per share:</p>
<p>From continuing operations after income taxes $(0.03) $*</p>
<p>From discontinued operations, net</p>
<p>of tax and minority interest (0.04) -</p>
<p>Basic (loss) income per share $(0.07) $*</p>
<p>Diluted (loss) income per share:</p>
<p>From continuing operations after income taxes $(0.03) $*</p>
<p>From discontinued operations, net</p>
<p>of tax and minority interest (0.04) -</p>
<p>Diluted (loss) income per share $(0.07) $*</p>
<div style="margin-left: 2em">* Less than <tm:entity><tm:money_expression><tm:money Amount="0.01" Currency="Dollar" value="$0.01">$0.01</tm:money></tm:money_expression></tm:entity> eOn <tm:entity><tm:company Extension="Corporation" value="communications">Communications</tm:company></tm:entity> Corporation Condensed Consolidated Balance Sheets (Amounts in
thousands, except share and per share amounts) <tm:entity><tm:time_expression><tm:relative_time value="october 31 , july 31 , 2007">October 31, July 31,
2007</tm:relative_time></tm:time_expression></tm:entity> 2007 (unaudited)</div>
<p>ASSETS</p>
<p>Current assets:</p>
<p>Cash and cash equivalents <tm:entity><tm:money_expression><tm:moneyrange Amount="1,596, 2,256" Currency="Dollar" From="$1,596" To="$2,256" value="$1,596 $2,256">$1,596 $2,256</tm:moneyrange></tm:money_expression></tm:entity></p><p>Marketable securities 2,650 3,400</p>
<p>Trade accounts receivable, net of</p>
<p>allowance of $672 and $694, respectively 1,266 1,781</p>
<p>Trade accounts receivable - related party 95 117</p>
<p>Inventories 2,561 2,348</p>
<p>Prepaid and other current assets 191 118</p>
<p>Current assets of discontinued operations - 119</p>
<p><tm:entity><tm:company><tm:potential_company role="Who" value="total">Total</tm:potential_company></tm:company></tm:entity> current assets 8,359 10,139</p>
<p>Property and equipment, net 347 298</p>
<p>Intangibles, net 313 334</p>
<p>Investments 1,200 300</p>
<p>Non-current assets of discontinued operations 73 135</p>
<p><tm:entity><tm:company><tm:potential_company role="Who" value="total">Total</tm:potential_company></tm:company></tm:entity> assets $10,292 $11,206</p>
<p>LIABILITIES AND STOCKHOLDERS' EQUITY</p>
<p>Current liabilities:</p>
<p>Trade accounts payable <tm:entity><tm:money_expression><tm:moneyrange Amount="484, 432" Currency="Dollar" From="$484" To="$432" value="$484 $432">$484 $432</tm:moneyrange></tm:money_expression></tm:entity></p><p>Trade accounts payable - related party 139 337</p>
<p>Accrued expenses and other 1,260 1,205</p>
<p>Current liabilities of discontinued</p>
<p>operations 15 16</p>
<p>Total current liabilities 1,898 1,990</p>
<p>Commitments and contingencies</p>
<p>Stockholders' equity:</p>
<p>Preferred stock, <tm:entity><tm:money_expression><tm:money Amount="0.001" Currency="Dollar" value="$0.001">$0.001</tm:money></tm:money_expression></tm:entity> par value,</p>
<p>(10,000,000 shares authorized,</p>
<p>no shares issued and outstanding) - -</p>
<p>Common stock, <tm:entity><tm:money_expression><tm:money Amount="0.001" Currency="Dollar" value="$0.001">$0.001</tm:money></tm:money_expression></tm:entity> par value</p>
<p>(50,000,000 shares authorized,</p>
<p>14,262,694 and 14,247,029 shares</p>
<p>issued, respectively) 14 14</p>
<p>Additional paid-in capital 55,820 55,769</p>
<p>Treasury stock, at cost (676,900 shares) (1,502) (1,502)</p>
<p>Accumulated deficit (45,976) (45,065)</p>
<p>Accumulated other comprehensive income 38 -</p>
<p>Total stockholders' equity 8,394 9,216</p>
<p>Total liabilities and stockholders' equity <tm:entity><tm:money_expression><tm:moneyrange Amount="10,292, 11,206" Currency="Dollar" From="$10,292" To="$11,206" value="$10,292 $11,206">$10,292 $11,206</tm:moneyrange></tm:money_expression></tm:entity></p></body>
</html>


</doc>

