<doc xmlns:tm="http://www.temis.com/annotations/1.1/">
<metadata><aboutcompany value="at&amp;t"/><releaselocation value="indianola"/><data_source value="prnews"/><source value="at&amp;t inc."/><processing_date>2008-01-21T17:51:46</processing_date><date>2007-12-19T10:00:00</date><quote symbol="NASDAQ:ROCK" src-company="rock" company="Gibraltar Industries, Inc." date="2007-12-19" price="14.88"/><quote symbol="PINK:VPWR" src-company="vote" company="VOTE POWER CORP" date="2007-12-19" price=""/></metadata>
<title>AT&amp;T and Rock the Vote Team Up to Engage Young Voters via Mobile Technology <tm:entity><tm:time_expression><tm:duration Year="2008" value="throughout 2008">Throughout 2008</tm:duration></tm:time_expression></tm:entity> Election
</title>
<html>
<head>
<meta name="generator" content="HTML Tidy for Windows (vers 14 February 2006), see www.w3.org"/>
<!-- #BeginEditable "doctitle" -->
<title><tm:entity><tm:company><tm:normalized_name Domain="TeleCommunication" Extension="Inc" value="at and t">AT&amp;T</tm:normalized_name></tm:company></tm:entity> and <tm:entity><tm:company value="rock">Rock</tm:company></tm:entity> the Vote Team Up to Engage Young Voters
via Mobile Technology <tm:entity><tm:time_expression><tm:duration Year="2008" value="throughout 2008">Throughout 2008</tm:duration></tm:time_expression></tm:entity> Election</title>
</head>
<body>
<p>Announcement Unveiled at Mock Caucus Event in Indianola, <tm:entity><tm:function FunctionCategory="Political" value="iowa secretary of state">Iowa
Secretary of State</tm:function></tm:entity> and Democratic and <tm:entity><tm:organisation Domain="Political" value="republican party">Republican Party</tm:organisation></tm:entity> <tm:entity><tm:location><tm:country><tm:place>Officials
Join Rock</tm:place></tm:country></tm:location></tm:entity></p><p>the <tm:entity><tm:company value="vote">Vote</tm:company></tm:entity> and <tm:entity><tm:company><tm:normalized_name Domain="TeleCommunication" Extension="Inc" value="at and t">AT&amp;T</tm:normalized_name></tm:company></tm:entity> to Mobilize First-Time Caucus-Goers</p>
<p>INDIANOLA, <tm:entity><tm:location><tm:country location_country="United States of America"><tm:place>Iowa</tm:place></tm:country></tm:location></tm:entity>, <tm:entity><tm:time_expression><tm:relative_time Day="19" Month="Dec." value="dec. 19">Dec. 19</tm:relative_time></tm:time_expression></tm:entity> /PRNewswire-FirstCall/ -- Texting all
candidates, <tm:entity><tm:function FunctionCategory="Other" value="advisers">advisers</tm:function></tm:entity>, pundits and political junkies. During an
election season in which more than one-fifth of eligible voters
will be younger than 30, <tm:entity><tm:company><tm:normalized_name Domain="TeleCommunication" Extension="Inc" value="at and t">AT&amp;T</tm:normalized_name></tm:company></tm:entity> Inc. (<tm:entity><tm:stockindex value="nyse">NYSE</tm:stockindex></tm:entity>: <a class="small" href="http://studio-5.financialcontent.com/prnews?Page=Quote&amp;Ticker=T" onclick="var s=s_gi(s_account); var hd1 = document.getElementById('headline'); s.tl(this,'o',getLinkName('Company Sanpshot'));">T</a>) and Rock the Vote today announced plans to use mobile
technology <tm:entity><tm:time_expression><tm:exact_time Year="2008" value="in 2008">in 2008</tm:exact_time></tm:time_expression></tm:entity> to help engage, educate and register millions of
people, between the ages of 18 and 29, in an effort to build on
recent increases in young voter turnout. How? By communicating with
young people in their "native tongue."</p>
<p>Rock the <tm:entity><tm:company value="vote">Vote</tm:company></tm:entity> and <tm:entity><tm:company><tm:normalized_name Domain="TeleCommunication" Extension="Inc" value="at and t">AT&amp;T</tm:normalized_name></tm:company></tm:entity> announced plans for the program today
at a mock caucus for 300 <tm:entity><tm:location><tm:country location_country="United States of America"><tm:place>Iowa</tm:place></tm:country></tm:location></tm:entity> high school students, an event that's
part of Rock the Vote's Rock the Caucus program. The <tm:entity><tm:location><tm:country location_country="United States of America"><tm:place>Iowa</tm:place></tm:country></tm:location></tm:entity> program
is one component of Rock the Vote's nationwide 2008 mobilization
program. Rock the Vote plans to register 2 million people from the
target demographic to vote <tm:entity><tm:time_expression><tm:exact_time Year="2008" value="in 2008">in 2008</tm:exact_time></tm:time_expression></tm:entity>, which would be the largest
youth voter registration campaign in history by more than three
times. In addition to registration, <tm:entity><tm:media><tm:television value="rtv">RTV</tm:television></tm:media></tm:entity> will use new technologies
like mobile to educate and engage these young voters.</p>
<p>"The <tm:entity><tm:company><tm:normalized_name Domain="TeleCommunication" Extension="Inc" value="at and t">AT&amp;T</tm:normalized_name></tm:company></tm:entity> and <tm:entity><tm:company value="rock">Rock</tm:company></tm:entity> the Vote campaign will engage young
people where they are -- through a device that nearly never leaves
their hands -- and encourage them to actively participate in the
democratic process," said <tm:entity><tm:person Family_Name="Vega" First_Name="Ralph" Gender="Male" role="Person" value="ralph de la vega">Ralph de la Vega</tm:person></tm:entity>, <tm:entity><tm:function FunctionCategory="Board" role="Has_Function" value="president and ceo">president and CEO</tm:function></tm:entity> for
<tm:entity><tm:company><tm:normalized_name Domain="TeleCommunication" Extension="Inc" role="Who" value="at and t">AT&amp;T</tm:normalized_name></tm:company></tm:entity>'s wireless services.</p><p>"The 2008 elections are shaping up to be the third in a row with
strong young-voter turnout," said <tm:entity><tm:person Family_Name="Smith" First_Name="Heather" Gender="Female" role="Person" value="heather smith">Heather Smith</tm:person></tm:entity>, <tm:entity><tm:function FunctionCategory="Board" role="Has_Function" value="executive director">executive director</tm:function></tm:entity> of <tm:entity><tm:company><tm:potential_company role="Who" value="rock">Rock</tm:potential_company></tm:company></tm:entity> the Vote. "We know the best way to engage this increasingly
active generation is through personal outreach, and wireless phones
are intensely personal for young people. For that reason, our
mobile partnership with AT&amp;T will be critical to Rock the
Vote's efforts to register 2 million young voters <tm:entity><tm:time_expression><tm:exact_time Year="2008" value="in 2008">in 2008</tm:exact_time></tm:time_expression></tm:entity> and get
them to the polls on Election Day."</p>
<p><tm:entity><tm:time_expression><tm:exact_time Year="2004" value="in 2004">In 2004</tm:exact_time></tm:time_expression></tm:entity>, turnout of 18- to 29-year-olds jumped by 4.3 million
votes compared with 2000 levels, and <tm:entity><tm:time_expression><tm:exact_time Year="2006" value="in 2006">in 2006</tm:exact_time></tm:time_expression></tm:entity>, turnout grew another
1.9 million from the previous midterm election. <tm:entity><tm:time_expression><tm:exact_time Year="2008" value="in 2008">In 2008</tm:exact_time></tm:time_expression></tm:entity>, 44 million
young voters will be eligible to vote, a large and potentially
powerful voting bloc.</p><p>The <tm:entity><tm:company><tm:normalized_name Domain="TeleCommunication" Extension="Inc" value="at and t">AT&amp;T</tm:normalized_name></tm:company></tm:entity> and <tm:entity><tm:company value="rock">Rock</tm:company></tm:entity> the Vote campaign will employ wireless
applications such as cross-carrier text message opt-in lists for
election news and reminders, voter-registration updates and tools
to facilitate increased registration. The campaign will also
feature exclusive celebrity ringtones that promote the importance
of voting, text-polling, reports from student journalists and event
sponsorships, among other initiatives. Content from the program
will be made available to consumers of all ages. Details on
individual elements of the campaign will be made available
<tm:entity><tm:time_expression><tm:duration Year="2008" value="throughout 2008">throughout 2008</tm:duration></tm:time_expression></tm:entity>.</p><p>The announcement comes as the 2008 election season swings into
high gear with the approaching <tm:entity><tm:location><tm:country location_country="United States of America"><tm:place>Iowa</tm:place></tm:country></tm:location></tm:entity> caucuses, a crucial first
contest at which <tm:entity><tm:location><tm:country location_country="United States of America"><tm:place>Iowa</tm:place></tm:country></tm:location></tm:entity>'s young voters could play a significant
role.</p><p>Note: This <tm:entity><tm:company><tm:normalized_name Domain="TeleCommunication" Extension="Inc" value="at and t">AT&amp;T</tm:normalized_name></tm:company></tm:entity> release and other news announcements are
available as part of an RSS feed at <a href="http://www.att.com/rss" target="_new">http://www.att.com/rss</a>.</p>
<p>About <tm:entity><tm:company><tm:normalized_name Domain="TeleCommunication" Extension="Inc" value="at and t">AT&amp;T</tm:normalized_name></tm:company></tm:entity></p><p><tm:entity><tm:company><tm:normalized_name Domain="TeleCommunication" Extension="Inc" value="at and t">AT&amp;T</tm:normalized_name></tm:company></tm:entity> Inc. (<tm:entity><tm:stockindex value="nyse">NYSE</tm:stockindex></tm:entity>: <a class="small" href="http://studio-5.financialcontent.com/prnews?Page=Quote&amp;Ticker=T" onclick="var s=s_gi(s_account); var hd1 = document.getElementById('headline'); s.tl(this,'o',getLinkName('Company Sanpshot'));">T</a>) is a premier communications holding company. Its
subsidiaries and affiliates, <tm:entity><tm:company><tm:normalized_name Domain="TeleCommunication" Extension="Inc" value="at and t">AT&amp;T</tm:normalized_name></tm:company></tm:entity> operating companies, are the
providers of <tm:entity><tm:company><tm:normalized_name Domain="TeleCommunication" Extension="Inc" value="at and t">AT&amp;T</tm:normalized_name></tm:company></tm:entity> services in the <tm:entity><tm:location><tm:country><tm:place>United States</tm:place></tm:country></tm:location></tm:entity> and around the
world. Among their offerings are the world's most advanced IP-based
business communications services and the nation's leading wireless,
high speed Internet access and voice services. In domestic markets,
<tm:entity><tm:company><tm:normalized_name Domain="TeleCommunication" Extension="Inc" value="at and t">AT&amp;T</tm:normalized_name></tm:company></tm:entity> is known for the directory publishing and advertising
sales leadership of its <tm:entity><tm:company value="yellow pages">Yellow Pages</tm:company></tm:entity> and <tm:entity><tm:company value="yellowpages">YELLOWPAGES.COM</tm:company></tm:entity> organizations, and the <tm:entity><tm:company><tm:normalized_name Domain="TeleCommunication" Extension="Inc" role="Who" value="at and t">AT&amp;T</tm:normalized_name></tm:company></tm:entity> brand is licensed to innovators in
such fields as communications equipment. As part of its
three-screen integration strategy, <tm:entity><tm:company><tm:normalized_name Domain="TeleCommunication" Extension="Inc" value="at and t">AT&amp;T</tm:normalized_name></tm:company></tm:entity> is expanding its <tm:entity><tm:media><tm:television value="tv entertainment">TV
entertainment</tm:television></tm:media></tm:entity> offerings. Additional information about <tm:entity><tm:company><tm:normalized_name Domain="TeleCommunication" Extension="Inc" value="at and t">AT&amp;T</tm:normalized_name></tm:company></tm:entity> Inc.
and the products and services provided by <tm:entity><tm:company><tm:normalized_name Domain="TeleCommunication" Extension="Inc" value="at and t">AT&amp;T</tm:normalized_name></tm:company></tm:entity> subsidiaries and
affiliates is available at <a href="http://www.att.com" target="_new">http://www.att.com</a>.</p><p>(C) 2007 <tm:entity><tm:company><tm:normalized_name Domain="TeleCommunication" Extension="Inc" value="at and t">AT&amp;T</tm:normalized_name></tm:company></tm:entity> Intellectual Property. All rights reserved.
<tm:entity><tm:company><tm:normalized_name Domain="TeleCommunication" Extension="Inc" value="at and t">AT&amp;T</tm:normalized_name></tm:company></tm:entity>, the <tm:entity><tm:company><tm:normalized_name Domain="TeleCommunication" Extension="Inc" value="at and t">AT&amp;T</tm:normalized_name></tm:company></tm:entity> logo and all other marks contained herein
are trademarks of <tm:entity><tm:company><tm:normalized_name Domain="TeleCommunication" Extension="Inc" value="at and t">AT&amp;T</tm:normalized_name></tm:company></tm:entity> Intellectual Property and/or <tm:entity><tm:company><tm:normalized_name Domain="TeleCommunication" Extension="Inc" value="at and t">AT&amp;T</tm:normalized_name></tm:company></tm:entity> affiliated companies. For more information, please review this
announcement in the <tm:entity><tm:company><tm:normalized_name Domain="TeleCommunication" Extension="Inc" value="at and t">AT&amp;T</tm:normalized_name></tm:company></tm:entity> newsroom at <a href="http://www.att.com/newsroom" target="_new">http://www.att.com/newsroom</a>.</p>
<p>About Rock the Vote</p>
<p>Rock the Vote's mission is to build the political clout and
engagement of young people in order to achieve progressive change
in our country. Rock the Vote uses music, popular culture and new
technologies to engage and incite young people to register and vote
in every election. And we give young people the tools to identify,
learn about, and take action on the issues that affect their lives,
and leverage their power in the political process.</p>
<p>Rock the Vote is creative, effective, and controlled by nobody's
agenda but our own -- we tell it like it is and pride ourselves on
being a trusted source for information on politics. We empower the
45 million young people in <tm:entity><tm:location><tm:country><tm:place>America</tm:place></tm:country></tm:location></tm:entity> who want to step up, claim their
voice in the political process, and change the way politics is
done. <a href="http://www.RockTheVote.com" target="_new">http://www.RockTheVote.com</a></p></body>
</html>


</doc>

