<doc xmlns:tm="http://www.temis.com/annotations/1.1/">
<metadata><aboutcompany value="signature devices, inc.:"/><releaselocation value="redwood city"/><data_source value="prnews"/><source value="signature devices, inc."/><processing_date>2008-01-21T18:23:17</processing_date><date>2007-12-12T08:00:00</date><quote symbol="PINK:SDVI" src-company="signature devices" company="SIGNATURE DEVICES INC" date="2007-12-12" price="0.077"/><quote symbol="NASDAQ:NAVR" src-company="navarre" company="Navarre Corporation" date="2007-12-12" price="2.04"/></metadata>
<title>Graffiti Entertainment Signs Distribution Agreement With Navarre Distribution Services, Inc.
</title>
<html>
<head>
<meta name="generator" content="HTML Tidy for Windows (vers 14 February 2006), see www.w3.org"/>
<!-- #BeginEditable "doctitle" -->
<title>Graffiti Entertainment Signs Distribution Agreement With
Navarre Distribution Services, Inc.</title>
</head>
<body>
<p><tm:entity><tm:location><tm:country><tm:place>REDWOOD CITY</tm:place></tm:country></tm:location></tm:entity>, <tm:location><tm:country location_country="United States of America"><tm:place>Calif.</tm:place></tm:country></tm:location>, <tm:entity><tm:time_expression><tm:relative_time Day="12" Month="Dec." value="dec. 12">Dec. 12</tm:relative_time></tm:time_expression></tm:entity> /PRNewswire-FirstCall/ --
<tm:entity><tm:company Extension="Inc" value="signature devices">Signature Devices</tm:company></tm:entity>, Inc. (<a href="http://www.signaturedevices.com" target="_new">http://www.signaturedevices.com</a>) (Pink Sheets:
SDVI) and their wholly-owned video game development and publishing
subsidiary, <tm:entity><tm:company Domain="Media" Extension="LLC" role="Who" value="graffiti entertainment">Graffiti Entertainment</tm:company></tm:entity>, LLC (<a href="http://www.GraffitiEntertainment.com" target="_new">http://www.GraffitiEntertainment.com</a>) announced today
that they have signed an agreement with <tm:entity><tm:company Extension="Corporation, Distribution" role="Whom" value="navarre">Navarre</tm:company></tm:entity> Distribution
Services, Inc. for the distribution of video games and PC
software.</p>
<p><tm:entity><tm:person Family_Name="Hurley" First_Name="Kenneth" Gender="Male" role="Person" value="kenneth hurley">Kenneth Hurley</tm:person></tm:entity>, <tm:entity><tm:company><tm:potential_company role="Who" value="signature devices">Signature Devices</tm:potential_company></tm:company></tm:entity>' <tm:entity><tm:function FunctionCategory="Board" role="Has_Function" value="chief executive officer">Chief Executive Officer</tm:function></tm:entity> stated, "We are pleased that <tm:entity><tm:company Extension="Corporation, Distribution" value="navarre">Navarre</tm:company></tm:entity>, a leading distributor of PC
software, console games and DVD movies has decided to move forward
with us. Through our partnership with Navarre, we expect that
market visibility for products will increase significantly as
thousands of retailers throughout <tm:entity><tm:location><tm:country><tm:place>North America</tm:place></tm:country></tm:location></tm:entity> will include our
video games and PC software on their shelves and e-commerce
websites. The distribution agreement allows us to tap into greater
than 6,300 stores and over 100 million people per week that visit
these stores. This is great exposure for our products."</p>
<p>About <tm:entity><tm:company Extension="Inc" value="signature devices">Signature Devices</tm:company></tm:entity>, Inc.:</p><p>Based in <tm:entity><tm:location><tm:country><tm:place>Redwood</tm:place></tm:country></tm:location></tm:entity> City, <tm:location><tm:country location_country="United States of America"><tm:place>Calif.</tm:place></tm:country></tm:location>, <tm:entity><tm:company Extension="Inc" value="signature devices">Signature Devices</tm:company></tm:entity>, Inc. (<a href="http://www.signaturedevices.com" target="_new">http://www.signaturedevices.com</a>) (Pink Sheets:
SDVI.PK-News) creates, develops and manufactures advanced
information technology, including computer systems, software and
electronics products. One of the company's premiere technologies
includes a blend of hardware and software for Image generation
technology used in video games and simulations. Signature Devices
also owns Graffiti Entertainment, LLC (<a href="http://www.GraffitiEntertainment.com" target="_new">http://www.GraffitiEntertainment.com</a>) a publisher of
interactive entertainment software for advanced entertainment
consoles.</p><p>About <tm:entity><tm:company Extension="Corporation, Distribution" value="navarre">Navarre</tm:company></tm:entity> Distribution Services</p>
<p><tm:entity><tm:company Extension="Corporation, Distribution" value="navarre">Navarre</tm:company></tm:entity> Distribution Services, Inc. is a wholly-owned subsidiary
of <tm:entity><tm:company Extension="Corporation, Distribution" value="navarre">Navarre</tm:company></tm:entity> Corporation and is a distributor of home entertainment
and multimedia products, including PC software, DVD video, video
games and accessories. Navarre has established distribution
relationships with customers across a wide spectrum of retail
channels which includes mass merchants, discount retailers,
wholesale clubs, office and electronic superstores, military sales
and e-tailers nationwide. Navarre was founded <tm:entity><tm:time_expression><tm:exact_time Year="1983" value="in 1983">in 1983</tm:exact_time></tm:time_expression></tm:entity> and is
headquartered in New Hope, <tm:entity><tm:location><tm:country location_country="United States of America"><tm:place>Minnesota</tm:place></tm:country></tm:location></tm:entity>. Additional information is
available at <a href="http://www.navarre.com" target="_new">http://www.navarre.com</a>.</p><p>Forward-Looking Statements: The information in this press
release includes certain "forward-looking" statements within the
meaning of the <tm:entity><tm:location><tm:country><tm:place>Safe Harbor</tm:place></tm:country></tm:location></tm:entity> provisions of Federal Securities Laws.
Investors are cautioned that such statements are based upon
assumptions that in the future may prove not to have been accurate
and are subject to significant risks and uncertainties, including
the future financial performance of the Company. Although the
Company believes that the expectations reflected in its
forward-looking statements are reasonable, it can give no assurance
that such expectations or any of its forward-looking statements
will prove to be correct. Readers are cautioned not to place undue
reliance on these forward-looking statements that speak only as of
the date of this release, and the Company undertakes no obligation
to update publicly any forward-looking statements to reflect new
information, events, or circumstances after the date of this
release except as required by law.</p>
</body>
</html>


</doc>

