<doc xmlns:tm="http://www.temis.com/annotations/1.1/">
<metadata><aboutcompany value="sirf technology"/><releaselocation value="san jose"/><data_source value="prnews"/><source value="sirf technology holdings, inc."/><processing_date>2008-01-21T18:13:58</processing_date><date>2007-12-17T09:00:00</date><quote symbol="NASDAQ:GOOG" src-company="google" company="Google Inc." date="2007-12-17" price="669.23"/><quote symbol="NASDAQ:SIRF" src-company="sirf technology" company="SiRF Technology Holdings Inc." date="2007-12-17" price="23.68"/></metadata>
<title>SiRF Creating End-to-End Solution to Optimize Location Awareness Experience on the Android Platform
</title>
<html>
<head>
<meta name="generator" content="HTML Tidy for Windows (vers 14 February 2006), see www.w3.org"/>
<!-- #BeginEditable "doctitle" -->
<title>SiRF Creating End-to-End Solution to Optimize Location
Awareness Experience on the Android Platform</title>
</head>
<body>
<p>GPS Leader Implementing Key Location Features to Enable
Performance</p>
<p>Leadership and Standards Compliance</p>
<p><tm:entity><tm:location><tm:country location_country="United States of America"><tm:place>SAN JOSE</tm:place></tm:country></tm:location></tm:entity>, <tm:entity><tm:location><tm:country location_country="United States of America"><tm:place>Calif.</tm:place></tm:country></tm:location></tm:entity>, <tm:entity><tm:time_expression><tm:relative_time Day="17" Month="Dec." value="dec. 17">Dec. 17</tm:relative_time></tm:time_expression></tm:entity> /PRNewswire-FirstCall/ -- As a
<tm:entity><tm:function FunctionCategory="Board" value="founding member of the open handset alliance">founding member of the Open Handset Alliance</tm:function></tm:entity>, <tm:entity><tm:company Extension="Holdings, Inc" value="sirf technology">SiRF Technology</tm:company></tm:entity> Holdings, Inc. (<tm:entity><tm:stockindex value="nasdaq">Nasdaq</tm:stockindex></tm:entity>: <a class="small" href="http://studio-5.financialcontent.com/prnews?Page=Quote&amp;Ticker=SIRF" onclick="var s=s_gi(s_account); var hd1 = document.getElementById('headline'); s.tl(this,'o',getLinkName('Company Sanpshot'));">SIRF</a>), a leading provider of GPS-powered location platforms,
today announced it will rapidly implement key end-to-end
location-awareness features needed to enable mobile devices powered
by the Android(TM) platform to provide an optimal location
awareness experience for consumers. <tm:entity><tm:company><tm:potential_company role="Who" value="sirf">SiRF</tm:potential_company></tm:company></tm:entity> has joined with <tm:entity><tm:company Domain="IT" Extension="Inc" value="google">Google</tm:company></tm:entity> and
more than 30 other companies worldwide to develop and deploy
Android, the Alliance's open and comprehensive platform for mobile
devices. <tm:entity><tm:company><tm:potential_company role="Who" value="sirf">SiRF</tm:potential_company></tm:company></tm:entity>'s commitment to Android is the latest in the
company's efforts to bring the power of location to the mainstream
market by making location an intrinsic part of the mobile
experience.</p><p><tm:entity><tm:company><tm:potential_company role="Who" value="sirf">SiRF</tm:potential_company></tm:company></tm:entity> is actively working on the Android platform to include some
of the more innovative features of Secure User Plane Location
(SUPL), a standards-based protocol that allows a mobile handset
client to communicate with a SUPL Location Platform (SLP),
including transport layer security (TLS) for location privacy and
multiple session capabilities to provide the most compelling user
experience. <tm:entity><tm:company><tm:potential_company role="Who" value="sirf">SiRF</tm:potential_company></tm:company></tm:entity> is also implementing support for Android-based
assisted GPS (A-GPS) handsets, including mobile station based (MSB)
and mobile station assisted (MSA) positioning methods to facilitate
the Android platform passing Open Mobile Alliance (OMA) and 3GPP
conformance testing for third-party certification.</p>
<p>"<tm:entity><tm:company><tm:potential_company role="Who" value="sirf">SiRF</tm:potential_company></tm:company></tm:entity> is applying its vast end-to-end location solutions
experience in working with leading global handset manufacturers,
<tm:entity><tm:company value="lbs">LBS</tm:company></tm:entity> infrastructure vendors, application providers and wireless
operators to deliver a robust, high-performance location capability
to the Android platform," said <tm:entity><tm:person Family_Name="Chadha" First_Name="Kanwar" role="Person" value="kanwar chadha">Kanwar Chadha</tm:person></tm:entity>, <tm:entity><tm:function FunctionCategory="Board" role="Has_Function" value="founder and vp">founder and VP</tm:function></tm:entity> of
marketing for <tm:entity><tm:company><tm:potential_company role="Who" value="sirf">SiRF</tm:potential_company></tm:company></tm:entity>. "We believe our ardent focus on driving the
location ecosystem gives us a distinct advantage when it comes to
understanding the handset location capability certification process
as well as the subtleties of how GPS and other technologies need to
mesh in order to create a truly seamless locative experience for
consumers in the applications they care about."</p><p>According to Chadha, consumers would like to see the power of
location used to make their lives easier by enhancing the things
they already do with their mobile devices. Consumers are looking
for a "one-click" location experience, whether it's to navigate,
geo-search, geo-tag, do social networking or access a wide range of
location-aware applications and content. With location as a core
feature in the Android platform, Chadha believes, handset
manufacturers and carriers can provide consumers with an
out-of-the-box "locative experience" where location permeates
everything they do with their mobile device.</p>
<p>"We are only beginning to scratch the surface of what we can do
with location capabilities built into our phones and wireless
networks, and I strongly believe that location services will play
an increasingly important role in wireless," said <tm:entity><tm:person Family_Name="Seybold" First_Name="Andrew" Gender="Male" role="Person" value="andrew seybold">Andrew Seybold</tm:person></tm:entity>,
<tm:entity><tm:function FunctionCategory="Board" role="Has_Function" value="founder and principle">Founder and Principle</tm:function></tm:entity>, <tm:entity><tm:company Extension="Inc." role="Who" value="andrew seybold">Andrew Seybold</tm:company></tm:entity>, Inc., providing consulting,
education and publishing services to the wireless industry. "By
supporting Android with an end-to-end location solution, <tm:entity><tm:company><tm:potential_company role="Who" value="sirf">SiRF</tm:potential_company></tm:company></tm:entity> continues to demonstrate its leadership in bringing the power of
location to mainstream markets."</p>
<p><tm:entity><tm:company value="sirf">SiRF</tm:company></tm:entity> is a world leader in creating technologies that confer
location awareness or location intelligence to a wide range of
consumer products, and boasts the largest core team focused on
developing advanced, high volume location platforms. <tm:entity><tm:company><tm:potential_company role="Who" value="sirf">SiRF</tm:potential_company></tm:company></tm:entity>'s
flagship SiRFstarIII architecture is regarded by many as the "gold
standard" for GPS location-enabling technology. Able to track more
than 20 satellites, the SiRFstarIII architecture achieves the
fastest time-to-first-fix in the industry, important for consumer
applications, and can acquire signals down to -160 dBm, making
location awareness practical almost anywhere, including in many
indoor environments, and navigation possible through urban canyons
and under dense foliage.</p><p>Driving the location ecosystem is a key strategic thrust at
<tm:entity><tm:company><tm:potential_company role="Who" value="sirf">SiRF</tm:potential_company></tm:company></tm:entity>, and according to Chadha the positive response to <tm:entity><tm:company><tm:potential_company role="Who" value="sirf">SiRF</tm:potential_company></tm:company></tm:entity>'s first
location ecosystem summit is a very good indicator that the
industry is proactively addressing the location awareness needs of
consumers. At the recently concluded Location 2.0 Summit, an
invitation only event hosted by <tm:entity><tm:company><tm:potential_company role="Who" value="sirf">SiRF</tm:potential_company></tm:company></tm:entity> in <tm:entity><tm:location><tm:country location_country="United States of America"><tm:place>San Francisco</tm:place></tm:country></tm:location></tm:entity>, key industry
leaders and influencers got together to discuss success stories and
proven strategies as well as critical challenges for the location
industry. Through its support for Android, <tm:entity><tm:company><tm:potential_company role="Who" value="sirf">SiRF</tm:potential_company></tm:company></tm:entity> hopes to further
accelerate the development and deployment of exciting new
location-aware applications and content.</p>
<p>About SiRF Technology</p>
<p><tm:entity><tm:company Extension="Holdings, Inc" value="sirf technology">SiRF Technology</tm:company></tm:entity> Holdings, Inc. develops and markets location
platforms based on semiconductor and software products that are
designed to enable location-awareness utilizing GPS and other
location technologies, enhanced by wireless connectivity and
multimedia capabilities for high-volume mobile consumer devices and
commercial applications. <tm:entity><tm:company><tm:potential_company role="Who" value="sirf">SiRF</tm:potential_company></tm:company></tm:entity>'s technology has been integrated into
a wide range of mobile consumer devices such as automobile
navigation systems, portable navigation devices (PNDs), mobile
phones, mobile computers, GPS-based peripherals and handheld GPS
devices, and into commercial applications such as location servers,
asset tracking devices and fleet management systems. SiRF markets
and sells its products in four target platforms: wireless handheld
devices such as mobile phones; automotive electronics systems,
including navigation and telematics systems; consumer electronics
products such as recreational GPS handhelds, mobile gaming
machines, digital cameras and wearable devices; and mobile
computing systems, including personal digital assistants, notebook
computers, universal mobile personal computers (UMPCs) and mobile
internet devices. Founded <tm:entity><tm:time_expression><tm:exact_time Year="1995" value="in 1995">in 1995</tm:exact_time></tm:time_expression></tm:entity>, <tm:entity><tm:company><tm:potential_company role="Who" value="sirf">SiRF</tm:potential_company></tm:company></tm:entity> is headquartered in <tm:entity><tm:location><tm:country location_country="United States of America"><tm:place>San
Jose</tm:place></tm:country></tm:location></tm:entity>, <tm:entity><tm:location><tm:country location_country="United States of America"><tm:place>California</tm:place></tm:country></tm:location></tm:entity>, and has sales offices, design centers and
research facilities around the world. The company trades on the
<tm:entity><tm:stockindex value="nasdaq">NASDAQ</tm:stockindex></tm:entity> Stock Exchange under the symbol SIRF. Additional information
about <tm:entity><tm:company><tm:potential_company role="Who" value="sirf">SiRF</tm:potential_company></tm:company></tm:entity> and its location technology solutions can be found at
<a href="http://www.sirf.com" target="_new">http://www.sirf.com</a>.</p><p>Forward Looking Statements</p>
<p>Except for the historical information contained herein, the
matters set forth in this press release, including, but not limited
to, statements regarding the benefits and features of the Android
platform, including optimal location awareness, the time-to-market
for Android-powered products, benefits of our focus on location
ecosystems, significance of location services in the wireless
industry, our leadership role in bringing location to the
mainstream, benefits of SiRFstarIII architecture, the ability to
accelerate development and deployment of new location-awareness
applications, are forward-looking statements within the meaning of
the Private Securities Litigation Reform Act of 1995. Words such as
"to," "being," "possible," "may," "will," "addresses," "designed
to," "expand," "provide," "believe," and similar expressions are
intended to identify forward-looking statements. These statements
are not guarantees of future performance and should not be
considered as an indication of future performance. SiRF's actual
results could differ materially from those discussed in these
forward-looking statements as a result of risks and uncertainties,
including, among others, the risk that we may not realize the
anticipated benefits of the Android platform, delays in deployment
of Android- powered products, demand and market acceptance for our
products and those of our customers, the market for GPS-based
location awareness, risks associated with the semiconductor
industry and other risks and uncertainties discussed in the
Company's Quarterly Report on Form 10-Q <tm:entity><tm:time_expression><tm:duration To="September 30 , 2007" value="for the quarter ended september 30 , 2007">for the quarter ended
September 30, 2007</tm:duration></tm:time_expression></tm:entity> and from time to time in <tm:entity><tm:company><tm:potential_company role="Who" value="sirf">SiRF</tm:potential_company></tm:company></tm:entity>'s SEC reports.
These forward-looking statements speak only as of the date hereof.
We do not undertake any obligation to update forward-looking
statements.</p><p><tm:entity><tm:company Domain="IT" Extension="Inc" value="google">Google</tm:company></tm:entity> and <tm:entity><tm:company value="android">Android</tm:company></tm:entity> are trademarks of <tm:entity><tm:company Domain="IT" Extension="Inc" value="google">Google</tm:company></tm:entity> Inc.</p>
</body>
</html>


</doc>

