<doc xmlns:tm="http://www.temis.com/annotations/1.1/">
<metadata><aboutcompany value="the hroa"/><releaselocation value="washington dc"/><data_source value="prnews"/><source value="hroa"/><processing_date>2008-01-21T18:15:24</processing_date><date>2007-12-14T11:50:00</date><quote symbol="NYSE:FO" src-company="fortune" company="Fortune Brands, Inc." date="2007-12-14" price="76.32"/><quote symbol="NASDAQ:TLEO" src-company="taleo" company="Taleo Corporation" date="2007-12-14" price="28.84"/></metadata>
<title>RPO Leaders Gather for Groundbreaking Summit
</title>
<html>
<head>
<meta name="generator" content="HTML Tidy for Windows (vers 14 February 2006), see www.w3.org"/>
<!-- #BeginEditable "doctitle" -->
<title>RPO Leaders Gather for Groundbreaking Summit</title>
</head>
<body>
<p><tm:entity><tm:location><tm:country location_country="United States of America"><tm:place>WASHINGTON DC</tm:place></tm:country></tm:location></tm:entity>, <tm:entity><tm:time_expression><tm:relative_time Day="14" Month="December" value="december 14">December 14</tm:relative_time></tm:time_expression></tm:entity> /PRNewswire/ -- Over 150 <tm:entity><tm:function FunctionCategory="Board" value="executives">executives</tm:function></tm:entity> met at the First Annual RPO Summit to discuss the issues and
opportunities facing the Recruitment Process Outsourcing (<tm:entity><tm:company value="rpo">RPO</tm:company></tm:entity>)
industry. Summit delegates came together for this historic meeting
to advance the state and practice of <tm:entity><tm:company value="rpo">RPO</tm:company></tm:entity>. They examined critical
issues, including standards and practices, technology, contract
governance, and relationship management. Convened under the
authority of the <tm:entity><tm:company><tm:potential_company role="Who" value="rpo alliance">RPO Alliance</tm:potential_company></tm:company></tm:entity>, the leading trade association for
<tm:entity><tm:company value="rpo">RPO</tm:company></tm:entity> practitioners and providers, the Summit brought together the
top minds in this industry to help shape its future.</p>
<p>Delegates included <tm:entity><tm:function FunctionCategory="Other" value="representatives">representatives</tm:function></tm:entity> from over 80 separate
companies, including recruitment <tm:entity><tm:function FunctionCategory="Board" value="executives">executives</tm:function></tm:entity> from <tm:entity><tm:company value="fortune">Fortune</tm:company></tm:entity> 500
companies, <tm:entity><tm:company value="rpo">RPO</tm:company></tm:entity> providers, recruitment technology companies,
sourcing <tm:entity><tm:function FunctionCategory="Other" value="advisors and attorneys">advisors, and attorneys</tm:function></tm:entity>. Drawn from seven different
countries, the delegates represented a tremendous cross section of
the field of recruitment. "Bringing these organizations together
represents a tremendous step forward for our industry," said <tm:entity><tm:person Family_Name="Berkowitz" First_Name="Jason" Gender="Male" role="Person" value="jason berkowitz">Jason
Berkowitz</tm:person></tm:entity>, <tm:entity><tm:function FunctionCategory="Board" role="Has_Function" value="chair">Chair</tm:function></tm:entity> of the <tm:entity><tm:company><tm:potential_company role="Who" value="rpo alliance">RPO Alliance</tm:potential_company></tm:company></tm:entity> and <tm:entity><tm:company><tm:potential_company role="Who" value="svp">SVP</tm:potential_company></tm:company></tm:entity> for Business
Development at <tm:entity><tm:company><tm:potential_company role="Whom" value="hyrian">Hyrian</tm:potential_company></tm:company></tm:entity>. "We accomplished a lot as an industry."</p><p>The speakers and panelists at the Summit focused the attention
of the delegates on the future of <tm:entity><tm:company value="rpo">RPO</tm:company></tm:entity> and the role they and the <tm:entity><tm:company><tm:potential_company role="Who" value="rpo alliance">RPO
Alliance</tm:potential_company></tm:company></tm:entity> will play in helping shape it. "The <tm:entity><tm:company><tm:potential_company role="Who" value="rpo alliance">RPO Alliance</tm:potential_company></tm:company></tm:entity> decided
to inaugurate the Summit with a focus on accelerating the
professionalism of <tm:entity><tm:company value="rpo">RPO</tm:company></tm:entity>," said <tm:entity><tm:person Family_Name="Crespin" First_Name="Richard" Gender="Male" role="Person" value="richard crespin">Richard Crespin</tm:person></tm:entity>, <tm:entity><tm:function FunctionCategory="Board" role="Has_Function" value="global executive director">Global Executive
Director</tm:function></tm:entity> of the <tm:entity><tm:company><tm:potential_company role="Who" value="hroa">HROA</tm:potential_company></tm:company></tm:entity>. "It was truly amazing to see the depth and
breadth of experience already existing in this industry and to see
the potential for the future."</p><p>Summit delegates gained a lot of insights and had the
opportunity to network with one another throughout the Summit.
"Attending the RPO Summit delivered tremendous value to <tm:entity><tm:company value="taleo">Taleo</tm:company></tm:entity> as a
company," said <tm:entity><tm:person Family_Name="Mills" First_Name="Barry" Gender="Male" value="barry mills">Barry Mills</tm:person></tm:entity>, HRO/<tm:entity><tm:company value="rpo">RPO</tm:company></tm:entity> <tm:entity><tm:function FunctionCategory="Board" value="alliance executive">Alliance Executive</tm:function></tm:entity>, <tm:entity><tm:company value="taleo">Taleo</tm:company></tm:entity>. "As
<tm:entity><tm:function FunctionCategory="Board" value="new members">new members</tm:function></tm:entity> of the <tm:entity><tm:company><tm:potential_company role="Who" value="rpo alliance">RPO Alliance</tm:potential_company></tm:company></tm:entity> and the HROA, we have already
started to receive a return on our investment and we look forward
to playing an active role in shaping the <tm:entity><tm:company value="rpo">RPO</tm:company></tm:entity> industry."</p>
<p>According to <tm:entity><tm:person Family_Name="Browne" First_Name="Karen" Gender="Female" role="Person" value="karen browne">Karen Browne</tm:person></tm:entity>, the <tm:entity><tm:function FunctionCategory="Board" role="Has_Function" value="chief operation officer">Chief Operating Officer</tm:function></tm:entity> at
<tm:entity><tm:company><tm:potential_company role="Who" value="peoplescout">PeopleScout</tm:potential_company></tm:company></tm:entity>, "The RPO Summit was an effective venue in sparking a
dialogue among thought leaders and <tm:entity><tm:company value="rpo">RPO</tm:company></tm:entity> providers around critical
topics within the emerging <tm:entity><tm:company value="rpo">RPO</tm:company></tm:entity> landscape. <tm:entity><tm:company><tm:potential_company role="Who" value="peoplescout">PeopleScout</tm:potential_company></tm:company></tm:entity> was delighted
to participate as a sponsor and looks forward to other valuable
collaborations from the <tm:entity><tm:company><tm:potential_company role="Who" value="rpo alliance">RPO Alliance</tm:potential_company></tm:company></tm:entity>."</p><p>"This was a great event and I can't say enough good things about
it. I have a list of takeaways from this - many new connections and
tons of ideas!" said <tm:entity><tm:person Family_Name="Barbato" First_Name="David" Gender="Male" role="Person" value="david barbato">David Barbato</tm:person></tm:entity>, <tm:entity><tm:function FunctionCategory="Board" role="Has_Function" value="ceo of talent retriever">CEO of Talent Retriever</tm:function></tm:entity>. "I can
assure you the inaugural event was a big hit," said <tm:entity><tm:person Family_Name="Collier" First_Name="Anthea" Gender="Undefined Gender" role="Person" value="anthea collier">Anthea Collier</tm:person></tm:entity>,
<tm:entity><tm:function FunctionCategory="Board" role="Has_Function" value="regional vp for momentum">Regional VP for Momentum</tm:function></tm:entity>.</p><p>Details on the findings of the Summit can be found in the
Proceedings of the First Annual RPO Summit available at <a href="https://www.hroassociation.org/file/3475/recruitment-process-outsourcing-al" target="_new">https://www.hroassociation.org/file/3475/recruitment-process-outsourcing-al</a>
l iance.html. (Due to the length of this URL, it may be necessary
to copy and paste this hyperlink into your internet brower's URL
address field. Remove the space if one exists.) The <tm:entity><tm:company><tm:potential_company role="Who" value="rpo alliance">RPO Alliance</tm:potential_company></tm:company></tm:entity> has already begun planning the Second Annual RPO Summit. Details on
speaking, attending, or sponsoring the Summit can be obtained by
contacting <tm:entity><tm:person Family_Name="Bleifeld" First_Name="Adam" Gender="Male" value="adam bleifeld">Adam Bleifeld</tm:person></tm:entity> at <tm:entity><tm:phone_number value="+1-202-905-0351">+1-202-905-0351</tm:phone_number></tm:entity> x19 or at <a href="mailto:adam.bleifeld@hroa.org"><tm:entity><tm:email value="adam.bleifeld@hroa.org">adam.bleifeld@hroa.org</tm:email></tm:entity></a>.</p><p>About the <tm:entity><tm:company><tm:potential_company role="Who" value="hroa">HROA</tm:potential_company></tm:company></tm:entity></p><p>The <tm:entity><tm:company><tm:potential_company role="Who" value="hroa">HROA</tm:potential_company></tm:company></tm:entity> is the only professional membership association
committed to promoting the advancement of human resources
transformation in complex organizations. The mission of the <tm:entity><tm:company><tm:potential_company role="Who" value="hroa">HROA</tm:potential_company></tm:company></tm:entity> is
to support the Human Resources Outsourcing industry (HRO) through
education, advocacy and the promotion of best practices. As a
membership organization, we provide online and offline networking,
best practices and independent commentary on the evolution of HR
transformation. For more information visit: <a href="http://www.hroa.org" target="_new">http://www.hroa.org</a>.</p>
<p>About the <tm:entity><tm:company><tm:potential_company role="Who" value="rpo alliance">RPO Alliance</tm:potential_company></tm:company></tm:entity></p><p>The <tm:entity><tm:company><tm:potential_company role="Who" value="rpo alliance">RPO Alliance</tm:potential_company></tm:company></tm:entity>, a <tm:entity><tm:company Extension="Group" value="special interest">Special Interest</tm:company></tm:entity> Group of the <tm:entity><tm:company><tm:potential_company role="Who" value="hroa">HROA</tm:potential_company></tm:company></tm:entity>, promotes
the advancement of recruitment process outsourcing. The <tm:entity><tm:company><tm:potential_company role="Who" value="rpo alliance">RPO
Alliance</tm:potential_company></tm:company></tm:entity> works to improve the practice of <tm:entity><tm:company value="rpo">RPO</tm:company></tm:entity> through better
business tools and practices, research, and peer-to-peer
connections. As a membership organization, we provide online and
offline networking, best practices and independent commentary on
the evolution of recruitment process transformation. For more
information visit: <a href="http://www.hroa.org" target="_new">http://www.hroa.org</a>.</p><p>Copyright (c) 2007 <tm:entity><tm:company><tm:potential_company role="Who" value="hroa">HROA</tm:potential_company></tm:company></tm:entity>. All Rights Reserved.</p></body>
</html>


</doc>

