<doc xmlns:tm="http://www.temis.com/annotations/1.1/">
<metadata><aboutcompany value="aveva group plc"/><releaselocation value="houston"/><data_source value="prnews"/><source value="aveva group plc"/><processing_date>2008-01-21T18:13:13</processing_date><date>2007-12-17T09:52:00</date><quote symbol="LON:AVV" src-company="aveva" company="AVEVA Group plc" date="2007-12-17" price=""/></metadata>
<title>AVEVA Announces Winners of 2007 'Engineering Excellence to the Extreme' Awards
</title>
<html>
<head>
<meta name="generator" content="HTML Tidy for Windows (vers 14 February 2006), see www.w3.org"/>
<!-- #BeginEditable "doctitle" -->
<title><tm:entity><tm:company Extension="Group Plc" value="aveva">AVEVA</tm:company></tm:entity> Announces Winners of 2007 'Engineering Excellence to
the Extreme' Awards</title>
</head>
<body>
<p><tm:entity><tm:location><tm:country location_country="United States of America"><tm:place>HOUSTON</tm:place></tm:country></tm:location></tm:entity>, <tm:entity><tm:time_expression><tm:relative_time Day="17" Month="Dec." value="dec. 17">Dec. 17</tm:relative_time></tm:time_expression></tm:entity> /PRNewswire/ -- <tm:entity><tm:company Extension="Group Plc" value="aveva">AVEVA</tm:company></tm:entity> Group plc (<tm:entity><tm:companyticker value="lse">LSE</tm:companyticker></tm:entity>: AVV) is
pleased to announce the winners of its 2007 "Engineering Excellence
to the Extreme" award: <tm:entity><tm:company value="amec paragon">AMEC Paragon</tm:company></tm:entity>, for delivering significant
project savings as a result of using <tm:entity><tm:company Extension="Group Plc" value="aveva">AVEVA</tm:company></tm:entity>'s integrated suite of
applications; and <tm:entity><tm:company><tm:normalized_name Domain="UnclassifiedCompany" value="dupont">DuPont</tm:normalized_name></tm:company></tm:entity>, for its rapid design of a new world-class
DTT (<tm:entity><tm:company Domain="UnclassifiedCompany, IT" value="dupont titanium technologies">DuPont Titanium Technologies</tm:company></tm:entity>) plant in <tm:entity><tm:location><tm:country><tm:place>Dongying</tm:place></tm:country></tm:location></tm:entity>, <tm:entity><tm:location><tm:country location_country="China"><tm:place>Shandong</tm:place></tm:country></tm:location></tm:entity> Province, <tm:entity><tm:location><tm:country><tm:place>China</tm:place></tm:country></tm:location></tm:entity>.</p><p><tm:entity><tm:company Extension="Group Plc" value="aveva">AVEVA</tm:company></tm:entity>'s annual "Engineering Excellence to the Extreme" awards
recognize <tm:entity><tm:company Extension="Group Plc" value="aveva">AVEVA</tm:company></tm:entity> customers and the engineering excellence and
problem-solving that goes into realizing process plant and marine
projects, whether it be scope, environmental, safety, risk,
completion time, or other factors. The recipients were honored at
<tm:entity><tm:company Extension="Group Plc" value="aveva">AVEVA</tm:company></tm:entity>'s International Symposium for Engineering IT (ISEIT) held in
<tm:entity><tm:location><tm:country location_country="United States of America"><tm:place>San Antonio</tm:place></tm:country></tm:location></tm:entity>, <tm:entity><tm:location><tm:country location_country="United States of America"><tm:place>Texas</tm:place></tm:country></tm:location></tm:entity>, <tm:entity><tm:time_expression><tm:relative_time value="october 22-24 , 2007">October 22-24, 2007</tm:relative_time></tm:time_expression></tm:entity>.</p><p><tm:entity><tm:company value="amec paragon">AMEC Paragon</tm:company></tm:entity>(<a href="http://www.amecparagon.com" target="_new">http://www.amecparagon.com</a>), the <tm:entity><tm:location><tm:country><tm:place>Americas</tm:place></tm:country></tm:location></tm:entity>' oil and gas
hub for AMEC, the international project management and services
company, was honored for its Integrated Project Execution (IPE).
IPE is a work process that has allowed <tm:entity><tm:company value="amec paragon">AMEC Paragon</tm:company></tm:entity> to measure and
deliver outstanding time and cost savings across multiple projects.
<tm:entity><tm:company value="amec paragon">AMEC Paragon</tm:company></tm:entity>'s IPE strategy enables the collaboration of all
parties involved in an Engineering, Procurement and Construction
(EPC) project -- across all applications and executed from multiple
locations -- safely, efficiently, and effectively. <tm:entity><tm:company value="amec paragon">AMEC Paragon</tm:company></tm:entity>'s
IPE strategy delivered the following results on a retrofit offshore
project:<br/></p><ul>
<li>20% reduction in spool piping field welds</li>
<li>Zero rework of piping and structural clashes within the new
installation</li>
<li>Project savings of approximately one month of offshore hook-up
time at completion</li>
<li>5% reduction of material waste due to lack of interferences,
clashes, rerouting, etc.</li>
<li>Reduced Engineering time by up to 10%</li>
<li>Reduced Offshore Visits by up to 70%</li>
<li>50% reduction in Procurement group man-hours for major
equipment packages</li>
<li>90% reduction in Procurement group man-hours for bulk material
packages</li>
<li>50% in Document Control man-hours for client handover</li>
<li>95% reduction in reprographic costs related to client
handover</li>
<li>Creation of weight management reports in less than five minutes
instead of four hours</li>
</ul>
<p><tm:entity><tm:company><tm:normalized_name Domain="UnclassifiedCompany" value="dupont">DuPont</tm:normalized_name></tm:company></tm:entity>(<a href="http://www.dupont.com" target="_new">http://www.dupont.com</a>) a science-based products and
services company, was recognized for its rapid design of a
world-class titanium dioxide (TiO2) plant in the City of <tm:entity><tm:location><tm:country><tm:place>Dongying</tm:place></tm:country></tm:location></tm:entity>,
<tm:entity><tm:location><tm:country location_country="China"><tm:place>Shandong</tm:place></tm:country></tm:location></tm:entity> Province, <tm:entity><tm:location><tm:country><tm:place>China</tm:place></tm:country></tm:location></tm:entity>. The plant will be wholly owned by DuPont
and will be the company's largest single investment project outside
the United States. As a result of <tm:entity><tm:company><tm:normalized_name Domain="UnclassifiedCompany" value="dupont">DuPont</tm:normalized_name></tm:company></tm:entity>'s history utilizing
<tm:entity><tm:company Extension="Group Plc" value="aveva">AVEVA</tm:company></tm:entity>'s solutions, <tm:entity><tm:company Domain="UnclassifiedCompany, IT" value="dupont titanium technologies">DuPont Titanium Technologies</tm:company></tm:entity> was able to extract
existing PDMS (Plant Design Management System) models and arrange
them together in a new model to represent the planned <tm:entity><tm:location><tm:country><tm:place>Dongying</tm:place></tm:country></tm:location></tm:entity> facility. This process greatly accelerated development of the first
study model, which evolved over time into the current 3-D facility
model. Front End Loading of the project was further accelerated
because <tm:entity><tm:company><tm:normalized_name Domain="UnclassifiedCompany" value="dupont">DuPont</tm:normalized_name></tm:company></tm:entity> was able to hand over a fairly complete 3D data
model of the plant to the project EPC contractor <tm:entity><tm:time_expression><tm:duration value="within 12 months">within 12
months</tm:duration></tm:time_expression></tm:entity>.</p><p>"<tm:entity><tm:company Extension="Group Plc" value="aveva">AVEVA</tm:company></tm:entity>'s customers design and build some of the most complex and
important projects in the world," commented Rob Glasier, head of
AVEVA Americas. "These awards are our way of recognizing the hard
work and achievement that goes into these projects. We congratulate
<tm:entity><tm:company value="amec paragon">AMEC Paragon</tm:company></tm:entity> and <tm:entity><tm:company Domain="UnclassifiedCompany, IT" value="dupont titanium technologies">DuPont Titanium Technologies</tm:company></tm:entity>, and look forward to
honoring more of our great customers <tm:entity><tm:time_expression><tm:relative_time value="for next year">for next year</tm:relative_time></tm:time_expression></tm:entity>'s 'Engineering
Excellence to the Extreme' awards."</p><p>For more information on the Engineering Excellence to the
Extreme awards and to download a 2008 nomination form, please visit
<a href="http://events.aveva.com/iseit08/extreme_2008.doc" target="_new">http://events.aveva.com/iseit08/extreme_2008.doc</a>. The
deadline for submissions is <tm:entity><tm:time_expression><tm:exact_time value="2008">August 30, 2008</tm:exact_time></tm:time_expression></tm:entity>.</p><p>About <tm:entity><tm:company Extension="Group Plc" value="aveva">AVEVA</tm:company></tm:entity> Group plc</p>
<p><tm:entity><tm:company Extension="Group Plc" value="aveva">AVEVA</tm:company></tm:entity> Group plc is one of the world's foremost and
fastest-growing lifecycle engineering IT solutions and services
providers to the oil and gas, paper and pulp, power, chemical,
pharmaceutical and shipbuilding industries. The Group reported
pre-tax profits for the year ended March 2007 of GBP 24.7 million
on revenues of GBP 94.9 million. The Group has grown consistently
<tm:entity><tm:time_expression><tm:duration Year="1967" value="since 1967">since 1967</tm:duration></tm:time_expression></tm:entity> on the strength of pioneering engineering technology
that protects the information assets of its customers from the
volatile nature of the IT industry.</p>
</body>
</html>


</doc>

