<doc xmlns:tm="http://www.temis.com/annotations/1.1/">
<metadata>
<aboutcompany value="jopari"/>
<releaselocation value="concord"/>
<data_source value="prnews"/>
<source value="jopari solutions, inc."/>
<processing_date>2008-01-21T18:09:34</processing_date>
<date>2007-12-17T15:02:00</date>
</metadata>
<title>Paradigm Selects Jopari to Provide E-Billing Gateway for Customers
</title>
<html>
<head>
<meta name="generator" content="HTML Tidy for Windows (vers 14 February 2006), see www.w3.org"/>
<!-- #BeginEditable "doctitle" -->
<title>Paradigm Selects Jopari to Provide E-Billing Gateway for
Customers</title>
</head>
<body>
<p>Jopari Solutions, the industry's technology leader in end-to-end
bill cycle</p>
<p>automation, supplies Integrated Compliance and Payment Solutions
to</p>
<p>Workers' Compensation Payers</p>
<p>CONCORD, Calif., Dec. 17 /PRNewswire/ -- Paradigm Management
Services, LLC ("Paradigm") the nation's leader in providing
catastrophic and complex medical management services has entered an
agreement with Jopari Solutions, Inc. ("Jopari") to launch an
online Electronic Billing and Remittance Gateway solution
simplifying workers' compensation bill remittance and payment
workflows for its customers and providers.</p>
<p>Jopari's electronic billing and remittance solution wraps around
existing client workflows, minimizing the need for internal IT
development. Jopari has an ANSI 837 and 835 eBill / eRemit solution
allowing providers to review their bills and remittance information
in an easy to use online provider portal. Providers can also
download copies of payment and remittance advice (EOR's) in
electronic formats reducing the production of and reliance on
paper. The move from paper to electronic communication has obvious
workflow efficiencies and conservation benefits. "Partnering with
Jopari to build our eBill solution is the right step in maintaining
our competitive advantage and meeting the needs of our customers
and providers", says <tm:entity><tm:person Family_Name="Sweetser" First_Name="Stuart" Gender="Male" role="Person" value="stuart sweetser">Stuart Sweetser</tm:person></tm:entity>, <tm:entity><tm:function FunctionCategory="Board" role="Has_Function" value="senior vice president">Senior Vice President</tm:function></tm:entity>.
"Working with Jopari has enabled us to offer electronic invoice
processing and payment and remittance in a streamlined manner as
well as solving the future compliance needs of states such as
<tm:entity><tm:location><tm:country location_country="United States of America"><tm:place>Texas</tm:place></tm:country></tm:location></tm:entity>, <tm:entity><tm:location><tm:country location_country="United States of America"><tm:place>California</tm:place></tm:country></tm:location></tm:entity>, and <tm:entity><tm:location><tm:country location_country="United States of America"><tm:place>Minnesota</tm:place></tm:country></tm:location></tm:entity>."</p><p>"We are very pleased about our new relationship with Paradigm,"
stated <tm:entity><tm:person Family_Name="Grim" First_Name="Jim" Gender="Male" role="Person" value="jim grim">Jim Grim</tm:person></tm:entity>, <tm:entity><tm:function FunctionCategory="Board" role="Has_Function" value="senior vice president">Senior Vice President</tm:function></tm:entity>. "They are an established
industry leader and clearly focused on increased quality in every
aspect of their customer's experience. Paradigm's selection of
Jopari for end to end electronic bill and remittance processing
validates our common commitment to efficiency through technology.
We look forward to a prosperous partnership." <tm:entity><tm:person Family_Name="Sweetser" First_Name="Stuart" Gender="Male" value="stuart sweetser">Stuart Sweetser</tm:person></tm:entity> added
"At Paradigm, our focus is to provide the best possible clinical
and functional outcomes through our clinically based systems and by
being a technology driven company, this partnership will create a
technology driven solution."</p>
<p>About Jopari</p>
<p><tm:entity><tm:company Extension="Inc" value="jopari solutions">Jopari Solutions</tm:company></tm:entity>, Inc. (<a href="http://www.jopari.com" target="_new">http://www.jopari.com</a>) supplies Integrated Compliance
and Payment Solutions to Workers' Compensation, Auto, and Health
Insurance Industry Payers. Jopari services are SAS70 Level 1 &amp;
2 certified, in addition to HIPAA, GLBA and OFAC compliant. Jopari
significantly improves the technology Payers use to manage bills
and disbursements, and substantially reduces associated expenses.
Jopari services enable insurance Payers to comply fully with
regulatory requirements, including e-Bill and e-Pay jurisdictional
initiatives and HIPAA. Insurance and other industry Payers take
advantage of JopariPay(TM) to permanently downsize processing and
labor costs, increase operational competitiveness and realize
immediate returns on investment.</p><p>About <tm:entity><tm:company Extension="Llc" value="paradigm management services">Paradigm Management Services</tm:company></tm:entity>, LLC</p><p><tm:entity><tm:company Extension="Llc" value="paradigm management services">Paradigm Management Services</tm:company></tm:entity>, LLC is the nation's leader in
providing catastrophic and complex medical management services. <tm:entity><tm:time_expression><tm:relative_time value="for the past 16 years">For
the past 16 years</tm:relative_time></tm:time_expression></tm:entity>, Paradigm has specialized in the management of
injured people who have sustained complex brain injuries, spinal
cord injuries, severe or complex burns, multiple trauma or chronic
pain. Paradigm provides the nation's most effective solution for
managing individuals with catastrophic and complex injuries, by
committing to and achieving optimal clinical and functional
outcomes, facilitating proactive medical interventions and
delivering the best return to work rate in the industry. For
additional information about the organization, please visit the web
at <a href="http://www.paradigmcorp.com" target="_new">http://www.paradigmcorp.com</a>.</p></body>
</html>


</doc>

