<doc xmlns:tm="http://www.temis.com/annotations/1.1/">
<metadata>
<aboutcompany value="animoto"/>
<releaselocation value="new york"/>
<data_source value="prnews"/>
<source value="animoto"/>
<processing_date>2008-01-21T17:54:52</processing_date>
<date>2007-12-18T10:30:00</date>
</metadata>
<title>Video: Generating Web Application Animoto Introduces Groundbreaking MP4 Download Capability
</title>
<html>
<head>
<meta name="generator" content="HTML Tidy for Windows (vers 14 February 2006), see www.w3.org"/>
<!-- #BeginEditable "doctitle" -->
<title>Video: Generating Web Application Animoto Introduces
Groundbreaking MP4 Download Capability</title>
</head>
<body>
<p><tm:entity><tm:company value="animoto">Animoto</tm:company></tm:entity> Downloads Let Users Have Complete Control of Their Video
Files Offline, to Store on Their Computers, Synch to Mobile Devices
and Upload to</p>
<p>Video Sharing Sites</p>
<p><tm:entity><tm:location><tm:country location_country="United States of America"><tm:place>NEW YORK</tm:place></tm:country></tm:location></tm:entity>, <tm:entity><tm:time_expression><tm:relative_time Day="18" Month="Dec." value="dec. 18">Dec. 18</tm:relative_time></tm:time_expression></tm:entity> /PRNewswire/ -- <tm:entity><tm:company value="animoto">Animoto</tm:company></tm:entity>(<tm:entity><tm:company value="animoto">animoto.com</tm:company></tm:entity>), the web
application that automatically generates professionally produced
videos from user-selected images and music, today released <tm:entity><tm:company value="animoto">Animoto</tm:company></tm:entity> Downloads, the first video download service of its kind. With the
visual energy of a music video and the emotional impact of a movie
trailer, <tm:entity><tm:company value="animoto">Animoto</tm:company></tm:entity> videos can now be saved as MP4 video files on Macs
or PCs, at no additional cost.<br/></p>
<p>To view the Multimedia News Release, go to: <a href="http://www.prnewswire.com/mnr/animoto/31129/" target="_new">http://www.prnewswire.com/mnr/animoto/31129/</a></p>
<p>"<tm:entity><tm:company value="animoto">Animoto</tm:company></tm:entity> is a very easy-to-use web application that allows
anyone to create amazingly rich, professional-quality videos to
capture and share experiences from their lives," said <tm:entity><tm:person Family_Name="Jefferson" First_Name="Brad" Gender="Male" role="Person" value="brad jefferson">Brad
Jefferson</tm:person></tm:entity>, <tm:entity><tm:function FunctionCategory="Board" role="Has_Function" value="ceo co-founder">CEO &amp; Co-Founder</tm:function></tm:entity> of <tm:entity><tm:company><tm:potential_company role="Who" value="animoto">Animoto</tm:potential_company></tm:company></tm:entity>. "<tm:entity><tm:company value="animoto">Animoto</tm:company></tm:entity>'s download
capability gives users full access to their video creations and the
freedom to share them whenever and however they want, even when
they aren't connected to the Internet."</p><p>Downloaded videos are formatted as MP4s (using the H.264
compression standard) and work seamlessly on Macs and PCs. Once
downloaded, the <tm:entity><tm:company value="animoto">Animoto</tm:company></tm:entity> videos can be synched to mobile devices
such as the iPhone or uploaded to video sharing sites such as
<tm:entity><tm:company Domain="IT" value="youtube">YouTube</tm:company></tm:entity>. To download a full-length <tm:entity><tm:company value="animoto">Animoto</tm:company></tm:entity> video, users click on
the download link after their video has finished rendering. The
capability is provided at no additional cost for full-length
<tm:entity><tm:company value="animoto">Animoto</tm:company></tm:entity> videos.</p>
<p>Launched publicly <tm:entity><tm:time_expression><tm:exact_time Month="August" Year="2007" value="in august 2007">in August 2007</tm:exact_time></tm:time_expression></tm:entity> by former TV and film
producers, <tm:entity><tm:company value="animoto">Animoto</tm:company></tm:entity> uses high-end motion design and music-analyzing
technology to make it easy for users to automatically create
professionally-produced videos from their images and music. <tm:entity><tm:company value="animoto">Animoto</tm:company></tm:entity> videos are produced in widescreen format and can be emailed,
embedded on social network sites like Facebook and MySpace, and now
downloaded. <tm:entity><tm:company value="animoto">Animoto</tm:company></tm:entity> is the first video-generating web application
to give users the ability to download their creations in the form
of a high-quality MP4 file. Unlike Flash-based services, <tm:entity><tm:company value="animoto">Animoto</tm:company></tm:entity> uses its own proprietary system to render videos with motion design
of uniquely strong production value.</p>
<p>The heart of <tm:entity><tm:company value="animoto">Animoto</tm:company></tm:entity> is its newly developed patent-pending
Cinematic A.I. technology that thinks like an <tm:entity><tm:function FunctionCategory="Board" value="actual director">actual director</tm:function></tm:entity> and
editor. It analyzes and combines user-selected images and music
with the same sophisticated post-production skills and techniques
that are used in television and film. The technology takes into
account every nuance of a song -- the genre, song structure,
energy, rhythm, instrumentation, and vocals. No two videos are ever
the same. Even videos generated with an identical set of images and
music will each have a completely distinct set of motion
designs.</p>
<p>About <tm:entity><tm:company value="animoto">Animoto</tm:company></tm:entity></p><p>The <tm:entity><tm:function FunctionCategory="Board" value="founders">founders</tm:function></tm:entity> of <tm:entity><tm:company Domain="Media" value="animoto productions">Animoto Productions</tm:company></tm:entity> are veterans of the
entertainment industry who have produced shows for <tm:entity><tm:company Domain="Media" value="mtv">MTV</tm:company></tm:entity>, <tm:entity><tm:media><tm:television Location_Country="NorthAmerica" value="comedy central"><tm:entity><tm:company Domain="Media" value="comedy central">Comedy
Central</tm:company></tm:entity></tm:television></tm:media></tm:entity>, and <tm:entity><tm:media><tm:newspaper Location_Country="LatinAmerica" value="abc">ABC</tm:newspaper></tm:media></tm:entity>, studied music in <tm:entity><tm:location><tm:country location_country="UnitedKingdom"><tm:place>London</tm:place></tm:country></tm:location></tm:entity>, and played in indie rock
bands. They share a passion for helping people better share their
stories and express themselves through online media by innovating
technologies in the field of video production. <tm:entity><tm:company Domain="Media" value="animoto productions">Animoto Productions</tm:company></tm:entity>,
founded <tm:entity><tm:time_expression><tm:exact_time Month="August" Year="2006" value="in august 2006">in August 2006</tm:exact_time></tm:time_expression></tm:entity>, is based in <tm:entity><tm:location><tm:country location_country="United States of America"><tm:place>New York City</tm:place></tm:country></tm:location></tm:entity> with an office in
<tm:entity><tm:location><tm:country location_country="United States of America"><tm:place>San Francisco</tm:place></tm:country></tm:location></tm:entity>. For more information: Press Kit.</p></body>
</html>


</doc>

