<doc xmlns:tm="http://www.temis.com/annotations/1.1/">
<metadata>
<aboutcompany value="gerson lehrman group"/>
<releaselocation value="new york"/>
<data_source value="prnews"/>
<source value="gerson lehrman group"/>
<processing_date>2008-01-21T17:51:28</processing_date>
<date>2007-12-19T10:44:00</date>
<quote symbol="NYSE:IT" src-company="gartner" company="Gartner, Inc." date="2007-12-19" price="17.33"/><quote symbol="NYSE:MCI" src-company="mci" company="Massmutual Corporate Investors" date="2007-12-19" price=""/><quote symbol="NYSE:EVR" src-company="evercore" company="Evercore Partners Inc." date="2007-12-19" price="20.34"/><quote symbol="NASDAQ:LAKE" src-company="lake" company="Lakeland Industries, Inc." date="2007-12-19" price="10.75"/><quote symbol="NASDAQ:AMTD" src-company="ameritrade" company="TD Ameritrade Holding Corp." date="2007-12-19" price="19.53"/><quote symbol="NASDAQ:FLEX" src-company="flextronics" company="Flextronics International Ltd." date="2007-12-19" price="11.91"/><quote symbol="NASDAQ:IPCA" src-company="ipc systems" company="IPC Systems Holdings Corp." date="2007-12-19" price=""/><quote symbol="NYSE:NXP" src-company="nxp" company="Nuveen Select Tax-Free Income Portfolio" date="2007-12-19" price=""/></metadata>
<title><tm:entity><tm:company Extension="Group" value="gerson lehrman">Gerson Lehrman</tm:company></tm:entity> Group Announces an Agreement on Approximately <tm:entity><tm:money_expression><tm:money Amount="200 million" Currency="Dollar" value="$200 million">$200 Million</tm:money></tm:money_expression></tm:entity> Equity Investment from <tm:entity><tm:location><tm:country><tm:place>Silver Lake</tm:place></tm:country></tm:location></tm:entity></title>
<html>
<head>
<meta name="generator" content="HTML Tidy for Windows (vers 14 February 2006), see www.w3.org"/>
<!-- #BeginEditable "doctitle" -->
<title><tm:entity><tm:company Extension="Group" value="gerson lehrman">Gerson Lehrman</tm:company></tm:entity> Group Announces an Agreement on Approximately
<tm:entity><tm:money_expression><tm:money Amount="200 million" Currency="Dollar" value="$200 million">$200 Million</tm:money></tm:money_expression></tm:entity> Equity Investment from <tm:entity><tm:location><tm:country><tm:place>Silver Lake</tm:place></tm:country></tm:location></tm:entity></title></head>
<body>
<p>NEW YORK, Dec. 19 /PRNewswire/ -- Gerson Lehrman Group (GLG),
the leading technology-enabled marketplace for expertise, today
announced it has reached a definitive agreement with Silver Lake,
the leading investment firm focused on large scale investments in
technology, technology-enabled and related growth industries, under
which <tm:entity><tm:location><tm:country><tm:place>Silver Lake</tm:place></tm:country></tm:location></tm:entity> will make a capital investment of approximately
$200 million in GLG. Additional terms of the agreement were not
disclosed.</p>
<p><tm:entity><tm:person Family_Name="Lehrman" First_Name="Gerson" Gender="Male" value="gerson lehrman">Gerson Lehrman</tm:person></tm:entity> provides technology-enabled services to help
financial services firms, professional services firms, law firms,
nonprofits and corporations find, engage, and manage <tm:entity><tm:function FunctionCategory="Other" value="subject-matter experts">subject-matter
experts</tm:function></tm:entity>. Its <tm:entity><tm:function FunctionCategory="Other" value="expert">expert</tm:function></tm:entity> network is recruited, organized, administered,
and accessed by clients through a sophisticated and proprietary
technology platform. <tm:entity><tm:time_expression><tm:duration To="September 30 , 2007" value="for the twelve months ended september 30 , 2007">For the twelve months ended September 30,
2007</tm:duration></tm:time_expression></tm:entity>, the company generated approximately $220 million in revenue
and organic revenue growth of 31%. The company is headquartered in
<tm:entity><tm:location><tm:country location_country="United States of America"><tm:place>New York</tm:place></tm:country></tm:location></tm:entity> and maintains 12 offices throughout the <tm:location><tm:country><tm:place>United States</tm:place></tm:country></tm:location>,
<tm:entity><tm:location><tm:country><tm:place>Europe</tm:place></tm:country></tm:location></tm:entity> and <tm:entity><tm:location><tm:country><tm:place>Asia</tm:place></tm:country></tm:location></tm:entity>.</p><p>"We're excited about <tm:entity><tm:location><tm:country><tm:place>Silver Lake</tm:place></tm:country></tm:location></tm:entity>'s deep experience in
information and financial technology and the opportunity to work
with their talented team of professionals," said <tm:entity><tm:person Family_Name="Saint-amand" First_Name="Alexander" Gender="Male" Title="M" role="Person" value="alexander saint-amand">Alexander
Saint-Amand</tm:person></tm:entity>, <tm:entity><tm:function FunctionCategory="Board" role="Has_Function" value="chief executive officer">Chief Executive Officer</tm:function></tm:entity> of <tm:company><tm:potential_company><tm:actor_ci_guessed role="Who" value="glg">GLG</tm:actor_ci_guessed></tm:potential_company></tm:company>. "Our company's mission
is to provide decision-makers in all industries around the world
with unique technology and services to find, engage and manage
<tm:entity><tm:function FunctionCategory="Other" value="experts">experts</tm:function></tm:entity>. <tm:entity><tm:location><tm:country><tm:place>Silver Lake</tm:place></tm:country></tm:location></tm:entity> has a great track record of strengthening the
global platforms of their portfolio companies and therefore is an
ideal partner for GLG's growth and expansion <tm:entity><tm:time_expression><tm:relative_time value="in the coming years">in the coming years</tm:relative_time></tm:time_expression></tm:entity>,"
said <tm:entity><tm:person Family_Name="Saint-amand" First_Name="Alexander" Gender="Male" Title="M" value="alexander saint-amand">Mr. Saint-Amand</tm:person></tm:entity>.</p><p><tm:entity><tm:person Family_Name="Bingle" First_Name="Michael" Gender="Male" role="Person" value="michael bingle">Michael Bingle</tm:person></tm:entity>, a <tm:entity><tm:function FunctionCategory="Board" role="Has_Function" value="managing director">Managing Director</tm:function></tm:entity> of <tm:entity><tm:location><tm:country><tm:place>Silver Lake</tm:place></tm:country></tm:location></tm:entity>, said,
"<tm:entity><tm:company Extension="Group" role="Who" value="gerson lehrman">Gerson Lehrman</tm:company></tm:entity> Group is an industry pioneer and clear leader in
the rapidly growing global market for primary expertise. The
company's web-based software, services, and scale provide a unique
value proposition to both its clients and its deep base of <tm:entity><tm:function FunctionCategory="Other" value="experts">experts</tm:function></tm:entity>,
and we believe the company is very well-positioned for continued
growth."</p><p><tm:entity><tm:company Extension="Partners" value="evercore">Evercore</tm:company></tm:entity> Partners served as <tm:entity><tm:function FunctionCategory="Other" value="advisors">advisors</tm:function></tm:entity> to <tm:entity><tm:company Extension="Group" value="gerson lehrman">Gerson Lehrman</tm:company></tm:entity> Group in
the transaction.</p>
<p>The transaction is expected to close <tm:entity><tm:time_expression><tm:relative_time Month="January" value="in january">in January</tm:relative_time></tm:time_expression></tm:entity>.</p><p>About <tm:entity><tm:company Extension="Group" value="gerson lehrman">Gerson Lehrman</tm:company></tm:entity> Group</p>
<p><tm:entity><tm:company Extension="Group" value="gerson lehrman">Gerson Lehrman</tm:company></tm:entity> Group (<tm:entity><tm:company><tm:abbreviation value="glg">GLG</tm:abbreviation></tm:company></tm:entity>) provides technology and services to
support a marketplace for expertise. <tm:entity><tm:time_expression><tm:duration Year="1998" value="since 1998">Since 1998</tm:duration></tm:time_expression></tm:entity>, its platform for
consultation and collaboration has helped the world's leading
financial services firms, consultancies, corporations, and
nonprofits find, engage, and manage <tm:entity><tm:function FunctionCategory="Other" value="experts">experts</tm:function></tm:entity> in a broad range of
industries and disciplines. GLG's unparalleled network of the
world's <tm:entity><tm:function FunctionCategory="Other" value="leading expert consultants">leading expert consultants</tm:function></tm:entity>, known as the GLG Councils,
includes more than 175,000 <tm:entity><tm:function FunctionCategory="Other" value="subject-matter experts">subject-matter experts</tm:function></tm:entity> who educate and
provide insight to decision-makers through a wide range of
consulting methods, including telephone consultations, <tm:entity><tm:function FunctionCategory="Other" value="expert">expert</tm:function></tm:entity> surveys and seminars. <tm:company><tm:potential_company><tm:actor_ci_guessed role="Who" value="glg">GLG</tm:actor_ci_guessed></tm:potential_company></tm:company> has invested in one of the world's most
sophisticated infrastructures for <tm:entity><tm:function FunctionCategory="Other" value="expert">expert</tm:function></tm:entity> recruiting and compliance.
For more information about GLG, please visit <a href="http://www.glgroup.com" target="_new">http://www.glgroup.com</a>.</p>
<p>About <tm:entity><tm:location><tm:country><tm:place>Silver Lake</tm:place></tm:country></tm:location></tm:entity></p><p>Silver <tm:entity><tm:company role="Who" value="lake">Lake</tm:company></tm:entity> is the leading investment firm focused on large
scale investments in technology, technology-enabled, and related
growth industries. <tm:entity><tm:location><tm:country><tm:place>Silver Lake</tm:place></tm:country></tm:location></tm:entity> seeks to achieve superior financial
returns by investing with the strategic and operating insights of
an experienced industry participant. <tm:entity><tm:location><tm:country><tm:place>Silver Lake</tm:place></tm:country></tm:location></tm:entity>'s mission is to
function as a value-added partner to the management teams of the
world's leading technology franchises. Its portfolio includes or
has included technology industry leaders such as <tm:entity><tm:company Domain="Financial" value="ameritrade">Ameritrade</tm:company></tm:entity>, <tm:entity><tm:company value="avago">Avago</tm:company></tm:entity>,
<tm:entity><tm:company Domain="IT" value="avaya">Avaya</tm:company></tm:entity>, <tm:entity><tm:company value="business objects">Business Objects</tm:company></tm:entity>, <tm:entity><tm:company value="flextronics">Flextronics</tm:company></tm:entity>, <tm:entity><tm:company Domain="IT" value="gartner">Gartner</tm:company></tm:entity>, <tm:entity><tm:company Domain="Financial" value="instinet">Instinet</tm:company></tm:entity>, <tm:entity><tm:company Domain="IT" value="ipc systems">IPC
Systems</tm:company></tm:entity>, <tm:entity><tm:company Domain="TeleCommunication" value="mci">MCI</tm:company></tm:entity>, <tm:entity><tm:stockindex value="nasdaq">NASDAQ</tm:stockindex></tm:entity>, Network General, <tm:entity><tm:company value="nxp">NXP</tm:company></tm:entity>, <tm:entity><tm:company Extension="Holdings" value="sabre">Sabre</tm:company></tm:entity> Holdings, <tm:entity><tm:company Domain="IT" value="seagate technology">Seagate
Technology</tm:company></tm:entity>, Serena Software, <tm:entity><tm:company Domain="IT" value="sungard data systems">SunGard Data Systems</tm:company></tm:entity>, <tm:entity><tm:company Domain="IT" value="thomson">Thomson</tm:company></tm:entity> and <tm:entity><tm:company value="ugs">UGS</tm:company></tm:entity>.
For more information, please visit <a href="http://www.silverlake.com" target="_new">http://www.silverlake.com</a>.</p><p>About <tm:entity><tm:company Extension="Partners" value="evercore">Evercore</tm:company></tm:entity> Partners</p>
<p><tm:entity><tm:company Extension="Partners" role="Who" value="evercore">Evercore</tm:company></tm:entity> Partners is a leading investment banking boutique and
investment company. <tm:entity><tm:company><tm:potential_company role="Who" value="evercore">Evercore</tm:potential_company></tm:company></tm:entity>'s Advisory business counsels its
clients on mergers, acquisitions, divestitures, restructurings and
other strategic transactions. <tm:entity><tm:company><tm:potential_company role="Who" value="evercore">Evercore</tm:potential_company></tm:company></tm:entity>'s Investment Management
business manages private equity funds and traditional asset
management services for sophisticated institutional investors.
<tm:entity><tm:company Extension="Partners" value="evercore">Evercore</tm:company></tm:entity> serves a diverse set of clients around the world from its
offices in <tm:entity><tm:location><tm:country location_country="United States of America"><tm:place>New York</tm:place></tm:country></tm:location></tm:entity>, <tm:location><tm:country location_country="United States of America"><tm:place>Los Angeles</tm:place></tm:country></tm:location>, <tm:location><tm:country location_country="United States of America"><tm:place>San Francisco</tm:place></tm:country></tm:location>, <tm:entity><tm:location><tm:country location_country="UnitedKingdom"><tm:place>London</tm:place></tm:country></tm:location></tm:entity>, <tm:location><tm:country location_country="Mexico"><tm:place>Mexico
City</tm:place></tm:country></tm:location>and <tm:location><tm:country location_country="Mexico"><tm:place>Monterrey</tm:place></tm:country></tm:location>, <tm:entity><tm:location><tm:country><tm:place>Mexico</tm:place></tm:country></tm:location></tm:entity>. More information about <tm:entity><tm:company Extension="Partners" value="evercore">Evercore</tm:company></tm:entity> can be
found on the firm's Web site at <a href="http://www.evercore.com" target="_new">http://www.evercore.com</a>.<br/></p><p><tm:entity><tm:company Extension="Group" value="gerson lehrman">Gerson Lehrman</tm:company></tm:entity> Group Contact:</p>
<p><tm:entity><tm:person Family_Name="Molloy" First_Name="Margaret, M" Gender="Female" value="margaret m molloy">Margaret M. Molloy</tm:person></tm:entity></p><p>212 880 6569</p>
<p><a href="mailto:mmolloy@glgroup.com"><tm:entity><tm:email value="mmolloy@glgroup.com">mmolloy@glgroup.com</tm:email></tm:entity></a></p><p><tm:entity><tm:location><tm:country><tm:place>Silver Lake</tm:place></tm:country></tm:location></tm:entity> Media Contacts:</p>
<p><tm:entity><tm:person Family_Name="Benson" First_Name="Matt" Gender="Male" value="matt benson">Matt Benson</tm:person></tm:entity>/<tm:entity><tm:person Family_Name="Hofstad" First_Name="Victoria" value="victoria hofstad">Victoria Hofstad</tm:person></tm:entity>/<tm:entity><tm:person Family_Name="Hanahan" First_Name="Elizabeth" Gender="Female" value="elizabeth hanahan">Elizabeth Hanahan</tm:person></tm:entity></p><p><tm:entity><tm:company Extension="&amp; Co" value="sard verbinnen">Sard Verbinnen</tm:company></tm:entity>&amp; Co</p>
<p>212-687-8080/415-618-8750</p>
</body>
</html>


</doc>

