<doc xmlns:tm="http://www.temis.com/annotations/1.1/">
<metadata>
<aboutcompany value="novell"/>
<releaselocation value="waltham"/>
<data_source value="prnews"/>
<source value="novell, inc."/>
<processing_date>2008-01-21T18:19:33</processing_date>
<date>2007-12-12T16:52:00</date>


<quote symbol="NASDAQ:MSFT" src-company="microsoft" company="Microsoft Corporation" date="2007-12-12" price="34.47"/><quote symbol="NASDAQ:NOVL" src-company="novell" company="Novell, Inc." date="2007-12-12" price="7.11"/></metadata>
<title><tm:entity><tm:company Domain="IT" value="novell will release">Novell Will Release</tm:company></tm:entity> <tm:entity><tm:time_expression><tm:relative_time value="fourth fiscal">Fourth Fiscal</tm:relative_time></tm:time_expression></tm:entity> Quarter and <tm:entity><tm:time_expression><tm:exact_time Year="2007" value="full fiscal year 2007">Full Fiscal Year 2007</tm:exact_time></tm:time_expression></tm:entity> Earnings <tm:entity><tm:time_expression><tm:exact_time value="2007">on December 13, 2007</tm:exact_time></tm:time_expression></tm:entity></title>
<html>
<head>
<meta name="generator" content="HTML Tidy for Windows (vers 14 February 2006), see www.w3.org"/>
<!-- #BeginEditable "doctitle" -->
<title><tm:entity><tm:company Domain="IT" value="novell will release">Novell Will Release</tm:company></tm:entity> <tm:entity><tm:time_expression><tm:relative_time value="fourth fiscal">Fourth Fiscal</tm:relative_time></tm:time_expression></tm:entity> Quarter and <tm:entity><tm:time_expression><tm:exact_time Year="2007" value="full fiscal year 2007">Full Fiscal
Year 2007</tm:exact_time></tm:time_expression></tm:entity> Earnings <tm:entity><tm:time_expression><tm:exact_time value="2007">on December 13, 2007</tm:exact_time></tm:time_expression></tm:entity></title></head>
<body>
<div style="margin-left: 2em">- Announces successful completion of
SEC review - No change to prior period results</div>
<p>WALTHAM, Mass., <tm:entity><tm:time_expression><tm:relative_time Day="12" Month="Dec." value="dec. 12">Dec. 12</tm:relative_time></tm:time_expression></tm:entity> /PRNewswire-FirstCall/ -- <tm:entity><tm:company Domain="IT" Extension="Inc" value="novell">Novell</tm:company></tm:entity>, Inc.
(<tm:entity><tm:stockindex value="nasdaq">Nasdaq</tm:stockindex></tm:entity>: <tm:entity><tm:companyticker company="Novell, Inc." value="NASDAQ:NOVL">NOVL</tm:companyticker></tm:entity>) announced today the completion of the review of its
Form 10-K <tm:entity><tm:time_expression><tm:duration To="Oct. 31 , 2006" value="for the fiscal year ended oct. 31 , 2006">for the fiscal year ended Oct. 31, 2006</tm:duration></tm:time_expression></tm:entity>, and its Form
10-Q for the quarterly period ended <tm:entity><tm:time_expression><tm:exact_time value="2007">April 30, 2007</tm:exact_time></tm:time_expression></tm:entity>, by the
Securities and <tm:entity><tm:organisation value="exchange commission">Exchange Commission</tm:organisation></tm:entity>(the "SEC"). The SEC required no
change to <tm:entity><tm:company Domain="IT" Extension="Inc" value="novell">Novell</tm:company></tm:entity>'s previously reported financial results. <tm:entity><tm:company Domain="IT" Extension="Inc" value="novell">Novell</tm:company></tm:entity> had previously postponed its <tm:entity><tm:time_expression><tm:relative_time value="fourth fiscal">fourth fiscal</tm:relative_time></tm:time_expression></tm:entity> quarter and <tm:entity><tm:time_expression><tm:exact_time Year="2007" value="full fiscal year 2007">full fiscal
year 2007</tm:exact_time></tm:time_expression></tm:entity> earnings release and conference call pending the
conclusion of the SEC's review.</p>
<p><tm:entity><tm:company Domain="IT" Extension="Inc" value="novell">Novell</tm:company></tm:entity> will announce its <tm:entity><tm:time_expression><tm:relative_time value="fourth fiscal">fourth fiscal</tm:relative_time></tm:time_expression></tm:entity> quarter and <tm:entity><tm:time_expression><tm:exact_time Year="2007" value="full fiscal year 2007">full fiscal
year 2007</tm:exact_time></tm:time_expression></tm:entity> earnings <tm:entity><tm:time_expression><tm:exact_time value="2007">on Dec. 13, 2007</tm:exact_time></tm:time_expression></tm:entity>, at 4:00 pm ET. A one-hour
conference call with <tm:entity><tm:company Domain="IT" Extension="Inc" value="novell">Novell</tm:company></tm:entity> management will begin at 5:00 pm ET.
The domestic conference call dial-in number is 866-335-5255,
password "<tm:entity><tm:company Domain="IT" Extension="Inc" value="novell">Novell</tm:company></tm:entity>", and the international dial-in number is
<tm:entity><tm:phone_number value="+1-706-679-2263">+1-706-679-2263</tm:phone_number></tm:entity>, password "<tm:entity><tm:company Domain="IT" Extension="Inc" value="novell">Novell</tm:company></tm:entity>". The conference call will also
be available live as a listen-only webcast at: <a href="http://www.novell.com/company/ir/qresults" target="_new">http://www.novell.com/company/ir/qresults</a>. The call will
also be available for telephone playback through midnight ET, <tm:entity><tm:time_expression><tm:exact_time value="2007">Dec.
28, 2007</tm:exact_time></tm:time_expression></tm:entity>. The domestic toll-free replay number is 800-642-1687, and
the international replay number is <tm:entity><tm:phone_number value="+1-706-645-9291">+1-706-645-9291</tm:phone_number></tm:entity>. Replay
listeners must enter conference ID number 28171181.</p><p>Legal Notice Regarding Forward-Looking Statements</p>
<p>This press release includes statements that are not historical
in nature and that may be characterized as "forward-looking
statements" within the meaning of the Private Securities Litigation
Reform Act, including those related to future financial and
operating results, benefits and synergies of the company's brands
and strategies, future opportunities and the growth of the market
for Identity and Access Management and Linux* Platform Products.
You should be aware that <tm:entity><tm:company Domain="IT" Extension="Inc" value="novell">Novell</tm:company></tm:entity>'s actual results could differ
materially from those contained in the forward-looking statements,
which are based on current expectations of Novell(R) management and
are subject to a number of risks and uncertainties, including, but
not limited to, <tm:entity><tm:company Domain="IT" Extension="Inc" value="novell">Novell</tm:company></tm:entity>'s ability to transform its business through
the implementation of its strategic plan, <tm:entity><tm:company Domain="IT" Extension="Inc" value="novell">Novell</tm:company></tm:entity>'s ability to
realize the benefits anticipated from the <tm:entity><tm:company Domain="IT" value="microsoft">Microsoft</tm:company></tm:entity> transaction and
<tm:entity><tm:company Domain="IT" Extension="Inc" role="Who" value="novell">Novell</tm:company></tm:entity>'s restructuring plan, and the expected charges to be
incurred and payments to be made under the restructuring plan,
<tm:entity><tm:company Domain="IT" Extension="Inc" role="Who" value="novell">Novell</tm:company></tm:entity>'s ability to achieve its expense targets, <tm:entity><tm:company Domain="IT" Extension="Inc" value="novell">Novell</tm:company></tm:entity>'s success
in executing its Linux Platform Products, Identity and Access
Management, and Systems and Resource Management strategies,
<tm:entity><tm:company Domain="IT" Extension="Inc" value="novell">Novell</tm:company></tm:entity>'s ability to take a competitive position in the Linux
Platform Products, Identity and Access Management, and Systems and
Resource Management industries, business conditions and the general
economy, market opportunities, potential new business strategies,
competitive factors, sales and marketing execution, shifts in
technologies or market demand, <tm:entity><tm:company Domain="IT" Extension="Inc" value="novell">Novell</tm:company></tm:entity>'s ability to integrate
acquired operations and employees, and the other factors described
in <tm:entity><tm:company Domain="IT" Extension="Inc" value="novell">Novell</tm:company></tm:entity>'s Annual Report on Form 10-K filed with the Securities
and <tm:entity><tm:organisation value="exchange commission">Exchange Commission</tm:organisation></tm:entity> <tm:entity><tm:time_expression><tm:exact_time value="2007">on May 25, 2007</tm:exact_time></tm:time_expression></tm:entity>. <tm:entity><tm:company Domain="IT" Extension="Inc" value="novell">Novell</tm:company></tm:entity> disclaims any
intention or obligation to update any forward-looking statements as
a result of developments occurring after the date of this press
release except as required by the securities laws.</p>
<p>About <tm:entity><tm:company Domain="IT" Extension="Inc" value="novell">Novell</tm:company></tm:entity></p><p><tm:entity><tm:company Domain="IT" Extension="Inc" value="novell">Novell</tm:company></tm:entity>, Inc. (<tm:entity><tm:stockindex value="nasdaq">Nasdaq</tm:stockindex></tm:entity>: <a class="small" href="http://studio-5.financialcontent.com/prnews?Page=Quote&amp;Ticker=NOVL" onclick="var s=s_gi(s_account); var hd1 = document.getElementById('headline'); s.tl(this,'o',getLinkName('Company Sanpshot'));"><tm:entity><tm:companyticker company="Novell, Inc." value="NASDAQ:NOVL">NOVL</tm:companyticker></tm:entity></a>) delivers infrastructure software for the Open Enterprise.
<tm:entity><tm:company Domain="IT" Extension="Inc" value="novell">Novell</tm:company></tm:entity> is a leader in desktop to data center operating systems
based on Linux and the software required to secure and manage mixed
IT environments. <tm:entity><tm:company Domain="IT" Extension="Inc" value="novell">Novell</tm:company></tm:entity> helps customers around the world minimize
cost, complexity and risk, allowing them to focus on innovation and
growth. For more information, visit <a href="http://www.novell.com" target="_new">http://www.novell.com</a>.</p><p><tm:entity><tm:company Domain="IT" Extension="Inc" value="novell">Novell</tm:company></tm:entity> is a registered trademark of <tm:entity><tm:company Domain="IT" Extension="Inc" value="novell">Novell</tm:company></tm:entity>, Inc. in the <tm:entity><tm:location><tm:country><tm:place>United
States</tm:place></tm:country></tm:location></tm:entity> and other countries. *Linux is a registered trademark of
<tm:entity><tm:person Family_Name="Torvalds" First_Name="Linus" Gender="Male" value="linus torvalds">Linus Torvalds</tm:person></tm:entity>. All other third-party trademarks are the property
of their <tm:entity><tm:function FunctionCategory="Board" value="respective owners">respective owners</tm:function></tm:entity>.</p></body>
</html>


</doc>

