<doc xmlns:tm="http://www.temis.com/annotations/1.1/">
<metadata><aboutcompany value="video professor, inc. based in lakewood, colo., video professor"/><releaselocation value="lakewood"/><data_source value="prnews"/><source value="video professor, inc."/><processing_date>2008-01-21T17:50:10</processing_date><date>2007-12-19T01:44:00</date></metadata>
<title>News from <tm:entity><tm:company Extension="Inc" value="video professor">VIDEO PROFESSOR</tm:company></tm:entity>, Inc.
</title><html>
<head>
<meta name="generator" content="HTML Tidy for Windows (vers 14 February 2006), see www.w3.org"/>
<!-- #BeginEditable "doctitle" -->
<title>News from <tm:entity><tm:company Extension="Inc" value="video professor">VIDEO PROFESSOR</tm:company></tm:entity>, Inc.</title></head>
<body>
<p><tm:entity><tm:location><tm:country location_country="United States of America"><tm:place>LAKEWOOD</tm:place></tm:country></tm:location></tm:entity>, <tm:entity><tm:location><tm:country location_country="United States of America"><tm:place>Colo.</tm:place></tm:country></tm:location></tm:entity>, <tm:entity><tm:time_expression><tm:relative_time Day="19" Month="Dec." value="dec. 19">Dec. 19</tm:relative_time></tm:time_expression></tm:entity> /PRNewswire/ -- <tm:entity><tm:company Extension="Inc" value="video professor">Video Professor</tm:company></tm:entity>, Inc.
is pleased to announce the appointment of <tm:entity><tm:location><tm:country><tm:place>Chad</tm:place></tm:country></tm:location></tm:entity> Buckendahl to
<tm:entity><tm:function FunctionCategory="Board" value="director">Director</tm:function></tm:entity> of E-Commerce. Buckendahl is a 3 year veteran of the
<tm:entity><tm:company Extension="Co" value="lakewood">Lakewood</tm:company></tm:entity>, CO based company. He reports to <tm:entity><tm:person Family_Name="Mcdonnell" First_Name="Paul" Gender="Male" role="Person" value="paul mcdonnell">Paul McDonnell</tm:person></tm:entity>, <tm:entity><tm:function FunctionCategory="Board" role="Has_Function" value="executive vice president">VP</tm:function></tm:entity> of
E-Commerce.</p>
<p>About <tm:entity><tm:company Extension="Inc" value="video professor">Video Professor</tm:company></tm:entity>, Inc. Based in <tm:entity><tm:location><tm:country location_country="United States of America"><tm:place>Lakewood</tm:place></tm:country></tm:location></tm:entity>, <tm:entity><tm:location><tm:country location_country="United States of America"><tm:place>Colo.</tm:place></tm:country></tm:location></tm:entity>, VIDEO
PROFESSOR has been the leader in comprehensive self-paced computer
software tutorials <tm:entity><tm:time_expression><tm:duration value="for more than 20 years">for more than 20 years</tm:duration></tm:time_expression></tm:entity>. The core of VIDEO
PROFESSOR's learning initiative is to provide home users as well as
corporate professionals with valuable and user-friendly learning
solutions <tm:entity><tm:time_expression><tm:relative_time value="for today">for today</tm:relative_time></tm:time_expression></tm:entity>'s most common software titles. In addition to
pioneering the future of easy-to-use online tutorials, VIDEO
PROFESSOR currently ships over 250,000 CD-ROMs every month and has
helped more than 10 million households learn the computer skills
they need to remain competitive <tm:entity><tm:time_expression><tm:relative_time value="in today">in today</tm:relative_time></tm:time_expression></tm:entity>'s computer-driven
marketplace. The complete VIDEO PROFESSOR library is also available
online to stream directly to computers.</p><p>Video Professor, its logos, slogans and product feature names
are trademarks and/or registered trademarks of <tm:entity><tm:company Extension="Inc" value="video professor">Video Professor</tm:company></tm:entity>,
Inc. in the <tm:entity><tm:location><tm:country><tm:place>U.S.</tm:place></tm:country></tm:location></tm:entity> and other countries. All other trademarks are the
property of their <tm:entity><tm:function FunctionCategory="Board" value="respective owners">respective owners</tm:function></tm:entity>, and the aforementioned
entities neither endorse nor sponsor Video Professor or its
products.</p></body>
</html>


</doc>

