<doc xmlns:tm="http://www.temis.com/annotations/1.1/">
<metadata><aboutcompany value="tektronix' rf scout"/><releaselocation value="beaverton"/><data_source value="prnews"/><source value="tektronix, inc."/><processing_date>2008-01-21T17:55:31</processing_date><date>2007-12-18T10:00:00</date><quote symbol="SHA:900930" src-company="potevio" company="Shanghai Potevio Co Ltd." date="2007-12-18" price=""/></metadata>
<title><tm:entity><tm:company Domain="IT" value="tektronix">Tektronix</tm:company></tm:entity>' NetTek RF Scout Enhanced to Offer TD-SCDMA Scanner for 3G China Market
</title><html>
<head>
<meta name="generator" content="HTML Tidy for Windows (vers 14 February 2006), see www.w3.org"/>
<!-- #BeginEditable "doctitle" -->
<title><tm:entity><tm:company Domain="IT" value="tektronix">Tektronix</tm:company></tm:entity>' NetTek RF Scout Enhanced to Offer TD-SCDMA
Scanner for 3G China Market</title></head>
<body>
<p>TD-SCDMA Scanner Combined with RF Scout Capabilities Offer
Operators</p>
<p>One-Box RF Field Optimization Solution</p>
<p>BEAVERTON, Ore., <tm:entity><tm:time_expression><tm:relative_time Day="18" Month="Dec." value="dec. 18">Dec. 18</tm:relative_time></tm:time_expression></tm:entity> /PRNewswire/ -- <tm:entity><tm:company Domain="IT" value="tektronix">Tektronix</tm:company></tm:entity>, Inc., a
leading worldwide provider of communications network management and
diagnostics solutions, announced the enhancement of its RF Scout
Interference Hunter tool to include a TD-SCDMA scanner to support
the emerging standard currently being deployed in <tm:entity><tm:location><tm:country><tm:place>China</tm:place></tm:country></tm:location></tm:entity>. The
scanner, when combined with the RF Scout capabilities, offers
network operators a one-box RF field optimization solution,
enabling them to improve the RF network performance with the
ability to check and troubleshoot coverage and interference issues
on TD-SCDMA networks.</p><p>"With <tm:entity><tm:company Domain="IT" value="tektronix">Tektronix</tm:company></tm:entity>' one-box, easy-to-use solution, we have been
able to improve data throughput on TD-SCDMA networks by optimizing
coverage while also reducing interference and lowering engineering
field time," said Chen Guo Jing, Department Manager, Field Trial
Department of System Integration and <tm:entity><tm:company value="test division">Test Division</tm:company></tm:entity>, China <tm:entity><tm:company Extension="Co, Ltd" Location_Continent="Asia" Location_Country="China" value="potevio">Potevio</tm:company></tm:entity> Co., Ltd. "The timely availability of this scanner, coupled with
great interference capability, will help us deliver the quality and
reliability that our customers have come to expect from the new
TD-SCDMA standard."</p>
<p>The RF Scout Interference Hunter provides the necessary tools to
hunt for RF interference and check signal quality in one rugged,
handheld platform, enabling network performance planning and
optimization teams to explore, discover, analyze and document
interference, coverage issues and other signal quality problems in
a field-ready tool. The handheld form factor, performance and
durability make measurements convenient, reliable and accurate
whether inside a building or outdoors. A new RF benchmarking
capability recently added enables field <tm:entity><tm:function FunctionCategory="Other" value="engineers">engineers</tm:function></tm:entity> and technicians
to make multiple measurements at multiple frequencies in one
physical pass, eliminating walking back and forth or driving back
to previous locations to take additional series of
measurements.</p>
<p><tm:entity><tm:function FunctionCategory="Other" value="network engineers">Network engineers</tm:function></tm:entity> can identify cell coverage or interference
issues and then diagnose the root cause using a combination of the
TD-SCDMA scanner and RF Scout tools. By including the scanner as
part of a one-box RF package that offers advanced co-channel
interference and out-of-channel interference hunting capabilities,
<tm:entity><tm:company Domain="IT" value="tektronix">Tektronix</tm:company></tm:entity> provides customers a premium interference tool for
TD-SCDMA networks.</p>
<p>"<tm:entity><tm:company Domain="IT" value="tektronix">Tektronix</tm:company></tm:entity> is committed to enabling customers to quickly and
effectively develop and deploy new technologies, such as TD-SCDMA,"
said <tm:entity><tm:person Family_Name="Hiebert" First_Name="Bob" Gender="Male" role="Person" value="bob hiebert">Bob Hiebert</tm:person></tm:entity>, <tm:entity><tm:function FunctionCategory="Board" role="Has_Function" value="general manager">General Manager</tm:function></tm:entity>, Wireless <tm:entity><tm:company value="field test">Field Test</tm:company></tm:entity>, <tm:entity><tm:company Domain="IT" value="tektronix">Tektronix</tm:company></tm:entity>.
"<tm:entity><tm:company Domain="IT" value="tektronix">Tektronix</tm:company></tm:entity>' extensive experience with emerging technologies gives
us a unique insight into the requirements needed to support new
standards in a timely way. The addition of the TD-SCDMA scanner to
the RF Scout builds upon this focus, offering customers the right
applications when they need them."</p><p>The TD-SCDMA standard is also available as an option to
<tm:entity><tm:company Domain="IT" value="tektronix">Tektronix</tm:company></tm:entity>' market-leading NetTek Field Base Station Tester.
<tm:entity><tm:company Domain="IT" value="tektronix">Tektronix</tm:company></tm:entity> was the first manufacturer to provide TD-SCDMA RF field
test and measurement capabilities in a handheld form, enabling
network providers, network equipment manufacturers and contractors
to more easily diagnose TD-SCDMA Node B transmitter problems and
effectively manage the roll out of the new technology.</p>
<p>About <tm:entity><tm:company Domain="IT" value="tektronix">Tektronix</tm:company></tm:entity>' RF Scout</p><p>The RF Scout is part of the NetTek line of handheld, field test
products for the RF interface and base station access points in
modern wireless networks. The tool is also a component of
<tm:entity><tm:company Domain="IT" value="tektronix">Tektronix</tm:company></tm:entity>' market-leading network optimization portfolio, which
also includes the Network and Service Analyzer and the Unified
Assurance components.</p><p>The RF Scout provides spectrum analysis, interference analysis
and logging tools, coverage tools, RF benchmarking and iMap in a
hand-held, durable instrument. The combination of capabilities is
ideal for network optimization, performance and planning teams.
With its Windows-based user interface, the RF Scout simplifies
operation and makes the process of moving data and maps on and off
the instrument effortless. The rugged form factor and optional all
day battery life make the RF Scout a true field instrument.</p>
<p>About <tm:entity><tm:company Domain="IT" value="tektronix">Tektronix</tm:company></tm:entity></p><p><tm:entity><tm:company Domain="IT" value="tektronix">Tektronix</tm:company></tm:entity> is a leading supplier of test, measurement, and
monitoring products, solutions and services for the communications,
computer, and semiconductor industries -- as well as
military/aerospace, consumer electronics, education and a broad
range of other industries worldwide. With 60 years of experience,
<tm:entity><tm:company Domain="IT" value="tektronix">Tektronix</tm:company></tm:entity> enables its customers to design, build, deploy, and
manage next-generation global communications networks, computing
and advanced technologies. Headquartered in Beaverton, <tm:entity><tm:location><tm:country location_country="United States of America"><tm:place>Oregon</tm:place></tm:country></tm:location></tm:entity>,
<tm:entity><tm:company Domain="IT" value="tektronix">Tektronix</tm:company></tm:entity> has operations in 19 <tm:entity><tm:location><tm:country><tm:place>countries worldwide</tm:place></tm:country></tm:location></tm:entity>. <tm:entity><tm:company Domain="IT" value="tektronix">Tektronix</tm:company></tm:entity>' Web
address is <a href="http://www.tektronix.com" target="_new">http://www.tektronix.com</a>.</p><p><tm:entity><tm:company Domain="IT" value="tektronix">Tektronix</tm:company></tm:entity> provides network operators and equipment manufacturers
a comprehensive and unparalleled suite of network diagnostics and
management solutions for fixed, mobile, IP and converged
multi-service networks. These solutions support such architectures
and applications as fixed mobile convergence, IMS, broadband
wireless access, WiMAX, VoIP and triple play, including IPTV. Learn
more about <tm:entity><tm:company Domain="IT" value="tektronix">Tektronix</tm:company></tm:entity>' communications test, measurement and network
monitoring solutions by visiting <a href="http://www.tek.com/communications" target="_new">http://www.tek.com/communications</a>.</p><p><tm:entity><tm:company Domain="IT" value="tektronix">Tektronix</tm:company></tm:entity> is a registered trademark of <tm:entity><tm:company Domain="IT" value="tektronix">Tektronix</tm:company></tm:entity>, Inc. All other
trade names referenced are the service marks, trademarks or
registered trademarks of their respective companies.</p></body>
</html>


</doc>

