<doc xmlns:tm="http://www.temis.com/annotations/1.1/">
<metadata>
<aboutcompany value="basex"/>
<releaselocation value="new york"/>
<data_source value="prnews"/>
<source value="basex"/>
<processing_date>2008-01-21T17:51:17</processing_date>
<date>2007-12-19T12:17:00</date>
<quote symbol="NASDAQ:INTC" src-company="intel" company="Intel Corporation" date="2007-12-19" price="26.19"/></metadata>
<title>Basex Names Information Overload Its 2008 Problem-of-the-Year
</title>
<html>
<head>
<meta name="generator" content="HTML Tidy for Windows (vers 14 February 2006), see www.w3.org"/>
<!-- #BeginEditable "doctitle" -->
<title>Basex Names Information Overload Its 2008
Problem-of-the-Year</title>
</head>
<body>
<p>Information Overload's <tm:entity><tm:money_expression><tm:money Amount="Billion" Currency="Dollar" value="billion dollar">Billion Dollar</tm:money></tm:money_expression></tm:entity> Impact on Productivity
Major Factor</p>
<p><tm:entity><tm:location><tm:country location_country="United States of America"><tm:place>NEW YORK</tm:place></tm:country></tm:location></tm:entity>, <tm:entity><tm:time_expression><tm:relative_time Day="19" Month="Dec." value="dec. 19">Dec. 19</tm:relative_time></tm:time_expression></tm:entity> /PRNewswire/ -- Information Overload has been
named the 2008 "Problem-of-the-Year" by <tm:entity><tm:company value="basex">Basex</tm:company></tm:entity>, the leading provider
of research on the productivity of knowledge workers and how
technology impacts them.</p><p>Information overload lowers employee efficiency and overall
productivity and has been identified as a key challenge for
companies that operate in the knowledge economy. The cost of
unnecessary interruptions, which is part of the information
overload problem, is estimated to be <tm:entity><tm:money_expression><tm:money Amount="650 billion" Currency="Dollar" value="$650 billion">$650 billion</tm:money></tm:money_expression></tm:entity> per year in the
<tm:entity><tm:location><tm:country><tm:place>United States</tm:place></tm:country></tm:location></tm:entity> alone according to a recent <tm:entity><tm:company value="basex">Basex</tm:company></tm:entity> report factoring in
reduced productivity and throttled innovation.</p>
<p>"The 'Problem-of-the-Year' designation tells us how serious an
issue information overload has become," said <tm:entity><tm:person Family_Name="Spira" First_Name="Jonathan, B" Gender="Male" role="Person" value="jonathan b spira">Jonathan B. Spira</tm:person></tm:entity>,
<tm:entity><tm:function FunctionCategory="Board, Other" role="Has_Function" value="chief analyst">chief analyst</tm:function></tm:entity> at <tm:entity><tm:company><tm:potential_company role="Who" value="basex">Basex</tm:potential_company></tm:company></tm:entity>. "Nothing has been more disruptive to the
way we work than information overload."</p><p>Whether sitting at a desk in the office, in a conference room,
in one's home office, or at a client, the likelihood of being able
to complete a task (what many call "work") without interruption is
nil.</p>
<p>"Normally we designate a person or product of the year," said
<tm:entity><tm:person Family_Name="Goldes" First_Name="David, M" Gender="Male" role="Person" value="david m goldes">David M. Goldes</tm:person></tm:entity>, <tm:entity><tm:function FunctionCategory="Board, Other" role="Has_Function" value="president and senior analyst">president and senior analyst</tm:function></tm:entity> at <tm:entity><tm:company><tm:potential_company role="Who" value="basex">Basex</tm:potential_company></tm:company></tm:entity>. "2008 is
the year we begin to solve the problem of information overload in a
substantive way."</p><p><tm:entity><tm:company Domain="IT" role="Who" value="intel">Intel</tm:company></tm:entity>, a company with 94,000 employees, sees this as a serious
problem. "At <tm:entity><tm:company Domain="IT" value="intel">Intel</tm:company></tm:entity> we estimated the impact of information overload
on each knowledge worker at up to eight hours a week," says <tm:entity><tm:person Family_Name="Zeldes" First_Name="Nathan" Gender="Male" value="nathan zeldes">Nathan
Zeldes</tm:person></tm:entity>, a <tm:entity><tm:function FunctionCategory="Other" value="principal engineer">Principal Engineer</tm:function></tm:entity> focusing on computing productivity
issues at <tm:entity><tm:company Domain="IT" value="intel">Intel</tm:company></tm:entity>. "We are now looking at applying new work behaviors
that can help reduce this impact".</p><p>In conjunction with the Problem-of-the-Year announcement, <tm:entity><tm:company value="basex">Basex</tm:company></tm:entity> announced a survey on information overload and today's work
environment challenges. Ironically, the latest office productivity
tools designed to increase productivity are often having the
opposite effect.</p>
<p>The survey can be found at <a href="http://www.basex.com/2008poty" target="_new">http://www.basex.com/2008poty</a> and survey takers are
eligible to win a Palm Treo 750 smartphone with <tm:entity><tm:company Domain="TeleCommunication" value="windows mobile">Windows Mobile</tm:company></tm:entity> 6.</p>
<p>About <tm:entity><tm:company value="basex">Basex</tm:company></tm:entity></p><p><tm:entity><tm:company value="basex">Basex</tm:company></tm:entity> is the world's foremost knowledge economy research and
advisory firm. Founded <tm:entity><tm:time_expression><tm:exact_time Year="1983" value="in 1983">in 1983</tm:exact_time></tm:time_expression></tm:entity> and headquartered in <tm:entity><tm:location><tm:country location_country="United States of America"><tm:place>New York City</tm:place></tm:country></tm:location></tm:entity>,
<tm:entity><tm:company value="basex">Basex</tm:company></tm:entity> provides senior business <tm:entity><tm:function FunctionCategory="Board" value="executives">executives</tm:function></tm:entity> from organizations across
the globe with strategic advice, business and technology guidance,
best practices, and insight about knowledge worker management and
productivity.<br/></p>
<p>CONTACT:</p>
<p><tm:entity><tm:person Family_Name="Feintuch" First_Name="Henry" Gender="Male" value="henry feintuch">Henry Feintuch</tm:person></tm:entity></p><p>KCSA Worldwide</p>
<p><tm:entity><tm:phone_number value="+1 212 896-1212">+1 212 896-1212</tm:phone_number></tm:entity></p><p><a href="mailto:hfeintuch@kcsa.com"><tm:entity><tm:email value="hfeintuch@kcsa.com">hfeintuch@kcsa.com</tm:email></tm:entity></a></p></body>
</html>


</doc>

