<doc xmlns:tm="http://www.temis.com/annotations/1.1/">
<metadata>
<aboutcompany value="navteq"/>
<releaselocation value="chicago"/>
<data_source value="prnews"/>
<source value="navteq corporation"/>
<processing_date>2008-01-21T18:20:20</processing_date>
<date>2007-12-12T01:06:00</date>
<quote symbol="NYSE:NVT" src-company="navteq" company="NAVTEQ Corporation" date="2007-12-12" price="74.49"/></metadata>
<title>NAVTEQ Announces Approval of Merger Agreement With Nokia
</title>
<html>
<head>
<meta name="generator" content="HTML Tidy for Windows (vers 14 February 2006), see www.w3.org"/>
<!-- #BeginEditable "doctitle" -->
<title>NAVTEQ Announces Approval of Merger Agreement With
Nokia</title>
</head>
<body>
<p><tm:entity><tm:location><tm:country location_country="United States of America"><tm:place>CHICAGO</tm:place></tm:country></tm:location></tm:entity>, <tm:entity><tm:time_expression><tm:relative_time Day="12" Month="Dec." role="Context, Context" value="dec. 12">Dec. 12</tm:relative_time></tm:time_expression></tm:entity> /PRNewswire-FirstCall/ -- <tm:entity><tm:company Extension="Corporation" role="Who, Who" value="navteq"><tm:entity><tm:company Extension="Corporation" role="Who, Who" value="navteq">NAVTEQ</tm:company></tm:entity></tm:company></tm:entity> Corporation
(<tm:entity><tm:stockindex value="nyse"><tm:entity><tm:stockindex value="nyse">NYSE</tm:stockindex></tm:entity></tm:stockindex></tm:entity>: <tm:entity><tm:companyticker value="nvt"><tm:entity><tm:companyticker value="nvt">NVT</tm:companyticker></tm:entity></tm:companyticker></tm:entity>), a leading global provider of digital map data for
vehicle navigation and location-based solutions, announced that its
stockholders have approved the previously announced merger
agreement entered into with <tm:entity><tm:company Domain="IT" Extension="Corporation, Inc" role="Whom, Whom" value="nokia">Nokia</tm:company></tm:entity> at the special meeting of
stockholders held <tm:entity><tm:time_expression><tm:relative_time value="earlier today">earlier today</tm:relative_time></tm:time_expression></tm:entity>.</p><p>Over 75% of the issued and outstanding shares of common stock
eligible to vote, representing over 99% of the total votes cast at
the special meeting, were voted in favor of the adoption of the
merger agreement.</p>
<p>Adoption of the merger agreement by NAVTEQ stockholders
satisfies one of the conditions to completion of the merger between
<tm:entity><tm:company Extension="Corporation" role="Who" value="navteq">NAVTEQ</tm:company></tm:entity> and <tm:entity><tm:company Domain="IT" Extension="Corporation, Inc" role="Who" value="nokia">Nokia</tm:company></tm:entity>. Completion of the merger is also subject to
receipt of regulatory approvals and the satisfaction of the other
closing conditions set forth in the merger agreement.</p><p>Upon satisfaction of the closing conditions and, subject to the
terms and conditions of the merger agreement, <tm:entity><tm:company Extension="Corp" value="north acquisition">North Acquisition</tm:company></tm:entity> Corp., a Delaware corporation and wholly-owned subsidiary of <tm:entity><tm:company Domain="IT" Extension="Corporation, Inc" value="nokia">Nokia</tm:company></tm:entity> Inc., a Delaware corporation and wholly-owned subsidiary of <tm:entity><tm:company Domain="IT" Extension="Corporation, Inc" value="nokia">Nokia</tm:company></tm:entity> Corporation, will be merged with and into NAVTEQ, each outstanding
share of the common stock of NAVTEQ will be converted into the
right to receive <tm:entity><tm:money_expression><tm:money Amount="78.00" Currency="Dollar" value="$78.00">$78.00</tm:money></tm:money_expression></tm:entity> in cash, without interest, and NAVTEQ will
survive the merger as a wholly-owned subsidiary of <tm:entity><tm:company Domain="IT" Extension="Corporation, Inc" value="nokia">Nokia</tm:company></tm:entity> Inc. All
unvested options to purchase common stock will accelerate and vest
in full immediately prior to the consummation of the merger. Option
holders will receive a cash payment for each option held equal to
the excess of <tm:entity><tm:money_expression><tm:money Amount="78.00" Currency="Dollar" value="$78.00">$78.00</tm:money></tm:money_expression></tm:entity> over the applicable option exercise price,
less taxes.</p>
<p>About NAVTEQ</p>
<p><tm:entity><tm:company Extension="Corporation" value="navteq">NAVTEQ</tm:company></tm:entity> is a leading provider of comprehensive digital map
information for automotive navigation systems, mobile navigation
devices, Internet-based mapping applications, and government and
business solutions. NAVTEQ creates the digital maps and map content
that power navigation and location-based services solutions around
the world. The Chicago-based company was founded <tm:entity><tm:time_expression><tm:exact_time Year="1985" value="in 1985">in 1985</tm:exact_time></tm:time_expression></tm:entity> and has
over 3,100 employees located in 167 offices in 31 countries.</p>
<p>NAVTEQ is a trademark in the <tm:entity><tm:location><tm:country><tm:place>U.S.</tm:place></tm:country></tm:location></tm:entity> and other countries. All
rights reserved.</p>
<p>This document may include certain "forward-looking statements"
within the meaning of the Private Securities Litigation Reform Act
of 1995. These forward-looking statements include, but are not
limited to, plans, objectives, expectations and intentions and
other statements contained in this press release that are not
historical facts and statements identified by words such as
"expects," "anticipates," "intends," "plans," "believes," "seeks,"
"estimates" or words of similar meaning. Such statements may
include, but are not limited to, planned expenditures and
expectations of future financial performance and operating results.
The statements are based on our current beliefs or expectations and
are inherently subject to various risks and uncertainties,
including those set forth under "Item 1A. Risk Factors" in each of
the Company's most recent Annual and Quarterly Reports filed with
the Securities and <tm:entity><tm:organisation value="exchange commission">Exchange Commission</tm:organisation></tm:entity>.</p><p>Actual results may differ materially from these expectations due
to changes in global political, economic, business, competitive,
market and regulatory factors. NAVTEQ does not undertake any
obligation to update any forward-looking statements contained in
this document.</p>
<p>(Logo: <a href="http://www.newscom.com/cgi-bin/prnh/20060313/NAVTEQLOGO" target="_new">http://www.newscom.com/cgi-bin/prnh/20060313/NAVTEQLOGO</a>)</p>
</body>
</html>


</doc>

