<doc xmlns:tm="http://www.temis.com/annotations/1.1/">
<metadata><aboutcompany value="global net access"/><releaselocation value="atlanta"/><data_source value="prnews"/><source value="global net access, llc"/><processing_date>2008-01-21T18:14:54</processing_date><date>2007-12-14T18:25:00</date><quote symbol="NASDAQ:TIER" src-company="tier" company="Tier Technologies, Inc." date="2007-12-14" price="9.25"/></metadata>
<title>Redundancy: More Than Just Large Backbones
</title>
<html>
<head>
<meta name="generator" content="HTML Tidy for Windows (vers 14 February 2006), see www.w3.org"/>
<!-- #BeginEditable "doctitle" -->
<title>Redundancy: More Than Just Large Backbones</title>
</head>
<body>
<p><tm:entity><tm:company Extension="Llc" value="global net access">Global Net Access</tm:company></tm:entity>, LLC Completes Addition of Quest to Their
Already Highly</p><p>Redundant Network. Shopping for an <tm:entity><tm:location><tm:country location_country="United States of America"><tm:place>Atlanta</tm:place></tm:country></tm:location></tm:entity> Datacenter Has Become
Even</p>
<p>Easier!</p>
<p><tm:entity><tm:location><tm:country location_country="United States of America"><tm:place>ATLANTA</tm:place></tm:country></tm:location></tm:entity>, <tm:entity><tm:time_expression><tm:relative_time Day="14" Month="Dec." value="dec. 14">Dec. 14</tm:relative_time></tm:time_expression></tm:entity> /PRNewswire/ -- <tm:entity><tm:time_expression><tm:exact_time value="2008">On January 1st, 2008</tm:exact_time></tm:time_expression></tm:entity>, <tm:entity><tm:location><tm:country location_country="United States of America"><tm:place>Atlanta</tm:place></tm:country></tm:location></tm:entity> Based Datacenter GNAX will add Quest to the other 7 <tm:entity><tm:company value="tier">Tier</tm:company></tm:entity> 1
bandwidth providers on their GOLD data network. By deploying
multiple data bandwidth providers through the <tm:entity><tm:company Domain="IT" Extension="Science" value="avaya route">Avaya Route</tm:company></tm:entity> Science
Route Optimizer, GNAX is able to provide its <tm:entity><tm:location><tm:country location_country="United States of America"><tm:place>Atlanta</tm:place></tm:country></tm:location></tm:entity> customers
bandwidth that depending on the type of data, chooses the best,
most stable, and fastest route.</p>
<p>Typical datacenters deploy customers using the aging BGP4
technology, which determines the best route for data to take based
solely on the number of providers the data must travel through.</p>
<p>GNAX's datacenter bandwidth provides faster speeds by scanning
all possible routes and using a custom set matrix depending on type
of traffic to determine what is important to that traffic.</p>
<p><tm:entity><tm:location><tm:country location_country="United States of America"><tm:place>Atlanta</tm:place></tm:country></tm:location></tm:entity> Datacenter customers who choose GNAX should see an
improvement on speeds to customers central to the Quest
network.</p>
<p>The Atlanta NAP's CTO Jeff Hinkle says, "We are excited by the
addition to the already fast GNAX gold network because this is the
first time our customers chose our next addition proving yet again
how customer driven we are - they asked and we listened!"</p>
<p>About Global Net Access</p>
<p><tm:entity><tm:location><tm:country location_country="United States of America"><tm:place>Atlanta</tm:place></tm:country></tm:location></tm:entity> Based GNAX is a customer driven company providing
scalable managed datacenter services to customers both in the
<tm:entity><tm:location><tm:country location_country="United States of America"><tm:place>Atlanta</tm:place></tm:country></tm:location></tm:entity> area and across the world. Because their unique services
and fiscal conservativeness, GNAX has enjoyed 4 straight profitable
years.<br/></p>
<p>Contact:</p>
<p><tm:entity><tm:location><tm:country><tm:place>Jordan</tm:place></tm:country></tm:location></tm:entity> Jacobs</p>
<p>404-230-9150</p>
<p>email: <a href="mailto:jjacobs@gnax.net"><tm:entity><tm:email value="jjacobs@gnax.net">jjacobs@gnax.net</tm:email></tm:entity></a></p><p><a href="http://www.gnax.net" target="_new">http://www.gnax.net</a></p></body>
</html>


</doc>

