<doc xmlns:tm="http://www.temis.com/annotations/1.1/">
<metadata><aboutcompany value="pricemyloan"/><releaselocation value="costa mesa"/><data_source value="prnews"/><source value="pricemyloan"/><processing_date>2008-01-21T17:52:36</processing_date><date>2007-12-19T09:00:00</date></metadata>
<title>PriceMyLoan's Business Grows in Spite of Market Woes
</title>
<html>
<head>
<meta name="generator" content="HTML Tidy for Windows (vers 14 February 2006), see www.w3.org"/>
<!-- #BeginEditable "doctitle" -->
<title>PriceMyLoan's Business Grows in Spite of Market Woes</title>
</head>
<body>
<p>COSTA <tm:entity><tm:location><tm:country location_country="United States of America"><tm:place>MESA</tm:place></tm:country></tm:location></tm:entity>, <tm:entity><tm:location><tm:country location_country="United States of America"><tm:place>Calif.</tm:place></tm:country></tm:location></tm:entity>, <tm:entity><tm:time_expression><tm:relative_time Day="19" Month="Dec." value="dec. 19">Dec. 19</tm:relative_time></tm:time_expression></tm:entity> /PRNewswire/ -- Automated
underwriting technology vendor PriceMyLoan (<tm:entity><tm:company><tm:potential_company role="Who" value="pml">PML</tm:potential_company></tm:company></tm:entity>) acknowledges the
slowdown in the mortgage market, but fears that the troubles of a
few high profile companies are spreading misconceptions about the
mortgage technology industry as a whole. "We're still seeing sales
activity," said <tm:entity><tm:person Family_Name="Campbell" First_Name="Gigi" Gender="Undefined Gender" role="Person" value="gigi campbell">Gigi Campbell</tm:person></tm:entity>, national sales <tm:entity><tm:function FunctionCategory="Board" role="Has_Function" value="director">director</tm:function></tm:entity> at <tm:entity><tm:company><tm:potential_company role="Who" value="pml">PML</tm:potential_company></tm:company></tm:entity>.
"It's not at the same level as <tm:entity><tm:time_expression><tm:relative_time value="earlier this year">earlier this year</tm:relative_time></tm:time_expression></tm:entity>, but mortgage
lenders are still investing in our technology."</p><p>Optimism <tm:entity><tm:time_expression><tm:exact_time Year="2008" value="in 2008">in 2008</tm:exact_time></tm:time_expression></tm:entity></p><p>"There's no denying that there have been some spectacular
implosions," <tm:entity><tm:person Family_Name="Campbell" First_Name="Gigi" Gender="Undefined Gender" role="Person" value="gigi campbell">Campbell</tm:person></tm:entity> said, referring to the exit of several
prominent mortgage technology companies. She noted that as a
result, the industry is more discerning over their technology
investments. "Loan volumes are still being generated, and lenders
need to improve their efficiency more than ever before. The fact
that we're still adding clients during a market downturn
demonstrates the value of <tm:entity><tm:company><tm:potential_company role="Who" value="pml">PML</tm:potential_company></tm:company></tm:entity>. We've become a critical component of
their overall strategy."</p><p>Coming off a record year <tm:entity><tm:time_expression><tm:exact_time Year="2006" value="in 2006">in 2006</tm:exact_time></tm:time_expression></tm:entity>, <tm:entity><tm:company><tm:potential_company role="Who" value="pml">PML</tm:potential_company></tm:company></tm:entity> forecasts their sales
activity to match <tm:entity><tm:time_expression><tm:relative_time value="the previous year">the previous year</tm:relative_time></tm:time_expression></tm:entity>. In spite of the negative
publicity associated with mortgage lending, <tm:entity><tm:company><tm:potential_company role="Who" value="pml">PML</tm:potential_company></tm:company></tm:entity> remains optimistic
over the prospects <tm:entity><tm:time_expression><tm:exact_time Year="2008" value="for 2008">for 2008</tm:exact_time></tm:time_expression></tm:entity>. "Our clients have reported an increase
in their pull through rates by as much as 70 to 80 percent. This is
huge when you consider the importance of identifying and retaining
quality loans when overall volumes have declined," <tm:entity><tm:person Family_Name="Campbell" First_Name="Gigi" Gender="Undefined Gender" role="Person" value="gigi campbell">Campbell</tm:person></tm:entity> says.</p>
<p>Going Against Conventional Wisdom</p>
<p><tm:entity><tm:company Domain="Financial" Extension="Group" value="cameron financial">Cameron Financial</tm:company></tm:entity> Group (<tm:entity><tm:company><tm:abbreviation value="cfg">CFG</tm:abbreviation></tm:company></tm:entity>) is an example of a lender that has
made the decision to spend on technology during a market downturn.
They made <tm:entity><tm:company><tm:potential_company role="Who" value="pml">PML</tm:potential_company></tm:company></tm:entity>'s automated underwriting technology a key part of
their new business strategy. "<tm:entity><tm:company><tm:potential_company role="Who" value="pml">PML</tm:potential_company></tm:company></tm:entity> gives us that sense of security
we need moving forward," says <tm:entity><tm:person Family_Name="Rocha" First_Name="David" Gender="Male" role="Person" value="david rocha">David Rocha</tm:person></tm:entity>, <tm:entity><tm:function FunctionCategory="Board" role="Has_Function" value="vice president">vice president</tm:function></tm:entity> of <tm:entity><tm:company><tm:potential_company role="Who" value="cfg">CFG</tm:potential_company></tm:company></tm:entity>.
"<tm:entity><tm:company><tm:potential_company role="Who" value="pml">PML</tm:potential_company></tm:company></tm:entity> allows us to put more attention on our strategic goals."</p>
<p><tm:entity><tm:company><tm:abbreviation value="cfg">CFG</tm:abbreviation></tm:company></tm:entity> is a wholesale lender based in <tm:entity><tm:location><tm:country location_country="Argentina"><tm:place>San Luis</tm:place></tm:country></tm:location></tm:entity> Obispo, <tm:entity><tm:location><tm:country location_country="United States of America"><tm:place>California</tm:place></tm:country></tm:location></tm:entity>.
Following several years of growth as a non-conforming lender, <tm:entity><tm:company><tm:abbreviation value="cfg">CFG</tm:abbreviation></tm:company></tm:entity> recently made the decision to transition into the competitive world
of prime lending. This spurred <tm:entity><tm:company><tm:abbreviation value="cfg">CFG</tm:abbreviation></tm:company></tm:entity> to look for technology that
would give them an edge over their competitors.</p>
<p>"In the prime world, originators don't want empty promises. You
have to get it right the first time or you won't get a second
chance," said <tm:entity><tm:location><tm:country location_country="Uruguay"><tm:place>Rocha</tm:place></tm:country></tm:location></tm:entity>. "<tm:entity><tm:company><tm:potential_company role="Who" value="pml">PML</tm:potential_company></tm:company></tm:entity> looks deeply into guidelines and provides
brokers with an extremely accurate response almost instantaneously.
<tm:entity><tm:company><tm:potential_company role="Who" value="pml">PML</tm:potential_company></tm:company></tm:entity> lets us perform at peak accuracy."</p>
<p>Since deploying <tm:entity><tm:time_expression><tm:exact_time Month="October" Year="2007" role="Context" value="in october of 2007">in October of 2007</tm:exact_time></tm:time_expression></tm:entity>, <tm:entity><tm:company><tm:potential_company role="Who" value="cfg">CFG</tm:potential_company></tm:company></tm:entity> feels vindicated about
their decision to invest in <tm:entity><tm:company><tm:potential_company role="Whom" value="pml">PML</tm:potential_company></tm:company></tm:entity>'s technology. "Building stronger
relationships and finding new business is the net advantage of
<tm:entity><tm:company><tm:potential_company role="Who" value="pml">PML</tm:potential_company></tm:company></tm:entity>," <tm:entity><tm:location><tm:country location_country="Uruguay"><tm:place>Rocha</tm:place></tm:country></tm:location></tm:entity> noted. "The underlying technology is so accurate that
we can spend more time cultivating our business instead of sifting
through rate sheets and guidelines. We're confident that <tm:entity><tm:company><tm:potential_company role="Who" value="pml">PML</tm:potential_company></tm:company></tm:entity> will
get us farther much faster than we could have imagined."</p>
<p>About PriceMyLoan</p>
<p>PriceMyLoan is a proprietary product of Insight Lending
Solutions (ILS). Founded <tm:entity><tm:time_expression><tm:exact_time Year="2002" value="in 2002">in 2002</tm:exact_time></tm:time_expression></tm:entity>, ILS provides web-based
application service for the mortgage lending industry and software
as a service (SaaS) to its clients to enhance productivity, reduce
IT dependency, and accelerate time-to-value for mortgage companies.
Combining advanced technology development using XML and MISMO
standards with high-quality service, ILS provides its clients with
solutions that result in reduced loan cycle times, improved pull
through rates, and a lowered total cost of software
ownership.<br/></p><p>Contact:</p>
<p><tm:entity><tm:person Family_Name="Cook" First_Name="Linn" Gender="Undefined Gender" value="linn cook">Linn Cook</tm:person></tm:entity></p><p>PriceMyLoan <tm:entity><tm:function FunctionCategory="Board" value="marketing director">Marketing Director</tm:function></tm:entity></p><p>714 957 6335 or <a href="mailto:Lncook@pricemyloan.com"><tm:entity><tm:email value="lncook@pricemyloan.com">Lncook@pricemyloan.com</tm:email></tm:entity></a></p></body>
</html>


</doc>

