<doc xmlns:tm="http://www.temis.com/annotations/1.1/">
<metadata>
<aboutcompany value="secnap"/>
<releaselocation value="boca raton"/>
<data_source value="prnews"/>
<source value="secnap network security"/>
<processing_date>2008-01-21T17:55:25</processing_date>
<date>2007-12-18T10:00:00</date>
<quote symbol="NASDAQ:MSFT" src-company="microsoft" company="Microsoft Corporation" date="2007-12-18" price="34.74"/></metadata>
<title>SECNAP Announces Strategic Channel Program Expansion
</title>
<html>
<head>
<meta name="generator" content="HTML Tidy for Windows (vers 14 February 2006), see www.w3.org"/>
<!-- #BeginEditable "doctitle" -->
<title>SECNAP Announces Strategic Channel Program Expansion</title>
</head>
<body>
<p><tm:entity><tm:company Domain="IT" value="unistar sparco computers">Unistar-Sparco Computers</tm:company></tm:entity> Becomes Newest Sales Partner for
SpammerTrap</p>
<p>Solution</p>
<p>BOCA RATON, Fla., <tm:entity><tm:time_expression><tm:relative_time Day="18" Month="Dec." value="dec. 18">Dec. 18</tm:relative_time></tm:time_expression></tm:entity> /PRNewswire/ -- SECNAP(R) Network
Security, innovator of the SpammerTrap(TM) email security
appliance, announced it has entered into a strategic marketing
agreement with computer products retailer <tm:entity><tm:company Domain="IT" role="Whom" value="unistar sparco computers">Unistar-Sparco Computers</tm:company></tm:entity>(Sparco).</p>
<p>SECNAP's cutting-edge tools and its position as an innovative
security leader enable channel partners to enhance their solution
set to meet their clients' evolving needs. As an authorized channel
partner, Sparco will market the complete line of SpammerTrap email
security products.</p>
<p>Existing channel partners have praised SpammerTrap's extreme
accuracy, as well as SECNAP's <tm:entity><tm:function FunctionCategory="Other" value="expert round-the-clock">expert round-the-clock</tm:function></tm:entity> technical
support. <tm:entity><tm:company><tm:potential_company role="Who" value="secnap">SECNAP</tm:potential_company></tm:company></tm:entity> is accepting new channel partners in response to
demand for this popular product. "With SpammerTrap, our partners
are equipped with the most innovative email security appliance
available today - and a product that virtually sells itself," said
<tm:entity><tm:person Family_Name="Scheidell" First_Name="Michael" Gender="Male" role="Person" value="michael scheidell">Michael Scheidell</tm:person></tm:entity>, <tm:entity><tm:company><tm:potential_company role="Who" value="secnap">SECNAP</tm:potential_company></tm:company></tm:entity>'s <tm:entity><tm:function FunctionCategory="Board" role="Has_Function" value="president">president</tm:function></tm:entity>.</p><p>"SpammerTrap rounds out our e-catalog in terms of high-end
anti-spam software," said <tm:entity><tm:person Family_Name="Baker" First_Name="T K" value="t k baker">T.K. Baker</tm:person></tm:entity>, marketing <tm:entity><tm:function FunctionCategory="Board" value="manager">manager</tm:function></tm:entity> for Sparco.
"We are delighted to add this innovative network security solution
to our offering of cutting-edge products."</p>
<p>SpammerTrap is a standalone anti-spam gateway that can be used
with any corporate email system, including <tm:entity><tm:company Domain="IT" value="microsoft">Microsoft</tm:company></tm:entity> Exchange,
<tm:entity><tm:company Domain="IT" value="novell groupwise">Novell GroupWise</tm:company></tm:entity> and <tm:entity><tm:company Domain="Automotive" value="lotus notes">Lotus Notes</tm:company></tm:entity>. Using a Bayesian learning module
and spammer trick detection, SpammerTrap instantly performs more
than 4,000 tests on each email, including anti-virus, phishing and
malware tests. This rigorous, extensive test battery eliminates
false positives and ensures that only valid spam-free and virus-
free emails are delivered.</p><p>About SECNAP</p>
<p>SECNAP Network Security was founded <tm:entity><tm:time_expression><tm:exact_time Year="2001" value="in 2001">in 2001</tm:exact_time></tm:time_expression></tm:entity> in Boca Raton, Fla.
and is a leading provider of email security appliances for
organizations ranging from small businesses to global enterprises.
Through time-critical security monitoring, SECNAP delivers
measurable results that translate to bottom-line savings. SECNAP's
innovative, easy-to-use products include SpammerTrap, which stops
spam, viruses and phishing emails; the HackerTrap(TM) appliance, a
patent-pending managed network security system that protects
company assets; and Auditing and Compliance services, including
penetration testing and IT risk management assessments. For more
information, visit <a href="http://www.secnap.com" target="_new">http://www.secnap.com</a>.</p><p>About Sparco</p>
<p>Founded <tm:entity><tm:time_expression><tm:exact_time Year="1992" value="in 1992">in 1992</tm:exact_time></tm:time_expression></tm:entity> with headquarters near <tm:entity><tm:location><tm:country location_country="United States of America"><tm:place>Memphis</tm:place></tm:country></tm:location></tm:entity>, <tm:entity><tm:location><tm:country location_country="United States of America"><tm:place>Tenn.</tm:place></tm:country></tm:location></tm:entity>, Sparco
specializes in the sale and distribution of computers and
computer-related products through a catalog of more than 200,000
items. An <tm:entity><tm:function FunctionCategory="Other" value="expert">expert</tm:function></tm:entity> in worldwide delivery, <tm:entity><tm:company value="sparco">Sparco</tm:company></tm:entity> was one of the first
online companies to ship anywhere in the world. For more
information, visit <a href="http://www.sparco.com" target="_new">http://www.sparco.com</a>.</p></body>
</html>


</doc>

