<doc xmlns:tm="http://www.temis.com/annotations/1.1/">
<metadata><releaselocation value="englewood"/><data_source value="prnews"/><source value="arrow enterprise computing solutions (ecs); hitachi (ssg)"/><processing_date>2008-01-21T18:11:30</processing_date><date>2007-12-17T12:26:00</date><quote symbol="NYSE:EMC" src-company="emc" company="EMC Corporation" date="2007-12-17" price="18.54"/><quote symbol="NASDAQ:JAVA" src-company="sun microsystems" company="Sun Microsystems, Inc." date="2007-12-17" price="19.20"/><quote symbol="NYSE:ARW" src-company="arrow electronics" company="Arrow Electronics, Inc." date="2007-12-17" price="37.56"/><quote symbol="NYSE:PSA" src-company="storage" company="Public Storage" date="2007-12-17" price=""/><quote symbol="AMEX:SSG" src-company="ssg" company="UltraShort Semiconductors ProShares" date="2007-12-17" price=""/><quote symbol="NYSE:HP" src-company="hp" company="Helmerich &amp; Payne, Inc." date="2007-12-17" price="36.05"/></metadata>
<title>Arrow's Enterprise Computing Solutions Unit Adds <tm:entity><tm:company Domain="IT" value="hitachi bladesymphony">Hitachi BladeSymphony</tm:company></tm:entity> to Blade Server Offerings
</title>
<html>
<head>
<meta name="generator" content="HTML Tidy for Windows (vers 14 February 2006), see www.w3.org"/>
<!-- #BeginEditable "doctitle" -->
<title>Arrow's Enterprise Computing Solutions Unit Adds <tm:entity><tm:company Domain="IT" value="hitachi bladesymphony">Hitachi
BladeSymphony</tm:company></tm:entity> to Blade Server Offerings</title>
</head>
<body>
<p>Expansion builds on existing relationship between <tm:entity><tm:company value="arrow ecs">Arrow ECS</tm:company></tm:entity> and
<tm:entity><tm:company Domain="IT" Extension="Ltd" Location_Continent="America" value="hitachi">Hitachi</tm:company></tm:entity> in</p>
<p><tm:entity><tm:location><tm:country><tm:place>North America</tm:place></tm:country></tm:location></tm:entity></p><p>ENGLEWOOD, Colo., and <tm:entity><tm:location><tm:country location_country="Australia"><tm:place>BRISBANE</tm:place></tm:country></tm:location></tm:entity>, <tm:entity><tm:location><tm:country location_country="United States of America"><tm:place>Calif.</tm:place></tm:country></tm:location></tm:entity>, <tm:entity><tm:time_expression><tm:relative_time Day="17" Month="Dec." value="dec. 17">Dec. 17</tm:relative_time></tm:time_expression></tm:entity> /PRNewswire/ --
Arrow Enterprise Computing Solutions (<tm:entity><tm:company><tm:potential_company role="Who" value="ecs">ECS</tm:potential_company></tm:company></tm:entity>), a business unit of
<tm:entity><tm:company Domain="IT" Extension="Inc" value="arrow electronics">Arrow Electronics</tm:company></tm:entity>, Inc. (<tm:entity><tm:stockindex value="nyse">NYSE</tm:stockindex></tm:entity>: <a class="small" href="http://studio-5.financialcontent.com/prnews?Page=Quote&amp;Ticker=ARW" onclick="var s=s_gi(s_account); var hd1 = document.getElementById('headline'); s.tl(this,'o',getLinkName('Company Sanpshot'));"><tm:entity><tm:companyticker company="ARROW ELECTRONICS INC." value="NYSE:ARW">ARW</tm:companyticker></tm:entity></a>), and the <tm:entity><tm:company Domain="IT" Extension="Group" value="server systems">Server Systems</tm:company></tm:entity> Group (<tm:entity><tm:company><tm:abbreviation value="ssg">SSG</tm:abbreviation></tm:company></tm:entity>) of <tm:entity><tm:company Domain="IT" Extension="Ltd" Location_Continent="America" value="hitachi">Hitachi</tm:company></tm:entity> America,
Ltd., a subsidiary of <tm:entity><tm:company Domain="IT" Extension="Ltd" Location_Continent="America" value="hitachi">Hitachi</tm:company></tm:entity>, Ltd. (<tm:entity><tm:stockindex value="nyse">NYSE</tm:stockindex></tm:entity>: HIT/ TSE 6501), today
announced an agreement designating <tm:entity><tm:company value="arrow ecs">Arrow ECS</tm:company></tm:entity> as the first
distributor for <tm:entity><tm:company Domain="IT" Extension="Ltd" Location_Continent="America" value="hitachi">Hitachi</tm:company></tm:entity>'s BladeSymphony(R) servers.</p><p>"This agreement not only expands our <tm:entity><tm:company Domain="IT" Extension="Ltd" Location_Continent="America" value="hitachi">Hitachi</tm:company></tm:entity> portfolio but also
enhances Arrow <tm:entity><tm:company><tm:potential_company role="Who" value="ecs">ECS</tm:potential_company></tm:company></tm:entity>' ability to provide authorized partners with
required enterprise computing solutions," said <tm:entity><tm:person Family_Name="Kerins" First_Name="Sean" Gender="Male" role="Person" value="sean kerins">Sean Kerins</tm:person></tm:entity>, <tm:entity><tm:function FunctionCategory="Board" role="Has_Function" value="vice president of arrow">vice
president of Arrow</tm:function></tm:entity> <tm:entity><tm:company><tm:potential_company role="Who" value="ecs">ECS</tm:potential_company></tm:company></tm:entity>' <tm:entity><tm:company Extension="Group" value="storage">Storage</tm:company></tm:entity> Group.</p>
<p>Through this agreement, Arrow <tm:entity><tm:company><tm:potential_company role="Who" value="ecs">ECS</tm:potential_company></tm:company></tm:entity> will be the first distributor
in <tm:entity><tm:location><tm:country><tm:place>North America</tm:place></tm:country></tm:location></tm:entity> for the <tm:entity><tm:company Domain="IT" Extension="Ltd" Location_Continent="America" value="hitachi">Hitachi</tm:company></tm:entity> BladeSymphony 1000 with Virtage
and BladeSymphony 320 servers. BladeSymphony addresses the
computing needs for all tiers of the datacenter. To address
enterprise-class computing needs, BladeSymphony with Virtage
provides the most efficient virtualization solution for end users
today.</p>
<p>Hitachi America, SSG previously sold BladeSymphony through
direct sales and select reseller channels in North America. This
agreement enables <tm:entity><tm:company Domain="IT" Extension="Ltd" Location_Continent="America" value="hitachi">Hitachi</tm:company></tm:entity> to leverage Arrow <tm:entity><tm:company><tm:potential_company role="Who" value="ecs">ECS</tm:potential_company></tm:company></tm:entity>' extensive
relationships and scale to deliver its BladeSymphony solutions to
more authorized resellers and end users. As the distributor for
nearly 75 leading hardware, software and storage suppliers, <tm:entity><tm:company value="arrow ecs">Arrow
ECS</tm:company></tm:entity> brings the ability to connect its valued reseller partners with
complementary products to create complete solutions for end-user
needs. The BladeSymphony solutions are designed to work with both
Hitachi Data Systems and other third-party storage products
distributed by Arrow ECS.</p>
<p>"Arrow <tm:entity><tm:company><tm:potential_company role="Who" value="ecs">ECS</tm:potential_company></tm:company></tm:entity> brings to partners and customers a solid record of
moving products from the manufacturing line to the datacenter. Our
agreement with Arrow <tm:entity><tm:company><tm:potential_company role="Who" value="ecs">ECS</tm:potential_company></tm:company></tm:entity> simplifies the task of providing
cutting-edge computing assets at reduced costs," said <tm:entity><tm:person Family_Name="King" First_Name="Elizabeth" Gender="Female" role="Person" value="elizabeth king">Elizabeth
King</tm:person></tm:entity>, <tm:entity><tm:function FunctionCategory="Board" role="Has_Function" value="vice president and general manager">vice president and general manager</tm:function></tm:entity> of <tm:entity><tm:company Domain="IT" Extension="Ltd" Location_Continent="America" role="Who" value="hitachi">Hitachi</tm:company></tm:entity> America, <tm:entity><tm:company role="Who" value="ssg">SSG</tm:company></tm:entity>.
"<tm:entity><tm:company Domain="IT" Extension="Ltd" Location_Continent="America" value="hitachi">Hitachi</tm:company></tm:entity> expects increased availability and expansion of our
BladeSymphony series through this agreement, furthering <tm:entity><tm:company Domain="IT" Extension="Ltd" Location_Continent="America" value="hitachi">Hitachi</tm:company></tm:entity>'s
goal of making BladeSymphony a household name by addressing a broad
range of datacenter needs."</p><p>BladeSymphony solutions are also ideally suited for the
midmarket as Arrow <tm:entity><tm:company><tm:potential_company role="Who" value="ecs">ECS</tm:potential_company></tm:company></tm:entity> is creating a robust program to enable its
suppliers and partners to reach medium-sized businesses.</p>
<p>With Arrow ECS, partners will receive dedicated, personalized
services including presales technical support; order fulfillment
management for multi- and single-platform solutions; business
planning and marketing services; vertical market services; flexible
financing; customized configurations; and engineering support.</p>
<p>ABOUT <tm:entity><tm:company Domain="IT" Extension="Ltd" Location_Continent="America" value="hitachi">HITACHI</tm:company></tm:entity></p><p><tm:entity><tm:company Domain="IT" Extension="Ltd" Location_Continent="America" value="hitachi">Hitachi</tm:company></tm:entity> America, Ltd., <tm:entity><tm:company value="information division">Information Division</tm:company></tm:entity>, <tm:entity><tm:company Domain="IT" Extension="Group" value="server systems">Server Systems</tm:company></tm:entity> Group, supplies highly scalable and performance-oriented server
platforms targeting mid- and large-scale enterprise customers with
solution offerings ranging from high-end transaction engines to
large-scale databases. For more information about <tm:entity><tm:company Domain="IT" Extension="Ltd" Location_Continent="America" value="hitachi">Hitachi</tm:company></tm:entity> blade
servers, visit <a href="http://www.BladeSymphony.com" target="_new">http://www.BladeSymphony.com</a>or contact <a href="mailto:serversales@hal.hitachi.com"><tm:entity><tm:email value="serversales@hal.hitachi.com">serversales@hal.hitachi.com</tm:email></tm:entity></a>.</p><p><tm:entity><tm:company Domain="IT" Extension="Ltd" Location_Continent="America" value="hitachi">Hitachi</tm:company></tm:entity> America, Ltd., a subsidiary of <tm:entity><tm:company Domain="IT" Extension="Ltd" Location_Continent="America" value="hitachi">Hitachi</tm:company></tm:entity>, Ltd., markets
and manufactures a broad range of electronics, computer systems and
products, and consumer electronics, and provides industrial
equipment and services throughout <tm:entity><tm:location><tm:country><tm:place>North America</tm:place></tm:country></tm:location></tm:entity>. For more
information, visit <a href="http://www.hitachi.us" target="_new">http://www.hitachi.us</a>.</p><p><tm:entity><tm:company Domain="IT" Extension="Ltd" Location_Continent="America" value="hitachi">Hitachi</tm:company></tm:entity>, Ltd., (<tm:entity><tm:stockindex value="nyse">NYSE</tm:stockindex></tm:entity>: HIT / TSE: 6501), headquartered in <tm:entity><tm:location><tm:country location_country="Japan"><tm:place>Tokyo</tm:place></tm:country></tm:location></tm:entity>,
<tm:entity><tm:location><tm:country><tm:place>Japan</tm:place></tm:country></tm:location></tm:entity>, is a leading global electronics company with approximately
384,000 employees worldwide. <tm:entity><tm:time_expression><tm:exact_time Year="2006" value="fiscal 2006">Fiscal 2006</tm:exact_time></tm:time_expression></tm:entity>(ended <tm:entity><tm:time_expression><tm:exact_time value="2007">March 31, 2007</tm:exact_time></tm:time_expression></tm:entity>)
consolidated revenues totaled 10,247 billion yen ($86.8 billion).
The company offers a wide range of systems, products and services
in market sectors including information systems, electronic
devices, power and industrial systems, consumer products, materials
and financial services. For more information on <tm:entity><tm:company Domain="IT" Extension="Ltd" Location_Continent="America" value="hitachi">Hitachi</tm:company></tm:entity>, please
visit the company's Web site at <a href="http://www.hitachi.com" target="_new">http://www.hitachi.com</a>.</p><p>ABOUT ARROW ENTERPRISE COMPUTING SOLUTIONS</p>
<p><tm:entity><tm:company value="arrow ecs">Arrow ECS</tm:company></tm:entity>, a business unit of <tm:entity><tm:company Domain="IT" Extension="Inc" value="arrow electronics">Arrow Electronics</tm:company></tm:entity>, Inc. [<tm:entity><tm:stockindex value="nyse">NYSE</tm:stockindex></tm:entity>:
<tm:entity><tm:companyticker company="ARROW ELECTRONICS INC." value="NYSE:ARW">ARW</tm:companyticker></tm:entity>], provides enterprise and midrange computing products, services
and solutions to value-added resellers, system integrators, and
independent software vendors. Based in <tm:entity><tm:location><tm:country><tm:place>Englewood</tm:place></tm:country></tm:location></tm:entity>, Colo., Arrow <tm:entity><tm:company><tm:potential_company role="Who" value="ecs">ECS</tm:potential_company></tm:company></tm:entity> connects its customers to the world's foremost technology
suppliers, including <tm:entity><tm:company value="hp">HP</tm:company></tm:entity>, <tm:entity><tm:company><tm:normalized_name Domain="IT" value="ibm">IBM</tm:normalized_name></tm:company></tm:entity>, <tm:entity><tm:company Domain="IT" value="sun microsystems">Sun Microsystems</tm:company></tm:entity>, <tm:entity><tm:company Domain="IT" value="emc">EMC</tm:company></tm:entity>, <tm:entity><tm:company value="netapp">NetApp</tm:company></tm:entity>,
<tm:entity><tm:company Domain="IT" value="hitachi data systems">Hitachi Data Systems</tm:company></tm:entity>, and other leading storage networking,
software, and security suppliers. Arrow <tm:entity><tm:company><tm:potential_company role="Who" value="ecs">ECS</tm:potential_company></tm:company></tm:entity> reported <tm:entity><tm:money_expression><tm:money Amount="2.5 billion" Currency="Dollar" value="$2.5 billion">$2.5 billion</tm:money></tm:money_expression></tm:entity> in worldwide computer products sales <tm:entity><tm:time_expression><tm:exact_time Year="2006" value="in 2006">in 2006</tm:exact_time></tm:time_expression></tm:entity>. Visit <a href="http://www.arrowecs.com" target="_new">http://www.arrowecs.com</a>for more information.</p>
</body>
</html>


</doc>

