<doc xmlns:tm="http://www.temis.com/annotations/1.1/">
<metadata><aboutcompany value="clarity consulting inc."/><releaselocation value="chicago"/><data_source value="prnews"/><source value="clarity consulting inc."/><processing_date>2008-01-21T18:11:49</processing_date><date>2007-12-17T11:15:00</date><quote symbol="NASDAQ:MSFT" src-company="microsoft" company="Microsoft Corporation" date="2007-12-17" price="34.39"/></metadata>
<title>Clarity Consulting Joins <tm:entity><tm:company Domain="IT" Extension="Partner" value="microsoft silverlight">Microsoft Silverlight</tm:company></tm:entity> Partner Initiative; Advances Web 2.0 Offerings for Developers
</title>
<html>
<head>
<meta name="generator" content="HTML Tidy for Windows (vers 14 February 2006), see www.w3.org"/>
<!-- #BeginEditable "doctitle" -->
<title>Clarity Consulting Joins <tm:entity><tm:company Domain="IT" Extension="Partner" value="microsoft silverlight">Microsoft Silverlight</tm:company></tm:entity> Partner
Initiative; Advances Web 2.0 Offerings for Developers</title>
</head>
<body>
<p>Supports company focus on simplifying and accelerating
development of</p>
<p>media-rich, social networking applications</p>
<p><tm:entity><tm:location><tm:country location_country="United States of America"><tm:place>CHICAGO</tm:place></tm:country></tm:location></tm:entity>, <tm:entity><tm:time_expression><tm:relative_time Day="17" Month="Dec." value="dec. 17">Dec. 17</tm:relative_time></tm:time_expression></tm:entity> /PRNewswire/ -- Clarity Consulting Inc. today
announced its membership in the Silverlight Partner Initiative, a
technology and marketing program supporting <tm:entity><tm:company Domain="IT" value="microsoft">Microsoft</tm:company></tm:entity>'s <tm:entity><tm:company value="silverlight">Silverlight</tm:company></tm:entity> software platform. Clarity joined the Initiative to further its
efforts in developing tools and solutions that make it easier and
faster for developers and clients to create media-rich, Web 2.0
applications.</p>
<p><tm:entity><tm:company Domain="IT" Extension="Partner" value="microsoft silverlight">Microsoft Silverlight</tm:company></tm:entity> is a platform specially designed to
deliver rich interactive applications for the Web that incorporate
video and animation into an engaging user experience. <tm:entity><tm:company value="silverlight">Silverlight</tm:company></tm:entity> also reduces development and deployment costs and provides enhanced
Web audio and video streaming and playback using industry-leading
Windows Media technologies.</p>
<p>A long-time advocate of <tm:entity><tm:company Domain="IT" value="microsoft">Microsoft</tm:company></tm:entity> technology, Clarity believes
<tm:entity><tm:company value="silverlight">Silverlight</tm:company></tm:entity> is a key to helping bridge the gap between designers
and developers by making it easier to generate design assets and
code.</p>
<p>"By creating a universal language for media applications,
<tm:entity><tm:company value="silverlight">Silverlight</tm:company></tm:entity> helps developers and designers speak the same
language," said <tm:entity><tm:person Family_Name="Marshall" First_Name="Kevin" Gender="Male" role="Person" value="kevin marshall">Kevin Marshall</tm:person></tm:entity>, <tm:entity><tm:function FunctionCategory="Board" role="Has_Function" value="director of product management">Director of Product Management</tm:function></tm:entity>,
Clarity Consulting. "In turn, that helps save time and money while
creating more opportunity for innovation. Clarity is excited to be
a <tm:entity><tm:function FunctionCategory="Board" value="member">member</tm:function></tm:entity> of the Silverlight Partner Initiative and an active
participant in shaping the next generation of rich interactive
applications."</p>
<p>Clarity has created several software solutions based on
<tm:entity><tm:company value="silverlight">Silverlight</tm:company></tm:entity> and the Microsoft.NET Framework including a streaming
media control for Silverlight Streaming accounts and the winning
entry for <tm:entity><tm:location><tm:country location_country="United States of America"><tm:place>Chicago</tm:place></tm:country></tm:location></tm:entity>'s PhizzPop competition. They have also organized
SilverlightDevCamp, a <tm:entity><tm:company value="silverlight">Silverlight</tm:company></tm:entity> developer community event, in <tm:entity><tm:location><tm:country location_country="United States of America"><tm:place>San
Francisco</tm:place></tm:country></tm:location></tm:entity> and <tm:entity><tm:location><tm:country location_country="United States of America"><tm:place>Chicago</tm:place></tm:country></tm:location></tm:entity>. The company will continue to explore new
applications and business oppotunities for the Web while delivering
advanced tools, content and solutions for its customers.</p><p>About <tm:entity><tm:company Extension="Inc" value="clarity consulting">Clarity Consulting</tm:company></tm:entity> Inc.</p>
<p><tm:entity><tm:company Extension="Inc" value="clarity consulting">Clarity Consulting</tm:company></tm:entity> Inc. develops, customizes and implements
software solutions to help clients achieve their unique visions and
drive business results. Clarity's versatile and <tm:entity><tm:function FunctionCategory="Other" value="talented consultants">talented
consultants</tm:function></tm:entity> specialize in application development, business
intelligence, legacy integration and e-commerce websites for a
range of clients, from retail and manufacturing industries to
financial institutions. <tm:entity><tm:company Extension="Inc" value="clarity consulting">Clarity Consulting</tm:company></tm:entity> Inc. is based in
<tm:entity><tm:location><tm:country location_country="United States of America"><tm:place>Chicago</tm:place></tm:country></tm:location></tm:entity>, <tm:entity><tm:location><tm:country location_country="United States of America"><tm:place>Illinois</tm:place></tm:country></tm:location></tm:entity>, <tm:entity><tm:location><tm:country><tm:place>USA</tm:place></tm:country></tm:location></tm:entity>. For more information about our company, our
people, and our solutions, please visit <a href="http://www.claritycon.com" target="_new">http://www.claritycon.com</a>.</p></body>
</html>


</doc>

