<doc xmlns:tm="http://www.temis.com/annotations/1.1/">
<metadata>
<aboutcompany value="microsoft"/>
<releaselocation value="redmond"/>
<data_source value="prnews"/>
<source value="microsoft corp."/>
<processing_date>2008-01-21T18:19:13</processing_date>
<date>2007-12-12T19:30:00</date>
<quote symbol="NASDAQ:MSFT" src-company="microsoft" company="Microsoft Corporation" date="2007-12-12" price="34.47"/><quote symbol="CVE:AAA" src-company="aaa" company="ALLANA RESOURCES INC" date="2007-12-12" price=""/></metadata>
<title>New XNA Game Studio 2.0 From <tm:entity><tm:company Domain="IT" value="microsoft">Microsoft</tm:company></tm:entity> Enables Creation of Online Multiplayer Games Using LIVE
</title>
<html>
<head>
<meta name="generator" content="HTML Tidy for Windows (vers 14 February 2006), see www.w3.org"/>
<!-- #BeginEditable "doctitle" -->
<title>New XNA Game Studio 2.0 From <tm:entity><tm:company Domain="IT" value="microsoft">Microsoft</tm:company></tm:entity> Enables Creation of
Online Multiplayer Games Using LIVE</title>
</head>
<body>
<p>Popular game development software now includes support for Xbox
LIVE and</p>
<p>Games for Windows - LIVE.</p>
<p>REDMOND, Wash., Dec. 12 /PRNewswire-FirstCall/ -- Microsoft
Corp. today marked the next step in its initiative to democratize
game development and unleash the creativity of the community with
the release of the XNA Game Studio 2.0, the next generation of the
popular game development platform for Xbox 360 and Windows. The new
version builds upon XNA Game Studio Express, released <tm:entity><tm:time_expression><tm:relative_time value="one year ago">one year ago</tm:relative_time></tm:time_expression></tm:entity>,
and includes the ability to create online, cross-platform
multiplayer games for Xbox 360 and Windows using Xbox LIVE and
Games for Windows -- LIVE, respectively. XNA Game Studio 2.0 adds
more than 15 new features and is available for download from
<a href="http://creators.xna.com" target="_new">http://creators.xna.com</a>.</p><p>(Logo: <a href="http://www.newscom.com/cgi-bin/prnh/20000822/MSFTLOGO" target="_new">http://www.newscom.com/cgi-bin/prnh/20000822/MSFTLOGO</a>)</p>
<p>"When building XNA Game Studio 2.0, we wanted to offer everyone
the opportunity to utilize the rich gaming environment of LIVE used
by <tm:entity><tm:company value="aaa">AAA</tm:company></tm:entity> developers for titles such as 'Halo 3' and 'Gears of War,'"
said <tm:entity><tm:person Family_Name="Satchell" First_Name="Chris" Gender="Male" role="Person" value="chris satchell">Chris Satchell</tm:person></tm:entity>, <tm:entity><tm:function FunctionCategory="Board" role="Has_Function" value="general manager">general manager</tm:function></tm:entity> of the <tm:entity><tm:company><tm:potential_company role="Who" value="xna">XNA</tm:potential_company></tm:company></tm:entity> organization at
<tm:entity><tm:company Domain="IT" value="microsoft">Microsoft</tm:company></tm:entity>. "We accomplished our goal with this new toolset, and,
best of all, it remains highly accessible to students, hobbyists
and pros alike."</p><p>Many of LIVE's best features are supported by XNA Game Studio
2.0 with minimal to no coding necessary to activate them --
features such as matchmaking, which uses LIVE to find the best
games for gamers to play based on their location and Internet
connection. In addition, XNA Game Studio 2.0 fully supports game
development with all versions of the <tm:entity><tm:company Domain="IT" value="microsoft visual studio">Microsoft Visual Studio</tm:company></tm:entity> product line.</p>
<p>XNA Creators Club Academic Trial Memberships Now Free to
Qualified Students and Faculty</p>
<p>Since its release <tm:entity><tm:time_expression><tm:relative_time Month="December" value="last december">last December</tm:relative_time></tm:time_expression></tm:entity>, XNA Game Studio has been an
incredible success, with 750,000 downloads, adoption by more than
300 universities worldwide and at least nine textbooks on the tools
in development. In subjects from computer science to fine arts,
introductory courses to graduate and research projects, XNA Game
Studio is helping faculty <tm:entity><tm:function FunctionCategory="Board" value="members">members</tm:function></tm:entity> and students explore the
boundaries of applied gaming technology in education. Along with
XNA Game Studio 2.0, <tm:entity><tm:company Domain="IT" value="microsoft">Microsoft</tm:company></tm:entity> will also provide a free academic
trial membership in the XNA Creators Club <tm:entity><tm:time_expression><tm:duration From="in January" Month="January" value="beginning in january">beginning in January</tm:duration></tm:time_expression></tm:entity>,
allowing faculty <tm:entity><tm:function FunctionCategory="Board" value="members">members</tm:function></tm:entity> and students to use XNA Game Studio 2.0
and Xbox 360 for instructional purposes.</p>
<p>Time to Dream-Build-Play Again</p>
<p>From more than 4,500 entrants from around the world, four
community games were awarded Xbox LIVE Arcade publishing contracts
<tm:entity><tm:time_expression><tm:relative_time value="in this year">in this year</tm:relative_time></tm:time_expression></tm:entity>'s Dream-Build-Play game development competition.
<tm:entity><tm:company Domain="IT" value="microsoft">Microsoft</tm:company></tm:entity> will once again challenge aspiring game developers to
create their dream games for a chance to win more coveted
publishing contracts. <tm:entity><tm:time_expression><tm:relative_time value="this week">This week</tm:relative_time></tm:time_expression></tm:entity> <tm:entity><tm:company Domain="IT" value="microsoft">Microsoft</tm:company></tm:entity> kicks off registration
for Dream-Build-Play 2008 with the Silicon Minds Warm-Up Challenge.
Registration begins <tm:entity><tm:time_expression><tm:relative_time Day="14" Month="Dec." value="on dec. 14">on Dec. 14</tm:relative_time></tm:time_expression></tm:entity> and winners will be announced at the
Game Developers Conference, where details of the main challenge
will be announced. Run in partnership with Microsoft Research's
<tm:entity><tm:company Domain="IT" Extension="Group" value="machine learning">Machine Learning</tm:company></tm:entity> Group in <tm:entity><tm:location><tm:country location_country="UnitedKingdom"><tm:place>Cambridge</tm:place></tm:country></tm:location></tm:entity>, <tm:entity><tm:location><tm:country><tm:place>England</tm:place></tm:country></tm:location></tm:entity>; <tm:entity><tm:company Extension="Ltd" value="rare">Rare</tm:company></tm:entity> Ltd.; and
<tm:entity><tm:company Domain="Media" value="lionhead studios">Lionhead Studios</tm:company></tm:entity>, prizes for the Warm-Up Challenge will include the
once-in-a-lifetime opportunity to interview for an internship with
one of those organizations.</p><p>"Artificial intelligence is so important to the games we make at
<tm:entity><tm:company Domain="Media" value="lionhead studios">Lionhead Studios</tm:company></tm:entity>, and we are very excited to see what the community
can come up with in this Warm-Up Challenge to Dream-Build-Play
2008," said <tm:entity><tm:person Family_Name="Molyneux" First_Name="Peter" Gender="Undefined Gender" role="Person" value="peter molyneux">Peter Molyneux</tm:person></tm:entity>, <tm:entity><tm:function FunctionCategory="Board" role="Has_Function" value="managing director">managing director</tm:function></tm:entity> at <tm:entity><tm:company Domain="Media" role="Who" value="lionhead studios">Lionhead Studios</tm:company></tm:entity>.
"We are always on the lookout for the best talent and believe that
XNA Game Studio 2.0 will be a great platform for contestants to
showcase their skills on." More information about Dream-Build-Play
2008 is available at <a href="http://www.dreambuildplay.com" target="_new">http://www.dreambuildplay.com</a>.</p><p>About <tm:entity><tm:company Domain="IT" value="microsoft">Microsoft</tm:company></tm:entity></p><p>Founded <tm:entity><tm:time_expression><tm:exact_time Year="1975" value="in 1975">in 1975</tm:exact_time></tm:time_expression></tm:entity>, <tm:entity><tm:company Domain="IT" value="microsoft">Microsoft</tm:company></tm:entity>(<tm:entity><tm:stockindex value="nasdaq">Nasdaq</tm:stockindex></tm:entity>: <a class="small" href="http://studio-5.financialcontent.com/prnews?Page=Quote&amp;Ticker=MSFT" onclick="var s=s_gi(s_account); var hd1 = document.getElementById('headline'); s.tl(this,'o',getLinkName('Company Sanpshot'));">MSFT</a>) is the worldwide leader in software, services and
solutions that help people and businesses realize their full
potential.</p>
</body>
</html>


</doc>

