<doc xmlns:tm="http://www.temis.com/annotations/1.1/">
<metadata><aboutcompany value="rpoworldwide:"/><releaselocation value="pittsburgh"/><data_source value="prnews"/><source value="igate corporation"/><processing_date>2008-01-21T17:54:50</processing_date><date>2007-12-18T10:41:00</date><quote symbol="NASDAQ:INTC" src-company="intel" company="Intel Corporation" date="2007-12-18" price="25.91"/><quote symbol="NYSE:GE" src-company="general electric" company="General Electric Company" date="2007-12-18" price="36.80"/><quote symbol="NYSE:IT" src-company="it" company="Gartner, Inc." date="2007-12-18" price="17.13"/><quote symbol="NYSE:BPO" src-company="bpo" company="Brookfield Properties Corporation (USA)" date="2007-12-18" price="19.46"/></metadata>
<title><tm:entity><tm:company><tm:potential_company role="Who" value="rpoworldwide">RPOworldwide</tm:potential_company></tm:company></tm:entity> Promotes <tm:entity><tm:person Family_Name="Malik" First_Name="Akanksha" role="Person" value="akanksha malik">Akanksha Malik</tm:person></tm:entity> to <tm:entity><tm:function FunctionCategory="Board" role="Has_Function" value="country manager">Country Manager</tm:function></tm:entity>, <tm:entity><tm:location><tm:country><tm:place>India</tm:place></tm:country></tm:location></tm:entity></title>
<html>
<head>
<meta name="generator" content="HTML Tidy for Windows (vers 14 February 2006), see www.w3.org"/>
<!-- #BeginEditable "doctitle" -->
<title><tm:entity><tm:company><tm:potential_company role="Who" value="rpoworldwide">RPOworldwide</tm:potential_company></tm:company></tm:entity> Promotes <tm:entity><tm:person Family_Name="Malik" First_Name="Akanksha" role="Person" value="akanksha malik">Akanksha Malik</tm:person></tm:entity> to <tm:entity><tm:function FunctionCategory="Board" role="Has_Function" value="country manager">Country Manager</tm:function></tm:entity>,
<tm:entity><tm:location><tm:country><tm:place>India</tm:place></tm:country></tm:location></tm:entity></title></head>
<body>
<p><tm:entity><tm:person Family_Name="Mrs" First_Name="Malik" Gender="Male" value="ms malik">Ms. Malik</tm:person></tm:entity>'s Process and <tm:entity><tm:function FunctionCategory="Other" value="training program development yield consistent recruiter and sourcer results">Training Program Development Yield
Consistent Recruiter and Sourcer Results</tm:function></tm:entity>, Improve Recruitment
Operating Efficiency</p><p><tm:entity><tm:location><tm:country location_country="United States of America"><tm:place>PITTSBURGH</tm:place></tm:country></tm:location></tm:entity>, <tm:entity><tm:time_expression><tm:relative_time Day="18" Month="Dec." value="dec. 18">Dec. 18</tm:relative_time></tm:time_expression></tm:entity> /PRNewswire-FirstCall/ -- <tm:entity><tm:company role="Who" value="rpoworldwide">RPOworldwide</tm:company></tm:entity>, a
leading provider of offshore Recruiting Process Outsourcing (RPO)
services, today announced the promotion of <tm:entity><tm:person Family_Name="Malik" First_Name="Akanksha" value="akanksha malik">Akanksha Malik</tm:person></tm:entity> as to
<tm:entity><tm:function FunctionCategory="Board" value="country manager">Country Manager</tm:function></tm:entity>, <tm:entity><tm:location><tm:country><tm:place>India</tm:place></tm:country></tm:location></tm:entity>.</p><p>(Logo: <a href="http://www.newscom.com/cgi-bin/prnh/20061009/CLM024LOGO" target="_new">http://www.newscom.com/cgi-bin/prnh/20061009/CLM024LOGO</a><br/>
<a href="http://www.newscom.com/cgi-bin/prnh/20010110/IGTELOGO" target="_new">http://www.newscom.com/cgi-bin/prnh/20010110/IGTELOGO</a>)
In this capacity, <tm:entity><tm:person Family_Name="Mrs" First_Name="Malik" Gender="Male" value="ms malik">Ms. Malik</tm:person></tm:entity> will be responsible for the day-to-day
operations of RPOworldwide's <tm:entity><tm:organisation Location_Continent="Asia" Location_Country="India" value="indian global recruitment center">Indian Global Recruitment Center</tm:organisation></tm:entity> network, as well as strategic growth planning. Since joining
RPOworldwide <tm:entity><tm:time_expression><tm:exact_time Year="2006" value="in 2006">in 2006</tm:exact_time></tm:time_expression></tm:entity>, <tm:entity><tm:person Family_Name="Mrs" First_Name="Malik" Gender="Male" value="ms malik">Ms. Malik</tm:person></tm:entity> has developed recruitment training,
workflow and process efforts for the company, establishing best
practices for RPOworldwide employees, and significant quality
assurance for RPOworldwide's clients.</p>
<p>Discussing Akanksha's promotion, <tm:entity><tm:company><tm:potential_company role="Who" value="rpoworldwide">RPOworldwide</tm:potential_company></tm:company></tm:entity> <tm:entity><tm:function FunctionCategory="Board" role="Has_Function" value="executive vice president">Executive Vice
President</tm:function></tm:entity> <tm:entity><tm:person Family_Name="Balasubramanyam" First_Name="Murali" Gender="Male" role="Person" value="murali balasubramanyam">Murali Balasubramanyam</tm:person></tm:entity> remarked, "Akanksha's perseverance
to developing and delivering our Recruitment programs has had a
tremendous impact on how our Recruitment Centers operate; we have
witnessed significant progress across all levels and areas of
recruitment, thanks in large part to her efforts. I am confident
she will be successful in this new role, and her efforts will
continue to increase our global delivery capabilities."</p>
<p><tm:entity><tm:company><tm:potential_company role="Who" value="rpoworldwide">RPOworldwide</tm:potential_company></tm:company></tm:entity> <tm:entity><tm:function FunctionCategory="Board" role="Has_Function" value="chief executive officer">CEO</tm:function></tm:entity> <tm:entity><tm:person Family_Name="Shangold" First_Name="Steve" Gender="Male" role="Person" value="steve shangold">Steve Shangold</tm:person></tm:entity> stated, "Akanksha's
contributions to our recruitment operation were evident <tm:entity><tm:time_expression><tm:duration From="first weeks" value="from her first weeks">from her
first weeks</tm:duration></tm:time_expression></tm:entity> on board. Her leadership style and experience <tm:entity><tm:time_expression><tm:duration From="years" value="from her years">from her
years</tm:duration></tm:time_expression></tm:entity> at <tm:entity><tm:company Domain="IT" value="intel">Intel</tm:company></tm:entity> and <tm:entity><tm:company Domain="Energy" value="general electric">General Electric</tm:company></tm:entity> have enabled our organization
to establish scalable processes which have lead to continued
results for our clients, and success for our organization."</p>
<p><tm:entity><tm:time_expression><tm:exact_time Year="2007" value="in 2007">In 2007</tm:exact_time></tm:time_expression></tm:entity>, RPOworldwide was named among 'Emerging Market Leaders'
<tm:entity><tm:time_expression><tm:exact_time Year="2007" value="in the 2007">in the 2007</tm:exact_time></tm:time_expression></tm:entity>RPO Baker's Dozen by HROToday. Additionally,
RPOworldwide scored highly in the recent <tm:entity><tm:company><tm:potential_company role="Who" value="nelsonhall rpo">NelsonHall RPO</tm:potential_company></tm:company></tm:entity> report in
the ability to offer full life-cycle recruiting services and
support recruitment in emerging markets, and was named #2 ranking
out of 120 Top Recruiting Process Outsourcing (RPO) Services
Vendors in Brown &amp; Wilson's "The Black Book of
Outsourcing."</p>
<p>More information about RPOworldwide and about <tm:entity><tm:person Family_Name="Malik" First_Name="Akanksha" value="akanksha malik">Akanksha Malik</tm:person></tm:entity> can
be found on the company's website: <a href="http://www.rpoww.com" target="_new">http://www.rpoww.com</a>or by contacting the
corporate office: 877-354-8226.</p>
<p>About RPOworldwide:</p>
<p>RPOworldwide's innovative offshore model offers round-the-clock
access to the world's best candidates, delivering the maximum
number of high-quality hires, with shorter time-to-fill, at reduced
cost-per-hire. Our Global Recruiting Centers of Excellence located
in <tm:entity><tm:location><tm:country><tm:place>Asia</tm:place></tm:country></tm:location></tm:entity>, Central <tm:entity><tm:location><tm:country><tm:place>America</tm:place></tm:country></tm:location></tm:entity> and <tm:entity><tm:location><tm:country><tm:place>Europe</tm:place></tm:country></tm:location></tm:entity> deliver a full-range of
recruiting services, including; Sourcing, end-to-end Recruiting,
Assessments, and Onboarding. RPOworldwide leverages leading tools,
technologies, and proprietary process methodologies. <tm:entity><tm:company value="rpoworldwide">RPOworldwide</tm:company></tm:entity> is a subsidiary of global <tm:entity><tm:company value="it">IT</tm:company></tm:entity> and <tm:entity><tm:company value="bpo">BPO</tm:company></tm:entity> provider iGATE <tm:entity><tm:company value="corporation">Corporation</tm:company></tm:entity>(<tm:entity><tm:stockindex value="nasdaq">Nasdaq</tm:stockindex></tm:entity>: <a class="small" href="http://studio-5.financialcontent.com/prnews?Page=Quote&amp;Ticker=IGTE" onclick="var s=s_gi(s_account); var hd1 = document.getElementById('headline'); s.tl(this,'o',getLinkName('Company Sanpshot'));">IGTE</a>). To overcome your recruiting challenges, optimize your
recruiting capabilities, and outperform your competition, contact:
<a href="mailto:info@rpoww.com"><tm:entity><tm:email value="info@rpoww.com">info@rpoww.com</tm:email></tm:entity></a>or
1.877.354.8226.</p>
</body>
</html>


</doc>

