<doc xmlns:tm="http://www.temis.com/annotations/1.1/">
<metadata>
<aboutcompany value="oracle"/>
<releaselocation value="redwood shores"/>
<data_source value="prnews"/>
<source value="oracle corporation"/>
<processing_date>2008-01-21T17:49:09</processing_date>
<date>2007-12-19T17:00:00</date>
<quote symbol="NASDAQ:ORCL" src-company="oracle" company="Oracle Corporation" date="2007-12-19" price="20.76"/><quote symbol="NYSE:SAP" src-company="sap" company="SAP AG (ADR)" date="2007-12-19" price=""/></metadata>
<title><tm:entity><tm:company Domain="IT" value="oracle reports q2 gaap eps">Oracle Reports Q2 GAAP EPS</tm:company></tm:entity> Up 36% to 25 Cents, Non-GAAP EPS Up 40% to 31 Cents
</title>
<html>
<head>
<meta name="generator" content="HTML Tidy for Windows (vers 14 February 2006), see www.w3.org"/>
<!-- #BeginEditable "doctitle" -->
<title><tm:entity><tm:company Domain="IT" value="oracle reports q2 gaap eps">Oracle Reports Q2 GAAP EPS</tm:company></tm:entity> Up 36% to 25 Cents, Non-GAAP EPS
Up 40% to 31 Cents</title>
</head>
<body>
<p>Applications New License Revenues Up 63%, Database and
Middleware New</p>
<p>License Revenues Up 28%</p>
<p><tm:entity><tm:location><tm:country><tm:place>REDWOOD SHORES</tm:place></tm:country></tm:location></tm:entity>, <tm:entity><tm:location><tm:country location_country="United States of America"><tm:place>Calif.</tm:place></tm:country></tm:location></tm:entity>, <tm:entity><tm:time_expression><tm:relative_time Day="19" Month="Dec." value="dec. 19">Dec. 19</tm:relative_time></tm:time_expression></tm:entity> /PRNewswire-FirstCall/ -- <tm:entity><tm:company Domain="IT" Extension="Corporation" value="oracle">Oracle</tm:company></tm:entity> Corporation (<tm:entity><tm:stockindex value="nasdaq">Nasdaq</tm:stockindex></tm:entity>: <a class="small" href="http://studio-5.financialcontent.com/prnews?Page=Quote&amp;Ticker=ORCL" onclick="var s=s_gi(s_account); var hd1 = document.getElementById('headline'); s.tl(this,'o',getLinkName('Company Sanpshot'));">ORCL</a>) today announced <tm:entity><tm:time_expression><tm:exact_time Year="2008" value="fiscal 2008">fiscal 2008</tm:exact_time></tm:time_expression></tm:entity> Q2 GAAP earnings per share
were up 36% to $0.25, compared to <tm:entity><tm:time_expression><tm:relative_time value="the same quarter last year">the same quarter last year</tm:relative_time></tm:time_expression></tm:entity>.
<tm:entity><tm:time_expression><tm:relative_time value="second quarter">Second quarter</tm:relative_time></tm:time_expression></tm:entity> total GAAP revenues were up 28% to $5.3 billion,
while quarterly GAAP net income was up 35% to $1.3 billion. Total
GAAP software revenues were up 29% to $4.2 billion with <tm:company><tm:potential_company><tm:actor_ci_guessed role="Who" value="gaap">GAAP</tm:actor_ci_guessed></tm:potential_company></tm:company> new
software license revenues up 38% to $1.7 billion. Database and
middleware new license revenues were up 28% and applications new
license revenues were up 63%. Services revenues were up 22% to $1.2
billion, compared to <tm:entity><tm:time_expression><tm:relative_time value="the same quarter last year">the same quarter last year</tm:relative_time></tm:time_expression></tm:entity>.</p><p>(Logo: <a href="http://www.newscom.com/cgi-bin/prnh/20020718/ORCLLOGO" target="_new">http://www.newscom.com/cgi-bin/prnh/20020718/ORCLLOGO</a>)</p>
<p><tm:entity><tm:time_expression><tm:relative_time value="second quarter">Second quarter</tm:relative_time></tm:time_expression></tm:entity> non-GAAP earnings per share were up 40% to $0.31,
and non- GAAP net income was up 38% to $1.6 billion, compared to
<tm:entity><tm:time_expression><tm:relative_time value="the same quarter last year">the same quarter last year</tm:relative_time></tm:time_expression></tm:entity>.</p><p>"<tm:entity><tm:time_expression><tm:relative_time value="in q1">In Q1</tm:relative_time></tm:time_expression></tm:entity> we reported new software license revenues up 35%, the
strongest growth of any quarter <tm:entity><tm:time_expression><tm:relative_time value="in ten years">in ten years</tm:relative_time></tm:time_expression></tm:entity>," said <tm:entity><tm:company Domain="IT" Extension="Corporation" role="Who" value="oracle">Oracle</tm:company></tm:entity> <tm:entity><tm:function FunctionCategory="Board" role="Has_Function" value="president and cfo">President and CFO</tm:function></tm:entity>, <tm:entity><tm:person Family_Name="Catz" First_Name="Safra" role="Person" value="safra catz">Safra Catz</tm:person></tm:entity>. "<tm:entity><tm:time_expression><tm:relative_time value="in q2">In Q2</tm:relative_time></tm:time_expression></tm:entity> we did even better with new
software license sales up 38%. GAAP EPS were up 36%; non-GAAP EPS
were up 40%. We exceeded our guidance and our best case forecast
with strong revenue growth across all product lines and
geographies."</p>
<p>"<tm:entity><tm:time_expression><tm:relative_time role="Context, Context" value="in q2">In Q2</tm:relative_time></tm:time_expression></tm:entity> <tm:entity><tm:company Domain="IT" Extension="Corporation" role="Who, Who" value="oracle"><tm:entity><tm:company Domain="IT" Extension="Corporation" role="Who, Who" value="oracle">Oracle</tm:company></tm:entity></tm:company></tm:entity>'s applications new license sales grew 63% compared
to <tm:entity><tm:company Domain="IT" role="Who, Who" value="sap"><tm:entity><tm:company Domain="IT" role="Who, Who" value="sap">SAP</tm:company></tm:entity></tm:company></tm:entity>'s new license sales growth rate of 15% in their most
recently completed quarter," said <tm:entity><tm:company Domain="IT" Extension="Corporation" role="Who" value="oracle">Oracle</tm:company></tm:entity> <tm:entity><tm:function FunctionCategory="Board" role="Has_Function" value="president">President</tm:function></tm:entity>, <tm:entity><tm:person Family_Name="Phillips" First_Name="Charles" Gender="Male" role="Person" value="charles phillips">Charles
Phillips</tm:person></tm:entity>. "We like our growth strategy of expanding beyond ERP into
high-end industry specific vertical software in contrast to SAP's
strategy of moving down market to sell ERP systems to small
companies."</p><p>"Our database and middleware new license sales grew 28% in Q2,"
said CEO, Larry Ellison. "We continue to take market share from <tm:entity><tm:company><tm:normalized_name Domain="IT" value="ibm">IBM</tm:normalized_name></tm:company></tm:entity> in both product categories."</p>
<p>Q2 Earnings Announcement</p>
<p><tm:entity><tm:company Domain="IT" Extension="Corporation" value="oracle">Oracle</tm:company></tm:entity> will hold a conference call and web broadcast today to
discuss these results at 2:00 p.m. (PST) / 5:00 p.m. (EST). To
access the live web broadcast of this event, please visit the
<tm:entity><tm:company Domain="IT" value="oracle investor relations">Oracle Investor Relations</tm:company></tm:entity> website at <a href="http://www.oracle.com/investor" target="_new">http://www.oracle.com/investor</a>. Please hold down your
control key while pressing refresh to ensure that the weblink is
visible.</p>
<p>About <tm:entity><tm:company Domain="IT" Extension="Corporation" value="oracle">Oracle</tm:company></tm:entity></p><p><tm:entity><tm:company Domain="IT" Extension="Corporation" value="oracle">Oracle</tm:company></tm:entity> is the world's largest enterprise software company. For
more information about <tm:entity><tm:company Domain="IT" Extension="Corporation" value="oracle">Oracle</tm:company></tm:entity>, including supplemental financial
information, please visit <a href="http://www.oracle.com/investor" target="_new">http://www.oracle.com/investor</a>or call Investor
Relations at (650) 506-4073.</p>
<p>Trademarks</p>
<p><tm:entity><tm:company Domain="IT" Extension="Corporation" value="oracle">Oracle</tm:company></tm:entity> is a registered trademark of <tm:entity><tm:company Domain="IT" Extension="Corporation" value="oracle">Oracle</tm:company></tm:entity> Corporation and/or
its affiliates. Other names may be trademarks of their <tm:entity><tm:function FunctionCategory="Board" value="respective owners">respective
owners</tm:function></tm:entity>.</p><p>"<tm:entity><tm:location><tm:country><tm:place>Safe Harbor</tm:place></tm:country></tm:location></tm:entity>" Statement: Statements in this press release
relating to <tm:entity><tm:company Domain="IT" Extension="Corporation" value="oracle">Oracle</tm:company></tm:entity>'s future plans and prospects are
"forward-looking statements" and are subject to material risks and
uncertainties. Many factors could affect our current expectations
and our actual results, and could cause actual results to differ
materially. We presently consider the following to be among the
important factors that could cause actual results to differ
materially from expectations: (1) Economic, political and market
conditions could adversely affect our revenue growth and
profitability through reductions in IT budgets and expenditures.
(2) We may fail to achieve our financial forecasts due to such
factors as delays or size reductions in transactions, fewer large
transactions in a particular quarter, unanticipated fluctuations in
currency exchange rates, delays in delivery of new products or
releases, or a decline in our renewal rates for software license
updates and product support. (3) We cannot assure market acceptance
of new products or new versions of existing or acquired products.
(4) We have an active acquisition program and our acquisitions may
not be successful, may involve unanticipated costs or other
integration issues, or may disrupt our existing operations. (5)
Periodic changes to our pricing model and sales organization could
temporarily disrupt operations and cause a decline or delay in
sales. (6) Intense competitive forces demand rapid technological
advances and frequent new product introductions, and could require
us to reduce prices. A detailed discussion of these factors and
other risks that affect our business is contained in our SEC
filings, including our most recent reports on Form 10-K and Form
10-Q, particularly under the heading "Risk Factors." Copies of
these filings are available online from the SEC or by contacting
<tm:entity><tm:company Domain="IT" Extension="Corporation" value="oracle">Oracle</tm:company></tm:entity> Corporation's Investor Relations Department at (650)
506-4073 or by clicking on SEC Filings on <tm:entity><tm:company Domain="IT" Extension="Corporation" value="oracle">Oracle</tm:company></tm:entity>'s Investor
Relations website at <a href="http://www.oracle.com/investor" target="_new">http://www.oracle.com/investor</a>. All information
set forth in this release is current <tm:entity><tm:time_expression><tm:exact_time value="2007">as of December 19, 2007</tm:exact_time></tm:time_expression></tm:entity>.
<tm:entity><tm:company Domain="IT" Extension="Corporation" value="oracle">Oracle</tm:company></tm:entity> undertakes no duty to update any statement in light of new
information or future events.<br/></p>
<p><tm:entity><tm:company Domain="IT" Extension="Corporation" value="oracle">ORACLE</tm:company></tm:entity> CORPORATION</p>
<p><tm:entity><tm:time_expression><tm:exact_time Year="2008" value="q2 fiscal 2008">Q2 FISCAL 2008</tm:exact_time></tm:time_expression></tm:entity> FINANCIAL RESULTS</p>
<p>CONDENSED CONSOLIDATED STATEMENTS OF OPERATIONS</p>
<p>(in millions, except per share data)</p>
<p><tm:entity><tm:time_expression><tm:exact_time Month="November" Year="30" value="three months ended november 30">Three Months Ended November 30</tm:exact_time></tm:time_expression></tm:entity>, %Increase %Increase</p><div style="margin-left: 2em">-----------------------------
(Decrease) (Decrease) % of % of in <tm:entity><tm:location><tm:country><tm:place>US</tm:place></tm:country></tm:location></tm:entity> in Constant 2007 Revenues
2006 Revenues $ Currency(1)
---------------------------------------------------- REVENUES New
software licenses <tm:entity><tm:money_expression><tm:money Amount="1,668" Currency="Dollar" value="$1,668">$1,668</tm:money></tm:money_expression></tm:entity> 31% <tm:entity><tm:money_expression><tm:money Amount="1,207" Currency="Dollar" value="$1,207">$1,207</tm:money></tm:money_expression></tm:entity> 29% 38% 31% Software license
updates and product support 2,491 47% 2,007 48% 24% 18%
------------------------------ Software Revenues 4,159 78% 3,214
77% 29% 23% ------------------------------ Services 1,154 22% 949
23% 22% 15% ------------------------------ Total Revenues 5,313
100% 4,163 100% 28% 21% ------------------------------ OPERATING
EXPENSES Sales and marketing 1,095 21% 915 22% 20% 14% Software
license updates and product support 246 5% 205 5% 20% 14% Cost of
services 992 19% 820 20% 21% 14% Research and development 674 12%
519 12% 30% 27% General and administrative 206 4% 170 4% 21% 16%
Amortization of intangible assets 290 5% 202 5% 43% 43% Acquisition
related (2) 22 0% (36) (1%) 160% 158% Restructuring 6 0% 11 0%
(49%) (51%) ------------------------------ <tm:company><tm:potential_company><tm:actor_ci_guessed role="Who, Who" value="total">Total</tm:actor_ci_guessed></tm:potential_company></tm:company> Operating Expenses
3,531 66% 2,806 67% 26% 20% ------------------------------
OPERATING INCOME 1,782 34% 1,357 33% 31% 22% Interest expense (89)
(2%) (82) (2%) 8% 8% Non-operating income, net 122 2% 79 2% 52% 48%
------------------------------ INCOME BEFORE PROVISION FOR INCOME
TAXES 1,815 34% 1,354 33% 34% 25% ------------------------------
Provision for income taxes 512 9% 387 10% 32% 28%
------------------------------ NET INCOME $1,303 25% $967 23% 35%
24% ============================== EARNINGS PER SHARE: Basic <tm:entity><tm:money_expression><tm:moneyrange Amount="0.25, 0.19" Currency="Dollar" From="$0.25" To="$0.19" value="$0.25 $0.19">$0.25
$0.19</tm:moneyrange></tm:money_expression></tm:entity> 36% Diluted <tm:entity><tm:money_expression><tm:moneyrange Amount="0.25, 0.18" Currency="Dollar" From="$0.25" To="$0.18" value="$0.25 $0.18">$0.25 $0.18</tm:moneyrange></tm:money_expression></tm:entity> 36% WEIGHTED AVERAGE COMMON SHARES
OUTSTANDING: Basic 5,125 5,184 (1%) Diluted 5,232 5,287 (1%) (1) We
compare the percent change in the results <tm:entity><tm:time_expression><tm:duration From="one period" value="from one period">from one period</tm:duration></tm:time_expression></tm:entity> to
another period using constant currency disclosure. We present
constant currency information to provide a framework for assessing
how our underlying businesses performed excluding the effect of
foreign currency rate fluctuations. To present this information,
current and comparative prior period results for entities reporting
in currencies other than <tm:entity><tm:location><tm:country><tm:place>United States</tm:place></tm:country></tm:location></tm:entity> dollars are converted into
<tm:entity><tm:location><tm:country><tm:place>United States</tm:place></tm:country></tm:location></tm:entity> dollars at the exchange rate in effect <tm:entity><tm:time_expression><tm:exact_time value="2007">on May 31,
2007</tm:exact_time></tm:time_expression></tm:entity>, which was <tm:entity><tm:time_expression><tm:relative_time value="the last day of our prior fiscal year">the last day of our prior fiscal year</tm:relative_time></tm:time_expression></tm:entity>, rather than
the actual exchange rates in effect during the respective periods.
The <tm:entity><tm:location><tm:country><tm:place>United States</tm:place></tm:country></tm:location></tm:entity> dollar weakened relative to major international
currencies <tm:entity><tm:time_expression><tm:relative_time value="in the three months ended november 30 , 2007">in the three months ended November 30, 2007</tm:relative_time></tm:time_expression></tm:entity> compared
with the corresponding prior year period, contributing 7 percentage
points of revenue, 6 percentage points of operating expense and 9
percentage points of operating income growth. (2) Acquisition
related costs <tm:entity><tm:time_expression><tm:duration To="November 30 , 2006" value="for the three months ended november 30 , 2006">for the three months ended November 30, 2006</tm:duration></tm:time_expression></tm:entity> include
a benefit of <tm:entity><tm:money_expression><tm:money Amount="52 million" Currency="Dollar" value="$52 million">$52 million</tm:money></tm:money_expression></tm:entity> related to the settlement of a
pre-acquisition lawsuit against <tm:entity><tm:company Domain="IT" Extension="Inc." role="Who" value="peoplesoft">PeopleSoft</tm:company></tm:entity>, Inc. Please see
Appendix A for further discussion. <tm:entity><tm:company Domain="IT" Extension="Corporation" value="oracle">ORACLE</tm:company></tm:entity> CORPORATION <tm:entity><tm:time_expression><tm:exact_time Year="2008" value="q2 fiscal 2008">Q2 FISCAL
2008</tm:exact_time></tm:time_expression></tm:entity> FINANCIAL RESULTS RECONCILIATION OF SELECTED GAAP MEASURES TO
NON-GAAP MEASURES (1) (in millions, except per share data) %
Increase (Decrease) <tm:entity><tm:time_expression><tm:exact_time Month="November" Year="30" value="three months ended november 30">Three Months Ended November 30</tm:exact_time></tm:time_expression></tm:entity>, in <tm:entity><tm:location><tm:country><tm:place>US</tm:place></tm:country></tm:location></tm:entity>$
----------------------------------------------------------- 2007
2007 2006 2006 GAAP Adj. Non-GAAP GAAP Adj. Non-GAAP GAAP Non-GAAP
-----------------------------------------------------------</div>
<p><tm:entity><tm:company Domain="IT, Energy" Extension="Company, Co" value="total">TOTAL</tm:company></tm:entity></p><p>REVENUES (2) $5,313 $51 $5,364 $4,163 $53 $4,216 28% 27%</p>
<p><tm:entity><tm:company Domain="IT, Energy" Extension="Company, Co" value="total">TOTAL</tm:company></tm:entity> SOFTWARE</p>
<p>REVENUES (2) $4,159 $51 $4,210 $3,214 $53 $3,267 29% 29%</p>
<p>New software</p>
<p>licenses 1,668 - 1,668 1,207 - 1,207 38% 38%</p>
<p>Software</p>
<p>license</p>
<p>updates and</p>
<p>product</p>
<p>support (2) 2,491 51 2,542 2,007 53 2,060 24% 23%</p>
<p><tm:entity><tm:company Domain="IT, Energy" Extension="Company, Co" value="total">TOTAL</tm:company></tm:entity> OPERATING</p>
<p>EXPENSES $3,531 $(381)<tm:entity><tm:money_expression><tm:moneyrange Amount="3,150, 2,806" Currency="Dollar" From="$3,150" To="$2,806" value="$3,150 $2,806">$3,150 $2,806</tm:moneyrange></tm:money_expression></tm:entity>$(224) <tm:entity><tm:money_expression><tm:money Amount="2,582" Currency="Dollar" value="$2,582">$2,582</tm:money></tm:money_expression></tm:entity> 26% 22%</p>
<p>Stock-based</p>
<p>compensation</p>
<p>(3) 63 (63) - 47 (47) - 35%</p>
<p>Amortization</p>
<p>of intangible</p>
<p>assets (4) 290 (290) - 202 (202) - 43%</p>
<p>Acquisition</p>
<p>related 22 (22) - (36) 36 - 160%</p>
<p>Restructuring 6 (6) - 11 (11) - (49%)</p>
<p>OPERATING</p>
<p>INCOME $1,782 $432 $2,214 $1,357 $277 $1,634 31% 36%</p>
<p>OPERATING</p>
<p>MARGIN % 34% 41% 33% 39% 1% 2%</p>
<p>INCOME TAX</p>
<p>EFFECTS ON</p>
<p>ABOVE</p>
<p>ADJUSTMENTS</p>
<p>(5) <tm:entity><tm:money_expression><tm:moneyrange Amount="512, 122" Currency="Dollar" From="$512" To="$122" value="$512 $122">$512 $122</tm:moneyrange></tm:money_expression></tm:entity> <tm:entity><tm:money_expression><tm:moneyrange Amount="634, 387" Currency="Dollar" From="$634" To="$387" value="$634 $387">$634 $387</tm:moneyrange></tm:money_expression></tm:entity> <tm:entity><tm:money_expression><tm:moneyrange Amount="79, 466" Currency="Dollar" From="$79" To="$466" value="$79 $466">$79 $466</tm:moneyrange></tm:money_expression></tm:entity> 32% 36%</p>
<p>NET INCOME $1,303 $310 $1,613 $967 $198 $1,165 35% 38%</p>
<p>DILUTED</p>
<p>EARNINGS PER</p>
<p>SHARE (6) <tm:entity><tm:money_expression><tm:moneyrange Amount="0.25, 0.31" Currency="Dollar" From="$0.25" To="$0.31" value="$0.25 $0.31">$0.25 $0.31</tm:moneyrange></tm:money_expression></tm:entity> <tm:entity><tm:money_expression><tm:moneyrange Amount="0.18, 0.22" Currency="Dollar" From="$0.18" To="$0.22" value="$0.18 $0.22">$0.18 $0.22</tm:moneyrange></tm:money_expression></tm:entity> 36% 40%</p>
<p>DILUTED</p>
<p>WEIGHTED</p>
<p>AVERAGE</p>
<p>COMMON SHARES</p>
<p>OUTSTANDING</p>
<p>(6) 5,232 1 5,233 5,287 16 5,303 (1%) (1%)</p>
<p>(1) This presentation includes non-GAAP measures. Our non-GAAP
measures</p>
<p>are not meant to be considered in isolation or as a substitute
for</p>
<p>comparable GAAP measures, and should be read only in conjunction
with</p>
<p>our condensed consolidated financial statements prepared in</p>
<p>accordance with GAAP. For a detailed explanation of the
adjustments</p>
<p>made to comparable GAAP measures, the reasons why management
uses</p>
<p>these measures, the usefulness of these measures and the
material</p>
<p>limitations on the usefulness of these measures, please see</p>
<p>Appendix A.</p>
<p>(2) <tm:entity><tm:time_expression><tm:exact_time value="2007">As of November 30, 2007</tm:exact_time></tm:time_expression></tm:entity>, approximately <tm:entity><tm:money_expression><tm:money Amount="31 million" Currency="Dollar" value="$31 million">$31 million</tm:money></tm:money_expression></tm:entity> in
estimated</p>
<p>revenues related to assumed support contracts will not be
recognized</p>
<p><tm:entity><tm:time_expression><tm:relative_time value="in fiscal">in fiscal</tm:relative_time></tm:time_expression></tm:entity> 2008 due to business combination accounting rules.</p>
<p>(3) Stock-based compensation is included in the following GAAP
operating</p>
<p>expense categories:</p>
<p>Three Months Ended Three Months Ended</p>
<p><tm:entity><tm:time_expression><tm:relative_time value="november 30 , 2007 november 30 , 2006">November 30, 2007 November 30, 2006</tm:relative_time></tm:time_expression></tm:entity></p><div style="margin-left: 2em">
------------------------------------------------ GAAP Adj. Non-GAAP
GAAP Adj. Non-GAAP ------------------------------------------------
Sales and marketing $13 $(13) $- $8 $(8) $- Software license
updates and product support 3 (3) - 3 (3) - Cost of services 3 (3)
- 3 (3) - Research and development 25 (25) - 21 (21) - General and
administrative 19 (19) - 12 (12) -
------------------------------------------------ Subtotal 63 (63) -
47 (47) - Acquisition related 4 (4) - - - -
------------------------------------------------ Total stock-based
compensation $67 $(67) $- $47 $(47) $- (4) Estimated future annual
amortization expense related to intangible assets as of November
30, 2007 is as follows: Remainder of Fiscal 2008 $616 Fiscal 2009
1,146 Fiscal 2010 1,022 Fiscal 2011 793 Fiscal 2012 658 Fiscal 2013
308 Thereafter 1,140 -------- Total <tm:entity><tm:money_expression><tm:money Amount="5,683" Currency="Dollar" value="$5,683">$5,683</tm:money></tm:money_expression></tm:entity>======== (5) The income
tax provision was calculated reflecting an effective tax rate of
28.2% and 28.6% <tm:entity><tm:time_expression><tm:exact_time Year="2008" value="in the second quarter of fiscal 2008">in the second quarter of fiscal 2008</tm:exact_time></tm:time_expression></tm:entity> and 2007,
respectively. (6) Non-GAAP diluted earnings per share and non-GAAP
diluted weighted average shares outstanding were calculated
excluding the effects of expensing stock options under Statement
123R. <tm:entity><tm:company Domain="IT" Extension="Corporation" value="oracle">ORACLE</tm:company></tm:entity> CORPORATION Q2 FISCAL 2008 YEAR TO DATE FINANCIAL
RESULTS CONDENSED CONSOLIDATED STATEMENTS OF OPERATIONS (in
millions, except per share data) Six Months Ended November 30,
%Increase %Increase ----------------------------- (Decrease)
(Decrease) % of % of in US in Constant 2007 Revenues 2006 Revenues
$ Currency(1) ----------------------------------------------------
REVENUES New software licenses <tm:entity><tm:money_expression><tm:money Amount="2,756" Currency="Dollar" value="$2,756">$2,756</tm:money></tm:money_expression></tm:entity> 28% <tm:entity><tm:money_expression><tm:money Amount="2,011" Currency="Dollar" value="$2,011">$2,011</tm:money></tm:money_expression></tm:entity> 26% 37% 31%
Software license updates and product support 4,873 50% 3,948 51%
23% 18% ------------------------------ Software Revenues 7,629 78%
5,959 77% 28% 23% ------------------------------ Services 2,213 22%
1,795 23% 23% 17% ------------------------------ Total Revenues
9,842 100% 7,754 100% 27% 22% ------------------------------
OPERATING EXPENSES Sales and marketing 2,070 21% 1,665 21% 24% 19%
Software license updates and product support 474 5% 404 5% 17% 12%
Cost of services 1,922 20% 1,599 21% 20% 14% Research and
development 1,326 13% 1,026 14% 29% 27% General and administrative
402 4% 328 4% 23% 18% Amortization of intangible assets 575 6% 401
5% 44% 43% Acquisition related (2) 68 0% 12 0% 467% 453%
Restructuring 6 0% 20 0% (71%) (73%) ------------------------------
<tm:company><tm:potential_company><tm:actor_ci_guessed role="Who, Who" value="total">Total</tm:actor_ci_guessed></tm:potential_company></tm:company> Operating Expenses 6,843 69% 5,455 70% 25% 21%
------------------------------ OPERATING INCOME 2,999 31% 2,299 30%
30% 23% Interest expense (183) (2%) (166) (2%) 10% 10%
Non-operating income, net 199 2% 183 2% 9% 6%
------------------------------ INCOME BEFORE PROVISION FOR INCOME
TAXES 3,015 31% 2,316 30% 30% 23% ------------------------------
Provision for income taxes 871 9% 679 9% 28% 26%
------------------------------ NET INCOME $2,144 22% $1,637 21% 31%
22% ============================== EARNINGS PER SHARE: Basic <tm:entity><tm:money_expression><tm:moneyrange Amount="0.42, 0.31" Currency="Dollar" From="$0.42" To="$0.31" value="$0.42 $0.31">$0.42
$0.31</tm:moneyrange></tm:money_expression></tm:entity> 33% Diluted <tm:entity><tm:money_expression><tm:moneyrange Amount="0.41, 0.31" Currency="Dollar" From="$0.41" To="$0.31" value="$0.41 $0.31">$0.41 $0.31</tm:moneyrange></tm:money_expression></tm:entity> 33% WEIGHTED AVERAGE COMMON SHARES
OUTSTANDING: Basic 5,117 5,200 (2%) Diluted 5,224 5,297 (1%) (1) We
compare the percent change in the results <tm:entity><tm:time_expression><tm:duration From="one period" value="from one period">from one period</tm:duration></tm:time_expression></tm:entity> to
another period using constant currency disclosure. We present
constant currency information to provide a framework for assessing
how our underlying businesses performed excluding the effect of
foreign currency rate fluctuations. To present this information,
current and comparative prior period results for entities reporting
in currencies other than <tm:entity><tm:location><tm:country><tm:place>United States</tm:place></tm:country></tm:location></tm:entity> dollars are converted into
<tm:entity><tm:location><tm:country><tm:place>United States</tm:place></tm:country></tm:location></tm:entity> dollars at the exchange rate in effect <tm:entity><tm:time_expression><tm:exact_time value="2007">on May 31,
2007</tm:exact_time></tm:time_expression></tm:entity>, which was <tm:entity><tm:time_expression><tm:relative_time value="the last day of our prior fiscal year">the last day of our prior fiscal year</tm:relative_time></tm:time_expression></tm:entity>, rather than
the actual exchange rates in effect during the respective periods.
The <tm:entity><tm:location><tm:country><tm:place>United States</tm:place></tm:country></tm:location></tm:entity> dollar weakened relative to major international
currencies <tm:entity><tm:time_expression><tm:relative_time value="in the six months ended november 30 , 2007">in the six months ended November 30, 2007</tm:relative_time></tm:time_expression></tm:entity> compared with
the corresponding prior year period, contributing 5 percentage
points of revenue, 4 percentage points of operating expense and 7
percentage points of operating income growth. (2) Acquisition
related costs <tm:entity><tm:time_expression><tm:duration To="November 30 , 2006" value="for the six months ended november 30 , 2006">for the six months ended November 30, 2006</tm:duration></tm:time_expression></tm:entity> include a
benefit of <tm:entity><tm:money_expression><tm:money Amount="52 million" Currency="Dollar" value="$52 million">$52 million</tm:money></tm:money_expression></tm:entity> related to the settlement of a
pre-acquisition lawsuit against <tm:entity><tm:company Domain="IT" Extension="Inc." role="Who" value="peoplesoft">PeopleSoft</tm:company></tm:entity>, Inc. Please see
Appendix A for further discussion. <tm:entity><tm:company Domain="IT" Extension="Corporation" value="oracle">ORACLE</tm:company></tm:entity> CORPORATION <tm:entity><tm:time_expression><tm:exact_time Year="2008" value="q2 fiscal 2008">Q2 FISCAL
2008</tm:exact_time></tm:time_expression></tm:entity> YEAR TO DATE FINANCIAL RESULTS RECONCILIATION OF SELECTED GAAP
MEASURES TO NON-GAAP MEASURES (1) (in millions, except per share
data) % Increase (Decrease) <tm:entity><tm:time_expression><tm:exact_time Month="November" Year="30" value="six months ended november 30">Six Months Ended November 30</tm:exact_time></tm:time_expression></tm:entity>, in <tm:entity><tm:location><tm:country><tm:place>US</tm:place></tm:country></tm:location></tm:entity>$
----------------------------------------------------------- 2007
2007 2006 2006 GAAP Adj. Non-GAAP GAAP Adj. Non-GAAP GAAP Non-GAAP
-----------------------------------------------------------</div>
<p><tm:entity><tm:company Domain="IT, Energy" Extension="Company, Co" value="total">TOTAL</tm:company></tm:entity></p><p>REVENUES (2) $9,842 $115 $9,957 $7,754 $122 $7,876 27% 26%</p>
<p><tm:entity><tm:company Domain="IT, Energy" Extension="Company, Co" value="total">TOTAL</tm:company></tm:entity> SOFTWARE</p>
<p>REVENUES (2) $7,629 $115 $7,744 $5,959 $122 $6,081 28% 27%</p>
<p>New software</p>
<p>licenses 2,756 - 2,756 2,011 - 2,011 37% 37%</p>
<p>Software</p>
<p>license</p>
<p>updates and</p>
<p>product</p>
<p>support (2) 4,873 115 4,988 3,948 122 4,070 23% 23%</p>
<p><tm:entity><tm:company Domain="IT, Energy" Extension="Company, Co" value="total">TOTAL</tm:company></tm:entity> OPERATING</p>
<p>EXPENSES $6,843 $(780) <tm:entity><tm:money_expression><tm:moneyrange Amount="6,063, 5,455" Currency="Dollar" From="$6,063" To="$5,455" value="$6,063 $5,455">$6,063 $5,455</tm:moneyrange></tm:money_expression></tm:entity>$(530) <tm:entity><tm:money_expression><tm:money Amount="4,925" Currency="Dollar" value="$4,925">$4,925</tm:money></tm:money_expression></tm:entity> 25% 23%</p>
<p>Stock-based</p>
<p>compensation</p>
<p>(3) 131 (131) - 97 (97) - 36%</p>
<p>Amortization of</p>
<p>intangible</p>
<p>assets (4) 575 (575) - 401 (401) - 44%</p>
<p>Acquisition</p>
<p>related 68 (68) - 12 (12) - 467%</p>
<p>Restructuring 6 (6) - 20 (20) - (71%)</p>
<p>OPERATING</p>
<p>INCOME $2,999 $895 $3,894 $2,299 $652 $2,951 30% 32%</p>
<p>OPERATING</p>
<p>MARGIN % 31% 39% 30% 37% 1% 2%</p>
<p>INCOME TAX</p>
<p>EFFECTS ON</p>
<p>ABOVE</p>
<p>ADJUSTMENTS</p>
<p>(5) <tm:entity><tm:money_expression><tm:moneyrange Amount="871, 259" Currency="Dollar" From="$871" To="$259" value="$871 $259">$871 $259</tm:moneyrange></tm:money_expression></tm:entity> <tm:entity><tm:money_expression><tm:moneyrange Amount="1,130, 679" Currency="Dollar" From="$1,130" To="$679" value="$1,130 $679">$1,130 $679</tm:moneyrange></tm:money_expression></tm:entity> <tm:entity><tm:money_expression><tm:moneyrange Amount="193, 872" Currency="Dollar" From="$193" To="$872" value="$193 $872">$193 $872</tm:moneyrange></tm:money_expression></tm:entity> 28% 30%</p>
<p>NET INCOME $2,144 $636 $2,780 $1,637 $459 $2,096 31% 33%</p>
<p>DILUTED</p>
<p>EARNINGS PER</p>
<p>SHARE (6) <tm:entity><tm:money_expression><tm:moneyrange Amount="0.41, 0.53" Currency="Dollar" From="$0.41" To="$0.53" value="$0.41 $0.53">$0.41 $0.53</tm:moneyrange></tm:money_expression></tm:entity> <tm:entity><tm:money_expression><tm:moneyrange Amount="0.31, 0.39" Currency="Dollar" From="$0.31" To="$0.39" value="$0.31 $0.39">$0.31 $0.39</tm:moneyrange></tm:money_expression></tm:entity> 33% 35%</p>
<p>DILUTED</p>
<p>WEIGHTED</p>
<p>AVERAGE</p>
<p>COMMON SHARES</p>
<p>OUTSTANDING</p>
<p>(6) 5,224 3 5,227 5,297 12 5,309 (1%) (2%)</p>
<div style="margin-left: 2em">
----------------------------------------------------------- (1)
This presentation includes non-GAAP measures. Our non-GAAP measures
are not meant to be considered in isolation or as a substitute for
comparable GAAP measures, and should be read only in conjunction
with our condensed consolidated financial statements prepared in
accordance with GAAP. For a detailed explanation of the adjustments
made to comparable <tm:company><tm:potential_company><tm:actor_ci_guessed role="Who" value="gaap">GAAP</tm:actor_ci_guessed></tm:potential_company></tm:company> measures, the reasons why management uses
these measures, the usefulness of these measures and the material
limitations on the usefulness of these measures, please see
Appendix A. (2) <tm:entity><tm:time_expression><tm:exact_time role="Context" value="2007">As of November 30, 2007</tm:exact_time></tm:time_expression></tm:entity>, approximately $31 million
in estimated revenues related to assumed support contracts will not
be recognized <tm:entity><tm:time_expression><tm:relative_time role="Context" value="in fiscal">in fiscal</tm:relative_time></tm:time_expression></tm:entity> 2008 due to business combination accounting
rules. (3) Stock-based compensation is included in the following
GAAP operating expenses: Six Months Ended Six Months Ended <tm:entity><tm:time_expression><tm:exact_time value="2007">November
30, 2007</tm:exact_time></tm:time_expression></tm:entity> <tm:entity><tm:time_expression><tm:exact_time value="2006">November 30, 2006</tm:exact_time></tm:time_expression></tm:entity>-------------------------
------------------------ GAAP Adj. Non-GAAP GAAP Adj. Non-GAAP
------------------------- ------------------------</div>
<p>Sales and</p>
<p>marketing <tm:entity><tm:money_expression><tm:money Amount="26" Currency="Dollar" value="$26">$26</tm:money></tm:money_expression></tm:entity>$(26) $- <tm:entity><tm:money_expression><tm:money Amount="18" Currency="Dollar" value="$18">$18</tm:money></tm:money_expression></tm:entity>$(18) $-</p>
<p>Software license</p>
<p>updates and product</p>
<p>support 7 (7) - 6 (6) -</p>
<p>Cost of services 8 (8) - 6 (6) -</p>
<p>Research and</p>
<p>development 52 (52) - 43 (43) -</p>
<p>General and</p>
<p>administrative 38 (38) - 24 (24) -</p>
<div style="margin-left: 2em">
---------------------------------------------------</div>
<p>Subtotal 131 (131) - 97 (97) -</p>
<div style="margin-left: 2em">
---------------------------------------------------</div>
<p>Acquisition related 37 (37) - 1 (1) -</p>
<div style="margin-left: 2em">
---------------------------------------------------</div>
<p>Total stock-based</p>
<p>compensation <tm:entity><tm:money_expression><tm:money Amount="168" Currency="Dollar" value="$168">$168</tm:money></tm:money_expression></tm:entity>$(168) $- <tm:entity><tm:money_expression><tm:money Amount="98" Currency="Dollar" value="$98">$98</tm:money></tm:money_expression></tm:entity>$(98) $-</p>
<p>===================================================</p>
<p>(4) Estimated future amortization expense related to intangible
assets</p>
<p><tm:entity><tm:time_expression><tm:exact_time value="2007">as of November 30, 2007</tm:exact_time></tm:time_expression></tm:entity> is as follows:</p>
<p>Remainder <tm:entity><tm:time_expression><tm:exact_time Year="2008" value="of fiscal 2008">of Fiscal 2008</tm:exact_time></tm:time_expression></tm:entity> <tm:entity><tm:money_expression><tm:money Amount="616" Currency="Dollar" value="$616">$616</tm:money></tm:money_expression></tm:entity></p><p><tm:entity><tm:time_expression><tm:exact_time Year="2009" value="fiscal 2009">Fiscal 2009</tm:exact_time></tm:time_expression></tm:entity> 1,146</p>
<p><tm:entity><tm:time_expression><tm:exact_time Year="2010" value="fiscal 2010">Fiscal 2010</tm:exact_time></tm:time_expression></tm:entity> 1,022</p>
<p><tm:entity><tm:time_expression><tm:exact_time Year="2011" value="fiscal 2011">Fiscal 2011</tm:exact_time></tm:time_expression></tm:entity> 793</p>
<p><tm:entity><tm:time_expression><tm:exact_time Year="2012" value="fiscal 2012">Fiscal 2012</tm:exact_time></tm:time_expression></tm:entity> 658</p>
<p><tm:entity><tm:time_expression><tm:exact_time Year="2013" value="fiscal 2013">Fiscal 2013</tm:exact_time></tm:time_expression></tm:entity> 308</p>
<p>Thereafter 1,140</p>
<div style="margin-left: 2em">------- Total <tm:entity><tm:money_expression><tm:money Amount="5,683" Currency="Dollar" value="$5,683">$5,683</tm:money></tm:money_expression></tm:entity>======= (5) The
income tax provision was calculated reflecting a tax rate of 28.9%
and 29.3% <tm:entity><tm:time_expression><tm:exact_time Year="2008" value="in the first six months of fiscal 2008">in the first six months of fiscal 2008</tm:exact_time></tm:time_expression></tm:entity> and 2007,
respectively. (6) Non-GAAP diluted earnings per share and non-GAAP
diluted weighted average shares outstanding were calculated
excluding the effects of expensing stock options under Statement
123R. ORACLE CORPORATION Q2 FISCAL 2008 FINANCIAL RESULTS CONDENSED
CONSOLIDATED BALANCE SHEETS ($ in millions) November 30, May 31,
2007 2007 ------------- ------------ ASSETS Current Assets: Cash
and cash equivalents $6,733 $6,218 Marketable securities 1,699 802
Trade receivables, net 3,264 4,074 Deferred tax assets 969 968
Other current assets 893 821 ------------- ------------ <tm:company><tm:potential_company><tm:actor_ci_guessed role="Who, Who, Who" value="total"><tm:company><tm:potential_company><tm:actor_ci_guessed role="Who, Who, Who" value="total">Total</tm:actor_ci_guessed></tm:potential_company></tm:company></tm:actor_ci_guessed></tm:potential_company></tm:company>
Current Assets 13,558 12,883 Non-Current Assets: Property, net
1,655 1,603 Intangible assets, net 5,683 5,964 Goodwill 13,663
13,479 Deferred tax assets 412 48 Other assets 682 595
------------- ------------ Total Non-Current Assets 22,095 21,689
------------- ------------ TOTAL ASSETS $35,653 $34,572
============= ============ LIABILITIES AND STOCKHOLDERS' EQUITY
Current Liabilities: Commercial paper and other short-term
borrowings <tm:entity><tm:money_expression><tm:moneyrange Amount="2, 1,358" Currency="Dollar" From="$2" To="$1,358" value="$2 $1,358">$2 $1,358</tm:moneyrange></tm:money_expression></tm:entity> Accounts payable 346 315 Income taxes payable
- 1,237 Accrued compensation and related benefits 1,191 1,349
Accrued restructuring 169 201 Deferred revenues 3,577 3,492 Other
current liabilities 1,264 1,435 ------------- ------------ Total
Current Liabilities 6,549 9,387 Non-Current Liabilities: Notes
payable, non-current 6,236 6,235 Income taxes payable 1,382 -
Deferred tax liabilities 1,045 1,121 Accrued restructuring 243 258
Deferred revenues 263 93 Minority interests 338 316 Other long-term
liabilities 302 243 ------------- ------------ Total Non-Current
Liabilities 9,809 8,266 Stockholders' Equity 19,295 16,919
------------- ------------ <tm:entity><tm:company Domain="IT, Energy" Extension="Company, Co" value="total">TOTAL</tm:company></tm:entity> LIABILITIES AND STOCKHOLDERS'
EQUITY <tm:entity><tm:money_expression><tm:moneyrange Amount="35,653, 34,572" Currency="Dollar" From="$35,653" To="$34,572" value="$35,653 $34,572">$35,653 $34,572</tm:moneyrange></tm:money_expression></tm:entity>============= ============ ORACLE
CORPORATION Q2 FISCAL 2008 FINANCIAL RESULTS CONDENSED CONSOLIDATED
STATEMENTS OF CASH FLOWS ($ in millions) Six Months Ended November
30, ---------------------------- 2007 2006 -------- -------- Cash
Flows From Operating Activities: Net income $2,144 $1,637
Adjustments to reconcile net income to net cash provided by
operating activities: Depreciation 137 124 Amortization of
intangible assets 575 401 Deferred income taxes (72) 5 Minority
interests in income 29 32 Stock-based compensation 168 98 Tax
benefit on the exercise of stock options 262 205 Excess tax
benefits from stock-based compensation (187) (159) <tm:entity><tm:company><tm:potential_company role="Who, Who, Who, Who, Who, Who, Who" value="in-process"><tm:entity><tm:company><tm:potential_company role="Who, Who, Who, Who, Who, Who, Who" value="in-process">In-process</tm:potential_company></tm:company></tm:entity></tm:potential_company></tm:company></tm:entity> research and development 7 50 Net investment gains related to
equity securities (2) (18) Changes in operating assets and
liabilities, net of effects from acquisitions: Decrease in trade
receivables, net 937 681 Decrease in prepaid expenses and other
assets 27 23 Decrease in accounts payable and other liabilities
(551) (855) Decrease in income taxes payable (241) (196) Increase
(decrease) in deferred revenues 70 (162) -------- -------- Net cash
provided by operating activities 3,303 1,866 -------- -------- Cash
Flows From Investing Activities: Purchases of marketable securities
and investments (1,953) (4,251) Proceeds from maturities and sales
of marketable securities and investments 1,273 2,204 Acquisitions,
net of cash acquired (651) (488) Capital expenditures (156) (106)
-------- -------- Net cash used for investing activities (1,487)
(2,641) -------- -------- Cash Flows From Financing Activities:
Payments for repurchases of common stock (1,023) (1,936) Proceeds
from issuance of common stock 682 566 Payments of debt (1,362) (8)
Excess tax benefits from stock-based compensation 187 159
Distributions to minority interests (28) (29) -------- -------- Net
cash used for financing activities (1,544) (1,248) --------
-------- Effect of exchange rate changes on cash and cash
equivalents 243 48 -------- -------- Net increase (decrease) in
cash and cash equivalents 515 (1,975) -------- -------- Cash and
cash equivalents <tm:entity><tm:time_expression><tm:relative_time value="at beginning of period">at beginning of period</tm:relative_time></tm:time_expression></tm:entity> 6,218 6,659 --------
-------- Cash and cash equivalents <tm:entity><tm:time_expression><tm:relative_time value="at end of period">at end of period</tm:relative_time></tm:time_expression></tm:entity> <tm:entity><tm:money_expression><tm:moneyrange Amount="6,733, 4,684" Currency="Dollar" From="$6,733" To="$4,684" value="$6,733 $4,684">$6,733 $4,684</tm:moneyrange></tm:money_expression></tm:entity>======== ======== <tm:entity><tm:company Domain="IT" Extension="Corporation" value="oracle">ORACLE</tm:company></tm:entity> CORPORATION <tm:entity><tm:time_expression><tm:exact_time Year="2008" value="q2 fiscal 2008">Q2 FISCAL 2008</tm:exact_time></tm:time_expression></tm:entity> FINANCIAL
RESULTS FREE CASH FLOW - TRAILING 4-QUARTERS (1) ($ in millions)
<tm:entity><tm:time_expression><tm:exact_time Year="2008" value="fiscal 2007 fiscal 2008">Fiscal 2007 Fiscal 2008</tm:exact_time></tm:time_expression></tm:entity>---------------------------------------------------------- Q1 Q2 Q3
Q4 Q1 Q2 Q3 Q4
----------------------------------------------------------</div>
<p>GAAP Operating</p>
<p>Cash Flow $4,706 $4,651 $4,984 $5,520 $6,598 $6,957</p>
<p>Capital</p>
<p>Expenditures (2) (233) (256) (258) (319) (357) (369)</p>
<div style="margin-left: 2em">
----------------------------------------------------------</div>
<p>Free Cash Flow $4,473 $4,395 $4,726 $5,201 $6,241 $6,588</p>
<p>==========================================================</p>
<p>% Growth over</p>
<p>prior year 32% 32% 29% 21% 40% 50%</p>
<div style="margin-left: 2em">
----------------------------------------------------------</div>
<p>GAAP Net Income <tm:entity><tm:money_expression><tm:moneyrange Amount="3,532, 3,702" Currency="Dollar" From="$3,532" To="$3,702" value="$3,532 $3,702">$3,532 $3,702</tm:moneyrange></tm:money_expression></tm:entity> <tm:entity><tm:money_expression><tm:moneyrange Amount="3,970, 4,274" Currency="Dollar" From="$3,970" To="$4,274" value="$3,970 $4,274">$3,970 $4,274</tm:moneyrange></tm:money_expression></tm:entity> <tm:entity><tm:money_expression><tm:moneyrange Amount="4,444, 4,781" Currency="Dollar" From="$4,444" To="$4,781" value="$4,444 $4,781">$4,444 $4,781</tm:moneyrange></tm:money_expression></tm:entity></p><p>Free Cash Flow</p>
<p>as a % of Net</p>
<p>Income 127% 119% 119% 122% 140% 138%</p>
<p>(1) To supplement our statements of cash flows presented on a
GAAP basis,</p>
<p>we use non-GAAP measures of cash flows on a trailing 4-quarter
basis</p>
<p>to analyze cash flow generated from operations. We believe free
cash</p>
<p>flow is also useful as one of the bases for comparing our
performance</p>
<p>with our competitors. The presentation of non-GAAP free cash
flow is</p>
<p>not meant to be considered in isolation or as an alternative to
net</p>
<p>income as an indicator of our performance, or as an alternative
to</p>
<p>cash flows from operating activities as a measure of
liquidity.</p>
<p>(2) Represents capital expenditures as reported in cash flows
from</p>
<p>investing activities on our cash flow statements presented
in</p>
<p>accordance with GAAP.</p>
<p><tm:entity><tm:company Domain="IT" Extension="Corporation" value="oracle">ORACLE</tm:company></tm:entity> CORPORATION</p>
<p><tm:entity><tm:time_expression><tm:exact_time Year="2008" value="q2 fiscal 2008">Q2 FISCAL 2008</tm:exact_time></tm:time_expression></tm:entity> FINANCIAL RESULTS</p>
<p>SUPPLEMENTAL ANALYSIS OF GAAP REVENUES AND HEADCOUNT (1)</p>
<p>(in millions, except headcount data)</p>
<p><tm:entity><tm:time_expression><tm:exact_time Year="2007" value="fiscal 2007">Fiscal 2007</tm:exact_time></tm:time_expression></tm:entity></p><div style="margin-left: 2em">
---------------------------------------- Q1 Q2 Q3 Q4 <tm:company><tm:potential_company><tm:actor_ci_guessed role="Who" value="total">TOTAL</tm:actor_ci_guessed></tm:potential_company></tm:company>
---------------------------------------- REVENUES New software
licenses <tm:entity><tm:money_expression><tm:moneyrange Amount="804, 1,207" Currency="Dollar" From="$804" To="$1,207" value="$804 $1,207">$804 $1,207</tm:moneyrange></tm:money_expression></tm:entity> <tm:entity><tm:money_expression><tm:moneyrange Amount="1,390, 2,481" Currency="Dollar" From="$1,390" To="$2,481" value="$1,390 $2,481">$1,390 $2,481</tm:moneyrange></tm:money_expression></tm:entity> <tm:entity><tm:money_expression><tm:money Amount="5,882" Currency="Dollar" value="$5,882">$5,882</tm:money></tm:money_expression></tm:entity> Software license updates
and product support 1,941 2,007 2,108 2,272 8,329
---------------------------------------- Software Revenues 2,745
3,214 3,498 4,753 14,211 Consulting 640 716 694 819 2,869 On Demand
125 140 142 151 557 Education 81 93 80 105 359
---------------------------------------- Services Revenues 846 949
916 1,075 3,785 ---------------------------------------- Total
Revenues $3,591 $4,163 $4,414 $5,828 $17,996
======================================== AS REPORTED REVENUE GROWTH
RATES New software licenses 28% 14% 27% 17% 20% Software license
updates and product support 29% 29% 24% 21% 25% Software Revenues
29% 23% 25% 19% 23% Consulting 33% 42% 38% 30% 35% On Demand 49%
61% 48% 16% 40% Education 13% 14% 8% 10% 11% Services Revenues 33%
41% 36% 26% 33% Total Revenues 30% 26% 27% 20% 25% CONSTANT
CURRENCY GROWTH RATES New software licenses 26% 10% 23% 13% 17%
Software license updates and product support 27% 25% 20% 17% 22%
Software Revenues 27% 19% 21% 15% 20% Consulting 31% 37% 34% 24%
31% On Demand 47% 56% 43% 12% 37% Education 11% 11% 4% 6% 8%
Services Revenues 31% 36% 32% 20% 29% Total Revenues 28% 23% 23%
16% 22% ---------------------------------------- GEOGRAPHIC
REVENUES REVENUES Americas $1,956 $2,170 $2,315 $3,018 $9,460
Europe, Middle East &amp; Africa 1,140 1,422 1,484 1,992 6,037 Asia
Pacific 495 571 615 818 2,499
---------------------------------------- Total Revenues $3,591
$4,163 $4,414 $5,828 $17,996
======================================== HEADCOUNT (2) GEOGRAPHIC
AREA Americas 26,798 27,444 27,874 29,830 Europe, Middle East &amp;
Africa 14,199 14,640 14,758 15,680 Asia Pacific 24,129 26,350
27,850 29,164 ---------------------------------------- Total
Company 65,126 68,434 70,482 74,674
======================================== Fiscal 2008
---------------------------------------- Q1 Q2 Q3 Q4 TOTAL
---------------------------------------- REVENUES New software
licenses <tm:entity><tm:money_expression><tm:moneyrange Amount="1,087, 1,668" Currency="Dollar" From="$1,087" To="$1,668" value="$1,087 $1,668">$1,087 $1,668</tm:moneyrange></tm:money_expression></tm:entity> <tm:entity><tm:money_expression><tm:money Amount="2,756" Currency="Dollar" value="$2,756">$2,756</tm:money></tm:money_expression></tm:entity> Software license updates and product
support 2,383 2,491 4,873 ----------------------------------------
Software Revenues 3,470 4,159 7,629 Consulting 801 877 1,678 On
Demand 158 167 325 Education 100 110 210
---------------------------------------- Services Revenues 1,059
1,154 2,213 ---------------------------------------- Total Revenues
$4,529 $5,313 $9,842 ======================================== AS
REPORTED REVENUE GROWTH RATES New software licenses 35% 38% 37%
Software license updates and product support 23% 24% 23% Software
Revenues 26% 29% 28% Consulting 25% 23% 24% On Demand 27% 20% 23%
Education 24% 17% 20% Services Revenues 25% 22% 23% Total Revenues
26% 28% 27% CONSTANT CURRENCY GROWTH RATES New software licenses
32% 31% 31% Software license updates and product support 19% 18%
18% Software Revenues 23% 23% 23% Consulting 20% 15% 18% On Demand
23% 15% 19% Education 20% 10% 15% Services Revenues 21% 15% 17%
Total Revenues 22% 21% 22% ----------------------------------------
GEOGRAPHIC REVENUES REVENUES Americas $2,375 $2,674 $5,049 Europe,
Middle East &amp; Africa 1,530 1,865 3,394 Asia Pacific 624 774
1,399 ---------------------------------------- Total Revenues
$4,529 $5,313 $9,842 ----------------------------------------
HEADCOUNT (2) GEOGRAPHIC AREA <tm:entity><tm:location><tm:country><tm:place>Americas</tm:place></tm:country></tm:location></tm:entity> 30,455 30,654 <tm:entity><tm:location><tm:country><tm:place>Europe</tm:place></tm:country></tm:location></tm:entity>, <tm:entity><tm:location><tm:country><tm:place>Middle
East</tm:place></tm:country></tm:location></tm:entity>&amp; <tm:entity><tm:location><tm:country><tm:place>Africa</tm:place></tm:country></tm:location></tm:entity> 15,985 16,140 <tm:entity><tm:location><tm:country><tm:place>Asia</tm:place></tm:country></tm:location></tm:entity> <tm:entity><tm:location><tm:country><tm:place>Pacific</tm:place></tm:country></tm:location></tm:entity> 31,212 32,855
---------------------------------------- <tm:entity><tm:company Domain="IT, Energy" Extension="Company, Co" value="total">Total</tm:company></tm:entity> Company 77,652
79,649 ======================================== (1) The sum of the
quarterly financial information may vary from year-to-date
financial information due to rounding. (2) Headcount has increased
primarily due to our acquisitions. <tm:entity><tm:company Domain="IT" Extension="Corporation" value="oracle">ORACLE</tm:company></tm:entity> CORPORATION <tm:entity><tm:time_expression><tm:exact_time Year="2008" value="q2 fiscal 2008">Q2 FISCAL
2008</tm:exact_time></tm:time_expression></tm:entity> FINANCIAL RESULTS SUPPLEMENTAL <tm:entity><tm:company Domain="IT, Energy" Extension="Company, Co" value="total">TOTAL</tm:company></tm:entity> SOFTWARE PRODUCT REVENUE
ANALYSIS (1) ($ in millions) <tm:entity><tm:time_expression><tm:exact_time Year="2007" value="fiscal 2007">Fiscal 2007</tm:exact_time></tm:time_expression></tm:entity>---------------------------------------- Q1 Q2 Q3 Q4 <tm:entity><tm:company Domain="IT, Energy" Extension="Company, Co" value="total">TOTAL</tm:company></tm:entity>---------------------------------------- APPLICATIONS REVENUES New
software licenses <tm:entity><tm:money_expression><tm:moneyrange Amount="228, 340" Currency="Dollar" From="$228" To="$340" value="$228 $340">$228 $340</tm:moneyrange></tm:money_expression></tm:entity> <tm:entity><tm:money_expression><tm:moneyrange Amount="423, 726" Currency="Dollar" From="$423" To="$726" value="$423 $726">$423 $726</tm:moneyrange></tm:money_expression></tm:entity> <tm:entity><tm:money_expression><tm:money Amount="1,716" Currency="Dollar" value="$1,716">$1,716</tm:money></tm:money_expression></tm:entity> Software license
updates and product support 703 728 769 832 3,032
---------------------------------------- Software Revenues $931
$1,068 $1,192 $1,558 $4,748
======================================== AS REPORTED GROWTH RATES
New software licenses 80% 28% 57% 13% 32% Software license updates
and product support 51% 45% 27% 23% 35% Software Revenues 57% 39%
36% 18% 34% CONSTANT CURRENCY GROWTH RATES New software licenses
78% 25% 52% 10% 29% Software license updates and product support
49% 41% 23% 19% 32% Software Revenues 55% 35% 32% 15% 31%
---------------------------------------- DATABASE &amp; MIDDLEWARE
REVENUES New software licenses <tm:entity><tm:money_expression><tm:moneyrange Amount="576, 867" Currency="Dollar" From="$576" To="$867" value="$576 $867">$576 $867</tm:moneyrange></tm:money_expression></tm:entity> <tm:entity><tm:money_expression><tm:moneyrange Amount="967, 1,755" Currency="Dollar" From="$967" To="$1,755" value="$967 $1,755">$967 $1,755</tm:moneyrange></tm:money_expression></tm:entity> <tm:entity><tm:money_expression><tm:money Amount="4,166" Currency="Dollar" value="$4,166">$4,166</tm:money></tm:money_expression></tm:entity> Software license updates and product support 1,238 1,279 1,339
1,440 5,297 ---------------------------------------- Software
Revenues $1,814 $2,146 $2,306 $3,195 $9,463
======================================== AS REPORTED GROWTH RATES
New software licenses 15% 9% 17% 18% 16% Software license updates
and product support 19% 21% 22% 20% 21% Software Revenues 18% 16%
20% 19% 18% CONSTANT CURRENCY GROWTH RATES New software licenses
13% 5% 13% 15% 12% Software license updates and product support 18%
18% 19% 17% 18% Software Revenues 16% 13% 16% 16% 15% Fiscal 2008
---------------------------------------- Q1 Q2 Q3 Q4 <tm:entity><tm:company Domain="IT, Energy" Extension="Company, Co" value="total">TOTAL</tm:company></tm:entity>---------------------------------------- APPLICATIONS REVENUES New
software licenses <tm:entity><tm:money_expression><tm:moneyrange Amount="376, 553" Currency="Dollar" From="$376" To="$553" value="$376 $553">$376 $553</tm:moneyrange></tm:money_expression></tm:entity> <tm:entity><tm:money_expression><tm:money Amount="929" Currency="Dollar" value="$929">$929</tm:money></tm:money_expression></tm:entity> Software license updates and
product support 886 929 1,815
---------------------------------------- Software Revenues $1,262
$1,482 $2,744 ======================================== AS REPORTED
GROWTH RATES New software licenses 65% 63% 64% Software license
updates and product support 26% 28% 27% Software Revenues 36% 39%
37% CONSTANT CURRENCY GROWTH RATES New software licenses 61% 56%
58% Software license updates and product support 22% 21% 22%
Software Revenues 32% 32% 32%
---------------------------------------- DATABASE &amp; MIDDLEWARE
REVENUES New software licenses <tm:entity><tm:money_expression><tm:moneyrange Amount="711, 1,115" Currency="Dollar" From="$711" To="$1,115" value="$711 $1,115">$711 $1,115</tm:moneyrange></tm:money_expression></tm:entity> <tm:entity><tm:money_expression><tm:money Amount="1,827" Currency="Dollar" value="$1,827">$1,827</tm:money></tm:money_expression></tm:entity> Software license
updates and product support 1,497 1,562 3,058
---------------------------------------- Software Revenues $2,208
$2,677 $4,885 ======================================== AS REPORTED
GROWTH RATES New software licenses 23% 29% 27% Software license
updates and product support 21% 22% 21% Software Revenues 22% 25%
23% CONSTANT CURRENCY GROWTH RATES New software licenses 20% 22%
21% Software license updates and product support 17% 16% 17%
Software Revenues 18% 18% 18% (1) The sum of the quarterly
financial information may vary from year-to-date financial
information due to rounding. <tm:entity><tm:company Domain="IT" Extension="Corporation" value="oracle">ORACLE</tm:company></tm:entity> CORPORATION <tm:entity><tm:time_expression><tm:exact_time Year="2008" value="q2 fiscal 2008">Q2 FISCAL 2008</tm:exact_time></tm:time_expression></tm:entity> FINANCIAL RESULTS</div>
<p><tm:company><tm:potential_company><tm:actor_ci_guessed role="Who" value="supplemental geographic new software">SUPPLEMENTAL GEOGRAPHIC NEW SOFTWARE</tm:actor_ci_guessed></tm:potential_company></tm:company> LICENSE REVENUE ANALYSIS
(1) (2)</p>
<p>($ in millions)</p>
<p><tm:entity><tm:time_expression><tm:exact_time Year="2007" value="fiscal 2007">Fiscal 2007</tm:exact_time></tm:time_expression></tm:entity></p><div style="margin-left: 2em">
--------------------------------------- Q1 Q2 Q3 Q4 <tm:entity><tm:company Domain="IT, Energy" Extension="Company, Co" value="total">TOTAL</tm:company></tm:entity>--------------------------------------- AMERICAS Database &amp;
Middleware $232 $333 $383 $795 $1,743 Applications 126 195 250 415
986 --------------------------------------- New Software License
Revenues $358 $528 $633 $1,210 $2,729
======================================= AS REPORTED GROWTH RATES
Database &amp; Middleware 19% 2% 15% 20% 15% Applications 69% 19%
69% 5% 26% <tm:company><tm:potential_company><tm:actor_ci_guessed role="Who, Who" value="new software"><tm:company><tm:potential_company><tm:actor_ci_guessed role="Who, Who" value="new software">New Software</tm:actor_ci_guessed></tm:potential_company></tm:company></tm:actor_ci_guessed></tm:potential_company></tm:company> License Revenues 33% 8% 31% 14% 19%
CONSTANT CURRENCY GROWTH RATES Database &amp; Middleware 18% 2% 15%
19% 14% Applications 69% 19% 69% 4% 26% <tm:company><tm:potential_company><tm:actor_ci_guessed role="Who, Who" value="new software"><tm:company><tm:potential_company><tm:actor_ci_guessed role="Who, Who" value="new software">New Software</tm:actor_ci_guessed></tm:potential_company></tm:company></tm:actor_ci_guessed></tm:potential_company></tm:company> License
Revenues 32% 7% 31% 13% 18% ---------------------------------------
EUROPE / MIDDLE EAST / AFRICA Database &amp; Middleware $184 $341
$363 $619 $1,507 Applications 69 101 124 224 518
--------------------------------------- New Software License
Revenues $253 $442 $487 $843 $2,025
======================================= AS REPORTED GROWTH RATES
Database &amp; Middleware 12% 21% 15% 20% 18% Applications 83% 35%
29% 42% 42% <tm:company><tm:potential_company><tm:actor_ci_guessed role="Who, Who" value="new software"><tm:company><tm:potential_company><tm:actor_ci_guessed role="Who, Who" value="new software">New Software</tm:actor_ci_guessed></tm:potential_company></tm:company></tm:actor_ci_guessed></tm:potential_company></tm:company> License Revenues 25% 24% 18% 25% 23%
CONSTANT CURRENCY GROWTH RATES Database &amp; Middleware 8% 11% 6%
12% 10% Applications 78% 25% 19% 34% 33% <tm:company><tm:potential_company><tm:actor_ci_guessed role="Who, Who" value="new software"><tm:company><tm:potential_company><tm:actor_ci_guessed role="Who, Who" value="new software">New Software</tm:actor_ci_guessed></tm:potential_company></tm:company></tm:actor_ci_guessed></tm:potential_company></tm:company> License
Revenues 21% 14% 9% 18% 15% ---------------------------------------
ASIA PACIFIC Database &amp; Middleware $149 $185 $213 $322 $869
Applications 33 44 49 87 212
--------------------------------------- New Software License
Revenues $182 $229 $262 $409 $1,081
======================================= AS REPORTED GROWTH RATES
Database &amp; Middleware 12% 5% 26% 10% 13% Applications 126% 58%
89% (1%) 36% <tm:company><tm:potential_company><tm:actor_ci_guessed role="Who, Who" value="new software"><tm:company><tm:potential_company><tm:actor_ci_guessed role="Who, Who" value="new software">New Software</tm:actor_ci_guessed></tm:potential_company></tm:company></tm:actor_ci_guessed></tm:potential_company></tm:company> License Revenues 23% 12% 34% 8% 17%
CONSTANT CURRENCY GROWTH RATES Database &amp; Middleware 13% 2% 24%
7% 11% Applications 124% 53% 83% (4%) 33% <tm:company><tm:potential_company><tm:actor_ci_guessed role="Who, Who" value="new software"><tm:company><tm:potential_company><tm:actor_ci_guessed role="Who, Who" value="new software">New Software</tm:actor_ci_guessed></tm:potential_company></tm:company></tm:actor_ci_guessed></tm:potential_company></tm:company> License
Revenues 24% 9% 32% 5% 15% ---------------------------------------
<tm:entity><tm:company Domain="IT, Energy" Extension="Company, Co" value="total">TOTAL</tm:company></tm:entity> COMPANY Database &amp; Middleware <tm:entity><tm:money_expression><tm:moneyrange Amount="565, 859" Currency="Dollar" From="$565" To="$859" value="$565 $859">$565 $859</tm:moneyrange></tm:money_expression></tm:entity> <tm:entity><tm:money_expression><tm:moneyrange Amount="959, 1,736" Currency="Dollar" From="$959" To="$1,736" value="$959 $1,736">$959 $1,736</tm:moneyrange></tm:money_expression></tm:entity> <tm:entity><tm:money_expression><tm:money Amount="4,119" Currency="Dollar" value="$4,119">$4,119</tm:money></tm:money_expression></tm:entity> Applications 228 340 423 726 1,716
--------------------------------------- <tm:company><tm:potential_company><tm:actor_ci_guessed role="Who, Who" value="new software"><tm:company><tm:potential_company><tm:actor_ci_guessed role="Who, Who" value="new software">New Software</tm:actor_ci_guessed></tm:potential_company></tm:company></tm:actor_ci_guessed></tm:potential_company></tm:company> License
Revenues $793 $1,199 $1,382 $2,462 $5,835
======================================= AS REPORTED GROWTH RATES
Database &amp; Middleware 15% 9% 17% 18% 15% Applications 80% 28%
57% 13% 32% <tm:company><tm:potential_company><tm:actor_ci_guessed role="Who, Who" value="new software"><tm:company><tm:potential_company><tm:actor_ci_guessed role="Who, Who" value="new software">New Software</tm:actor_ci_guessed></tm:potential_company></tm:company></tm:actor_ci_guessed></tm:potential_company></tm:company> License Revenues 28% 14% 27% 17% 20%
CONSTANT CURRENCY GROWTH RATES Database &amp; Middleware 13% 5% 13%
14% 12% Applications 78% 25% 52% 10% 29% <tm:company><tm:potential_company><tm:actor_ci_guessed role="Who, Who" value="new software"><tm:company><tm:potential_company><tm:actor_ci_guessed role="Who, Who" value="new software">New Software</tm:actor_ci_guessed></tm:potential_company></tm:company></tm:actor_ci_guessed></tm:potential_company></tm:company> License
Revenues 27% 10% 23% 13% 16% Fiscal 2008
--------------------------------------- Q1 Q2 Q3 Q4 <tm:entity><tm:company Domain="IT, Energy" Extension="Company, Co" value="total">TOTAL</tm:company></tm:entity>--------------------------------------- AMERICAS Database &amp;
Middleware $286 $438 $724 Applications 199 306 505
--------------------------------------- New Software License
Revenues $485 $744 $1,229 =======================================
AS REPORTED GROWTH RATES Database &amp; Middleware 23% 32% 28%
Applications 58% 57% 57% <tm:company><tm:potential_company><tm:actor_ci_guessed role="Who, Who" value="new software"><tm:company><tm:potential_company><tm:actor_ci_guessed role="Who, Who" value="new software">New Software</tm:actor_ci_guessed></tm:potential_company></tm:company></tm:actor_ci_guessed></tm:potential_company></tm:company> License Revenues 35% 41% 39%
CONSTANT CURRENCY GROWTH RATES Database &amp; Middleware 22% 29%
26% Applications 57% 54% 55% <tm:company><tm:potential_company><tm:actor_ci_guessed role="Who, Who" value="new software"><tm:company><tm:potential_company><tm:actor_ci_guessed role="Who, Who" value="new software">New Software</tm:actor_ci_guessed></tm:potential_company></tm:company></tm:actor_ci_guessed></tm:potential_company></tm:company> License Revenues 34% 38%
37% --------------------------------------- EUROPE / MIDDLE EAST /
AFRICA Database &amp; Middleware $253 $420 $673 Applications 123
174 297 --------------------------------------- New Software
License Revenues $376 $594 $970
======================================= AS REPORTED GROWTH RATES
Database &amp; Middleware 38% 23% 28% Applications 77% 72% 74% <tm:company><tm:potential_company><tm:actor_ci_guessed role="Who, Who" value="new software"><tm:company><tm:potential_company><tm:actor_ci_guessed role="Who, Who" value="new software">New
Software</tm:actor_ci_guessed></tm:potential_company></tm:company></tm:actor_ci_guessed></tm:potential_company></tm:company> License Revenues 49% 34% 40% CONSTANT CURRENCY GROWTH
RATES Database &amp; Middleware 30% 12% 19% Applications 69% 58%
62% <tm:company><tm:potential_company><tm:actor_ci_guessed role="Who, Who" value="new software"><tm:company><tm:potential_company><tm:actor_ci_guessed role="Who, Who" value="new software">New Software</tm:actor_ci_guessed></tm:potential_company></tm:company></tm:actor_ci_guessed></tm:potential_company></tm:company> License Revenues 41% 23% 29%
--------------------------------------- ASIA PACIFIC Database &amp;
Middleware $155 $244 $399 Applications 54 73 127
--------------------------------------- New Software License
Revenues $209 $317 $526 ======================================= AS
REPORTED GROWTH RATES Database &amp; Middleware 4% 32% 19%
Applications 67% 66% 67% <tm:company><tm:potential_company><tm:actor_ci_guessed role="Who, Who" value="new software"><tm:company><tm:potential_company><tm:actor_ci_guessed role="Who, Who" value="new software">New Software</tm:actor_ci_guessed></tm:potential_company></tm:company></tm:actor_ci_guessed></tm:potential_company></tm:company> License Revenues 15% 39% 28%
CONSTANT CURRENCY GROWTH RATES Database &amp; Middleware 1% 26% 15%
Applications 60% 57% 58% <tm:company><tm:potential_company><tm:actor_ci_guessed role="Who, Who" value="new software"><tm:company><tm:potential_company><tm:actor_ci_guessed role="Who, Who" value="new software">New Software</tm:actor_ci_guessed></tm:potential_company></tm:company></tm:actor_ci_guessed></tm:potential_company></tm:company> License Revenues 12% 32% 23%
--------------------------------------- <tm:entity><tm:company Domain="IT, Energy" Extension="Company, Co" value="total">TOTAL</tm:company></tm:entity> COMPANY Database
&amp; Middleware <tm:entity><tm:money_expression><tm:moneyrange Amount="694, 1,102" Currency="Dollar" From="$694" To="$1,102" value="$694 $1,102">$694 $1,102</tm:moneyrange></tm:money_expression></tm:entity> <tm:entity><tm:money_expression><tm:money Amount="1,796" Currency="Dollar" value="$1,796">$1,796</tm:money></tm:money_expression></tm:entity> Applications 376 553 929
--------------------------------------- <tm:company><tm:potential_company><tm:actor_ci_guessed role="Who, Who" value="new software"><tm:company><tm:potential_company><tm:actor_ci_guessed role="Who, Who" value="new software">New Software</tm:actor_ci_guessed></tm:potential_company></tm:company></tm:actor_ci_guessed></tm:potential_company></tm:company> License
Revenues $1,070 $1,655 $2,725
======================================= AS REPORTED GROWTH RATES
Database &amp; Middleware 23% 28% 26% Applications 65% 63% 64% <tm:company><tm:potential_company><tm:actor_ci_guessed role="Who, Who" value="new software"><tm:company><tm:potential_company><tm:actor_ci_guessed role="Who, Who" value="new software">New
Software</tm:actor_ci_guessed></tm:potential_company></tm:company></tm:actor_ci_guessed></tm:potential_company></tm:company> License Revenues 35% 38% 37% CONSTANT CURRENCY GROWTH
RATES Database &amp; Middleware 19% 21% 21% Applications 61% 56%
58% <tm:company><tm:potential_company><tm:actor_ci_guessed role="Who, Who" value="new software"><tm:company><tm:potential_company><tm:actor_ci_guessed role="Who, Who" value="new software">New Software</tm:actor_ci_guessed></tm:potential_company></tm:company></tm:actor_ci_guessed></tm:potential_company></tm:company> License Revenues 31% 31% 31% (1) The sum of the
quarterly financial information may vary from year-to-date
financial information due to rounding. (2) <tm:company><tm:potential_company><tm:actor_ci_guessed role="Who" value="new software">New Software</tm:actor_ci_guessed></tm:potential_company></tm:company> License
Revenues presented exclude documentation and miscellaneous
revenues. APPENDIX A <tm:entity><tm:company Domain="IT" Extension="Corporation" value="oracle">ORACLE</tm:company></tm:entity> CORPORATION <tm:entity><tm:time_expression><tm:exact_time Year="2008" value="q2 fiscal 2008">Q2 FISCAL 2008</tm:exact_time></tm:time_expression></tm:entity> FINANCIAL
RESULTS EXPLANATION OF NON-GAAP MEASURES</div>
<p>To supplement our financial results presented on a GAAP basis,
we use the non-GAAP measures indicated in the table, which exclude
certain business combination accounting entries and expenses
related to acquisitions as well as other significant expenses
including stock-based compensation, that we believe are helpful in
understanding our past financial performance and our future
results. Our non-GAAP financial measures are not meant to be
considered in isolation or as a substitute for comparable GAAP
measures, and should be read only in conjunction with our
consolidated financial statements prepared in accordance with GAAP.
Our management regularly uses our supplemental non-GAAP financial
measures internally to understand, manage and evaluate our business
and make operating decisions. These non-GAAP measures are among the
primary factors management uses in planning for and forecasting
future periods. Compensation of our <tm:entity><tm:function FunctionCategory="Board" value="executives">executives</tm:function></tm:entity> is based in part on
the performance of our business based on these non-GAAP measures.
Our non-GAAP financial measures reflect adjustments based on the
following items, as well as the related income tax effects:</p>
<ul>
<li>Support deferred revenue: Business combination accounting rules
require us to account for the fair value of support contracts
assumed in connection with our acquisitions. Because these are
typically one-year contracts, our <tm:company><tm:potential_company><tm:actor_ci_guessed role="Who" value="gaap">GAAP</tm:actor_ci_guessed></tm:potential_company></tm:company> revenues for the one-year
period subsequent to our acquisitions do not reflect the full
amount of software license updates and product support revenues on
assumed support contracts that would have otherwise been recorded
by the acquired entities. The non-GAAP adjustment is intended to
reflect the full amount of such revenues. We believe this
adjustment is useful to investors as a measure of the ongoing
performance of our business because we have historically
experienced high renewal rates on support contracts, although we
cannot be certain that customers will renew these contracts.</li>
<li>Stock-based compensation expenses: We have excluded the effect
of stock-based compensation expenses from our non-GAAP operating
expenses and net income. Although stock-based compensation is a key
incentive offered to our employees, and we believe such
compensation contributed to the revenues earned during the periods
presented and also believe it will contribute to the generation of
future period revenues, we continue to evaluate our business
performance excluding stock-based compensation expenses.
Stock-based compensation expenses will recur in future
periods.</li>
<li>Amortization of intangible assets expenses: We have excluded
the effect of amortization of intangibles from our non-GAAP
operating expenses and net income. Amortization of intangible
assets expense is inconsistent in amount and frequency and is
significantly affected by the timing and size of our acquisitions.
Investors should note that the use of intangible assets contributed
to revenues earned during the periods presented and will contribute
to future period revenues as well. Amortization expenses will recur
in future periods.</li>
<li>Acquisition related charges and restructuring expenses: We
incurred significant expenses in connection with acquisitions,
which we would not have otherwise incurred <tm:entity><tm:time_expression><tm:relative_time value="in the periods">in the periods</tm:relative_time></tm:time_expression></tm:entity> presented. Acquisition related charges primarily consist of
in-process research and development expenses, integration-related
professional services, stock-based compensation expenses (in
addition to the stock-based compensation expenses described above)
and personnel related expenses for transitional employees.
<tm:company><tm:potential_company><tm:actor_ci_guessed role="Who" value="stock-based">Stock-based</tm:actor_ci_guessed></tm:potential_company></tm:company> compensation expenses included in acquisition related
charges primarily resulted from unvested options assumed in
acquisitions whose vesting was fully accelerated upon termination
of the employees pursuant to the terms of the options.
Restructuring expenses consist of <tm:entity><tm:company Domain="IT" Extension="Corporation" role="Who" value="oracle">Oracle</tm:company></tm:entity> employee severance and
other exit costs, generally in connection with our acquisitions. We
believe it is useful for investors to understand the effect of
these expenses on our cost structure. Although acquisition related
charges and restructuring costs are not recurring with respect to
past acquisitions, we will incur these expenses in connection with
future acquisitions.</li>
</ul>
<p>For the three and six months ended <tm:entity><tm:time_expression><tm:exact_time value="2006">November 30, 2006</tm:exact_time></tm:time_expression></tm:entity>,
acquisition related charges also included a benefit related to the
settlement of a lawsuit filed against <tm:entity><tm:company Domain="IT" Extension="Inc." role="Who" value="peoplesoft">PeopleSoft</tm:company></tm:entity>, Inc. on behalf of
the <tm:entity><tm:organisation Domain="Governmental" value="u s government">U.S. government</tm:organisation></tm:entity>. This lawsuit was filed <tm:entity><tm:time_expression><tm:exact_time Month="October" Year="2003" value="in october 2003">in October 2003</tm:exact_time></tm:time_expression></tm:entity>, prior
to our acquisition of <tm:entity><tm:company Domain="IT" Extension="Inc." role="Who" value="peoplesoft">PeopleSoft</tm:company></tm:entity> and represented a pre-acquisition
contingency that we identified and assumed in connection with our
acquisition of <tm:entity><tm:company Domain="IT" Extension="Inc." role="Whom" value="peoplesoft">PeopleSoft</tm:company></tm:entity>. <tm:entity><tm:time_expression><tm:exact_time Month="October" Year="2006" value="in october 2006">In October 2006</tm:exact_time></tm:time_expression></tm:entity>, we agreed to pay the
<tm:entity><tm:organisation Domain="Governmental" value="u s government">U.S. government</tm:organisation></tm:entity> <tm:entity><tm:money_expression><tm:money Amount="98 million" Currency="Dollar" value="$98 million">$98 million</tm:money></tm:money_expression></tm:entity> to settle this lawsuit. Business
combination accounting standards require that after the end of the
purchase price allocation period, any adjustment that results from
a pre-acquisition contingency should be included as an element of
net income <tm:entity><tm:time_expression><tm:relative_time value="in the period">in the period</tm:relative_time></tm:time_expression></tm:entity> of settlement, versus an adjustment to the
original purchase price allocation. Since the purchase price
allocation period for <tm:entity><tm:company Domain="IT" Extension="Inc." value="peoplesoft">PeopleSoft</tm:company></tm:entity> ended <tm:entity><tm:time_expression><tm:exact_time Year="2006" value="in the third quarter of fiscal 2006">in the third quarter of
fiscal 2006</tm:exact_time></tm:time_expression></tm:entity>, the favorable difference of <tm:entity><tm:money_expression><tm:money Amount="52 million" Currency="Dollar" value="$52 million">$52 million</tm:money></tm:money_expression></tm:entity> between the
estimated exposure recorded for this lawsuit during the purchase
price allocation period and the actual settlement amount has been
included in our consolidated statement of operations for the three
and six months ended <tm:entity><tm:time_expression><tm:exact_time value="2006">November 30, 2006</tm:exact_time></tm:time_expression></tm:entity> as a component of
acquisition related charges.</p>
</body>
</html>


</doc>

