<doc xmlns:tm="http://www.temis.com/annotations/1.1/">
<metadata>
<aboutcompany value="west coast labs"/>
<releaselocation value="santa clara"/>
<data_source value="prnews"/>
<source value="mcafee, inc."/>
<processing_date>2008-01-21T18:13:51</processing_date>
<date>2007-12-17T09:00:00</date>
<quote symbol="NYSE:MFE" src-company="mcafee" company="McAfee, Inc." date="2007-12-17" price="37.85"/></metadata>
<title><tm:entity><tm:company Domain="IT" Extension="Inc" value="mcafee">McAfee</tm:company></tm:entity>, Inc. Again Receives Coveted Checkmark Premium Certification
</title><html>
<head>
<meta name="generator" content="HTML Tidy for Windows (vers 14 February 2006), see www.w3.org"/>
<!-- #BeginEditable "doctitle" -->
<title><tm:entity><tm:company Domain="IT" Extension="Inc" value="mcafee">McAfee</tm:company></tm:entity>, Inc. Again Receives Coveted Checkmark Premium
Certification</title></head>
<body>
<p><tm:entity><tm:company Domain="IT" Extension="Inc" value="mcafee">McAfee</tm:company></tm:entity> Secure Internet Gateway Protects Against Spam, Viruses,
Spyware, Phishing and Malicious Web Sites - Delivering Enterprise
Class Security at</p>
<p>an Affordable Flat-Rate Price</p>
<p><tm:entity><tm:location><tm:country location_country="Cuba"><tm:place>SANTA CLARA</tm:place></tm:country></tm:location></tm:entity>, <tm:entity><tm:location><tm:country location_country="United States of America"><tm:place>Calif.</tm:place></tm:country></tm:location></tm:entity>, <tm:entity><tm:time_expression><tm:relative_time Day="17" Month="Dec." value="dec. 17">Dec. 17</tm:relative_time></tm:time_expression></tm:entity> /PRNewswire-FirstCall/ -- <tm:entity><tm:company Domain="IT" Extension="Inc" value="mcafee">McAfee</tm:company></tm:entity>,
Inc. (<tm:entity><tm:stockindex value="nyse">NYSE</tm:stockindex></tm:entity>: <a class="small" href="http://studio-5.financialcontent.com/prnews?Page=Quote&amp;Ticker=MFE" onclick="var s=s_gi(s_account); var hd1 = document.getElementById('headline'); s.tl(this,'o',getLinkName('Company Sanpshot'));">MFE</a>) today announced that it has received a Checkmark Premium
Anti-Spam Certification for accurately detecting 98 percent of spam
in independent testing performed by West <tm:entity><tm:company Domain="Pharma" Location_Continent="Africa" Location_Country="Kenya" value="coast labs">Coast Labs</tm:company></tm:entity>. The Checkmark
certification is the latest in a series of recognitions <tm:entity><tm:company Domain="IT" Extension="Inc" value="mcafee">McAfee</tm:company></tm:entity>'s
anti-spam technology has received <tm:entity><tm:time_expression><tm:relative_time value="in the past three years">in the past three years</tm:relative_time></tm:time_expression></tm:entity>.</p><p>According to <tm:entity><tm:company Domain="IT" Extension="Inc" value="mcafee">McAfee</tm:company></tm:entity> Avert Labs, approximately 87 percent of all
Internet e-mail is spam. Efforts to fight spam drain a company's
productivity and put a strain on its resources. <tm:entity><tm:company Domain="IT" Extension="Inc" value="mcafee">McAfee</tm:company></tm:entity> offers
comprehensive, accurate e-mail and Web security solutions that
protect networks and employees from spam, phishing, and other
threats.</p>
<p>"Overall, <tm:entity><tm:company Domain="IT" Extension="Inc" value="mcafee">McAfee</tm:company></tm:entity> Secure Internet Gateway 3000 is an efficient,
powerful anti-spam solution that offers a high degree of
customization," said <tm:entity><tm:person Family_Name="Thomas" First_Name="Chris" Gender="Male" value="chris thomas">Chris Thomas</tm:person></tm:entity> of West <tm:entity><tm:company Domain="Pharma" Location_Continent="Africa" Location_Country="Kenya" value="coast labs">Coast Labs</tm:company></tm:entity>. "It provides
informative and relevant statistical information, and has the
ability to generate comprehensive reports in multiple formats,
giving an abundance of information."</p><p>"Spam is no longer just a nuisance, and the ability to block it
is critical for IT security," said <tm:entity><tm:person Family_Name="Solanki" First_Name="Vimal" Gender="Male" role="Person" value="vimal solanki">Vimal Solanki</tm:person></tm:entity>, <tm:entity><tm:function FunctionCategory="Board" role="Has_Function" value="senior director of product">senior director
of product</tm:function></tm:entity> marketing, <tm:entity><tm:company Domain="IT" Extension="Inc" value="mcafee">McAfee</tm:company></tm:entity>, Inc. "Spam has become a new way for
criminals to solicit individual and company information, and a way
to plant Trojans and other malware onto user computers. To fight
cybercrime, companies must tackle the spam problem. We're honored
to be recognized by West <tm:entity><tm:company Domain="Pharma" Location_Continent="Africa" Location_Country="Kenya" value="coast labs">Coast Labs</tm:company></tm:entity> with their highest level of
anti-spam certification."</p>
<p><tm:entity><tm:company Domain="IT" Extension="Inc" value="mcafee">McAfee</tm:company></tm:entity> anti-spam products are virtually automatic, providing
high spam block rates out of the box. Detection rules are updated
around the clock based on the latest threat research. <tm:entity><tm:company Domain="IT" Extension="Inc" value="mcafee">McAfee</tm:company></tm:entity>'s
award-winning anti-spam technology is available in multiple <tm:entity><tm:company Domain="IT" Extension="Inc" value="mcafee">McAfee</tm:company></tm:entity> products in both appliance and software form factors, including the
following:<br/></p>
<ul>
<li><tm:entity><tm:company Domain="IT" Extension="Inc" value="mcafee">McAfee</tm:company></tm:entity> Secure Internet Gateway. These appliances are ideal for
organizations that require highly accurate protection against spam,
viruses and sensitive data loss</li>
<li><tm:entity><tm:company Domain="IT" Extension="Inc" value="mcafee">McAfee</tm:company></tm:entity> Secure Messaging Gateway. These dedicated,
high-performance appliances are for large enterprises with
demanding messaging security requirements</li>
<li>McAfee GroupShield. This software blocks spam on Microsoft(R)
Exchange and Lotus(R) Domino(R) mail servers. It is available
standalone and as part of McAfee Total Protection for Enterprise
and McAfee Total Protection for Enterprise Advanced.</li>
</ul>
<p>West <tm:entity><tm:company Domain="Pharma" Location_Continent="Africa" Location_Country="Kenya" value="coast labs">Coast Labs</tm:company></tm:entity>' report describing <tm:entity><tm:company Domain="IT" Extension="Inc" value="mcafee">McAfee</tm:company></tm:entity>'s anti-spam results is
available at: <a href="http://www.mcafee.com/us/local_content/white_papers/checkmark_as_cert.pdf" target="_new">http://www.mcafee.com/us/local_content/white_papers/checkmark_as_cert.pdf</a></p><p>About West <tm:entity><tm:company Domain="Pharma" Location_Continent="Africa" Location_Country="Kenya" value="coast labs">Coast Labs</tm:company></tm:entity></p><p>West <tm:entity><tm:company Domain="Pharma" Location_Continent="Africa" Location_Country="Kenya" value="coast labs">Coast Labs</tm:company></tm:entity> is an independent organization, which tests and
validates the functionality and performance of information security
products. West <tm:entity><tm:company Domain="Pharma" Location_Continent="Africa" Location_Country="Kenya" value="coast labs">Coast Labs</tm:company></tm:entity> has also developed the Checkmark
certification system into one of the world's foremost certification
programs-an integrated system of standards that are recognized
around the world as reliable indicators of performance levels.
<a href="http://www.westcoastlabs.com" target="_new">http://www.westcoastlabs.com</a>.</p><p><tm:entity><tm:company Extension="Inc" value="about mcafee">About McAfee</tm:company></tm:entity>, Inc.</p><p><tm:entity><tm:company Domain="IT" Extension="Inc" value="mcafee">McAfee</tm:company></tm:entity>, Inc., the leading dedicated security technology company,
headquartered in <tm:entity><tm:location><tm:country location_country="Cuba"><tm:place>Santa Clara</tm:place></tm:country></tm:location></tm:entity>, <tm:entity><tm:location><tm:country location_country="United States of America"><tm:place>California</tm:place></tm:country></tm:location></tm:entity>, delivers proactive and
proven solutions and services that secure systems and networks
around the world. With its unmatched security expertise and
commitment to innovation, <tm:entity><tm:company Domain="IT" Extension="Inc" value="mcafee">McAfee</tm:company></tm:entity> empowers home users, businesses,
the public sector, and service providers with the ability to block
attacks, prevent disruptions, and continuously track and improve
their security. <a href="http://www.mcafee.com" target="_new">http://www.mcafee.com</a>.</p><p>NOTE: <tm:entity><tm:company Domain="IT" Extension="Inc" value="mcafee">McAfee</tm:company></tm:entity>, Avert, GroupShield and Secure Internet Gateway are
registered trademarks or trademarks of <tm:entity><tm:company Domain="IT" Extension="Inc" value="mcafee">McAfee</tm:company></tm:entity>, Inc. and/or its
affiliates in the <tm:entity><tm:location><tm:country><tm:place>United States</tm:place></tm:country></tm:location></tm:entity> and/or other countries. McAfee Red in connection with security is distinctive of <tm:entity><tm:company Domain="IT" Extension="Inc" value="mcafee">McAfee</tm:company></tm:entity> brand
products. All other registered and unregistered trademarks herein
are the sole property of their <tm:entity><tm:function FunctionCategory="Board" value="respective owners">respective owners</tm:function></tm:entity>. (C) 2007 <tm:entity><tm:company Domain="IT" Extension="Inc" value="mcafee">McAfee</tm:company></tm:entity>,
Inc. All Rights Reserved.</p></body>
</html>


</doc>

