<doc xmlns:tm="http://www.temis.com/annotations/1.1/">
<metadata>
<aboutcompany value="picaboo"/>
<releaselocation value="menlo park"/>
<data_source value="prnews"/>
<source value="picaboo"/>
<processing_date>2008-01-21T18:14:29</processing_date>
<date>2007-12-17T07:00:00</date>
</metadata>
<title>Picaboo Launches Non-Profit Program
</title>
<html>
<head>
<meta name="generator" content="HTML Tidy for Windows (vers 14 February 2006), see www.w3.org"/>
<!-- #BeginEditable "doctitle" -->
<title>Picaboo Launches Non-Profit Program</title>
</head>
<body>
<div style="margin-left: 2em">- Qualifying Organizations Get 50
Percent Off Photo Books &amp; Greeting Cards -</div>
<p><tm:entity><tm:location><tm:country><tm:place>MENLO PARK</tm:place></tm:country></tm:location></tm:entity>, <tm:entity><tm:location><tm:country location_country="United States of America"><tm:place>Calif.</tm:place></tm:country></tm:location></tm:entity>, <tm:entity><tm:time_expression><tm:relative_time Day="17" Month="Dec." value="dec. 17">Dec. 17</tm:relative_time></tm:time_expression></tm:entity> /PRNewswire/ -- Picaboo (<a href="http://www.picaboo.com" target="_new">http://www.picaboo.com</a>),
makers of the innovative free software that helps people turn
photos into stunning photo books and greeting cards, today
announced a special program for non-profit organizations that
benefit children. Non-profit groups that focus on education, health
and welfare, as well as sports and recreation for kids are invited
to apply for an ongoing 50% off discount on photo books and
greeting cards. Found at <a href="http://www.picaboo.com/nonprofit" target="_new">http://www.picaboo.com/nonprofit</a>the program is
free with registration.</p>
<p>For kids, photo books encapsulate meaningful life experiences,
enabling them to relive and share fun times and pivotal moments in
their lives. For organizations, photo books and cards are a
powerful way to communicate with parents, donors, and other
important constituents. Non-profits for kids have tapped Picaboo to
make school yearbooks, camp memory books and sports team
yearbooks.</p>
<p>Easy to Get Started</p>
<p>Picaboo's free downloadable software uses digital photos from
the user's hard drive in seconds rather than requiring a
time-consuming upfront uploading process required from
photofinishing web sites. Picaboo also helps pique creativity and
set direction -- the <tm:entity><tm:organisation value="picaboo idea center">Picaboo Idea Center</tm:organisation></tm:entity> guides customers through
highly relevant topics, including Sports and Travel. Thousands of
professionally-designed backgrounds and several sample albums are
also available.</p>
<p>Through the Non-Profit Program, photo book pricing starts at
just $5.00 for an 8x6" 20-page soft cover photo book and <tm:entity><tm:money_expression><tm:money Amount="0.75" Currency="Dollar" value="$0.75">$0.75</tm:money></tm:money_expression></tm:entity> for
a folded greeting card. Shipping is additional. Once made, Picaboo
photo books can also be easily shared online free of charge.</p>
<p>About Picaboo</p>
<p>Picaboo is spearheading the digital photofinishing revolution
with its innovative free software for creating, buying, and sharing
photo books and greeting cards. Headquartered in <tm:entity><tm:location><tm:country><tm:place>Menlo Park</tm:place></tm:country></tm:location></tm:entity>,
<tm:entity><tm:location><tm:country location_country="United States of America"><tm:place>California</tm:place></tm:country></tm:location></tm:entity>, the company is privately-held and can be found on the
web at <a href="http://www.picaboo.com" target="_new">http://www.picaboo.com</a>.</p></body>
</html>


</doc>

