<doc xmlns:tm="http://www.temis.com/annotations/1.1/">
<metadata><aboutcompany value="radcom"/><releaselocation value="tel-aviv"/><data_source value="prnews"/><source value="radcom ltd"/><processing_date>2008-01-21T17:53:12</processing_date><date>2007-12-19T08:00:00</date><quote symbol="NASDAQ:RDCM" src-company="radcom" company="RADCOM Ltd." date="2007-12-19" price="0.77"/></metadata>
<title>RADCOM Signs Agreements for $2.5M Pipe Transaction
</title>
<html>
<head>
<meta name="generator" content="HTML Tidy for Windows (vers 14 February 2006), see www.w3.org"/>
<!-- #BeginEditable "doctitle" -->
<title>RADCOM Signs Agreements for $2.5M Pipe Transaction</title>
</head>
<body>
<p>Special General Meeting of Shareholders Called <tm:entity><tm:time_expression><tm:exact_time value="2008">for January 30,
2008</tm:exact_time></tm:time_expression></tm:entity> to</p>
<p>Approve Transaction</p>
<p><tm:entity><tm:location><tm:country location_country="Israel"><tm:place>TEL-AVIV</tm:place></tm:country></tm:location></tm:entity>, <tm:entity><tm:location><tm:country><tm:place>Israel</tm:place></tm:country></tm:location></tm:entity>, <tm:entity><tm:time_expression><tm:relative_time Day="19" Month="December" role="Context" value="december 19">December 19</tm:relative_time></tm:time_expression></tm:entity> /PRNewswire-FirstCall/ -- <tm:entity><tm:company Extension="Ltd." role="Who" value="radcom">RADCOM</tm:company></tm:entity> Ltd. (<tm:entity><tm:company><tm:abbreviation role="Who" value="radcom">RADCOM</tm:abbreviation></tm:company></tm:entity>) (<tm:entity><tm:stockindex role="Context_Entity" value="nasdaq">NASDAQ</tm:stockindex></tm:entity> and TASE: RDCM) today announced that it has
signed a definitive agreement with investors regarding a private
placement transaction (PIPE), subject to, among other conditions,
the approval of Radcom's meeting of shareholders. The largest
investor in the proposed PIPE is the Company's <tm:entity><tm:function FunctionCategory="Board" role="Has_Function" value="chairman">Chairman</tm:function></tm:entity>, <tm:entity><tm:person Family_Name="Zisapel" First_Name="Zohar" Gender="Male" Title="Mr" role="Person" value="mr zohar zisapel">Mr. Zohar
Zisapel</tm:person></tm:entity>, who will invest approximately $1.65 million.</p><p>In order to approve the transaction, the Company is calling a
special meeting of shareholders to be held <tm:entity><tm:time_expression><tm:exact_time value="2008">on January 30, 2008</tm:exact_time></tm:time_expression></tm:entity>.</p><p>According to the terms of the definitive agreement signed with
the investors, the Company will issue ordinary shares to the
investors at an aggregate purchase price of <tm:entity><tm:money_expression><tm:money Amount="2.5 million" Currency="Dollar" value="$2.5 million">$2.5 million</tm:money></tm:money_expression></tm:entity>, with the
exact price per share to be based on the average closing price of
the Company's ordinary shares on the ten trading days prior to the
shareholders' meeting, less a discount of 10%. The investors will
also be granted warrants to purchase one ordinary share for every
three ordinary shares purchased by them in the transaction. In
addition, the Company has agreed to register the resale of the
shares and the shares underlying the warrants. The PIPE investment
is subject to the approval of the Company's shareholders at the
aforementioned special meeting.</p><p>In addition, Management is currently negotiating terms with a
venture lending firm for a loan of <tm:entity><tm:money_expression><tm:money Amount="2.5 million" Currency="Dollar" value="$2.5 million">$2.5 million</tm:money></tm:money_expression></tm:entity>. There can be no
assurance that this transaction will close.</p><p>Commenting on the news, <tm:entity><tm:person Family_Name="Ripstein" First_Name="David" Gender="Male" Title="Mr" role="Person" value="mr david ripstein">Mr. David Ripstein</tm:person></tm:entity>, <tm:entity><tm:function FunctionCategory="Board" role="Has_Function" value="president and ceo">President and CEO</tm:function></tm:entity> of
<tm:entity><tm:company><tm:potential_company role="Who" value="radcom">RADCOM</tm:potential_company></tm:company></tm:entity>, said, "We are gratified by the confidence demonstrated by
our investors in making this significant capital injection. The
PIPE will increase our cash balance significantly, enhancing our
positioning with our customers. We believe the combination of this
strengthened capital base with our recently streamlined expense
platform, expanded sales pipeline and more effective sales channels
position us to return to profitability and to accelerated growth <tm:entity><tm:time_expression><tm:relative_time value="in the year ahead">in
the year ahead</tm:relative_time></tm:time_expression></tm:entity>."</p><p>About RADCOM</p>
<p>RADCOM develops, manufactures, markets and supports innovative
network test and service monitoring solutions for communications
service providers and equipment vendors. The Company specializes in
Next Generation Cellular as well as Voice, Data and Video over IP
networks. Its solutions are used in the development and
installation of network equipment and in the maintenance of
operational networks. The Company's products facilitate fault
management, network service performance monitoring and analysis,
troubleshooting and pre-mediation. RADCOM's shares are listed on
both the <tm:entity><tm:stockindex value="nasdaq">Nasdaq</tm:stockindex></tm:entity> Capital Market and the <tm:entity><tm:organisation Domain="Financial" value="tel aviv stock exchange">Tel Aviv Stock Exchange</tm:organisation></tm:entity> under the symbol RDCM. For more information, please visit <a href="http://www.RADCOM.com" target="_new">http://www.RADCOM.com</a>.</p>
<p>Risks Regarding Forward-Looking Statements</p>
<p>Certain statements made herein that use the words "estimate,"
"project," "intend," "expect," "'believe" and similar expressions
are intended to identify forward-looking statements within the
meaning of the Private Securities Litigation Reform Act of 1995.
These forward-looking statements involve known and unknown risks
and uncertainties that could cause the actual results, performance
or achievements of the Company to be materially different from
those that may be expressed or implied by such statements,
including, among others, changes in general economic and business
conditions and specifically, decline in the demand for the
Company's products, inability to timely develop and introduce new
technologies, products and applications, and loss of market share
and pressure on prices resulting from competition. For additional
information regarding these and other risks and uncertainties
associated with the Company's business, reference is made to the
Company's reports filed from time to time with the <tm:entity><tm:location><tm:country><tm:place>United States</tm:place></tm:country></tm:location></tm:entity> Securities and <tm:entity><tm:organisation value="exchange commission">Exchange Commission</tm:organisation></tm:entity>. The Company does not undertake
to revise or update any forward-looking statements for any
reason.<br/></p><p>Contact:</p>
<p><tm:entity><tm:person Family_Name="Burgin" First_Name="Jonathan" Gender="Male" value="jonathan burgin">Jonathan Burgin</tm:person></tm:entity>,</p><p><tm:entity><tm:function FunctionCategory="Board" value="chief legal officer">CFO</tm:function></tm:entity>,</p><p>+972-3-645-5004,</p>
<p><a href="mailto:jonathanb@radcom.com"><tm:entity><tm:email value="jonathanb@radcom.com">jonathanb@radcom.com</tm:email></tm:entity></a></p></body>
</html>


</doc>

