<doc xmlns:tm="http://www.temis.com/annotations/1.1/">
<metadata>
<aboutcompany value="oracle application server"/>
<releaselocation value="redwood shores"/>
<data_source value="prnews"/>
<source value="oracle"/>
<processing_date>2008-01-21T17:55:57</processing_date>
<date>2007-12-18T09:30:00</date>
<quote symbol="NASDAQ:ORCL" src-company="oracle" company="Oracle Corporation" date="2007-12-18" price="21.25"/><quote symbol="NASDAQ:INTC" src-company="intel" company="Intel Corporation" date="2007-12-18" price="25.91"/></metadata>
<title>Oracle(R) Fusion Middleware Delivers World Record Clustered Results in SPECjAppServer2004 Benchmark With HP Integrity Server Blades and HP StorageWorks EVA</title>
<html>
<head>
<meta name="generator" content="HTML Tidy for Windows (vers 14 February 2006), see www.w3.org"/>
<!-- #BeginEditable "doctitle" -->
<title>Oracle(R) Fusion Middleware Delivers World Record Clustered
Results in SPECjAppServer2004 Benchmark With HP Integrity Server
Blades and HP StorageWorks EVA</title></head>
<body>
<p><tm:entity><tm:company Domain="IT" Extension="Corporation" value="oracle">Oracle</tm:company></tm:entity> Application Server with <tm:entity><tm:company Domain="IT" value="oracle database">Oracle Database</tm:company></tm:entity> and <tm:entity><tm:company Domain="IT" Extension="Corporation" value="oracle">Oracle</tm:company></tm:entity> Real
Application</p>
<p>Clusters Outperforms <tm:entity><tm:company><tm:normalized_name Domain="IT" value="ibm">IBM</tm:normalized_name></tm:company></tm:entity> and BEA</p>
<p><tm:entity><tm:location><tm:country><tm:place>REDWOOD SHORES</tm:place></tm:country></tm:location></tm:entity>, <tm:entity><tm:location><tm:country location_country="United States of America"><tm:place>Calif.</tm:place></tm:country></tm:location></tm:entity>, <tm:entity><tm:time_expression><tm:relative_time Day="18" Month="Dec." value="dec. 18">Dec. 18</tm:relative_time></tm:time_expression></tm:entity> /PRNewswire-FirstCall/ -- <tm:entity><tm:company Domain="IT" Extension="Corporation" value="oracle">Oracle</tm:company></tm:entity> today announced that Oracle(R) Application Server 10g Release 3, a
component of <tm:entity><tm:company Domain="IT" value="oracle fusion middleware">Oracle Fusion Middleware</tm:company></tm:entity>, together with <tm:entity><tm:company Domain="IT" value="oracle database">Oracle
Database</tm:company></tm:entity> and <tm:entity><tm:company Domain="IT" Extension="Corporation" value="oracle">Oracle</tm:company></tm:entity> Real Application Clusters, running on HP Integrity server blades and HP StorageWorks Enterprise Virtual
Arrays, delivered world record clustered performance results with
the SPECjAppServer2004 Benchmark.(1) Reaching the highest
performance ever achieved running a clustered database, this result
surpassed the best SPECjAppServer2004 benchmark results from BEA
WebLogic(2) by 15 percent and <tm:entity><tm:company><tm:normalized_name Domain="IT" value="ibm">IBM</tm:normalized_name></tm:company></tm:entity> WebSphere with <tm:entity><tm:company><tm:normalized_name Domain="IT" value="ibm">IBM</tm:normalized_name></tm:company></tm:entity> DB2 UDB 9.1(3)
by more than 116 percent.</p>
<p>(Logo: <a href="http://www.newscom.com/cgi-bin/prnh/20020718/ORCLLOGO" target="_new">http://www.newscom.com/cgi-bin/prnh/20020718/ORCLLOGO</a>)</p>
<p><tm:entity><tm:company Domain="IT" Extension="Corporation" value="oracle">Oracle</tm:company></tm:entity> Application Server 10g Release 3 together with <tm:entity><tm:company Domain="IT" value="oracle database">Oracle
Database</tm:company></tm:entity> and <tm:entity><tm:company Domain="IT" Extension="Corporation" value="oracle">Oracle</tm:company></tm:entity> Real Application Clusters achieved 9,459.19
SPECJAppServer2004 JOPS@Standard (jAppServer Operations Per
Second). The Java Application Servers were running on 11 HP Integrity BL860c server blades, with the latest two dual-core
Intel(R) Itanium(R) 1.66 GHz processors running in the HP BladeSystem c-Class <tm:entity><tm:money_expression><tm:money Amount="7000" Currency="Cents" value="c7000">c7000</tm:money></tm:money_expression></tm:entity> enclosure. The database server was
running on two HP Integrity Superdome servers each with 40
dual-core Intel(R) Itanium(R) 1.6 GHz processors and an HPStorageWorks EVA8100. Both the application server and database
tiers were running HP-UX 11i v3. This result adds to <tm:entity><tm:company Domain="IT" Extension="Corporation" value="oracle">Oracle</tm:company></tm:entity> and
<tm:entity><tm:company><tm:normalized_name Domain="IT" value="hewlett-packard">HP</tm:normalized_name></tm:company></tm:entity>'s existing world record performance results with the
SPECjAppServer2004 benchmark in the Single Node(4) and Multi
Node(5) categories.</p><p>"Capturing the top SPECJAppServer2004 results is a clear
demonstration of <tm:entity><tm:company Domain="IT" Extension="Corporation" value="oracle">Oracle</tm:company></tm:entity> Application Server's superior performance
running on HP Integrity servers and HP BladeSystem blades," said
<tm:entity><tm:person Family_Name="Loaiza" First_Name="Juan" Gender="Male" role="Person" value="juan loaiza">Juan Loaiza</tm:person></tm:entity>, <tm:entity><tm:company Domain="IT" Extension="Corporation" role="Who" value="oracle">Oracle</tm:company></tm:entity> <tm:entity><tm:function FunctionCategory="Board" role="Has_Function" value="senior vice president">senior vice president</tm:function></tm:entity>, Systems Technology.
"This SPECjAppServer2004 result is the first to also use <tm:entity><tm:company Domain="IT" Extension="Corporation" value="oracle">Oracle</tm:company></tm:entity> Real Application Clusters and demonstrates its ability to
transparently enhance performance and scalability across a wide
range of applications or workloads."</p>
<p>SPECjAppServer2004 is a multi-tier benchmark for measuring the
performance of a <tm:entity><tm:function FunctionCategory="Other" value="representative">representative</tm:function></tm:entity> J2EE application and each of the
components that make up the application environment, including
hardware, application server software, JVM software, database
software, JDBC drivers and the system network.</p>
<p>About <tm:entity><tm:company Domain="IT" Extension="Corporation" value="oracle">Oracle</tm:company></tm:entity> Application Server</p>
<p><tm:entity><tm:company Domain="IT" Extension="Corporation" value="oracle">Oracle</tm:company></tm:entity> Application Server 10g sits at the core of <tm:entity><tm:company Domain="IT" value="oracle fusion middleware">Oracle Fusion
Middleware</tm:company></tm:entity> and delivers comprehensive software for developing,
integrating, and deploying enterprise applications, portals and Web
services. Based on a powerful and scalable J2EE server, <tm:entity><tm:company Domain="IT" Extension="Corporation" value="oracle">Oracle</tm:company></tm:entity> Application Server 10g includes best-in-class business integration,
business intelligence and portal capabilities. It is the only
platform designed for grid computing and to have full lifecycle
support for SOA. It features everything necessary to successfully
develop and deploy enterprise Java applications, a certified J2EE
1.4 compatible container, a rich set of tools and runtimes, <tm:entity><tm:company Domain="IT" value="oracle jdeveloper">Oracle
JDeveloper</tm:company></tm:entity>, <tm:entity><tm:company Domain="IT" Extension="Corporation" value="oracle">Oracle</tm:company></tm:entity> Application Developer Framework (ADF) and <tm:entity><tm:company Domain="IT" Extension="Corporation" value="oracle">Oracle</tm:company></tm:entity> TopLink(R) persistence architecture. For more information about
<tm:entity><tm:company Domain="IT" Extension="Corporation" value="oracle">Oracle</tm:company></tm:entity> Application Server 10g visit: <a href="http://www.oracle.com/appserver/" target="_new">http://www.oracle.com/appserver/</a>.</p>
<p>About <tm:entity><tm:company Domain="IT" value="oracle fusion middleware">Oracle Fusion Middleware</tm:company></tm:entity>: Leader in Middleware</p><p>The company's comprehensive, standards-based family of
middleware products, <tm:entity><tm:company Domain="IT" value="oracle fusion middleware">Oracle Fusion Middleware</tm:company></tm:entity> software spans
portals and <tm:entity><tm:function FunctionCategory="Board" value="process managers">process managers</tm:function></tm:entity> to application infrastructure,
developer tools, enterprise content management and business
intelligence. <tm:entity><tm:company Domain="IT" value="oracle fusion middleware">Oracle Fusion Middleware</tm:company></tm:entity> enables organizations to
increase their capacity for growth and change; improve insight into
business operations; mitigate risk and drive compliance; and
connect with customers, partners, and workers. More than 50,000
customers now use <tm:entity><tm:company Domain="IT" value="oracle fusion middleware">Oracle Fusion Middleware</tm:company></tm:entity> and include leading
organizations in the Financial Services, <tm:entity><tm:company Extension="Manufacturing" value="telecommunications">Telecommunications</tm:company></tm:entity>,
Manufacturing, Retail, Pharmaceuticals, Health Care and Public
Sector industries. <tm:entity><tm:company Domain="IT" value="oracle fusion middleware">Oracle Fusion Middleware</tm:company></tm:entity> is also supported by
9,000 partners, including market-leading independent software
vendors, value-added resellers and system integrators. For
additional information visit: <a href="http://www.oracle.com/middleware" target="_new">http://www.oracle.com/middleware</a>.</p>
<p>About <tm:entity><tm:company Domain="IT" Extension="Corporation" value="oracle">Oracle</tm:company></tm:entity></p><p><tm:entity><tm:company Domain="IT" Extension="Corporation" value="oracle">Oracle</tm:company></tm:entity>(<tm:entity><tm:stockindex value="nasdaq">Nasdaq</tm:stockindex></tm:entity>: <a class="small" href="http://studio-5.financialcontent.com/prnews?Page=Quote&amp;Ticker=ORCL" onclick="var s=s_gi(s_account); var hd1 = document.getElementById('headline'); s.tl(this,'o',getLinkName('Company Sanpshot'));">ORCL</a>) is the world's largest enterprise software company. For
more information about <tm:entity><tm:company Domain="IT" Extension="Corporation" value="oracle">Oracle</tm:company></tm:entity>, visit our Web site at <a href="http://www.oracle.com" target="_new">http://www.oracle.com</a>.</p><p>Trademarks</p>
<p><tm:entity><tm:company Domain="IT" Extension="Corporation" value="oracle">Oracle</tm:company></tm:entity> is a registered trademark of <tm:entity><tm:company Domain="IT" Extension="Corporation" value="oracle">Oracle</tm:company></tm:entity> Corporation and/or
its affiliates. Other names may be trademarks of their <tm:entity><tm:function FunctionCategory="Board" value="respective owners">respective
owners</tm:function></tm:entity>.</p><p>SPEC, SPECjAppServer are registered trademarks of <tm:entity><tm:company Extension="Corporation" value="standard performance evaluation">Standard
Performance Evaluation</tm:company></tm:entity> Corporation. All results from <a href="http://www.spec.org" target="_new">http://www.spec.org</a> as of
<tm:entity><tm:time_expression><tm:exact_time value="2007">12/17/07</tm:exact_time></tm:time_expression></tm:entity><br/></p><p>(1) <tm:entity><tm:company Domain="IT" Extension="Corporation" value="oracle">Oracle</tm:company></tm:entity> Application Server 10g Release 10.1.3.3.2 - Java
Edition on</p>
<p>HP-UX Integrity BL860c Server Blade Cluster, 9,459.19</p>
<p>SPECjAppServer2004 JOPS@Standard, (44 cores, 22 chips, 2
cores/chip)</p>
<p>(2) BEA WebLogic Server 10.0 <tm:entity><tm:time_expression><tm:relative_time Weekday="Sun" value="on sun">on Sun</tm:relative_time></tm:time_expression></tm:entity> Blade 6000 Modular System
using</p>
<p>Solaris Containers, 8,253.21 SPECjAppServer2004
JOPS@Standard</p>
<p>(80 cores, 10 chips)</p>
<p>(3) <tm:entity><tm:company><tm:normalized_name Domain="IT" value="ibm">IBM</tm:normalized_name></tm:company></tm:entity> WebSphere 6.1 Application Server on 20-Node xSeries
<tm:entity><tm:organisation value="blade center">Blade Center</tm:organisation></tm:entity>,</p><p>each with <tm:entity><tm:company Domain="IT" value="intel">Intel</tm:company></tm:entity> Xeon 3.6 GHz 4,368.02 SPECjAppServer2004</p>
<p>JOPS@Standard (40 cores, 40 chips)</p>
<p>(4) <tm:entity><tm:company Domain="IT" Extension="Corporation" value="oracle">Oracle</tm:company></tm:entity> Application Server 10G Release 10.1.3.3 - Java
Edition on HP</p><p>ProLiant BL460c G1 Blade Server, 2056.27 SPECJAppServer2004</p>
<p>JOPS@Standard (8 cores, 2 chips).</p>
<p>(5) <tm:entity><tm:company Domain="IT" Extension="Corporation" value="oracle">Oracle</tm:company></tm:entity> Application Server 10g Release 10.1.3.3.2 - Java
Edition on</p>
<p>HP-UX Integrity BL860c Server Blade Cluster, 10,519.43</p>
<p>SPECjAppServer2004 JOPS@Standard (48 cores, 24 chips, 2
cores/chip)</p>
</body>
</html>


</doc>

