<doc xmlns:tm="http://www.temis.com/annotations/1.1/">
<metadata>
<aboutcompany value="llumc"/>
<releaselocation value="san jose"/>
<data_source value="prnews"/>
<source value="interwoven, inc."/>
<processing_date>2008-01-21T18:22:20</processing_date>
<date>2007-12-12T09:00:00</date>
<quote symbol="NASDAQ:CSCO" src-company="cisco" company="Cisco Systems, Inc." date="2007-12-12" price="28.80"/><quote symbol="NASDAQ:MSFT" src-company="microsoft" company="Microsoft Corporation" date="2007-12-12" price="34.47"/><quote symbol="KUL:SHELL" src-company="shell" company="Shell Refining Company (FOM) Berhad" date="2007-12-12" price=""/></metadata>
<title>Interwoven Powers Patient-Engaging Website for Breakthrough Cancer Treatment
</title>
<html>
<head>
<meta name="generator" content="HTML Tidy for Windows (vers 14 February 2006), see www.w3.org"/>
<!-- #BeginEditable "doctitle" -->
<title>Interwoven Powers Patient-Engaging Website for Breakthrough
Cancer Treatment</title>
</head>
<body>
<p><tm:entity><tm:company Domain="Media" Extension="Group" value="earthbound media">Earthbound Media</tm:company></tm:entity> Group Teams with Interwoven to Deliver Better
Patient Experience; Search Engine Optimization, Web Analytics, and
Targeting Help</p>
<p>Increase <tm:entity><tm:company value="protons">Protons.com</tm:company></tm:entity> Daily Traffic 1200%</p>
<p><tm:location><tm:country location_country="United States of America"><tm:place>SAN JOSE</tm:place></tm:country></tm:location>, <tm:location><tm:country location_country="United States of America"><tm:place>Calif.</tm:place></tm:country></tm:location>, <tm:entity><tm:time_expression><tm:relative_time Day="12" Month="Dec." value="dec. 12">Dec. 12</tm:relative_time></tm:time_expression></tm:entity> /PRNewswire-FirstCall/ -- For cancer
patients, the gold standard of treatment is the ability to target
and eradicate tumors, powerfully and decisively, while sparing
damage to healthy tissues and organs. <tm:entity><tm:company><tm:normalized_name Domain="Automotive" value="proton">Proton</tm:normalized_name></tm:company></tm:entity> Therapy, a
revolutionary form of radiation treatment, does just that. Loma
Linda University Medical Center (<tm:entity><tm:company><tm:potential_company role="Who" value="llumc">LLUMC</tm:potential_company></tm:company></tm:entity>), the first hospital-based
proton treatment center in the <tm:entity><tm:location><tm:country><tm:place>United States</tm:place></tm:country></tm:location></tm:entity>, has recently launched
Protons.com, a truly cutting-edge Website designed to help patients
understand and explore this treatment option -- promoting not only
the hospital's advanced offerings, but bringing greater attention
to proton therapy itself.</p><p>(Logo: <a href="http://www.newscom.com/cgi-bin/prnh/20071205/INTWOVLOGO" target="_new">http://www.newscom.com/cgi-bin/prnh/20071205/INTWOVLOGO</a>)</p>
<p>In launching Protons.com, LLUMC wanted to deliver the best
possible Web experience and raise its visibility on the Internet to
increase the number of new patients. Working with <tm:entity><tm:company Domain="Media" Extension="Group" value="earthbound media">Earthbound Media</tm:company></tm:entity> Group (<tm:entity><tm:company><tm:abbreviation value="emg">EMG</tm:abbreviation></tm:company></tm:entity>), a leading interactive agency, and Interwoven (<tm:entity><tm:stockindex value="nasdaq">Nasdaq</tm:stockindex></tm:entity>:
<a class="small" href="http://studio-5.financialcontent.com/prnews?Page=Quote&amp;Ticker=IWOV" onclick="var s=s_gi(s_account); var hd1 = document.getElementById('headline'); s.tl(this,'o',getLinkName('Company Sanpshot'));">IWOV</a>), <tm:entity><tm:company><tm:potential_company role="Who" value="llumc">LLUMC</tm:potential_company></tm:company></tm:entity> utilized search engine optimization (SEO), Web
analytics, and targeting to realize its vision of reaching as many
patients as possible. <tm:entity><tm:company><tm:abbreviation value="emg">EMG</tm:abbreviation></tm:company></tm:entity> helped <tm:entity><tm:company><tm:potential_company role="Who" value="llumc">LLUMC</tm:potential_company></tm:company></tm:entity> build a new Web presence
powered by Interwoven TeamSite, Interwoven OpenDeploy and other
best- of-breed technologies. Interwoven TeamSite is enabling <tm:entity><tm:company><tm:potential_company role="Who" value="llumc">LLUMC</tm:potential_company></tm:company></tm:entity> business users to automate and manage their online content across
different Web pages for more timely updates and better
responsiveness to business needs. And the Interwoven OpenDeploy
distribution engine has simplified the management and distribution
of these changes throughout <tm:entity><tm:company><tm:potential_company role="Who" value="llumc">LLUMC</tm:potential_company></tm:company></tm:entity>'s Web infrastructure.</p><p><tm:entity><tm:company value="protons">Protons.com</tm:company></tm:entity> officially launched <tm:entity><tm:time_expression><tm:relative_time Month="August" value="in august">in August</tm:relative_time></tm:time_expression></tm:entity> with rich interactive
content including streaming video and a virtual tour to help
patients educate themselves and increase their comfort level with
the proton therapy process. The <tm:entity><tm:company><tm:normalized_name Domain="Automotive" value="proton">Proton</tm:normalized_name></tm:company></tm:entity> Treatment Center is now at
the top of many relevant search rankings, and traffic has increased
dramatically. <tm:entity><tm:time_expression><tm:relative_time value="in its first three weeks">In its first three weeks</tm:relative_time></tm:time_expression></tm:entity> alone, the site saw an
increase in daily unique visitors of 1200%, a 20-fold increase in
page views, and a 600% rise in traffic sources. As a result of this
rapid success, <tm:entity><tm:company><tm:potential_company role="Who" value="llumc">LLUMC</tm:potential_company></tm:company></tm:entity> is transitioning much of its advertising
budget from traditional media to the Web.</p>
<p>Said <tm:entity><tm:person Family_Name="Veach" First_Name="Tammy" Gender="Female" role="Person" value="tammy veach">Tammy Veach</tm:person></tm:entity>, <tm:entity><tm:function FunctionCategory="Board" role="Has_Function" value="executive director">executive director</tm:function></tm:entity> of marketing at <tm:entity><tm:company><tm:potential_company role="Who" value="llumc">LLUMC</tm:potential_company></tm:company></tm:entity>,
"With Interwoven, we've empowered our patients to take a proactive
role in fighting cancer. They can educate themselves about their
condition and its treatment, as well as understand what to expect
at our facility. With the <tm:entity><tm:company value="protons">Protons.com</tm:company></tm:entity> site, our goal is to help
ease anxieties they may have and prepare them to make the best
possible use of our services. At the same time, by highlighting the
expertise and resources we offer, we can draw attention to the
outstanding work being done by our professionals."</p>
<p>In the next phase of the project, <tm:entity><tm:company><tm:abbreviation value="emg">EMG</tm:abbreviation></tm:company></tm:entity> will roll out <tm:entity><tm:company><tm:potential_company role="Who" value="llumc">LLUMC</tm:potential_company></tm:company></tm:entity>'s
2,000-page main Website, a comprehensive resource offering virtual
tours, syndicated health content, news, transactional tools,
physician directories, and other features. The hospital also plans
to roll out microsites similar to <tm:entity><tm:company value="protons">Protons.com</tm:company></tm:entity> for its other
specialized institutes, using many of the same technologies,
processes, and strategies.</p>
<p>"The new <tm:entity><tm:company><tm:potential_company role="Who" value="llumc">LLUMC</tm:potential_company></tm:company></tm:entity> site will dramatically change the expectations
our patients have for treatment, whether they are dealing with
aches and pains or life- threatening conditions. With Interwoven,
we are able to quickly meet and exceed these expectations by
updating information at a moment's notice," added <tm:entity><tm:person Family_Name="Veach" First_Name="Tammy" Gender="Female" role="Person" value="tammy veach">Veach</tm:person></tm:entity>.</p><p><tm:entity><tm:company><tm:potential_company role="Who" value="llumc">LLUMC</tm:potential_company></tm:company></tm:entity>'s Web capabilities have come a long way in a short time.
It was only <tm:entity><tm:time_expression><tm:relative_time value="two years ago">two years ago</tm:relative_time></tm:time_expression></tm:entity> that the hospital introduced its first
Web content management system, a homegrown platform that relied on
intensive IT support. Lacking direct control over Web content, the
marketing team focused on different forms of communication,
sacrificing the rich, interactive potential of the online channel.
Said <tm:entity><tm:person Family_Name="Harris" First_Name="Brian" Gender="Male" role="Person" value="brian harris">Brian Harris</tm:person></tm:entity>, <tm:entity><tm:function FunctionCategory="Board" role="Has_Function" value="vice president">vice president</tm:function></tm:entity> for strategy and alliances at
<tm:entity><tm:company><tm:abbreviation value="emg">EMG</tm:abbreviation></tm:company></tm:entity>, "<tm:entity><tm:company><tm:potential_company role="Who" value="llumc">LLUMC</tm:potential_company></tm:company></tm:entity>'s new Interwoven-powered Web platform represents a
fundamental change for its business. <tm:entity><tm:company><tm:potential_company role="Who" value="llumc">LLUMC</tm:potential_company></tm:company></tm:entity>'s Web presence will now
play a central role in both its marketing programs and the customer
experience it delivers, helping increase patient volume as well as
patient comfort."</p><p><tm:entity><tm:company><tm:potential_company role="Who" value="llumc">LLUMC</tm:potential_company></tm:company></tm:entity> is now using its upgraded Web infrastructure to leverage
Web analytics, search engine optimization, search tools and other
complementary technologies. The content structure and metadata
capabilities within TeamSite help to optimize the site for major
search engines. Business personnel use the system to refine site
content and layout based on visitor data captured by <tm:entity><tm:company value="omniture sitecatalyst">Omniture
SiteCatalyst</tm:company></tm:entity> and <tm:entity><tm:company Domain="IT" value="google analytics">Google Analytics</tm:company></tm:entity>. Baynote recommendation
technology provides behavioral targeting capabilities to increase
the relevancy of search results.</p><p>"<tm:entity><tm:company><tm:potential_company role="Who" value="llumc">LLUMC</tm:potential_company></tm:company></tm:entity>'s early success with their new Web presence illustrates
the power of delivering targeted content to drive a more compelling
and relevant online experience," said <tm:entity><tm:person Family_Name="Kiker" First_Name="Ben" role="Person" value="ben kiker">Ben Kiker</tm:person></tm:entity>, <tm:entity><tm:function FunctionCategory="Board" role="Has_Function" value="chief marketing officer">chief marketing
officer</tm:function></tm:entity> at Interwoven. "Our Web content management solutions give
business personnel the ability to continually enhance their Web
presence based on behavioral data, and business and customer needs,
in the face of fast-changing market conditions."</p>
<p>Said <tm:entity><tm:person Family_Name="Veach" First_Name="Tammy" Gender="Female" role="Person" value="tammy veach">Veach</tm:person></tm:entity>, "We've only just begun to fulfill the vision for our
new Web presence, and it has already had a transformative effect on
our business and our patients. We're excited to continue moving
forward with Interwoven on this vital project."</p><p>About <tm:entity><tm:company><tm:potential_company role="Who" value="llumc">LLUMC</tm:potential_company></tm:company></tm:entity></p><p>An outgrowth of the original Sanitarium on the hill in 1905, the
present 11-story Loma Linda University Medical Center (<tm:entity><tm:company><tm:potential_company role="Who" value="llumc">LLUMC</tm:potential_company></tm:company></tm:entity>)
opened <tm:entity><tm:time_expression><tm:exact_time value="1967">on July 9, 1967</tm:exact_time></tm:time_expression></tm:entity>. With the completion of the <tm:entity><tm:person Family_Name="Linda" First_Name="Loma" Gender="Undefined Gender" value="loma linda">Loma Linda</tm:person></tm:entity> <tm:entity><tm:organisation Domain="Educational" value="university children">University Children</tm:organisation></tm:entity>'s Hospital (LLUCH) <tm:entity><tm:time_expression><tm:exact_time Year="1993" value="in late 1993">in late 1993</tm:exact_time></tm:time_expression></tm:entity>, nearly 900
beds are available for patient care, including at Loma Linda
University <tm:entity><tm:organisation Domain="Health" value="medical center east campus">Medical Center East Campus</tm:organisation></tm:entity> and <tm:entity><tm:person Family_Name="Linda" First_Name="Loma" Gender="Undefined Gender" value="loma linda">Loma Linda</tm:person></tm:entity> <tm:entity><tm:organisation value="university behavioral medicine center">University
Behavioral Medicine Center</tm:organisation></tm:entity>(<tm:entity><tm:organisation><tm:abbreviation value="llubmc">LLUBMC</tm:abbreviation></tm:organisation></tm:entity>). <tm:entity><tm:person Family_Name="Linda" First_Name="Loma" Gender="Undefined Gender" value="loma linda">Loma Linda</tm:person></tm:entity> <tm:entity><tm:organisation Domain="Educational" value="university health">University Health</tm:organisation></tm:entity> Care (LLUHC), a management service organization, supports the many
programs and services provided by our 400+ faculty physicians.
<tm:entity><tm:company><tm:potential_company role="Who" value="llumc">LLUMC</tm:potential_company></tm:company></tm:entity> operates some of the largest clinical programs in the <tm:entity><tm:location><tm:country><tm:place>United
States</tm:place></tm:country></tm:location></tm:entity> in areas such as neonatal care and outpatient surgery and is
recognized as the international leader in infant heart
transplantation and proton treatments for cancer. Each year, the
institution admits more than 33,000 inpatients and serves roughly
half a million outpatients. As the only tertiary-care hospital in
the area, <tm:entity><tm:company><tm:potential_company role="Who" value="llumc">LLUMC</tm:potential_company></tm:company></tm:entity> is the only level one regional trauma center for
Inyo, Mono, <tm:entity><tm:location><tm:country location_country="United States of America"><tm:place>Riverside</tm:place></tm:country></tm:location></tm:entity>, and <tm:entity><tm:location><tm:country><tm:place>San Bernardino</tm:place></tm:country></tm:location></tm:entity> counties.</p>
<p>About <tm:entity><tm:company><tm:abbreviation value="emg">EMG</tm:abbreviation></tm:company></tm:entity></p><p><tm:entity><tm:company Domain="Media" Extension="Group" value="earthbound media">Earthbound Media</tm:company></tm:entity> Group (<tm:entity><tm:company><tm:abbreviation value="emg">EMG</tm:abbreviation></tm:company></tm:entity>) is a full-service creative
communications agency. Driven by groundbreaking ideas, inspired
design and forward thinking solutions, we work toward a common goal
-- to evolve and optimize the digital and visual landscape of our
clients' business operating, marketing and information technology
endeavors. Filling the void in the traditional interactive,
marketing and advertising industries, <tm:entity><tm:company><tm:abbreviation value="emg">EMG</tm:abbreviation></tm:company></tm:entity> offers a service-,
solution- and industry-agnostic approach that rises above the
labels of "marketing," "interactive," or "advertising." EMG bridges
the gap between marketing, IT and business strategy, making it a
collaborative effort to improve return on investment and the bottom
line.</p>
<p>About Interwoven</p>
<p>Interwoven is a global leader in content management solutions.
Interwoven's software and services enable organizations to
effectively leverage content to drive business growth by improving
the customer experience, increasing collaboration, and streamlining
business processes in dynamic environments. Our unique approach
combines user-friendly simplicity with robust IT performance and
scalability to unlock the value of content. Today, more than 4,000
enterprise and professional services organizations worldwide have
chosen Interwoven, including: adidas, <tm:entity><tm:company Domain="Transportation" value="airbus">Airbus</tm:company></tm:entity>, <tm:entity><tm:company Domain="IT" value="avaya">Avaya</tm:company></tm:entity>, <tm:entity><tm:company Domain="IT" value="cisco">Cisco</tm:company></tm:entity>, DLA
Piper, the <tm:entity><tm:organisation Domain="Financial" value="federal reserve">Federal Reserve</tm:organisation></tm:entity> <tm:entity><tm:company value="bank">Bank</tm:company></tm:entity>, <tm:entity><tm:company Domain="Transportation" value="fedex">FedEx</tm:company></tm:entity>, <tm:entity><tm:company><tm:normalized_name Domain="Financial" value="hsbc">HSBC</tm:normalized_name></tm:company></tm:entity>, <tm:entity><tm:company value="lexisnexis">LexisNexis</tm:company></tm:entity>,
<tm:entity><tm:company Domain="IT" value="microsoft">Microsoft</tm:company></tm:entity>, <tm:entity><tm:company Domain="IT" value="samsung">Samsung</tm:company></tm:entity>, <tm:entity><tm:company Domain="Energy" value="shell">Shell</tm:company></tm:entity>, <tm:entity><tm:company value="samsonite">Samsonite</tm:company></tm:entity>, <tm:entity><tm:company value="white &amp; case">White &amp; Case</tm:company></tm:entity>, and Yamaha.
Over 20,000 developers and over 300 partners enrich and extend
Interwoven's offerings. To learn more about Interwoven, please
visit <a href="http://www.interwoven.com" target="_new">http://www.interwoven.com</a>.</p></body>
</html>


</doc>

