<doc xmlns:tm="http://www.temis.com/annotations/1.1/">
<metadata>
<aboutcompany value="medinotes corporation"/>
<releaselocation value="west des moines"/>
<data_source value="prnews"/>
<source value="medinotes corporation"/>
<processing_date>2008-01-21T18:22:30</processing_date>
<date>2007-12-12T09:00:00</date>
</metadata>
<title>MediNotes Surpasses 21,000 Users of Its Electronic Medical Record System
</title>
<html>
<head>
<meta name="generator" content="HTML Tidy for Windows (vers 14 February 2006), see www.w3.org"/>
<!-- #BeginEditable "doctitle" -->
<title><tm:entity><tm:company Extension="Corporation" value="medinotes">MediNotes</tm:company></tm:entity> Surpasses 21,000 Users of Its Electronic Medical
Record System</title>
</head>
<body>
<p><tm:entity><tm:company Extension="Corporation" value="medinotes">MediNotes</tm:company></tm:entity> is One of the Most Widely Used and Adopted Best of
Breed <tm:entity><tm:company Domain="IT" value="emr systems">EMR Systems</tm:company></tm:entity> by Small to <tm:entity><tm:company Domain="Pharma" value="mid size medical">Mid-Size Medical</tm:company></tm:entity> Practices Throughout
Continental <tm:entity><tm:location><tm:country><tm:place>U.S.</tm:place></tm:country></tm:location></tm:entity></p><p>WEST <tm:entity><tm:location><tm:country location_country="United States of America"><tm:place>DES MOINES</tm:place></tm:country></tm:location></tm:entity>, <tm:entity><tm:location><tm:country location_country="United States of America"><tm:place>Iowa</tm:place></tm:country></tm:location></tm:entity>, <tm:entity><tm:time_expression><tm:relative_time Day="12" Month="Dec." value="dec. 12">Dec. 12</tm:relative_time></tm:time_expression></tm:entity> /PRNewswire/ -- <tm:entity><tm:company Extension="Corporation" value="medinotes">MediNotes</tm:company></tm:entity> Corporation, the leading provider of electronic medical record
(EMR) systems for small to mid-size medical practices, today
announced that it surpassed 21,000 users of its best of breed EMR
system, <tm:entity><tm:company Extension="Corporation" value="medinotes">MediNotes</tm:company></tm:entity> e. The milestone signifies a growing trend and
strong demand for EMR systems that complement medical offices'
existing technology infrastructure, unlike other EMR systems that
force medical offices to abandon their current scheduling or
billing systems.</p>
<p>"This is an important milestone for us, achieving over 21,000
users of <tm:entity><tm:company Extension="Corporation" value="medinotes">MediNotes</tm:company></tm:entity> e underscores the positive impact we are having
in the market, and with physicians across the country," said <tm:entity><tm:person Family_Name="Schoen" First_Name="Donald, G" Gender="Male" role="Person" value="donald g schoen">Donald
G. Schoen</tm:person></tm:entity>, <tm:entity><tm:function FunctionCategory="Board" role="Has_Function" value="president and ceo">President and CEO</tm:function></tm:entity> of <tm:entity><tm:company Extension="Corporation" role="Who" value="medinotes">MediNotes</tm:company></tm:entity> Corporation. "Physicians
and their medical staff rely heavily on <tm:entity><tm:company Extension="Corporation" value="medinotes">MediNotes</tm:company></tm:entity> e and the
efficiencies the program provides within the office, which is why
over 21,000 medical professionals turn to our program to enhance
their patient care and overall medical documentation."</p>
<p>"Practitioners in small medical offices face many pressures <tm:entity><tm:time_expression><tm:relative_time value="in today">in
today</tm:relative_time></tm:time_expression></tm:entity>'s cost-conscious world and having access to an EMR system
like <tm:entity><tm:company Extension="Corporation" value="medinotes">MediNotes</tm:company></tm:entity> e makes all the difference in the world when aiming
to improve business operations and quality of patient care," said
Dr. John R. Scibal, founder of North Carolina based Carteret Vision
Center.</p>
<p>Using <tm:entity><tm:company Extension="Corporation" value="medinotes">MediNotes</tm:company></tm:entity> e</p>
<p><tm:entity><tm:company Extension="Corporation" value="medinotes">MediNotes</tm:company></tm:entity> e offers a fresh new EMR software design, which
utilizes a "tab" concept for simplicity and ease of navigation.
Just as tabbed browsing is improving multi-tasking for internet
users, tabs in electronic medical records allow users to multi-task
like never before. <tm:entity><tm:company Extension="Corporation" value="medinotes">MediNotes</tm:company></tm:entity> e can display multiple patients,
encounter notes, workflow items, patient flow, messages, alerts,
and more, all in accessible tabs within the <tm:entity><tm:company Extension="Corporation" value="medinotes">MediNotes</tm:company></tm:entity> e shell.</p>
<p>About <tm:entity><tm:company Extension="Corporation" value="medinotes">MediNotes</tm:company></tm:entity> Corporation</p>
<p><tm:entity><tm:company Extension="Corporation" value="medinotes">MediNotes</tm:company></tm:entity> Corporation is a leader in electronic medical record
solutions for primary care and specialty medical practices and
currently serves more than 4,600 installed sites and more than
21,000 users nationwide. The company's dedicated employees are
driven to create technology solutions that are delivered with the
highest level of value and integrity. The enhancements of <tm:entity><tm:company Extension="Corporation" value="medinotes">MediNotes</tm:company></tm:entity> e are based on the needs and suggestions of our users as well as
the competitive EMR landscape. Visit <a href="http://www.medinotes.com" target="_new">http://www.medinotes.com</a> to learn more about <tm:entity><tm:company Extension="Corporation" value="medinotes">MediNotes</tm:company></tm:entity> e
Electronic Medical Records.<br/></p>
<p>Public Relations Contact:</p>
<p><tm:entity><tm:person Family_Name="Splivalo" First_Name="David" Gender="Male" value="david splivalo">David Splivalo</tm:person></tm:entity>, Freestyle Public Relations</p><p>Phone: <tm:entity><tm:phone_number value="515-223-4343">515-223-4343</tm:phone_number></tm:entity></p><p>e-mail: <a href="mailto:david@freestylepr.com"><tm:entity><tm:email value="david@freestylepr.com">david@freestylepr.com</tm:email></tm:entity></a></p><p>Marketing Contact:</p>
<p><tm:entity><tm:person Family_Name="Overturf" First_Name="Lana" Gender="Female" value="lana overturf">Lana Overturf</tm:person></tm:entity>, <tm:entity><tm:company Extension="Corporation" value="medinotes">MediNotes</tm:company></tm:entity> Corporation</p>
<p>Phone: <tm:entity><tm:phone_number value="515-327-8850">515-327-8850</tm:phone_number></tm:entity> ext 238</p>
<p>e-mail: <a href="mailto:loverturf@medinotes.com"><tm:entity><tm:email value="loverturf@medinotes.com">loverturf@medinotes.com</tm:email></tm:entity></a></p></body>
</html>


</doc>

