<doc xmlns:tm="http://www.temis.com/annotations/1.1/">
<metadata>
<aboutcompany value="d&amp;b"/>
<releaselocation value="redwood city"/>
<data_source value="prnews"/>
<source value="purisma"/>
<processing_date>2008-01-21T17:56:17</processing_date>
<date>2007-12-18T09:00:00</date>
<quote symbol="NASDAQ:ORCL" src-company="oracle" company="Oracle Corporation" date="2007-12-18" price="21.25"/><quote symbol="NYSE:SAP" src-company="sap" company="SAP AG (ADR)" date="2007-12-18" price=""/></metadata>
<title>D&amp;B's Purisma Acquisition Excites CDI/MDM Industry
</title>
<html>
<head>
<meta name="generator" content="HTML Tidy for Windows (vers 14 February 2006), see www.w3.org"/>
<!-- #BeginEditable "doctitle" -->
<title><tm:entity><tm:company value="d&amp;b">D&amp;B</tm:company></tm:entity>'s Purisma Acquisition Excites CDI/MDM
Industry</title></head>
<body>
<p>Independent Research Analysts Predict Acquisition Could
'Redefine the</p>
<p>CDI-MDM Market'</p>
<p><tm:entity><tm:location><tm:country><tm:place>REDWOOD CITY</tm:place></tm:country></tm:location></tm:entity>, <tm:entity><tm:location><tm:country location_country="United States of America"><tm:place>Calif.</tm:place></tm:country></tm:location></tm:entity>, <tm:entity><tm:time_expression><tm:relative_time Day="18" Month="Dec." value="dec. 18">Dec. 18</tm:relative_time></tm:time_expression></tm:entity> /PRNewswire/ -- Recent reports
from independent research analysts illuminate the impact of
<tm:entity><tm:company value="d&amp;b">D&amp;B</tm:company></tm:entity>'s (<tm:entity><tm:stockindex value="nyse">NYSE</tm:stockindex></tm:entity>: DNB; <a href="http://www.dnb.com" target="_new">http://www.dnb.com</a>) acquisition of Purisma(TM), which
was announced <tm:entity><tm:time_expression><tm:exact_time value="2007">on November 5, 2007</tm:exact_time></tm:time_expression></tm:entity>. Reports by <tm:entity><tm:person Family_Name="Zornes" First_Name="Aaron" Gender="Male" value="aaron zornes">Aaron Zornes</tm:person></tm:entity> of the
CDI/<tm:entity><tm:organisation Domain="Educational" value="mdm institute">MDM Institute</tm:organisation></tm:entity> and Forrester's R. "Ray" <tm:entity><tm:person Family_Name="Wang" First_Name="Ray" Gender="Male" value="ray wang">Wang</tm:person></tm:entity> see the merger as
significantly and positively changing the customer data integration
(CDI) and master data management (MDM) technology landscape,
positioning <tm:entity><tm:company role="Who" value="d&amp;b">D&amp;B</tm:company></tm:entity> to broaden its portfolio and enabling Purisma
to expand its market reach.</p>
<p>"We're very excited about the synergies of this merger, and
we're gratified to have our enthusiasm validated by customers and
the research <tm:entity><tm:function FunctionCategory="Other" value="analyst">analyst</tm:function></tm:entity> community," said <tm:entity><tm:person Family_Name="Daffern" First_Name="Pete" Gender="Male" role="Person" value="pete daffern">Pete Daffern</tm:person></tm:entity>, <tm:entity><tm:function FunctionCategory="Board" role="Has_Function" value="ceo and chairman">CEO and
chairman</tm:function></tm:entity> of <tm:entity><tm:company><tm:potential_company role="Who" value="purisma">Purisma</tm:potential_company></tm:company></tm:entity>. "As CDI and MDM continue to become a necessity
for businesses, our relationship with <tm:entity><tm:company value="d&amp;b">D&amp;B</tm:company></tm:entity> will make it far
easier for these businesses to provide customers with the perfect
combination of data and technology that simplifies the integration
of their <tm:entity><tm:company value="d&amp;b">D&amp;B</tm:company></tm:entity> data with their internal systems."</p>
<p>CDI/MDM <tm:entity><tm:organisation Domain="Educational" value="institute weighs in">Institute Weighs In</tm:organisation></tm:entity></p><p><tm:entity><tm:company><tm:potential_company role="Who" value="purisma">Purisma</tm:potential_company></tm:company></tm:entity> offers enterprise-ready CDI and MDM solutions that can
be deployed rapidly and evolve to meet a multitude of business
challenges over time. In "<tm:entity><tm:company value="d&amp;b">D&amp;B</tm:company></tm:entity> Moves into MDM Mainstream:
D&amp;B Pounces on MDM Partner Purisma to Accelerate Market
Delivery of 'Holistic' Master Data," <tm:entity><tm:function FunctionCategory="Other" value="analyst">analyst</tm:function></tm:entity> <tm:entity><tm:person Family_Name="Zornes" First_Name="Aaron" Gender="Male" value="aaron zornes">Aaron Zornes</tm:person></tm:entity> writes,
"This merger has the potential to redefine the CDI-MDM market
because every MDM implementation needs and will continue to need an
external reference data source that can be trusted."</p>
<p><tm:entity><tm:person Family_Name="Zornes" First_Name="Aaron" Gender="Male" value="aaron zornes">Zornes</tm:person></tm:entity> also notes the significance of <tm:entity><tm:company><tm:potential_company role="Who" value="purisma">Purisma</tm:potential_company></tm:company></tm:entity>'s data governance
capabilities. "<tm:entity><tm:company><tm:potential_company role="Who" value="purisma">Purisma</tm:potential_company></tm:company></tm:entity> was one of only several vendors making
headway in this key area. In addition to shoring up <tm:entity><tm:company value="d&amp;b">D&amp;B</tm:company></tm:entity>'s
CDI-MDM product offering family, we expect <tm:entity><tm:company><tm:potential_company role="Who" value="purisma">Purisma</tm:potential_company></tm:company></tm:entity>'s fledgling data
governance capabilities to increasingly become a market
differentiator in a cluttered and cacophonous market." <tm:entity><tm:person Family_Name="Zornes" First_Name="Aaron" Gender="Male" value="aaron zornes">Zornes</tm:person></tm:entity> also
expects <tm:entity><tm:company><tm:potential_company role="Who" value="purisma">Purisma</tm:potential_company></tm:company></tm:entity> to provide data governance capabilities that
complement <tm:entity><tm:company><tm:normalized_name Domain="IT" value="ibm">IBM</tm:normalized_name></tm:company></tm:entity>, <tm:entity><tm:company Domain="IT" value="oracle">Oracle</tm:company></tm:entity>, and <tm:entity><tm:company Domain="IT" value="sap">SAP</tm:company></tm:entity> MDM solutions.</p>
<p>For customers, <tm:entity><tm:person Family_Name="Zornes" First_Name="Aaron" Gender="Male" value="aaron zornes">Zornes</tm:person></tm:entity> writes that "it is highly likely that the
Purisma Data Hub will gain 'insider status' and leverage to a
better degree integration with the <tm:entity><tm:company value="d&amp;b">D&amp;B</tm:company></tm:entity> data products to create
a new class of MDM hubs -- a class of hub focused on addressing the
volatility of consumer and business master data. To give it an
interim name while the <tm:entity><tm:company value="d&amp;b">D&amp;B</tm:company></tm:entity> marketing minds test their slogos,
let's call this 'Just in Time' master data."</p>
<p>Independent Research Firm Clarifies Customer Benefits</p>
<p><tm:entity><tm:time_expression><tm:exact_time Month="November" Year="2007" value="in a november 2007">In a November 2007</tm:exact_time></tm:time_expression></tm:entity> Forrester report, "<tm:entity><tm:company role="Who" value="d&amp;b">D&amp;B</tm:company></tm:entity>'s Acquisition of
<tm:entity><tm:company><tm:potential_company role="Whom" value="purisma signals market shift">Purisma Signals Market Shift</tm:potential_company></tm:company></tm:entity>," <tm:entity><tm:person Family_Name="Wang" First_Name="Ray" Gender="Male" value="ray wang">Ray Wang</tm:person></tm:entity> writes that the
"acquisition will introduce a more robust customer hub solution
into <tm:entity><tm:company value="d&amp;b">D&amp;B</tm:company></tm:entity>'s packaged software portfolio that could augment
strong business-to-business (B2B) capabilities, improve
internationalization, deliver hierarchy management, and support
data stewardship processes. Existing <tm:entity><tm:company value="d&amp;b">D&amp;B</tm:company></tm:entity> customers should
benefit from stronger customer hub tools than previously
offered."</p>
<p><tm:entity><tm:person Family_Name="Wang" First_Name="Ray" Gender="Male" value="ray wang">Wang</tm:person></tm:entity> also notes that the acquisition "validates <tm:entity><tm:company><tm:potential_company role="Who" value="purisma">Purisma</tm:potential_company></tm:company></tm:entity>'s
technology while removing viability concerns" and "opens the door
to bringing other interdependent master data into the <tm:entity><tm:company value="d&amp;b">D&amp;B</tm:company></tm:entity> universe."</p>
<p>Acknowledging that "customers and prospects stand to benefit
from this complementary acquisition once <tm:entity><tm:company value="d&amp;b">D&amp;B</tm:company></tm:entity> fully integrates
the <tm:entity><tm:company><tm:potential_company role="Who" value="purisma">Purisma</tm:potential_company></tm:company></tm:entity> capabilities," <tm:entity><tm:person Family_Name="Wang" First_Name="Ray" Gender="Male" value="ray wang">Wang</tm:person></tm:entity> recommends that "existing <tm:entity><tm:company value="d&amp;b">D&amp;B</tm:company></tm:entity> customers should consider the <tm:entity><tm:company><tm:potential_company role="Who" value="purisma">Purisma</tm:potential_company></tm:company></tm:entity> solution," and "existing
<tm:entity><tm:company><tm:potential_company role="Who" value="purisma">Purisma</tm:potential_company></tm:company></tm:entity> customers should discuss enterprise contracts with
D&amp;B."</p>
<p>"We use <tm:entity><tm:company><tm:potential_company role="Who" value="purisma">Purisma</tm:potential_company></tm:company></tm:entity>'s data hub in conjunction with our <tm:entity><tm:company value="d&amp;b">D&amp;B</tm:company></tm:entity> database to ensure that our call-center <tm:entity><tm:function FunctionCategory="Other" value="representatives">representatives</tm:function></tm:entity> have
accurate customer records to field the more than 15,000 calls per
day," said <tm:entity><tm:person Family_Name="Lavelle" First_Name="Doug" Gender="Male" role="Person" value="doug lavelle">Doug LaVelle</tm:person></tm:entity>, <tm:entity><tm:function FunctionCategory="Board" role="Has_Function" value="director">Director</tm:function></tm:entity>, <tm:entity><tm:company Extension="Corporate" role="Who" value="business relationship management">Business Relationship Management</tm:company></tm:entity> Corporate <tm:entity><tm:company role="Who" value="express">Express</tm:company></tm:entity>, one of the world's largest business-to-business
suppliers of essential office and computer products and services.
"The formal merger of the two companies increases our confidence
that we will see even better integration and more valuable CDI-MDM
solution offerings in the future."</p><p>About <tm:entity><tm:company value="d&amp;b">D&amp;B</tm:company></tm:entity></p><p><tm:entity><tm:company value="d&amp;b">D&amp;B</tm:company></tm:entity>(<tm:entity><tm:stockindex value="nyse">NYSE</tm:stockindex></tm:entity>: <a class="small" href="http://studio-5.financialcontent.com/prnews?Page=Quote&amp;Ticker=DNB" onclick="var s=s_gi(s_account); var hd1 = document.getElementById('headline'); s.tl(this,'o',getLinkName('Company Sanpshot'));">DNB</a>) is the world's leading source of commercial information
and insight on businesses, enabling companies to Decide with
Confidence(R) <tm:entity><tm:time_expression><tm:duration value="for over 165 years">for over 165 years</tm:duration></tm:time_expression></tm:entity>. <tm:entity><tm:company value="d&amp;b">D&amp;B</tm:company></tm:entity>'s global commercial
database contains more than 115 million business records. The
database is enhanced by <tm:entity><tm:company value="d&amp;b">D&amp;B</tm:company></tm:entity>'s proprietary DUNSRight(R) Quality
Process, which provides our customers with quality business
information. This quality information is the foundation of our
global solutions that customers rely on to make critical business
decisions.</p><p><tm:entity><tm:company value="d&amp;b">D&amp;B</tm:company></tm:entity> provides customers with four solution sets, which meet a
diverse set of customer needs globally. Customers use D&amp;B Risk
Management Solutions(TM) to mitigate credit risk, increase cash
flow and drive increased profitability; <tm:entity><tm:company value="d&amp;b">D&amp;B</tm:company></tm:entity> Sales &amp;
Marketing Solutions(TM) to increase revenue from new and existing
customers; D&amp;B E-Business Solutions(TM) to convert prospects
into clients faster by enabling business professionals to research
companies, <tm:entity><tm:function FunctionCategory="Board" value="executives">executives</tm:function></tm:entity> and industries; and D&amp;B Supply Management
Solutions(TM) to increase cash by generating ongoing savings from
our customers' suppliers and by protecting our customers from
serious financial, operational and regulatory risk. For more
information, please visit <a href="http://www.dnb.com" target="_new">http://www.dnb.com</a>.</p><p>The Purisma Data Hub and MyData software platforms deliver
solutions-driven master data management and customer data
integration (MDM-CDI) for enterprises. With Purisma Data Hub
companies can, for the first time, implement highly accurate
MDM-CDI projects to respond to specific business solution
challenges without the time, cost, complexity, or disruptions of
conventional MDM-CDI solutions. For more information, please visit
<a href="http://www.purisma.com" target="_new">http://www.purisma.com</a>.</p></body>
</html>


</doc>

