<doc xmlns:tm="http://www.temis.com/annotations/1.1/">
<metadata><aboutcompany value="realbasic"/><releaselocation value="austin"/><data_source value="prnews"/><source value="real software"/><processing_date>2008-01-21T18:20:31</processing_date><date>2007-12-12T12:16:00</date><quote symbol="EBR:REA" src-company="real software" company="Real Software NV" date="2007-12-12" price=""/></metadata>
<title>REAL Software Launches Redesigned Web Site in Seven Languages
</title>
<html>
<head>
<meta name="generator" content="HTML Tidy for Windows (vers 14 February 2006), see www.w3.org"/>
<!-- #BeginEditable "doctitle" -->
<title>REAL Software Launches Redesigned Web Site in Seven
Languages</title>
</head>
<body>
<p>Supported by REAL SQL Server - 600,000 requests daily with no
downtime</p>
<p><tm:entity><tm:location><tm:country location_country="United States of America"><tm:place>AUSTIN</tm:place></tm:country></tm:location></tm:entity>, <tm:location><tm:country location_country="United States of America"><tm:place>Texas</tm:place></tm:country></tm:location>, <tm:entity><tm:time_expression><tm:relative_time Day="12" Month="Dec." value="dec. 12">Dec. 12</tm:relative_time></tm:time_expression></tm:entity> /PRNewswire/ -- <tm:entity><tm:company Extension="Inc" value="real software">REAL Software</tm:company></tm:entity>, a leading
producer of cross-platform development software for Windows,
Macintosh OS/X and Linux, has launched an expanded global web
presence to reflect its international reach. The site is now
available in Chinese (Simplified and Traditional), English, French,
German, Italian, Japanese and for the first time, Spanish. The
dynamic functions of the site are supported by REAL Software's REAL
SQL Server, which has handled up to 600,000 requests a day (20
million requests per month) with zero downtime.</p><p>The task of creating and maintaining 8 language versions of the
site has been simplified by storing the text portions in a REAL SQL
database. REAL Software uses a company-developed REALbasic
application that makes it easy for the localization team to
translate the language of each web page without having to modify
any HTML code or being concerned about graphic placement or
formatting. The appropriate text is downloaded on demand as
needed.</p>
<p>"The development of our new web site is a milestone for the
company," states Geoff Perlman, CEO. "For the first time we are
using our own technology as a cornerstone of our web strategy. Our
new web functionality has operated flawlessly thanks to the
stability of REAL SQL Server."<br/>
The links to the specific language sites are:</p>
<p><a href="http://www.realsoftware.com" target="_new">http://www.realsoftware.com</a>(English)</p>
<p><a href="http://realsoftware.com/index.php?lang=fr" target="_new">http://realsoftware.com/index.php?lang=fr</a>(French)</p>
<p><a href="http://realsoftware.com/index.php?lang=gr" target="_new">http://realsoftware.com/index.php?lang=gr</a>(German).</p>
<p><a href="http://realsoftware.com/index.php?lang=jp" target="_new">http://realsoftware.com/index.php?lang=jp</a>(Japanese)</p>
<p>(Special Character Set required)</p>
<p><a href="http://realsoftware.com/index.php?lang=it" target="_new">http://realsoftware.com/index.php?lang=it</a>(Italian)</p>
<p><a href="http://realsoftware.com/index.php?lang=es" target="_new">http://realsoftware.com/index.php?lang=es</a>(Spanish)</p>
<p><a href="http://realsoftware.com/index.php?lang=cht" target="_new">http://realsoftware.com/index.php?lang=cht</a>(Chinese)</p>
<p>(Special Character Set required)</p>
<p>About REALbasic</p>
<p>REALbasic is a full-featured software development environment
suited to creating a wide range of applications, from utilities to
enterprise-class applications. REALbasic Standard Edition for
Windows or Mac is priced at $100. REALbasic for Linux Standard
Edition is offered for free. REALbasic Professional Edition,
required for cross-platform deployment, is <tm:entity><tm:money_expression><tm:money Amount="500" Currency="Dollar" value="$500">$500</tm:money></tm:money_expression></tm:entity>. All versions of
REALbasic are available now and can be downloaded directly from
REAL Software at <a href="http://www.realsoftware.com/download" target="_new">http://www.realsoftware.com/download</a>.</p><p>About REAL SQL Server</p>
<p>REAL SQL Server is a multi-user database server developed by the
company for cross-platform deployment. REAL SQL Server is a fast
and reliable database server designed for use with REALbasic
applications. Based on the same engine as the REAL SQL Database
(the single-user database embedded in the REALbasic Framework),
REAL SQL Server enables developers to convert existing applications
to multi-user with ease.</p>
<p>About REAL Software</p>
<p>REAL Software provides REALbasic and REAL SQL Server, for
developers who want to create and deliver cross-platform software
for Windows, Macintosh OS/X and Linux. REALbasic is highly
compatible with Visual Basic and includes a utility to assist in
migrating Visual Basic applications cross-platform to Macintosh and
Linux. REAL Software was founded <tm:entity><tm:time_expression><tm:exact_time Year="1996" value="in 1996">in 1996</tm:exact_time></tm:time_expression></tm:entity> and is based in <tm:entity><tm:location><tm:country location_country="United States of America"><tm:place>Austin</tm:place></tm:country></tm:location></tm:entity>,
<tm:location><tm:country location_country="United States of America"><tm:place>Texas</tm:place></tm:country></tm:location>. For more information visit <a href="http://www.realsoftware.com" target="_new">http://www.realsoftware.com</a>or call 512.328.7325.</p>
<p>(C)2007 <tm:entity><tm:company Extension="Inc" value="real software">REAL Software</tm:company></tm:entity>, Incorporated. REAL Software, REALbasic
and the REAL Software cube logo are registered trademarks of <tm:entity><tm:company Extension="Inc" value="real software">REAL
Software</tm:company></tm:entity>, Inc. All other names mentioned are trademarks or
registered trademarks of their respective holders in the <tm:entity><tm:location><tm:country><tm:place>United
States</tm:place></tm:country></tm:location></tm:entity> and other countries.</p>
</body>
</html>


</doc>

