<doc xmlns:tm="http://www.temis.com/annotations/1.1/">
<metadata>
<aboutcompany value="inrix"/>
<releaselocation value="kirkland"/>
<data_source value="prnews"/>
<source value="inrix"/>
<processing_date>2008-01-21T17:53:01</processing_date>
<date>2007-12-19T08:00:00</date>
<quote symbol="NASDAQ:MSFT" src-company="microsoft" company="Microsoft Corporation" date="2007-12-19" price="34.79"/></metadata>
<title>INRIX Eases the Stress of Holiday Travel with Real-Time Traffic Information - Now Available in 117 Markets Across the <tm:entity><tm:location><tm:country><tm:place>U.S.</tm:place></tm:country></tm:location></tm:entity> and the <tm:entity><tm:location><tm:country><tm:place>U.K.</tm:place></tm:country></tm:location></tm:entity></title>
<html>
<head>
<meta name="generator" content="HTML Tidy for Windows (vers 14 February 2006), see www.w3.org"/>
<!-- #BeginEditable "doctitle" -->
<title><tm:entity><tm:company Extension="Inc" value="inrix">INRIX</tm:company></tm:entity> Eases the Stress of Holiday Travel with Real-Time
Traffic Information - Now Available in 117 Markets Across the <tm:entity><tm:location><tm:country><tm:place>U.S.</tm:place></tm:country></tm:location></tm:entity> and the <tm:entity><tm:location><tm:country><tm:place>U.K.</tm:place></tm:country></tm:location></tm:entity></title></head>
<body>
<p><tm:entity><tm:company Extension="Inc" value="inrix">INRIX</tm:company></tm:entity> traffic available on hundreds of this season's most
popular,</p>
<p>affordable navigation-enabled devices, including mobile
navigation</p>
<p>applications, in the car and on the Internet</p>
<p><tm:entity><tm:company Extension="Inc" value="inrix">INRIX</tm:company></tm:entity> now supplies 7x more coverage than any other traffic
information</p>
<p>provider</p>
<p>KIRKLAND, Wash., <tm:entity><tm:time_expression><tm:relative_time Day="19" Month="Dec." value="dec. 19">Dec. 19</tm:relative_time></tm:time_expression></tm:entity> /PRNewswire/ -- Just in time for the
usually-frantic holiday travel surge, INRIX(R), the leading
provider of traffic information in the <tm:entity><tm:location><tm:country><tm:place>U.S.</tm:place></tm:country></tm:location></tm:entity>, has added even more
coverage across more cities to get everyone "over the river and
through the woods," or to the airport, or the mall with reliable,
accurate real-time traffic information. <tm:entity><tm:company Extension="Inc" value="inrix">INRIX</tm:company></tm:entity> leads the traffic
information industry with real-time flow coverage in 117 markets in
the <tm:entity><tm:location><tm:country><tm:place>U.S.</tm:place></tm:country></tm:location></tm:entity> and the <tm:entity><tm:location><tm:country><tm:place>U.K.</tm:place></tm:country></tm:location></tm:entity> and over 55,000 miles of roadways.</p>
<p>(Logo: <a href="http://www.newscom.com/cgi-bin/prnh/20060424/SFM077LOGO-b" target="_new">http://www.newscom.com/cgi-bin/prnh/20060424/SFM077LOGO-b</a>)</p>
<p><tm:entity><tm:company Extension="Inc" value="inrix">INRIX</tm:company></tm:entity> traffic is widely and easily available to consumers on
hundreds of mobile devices and applications:<br/></p>
<ul>
<li>Garmin, <tm:entity><tm:person Family_Name="Tom" First_Name="Tom" Gender="Male" value="tom tom">Tom Tom</tm:person></tm:entity>, Mio, Navigon and more -- <tm:entity><tm:company Extension="Inc" value="inrix">INRIX</tm:company></tm:entity> traffic is
included in Clear Channel Radio's Total Traffic Network traffic
solution bundled with this season's hottest selling portable
navigation devices. Give or receive the most popular gift this
holiday, and get where you're going smarter and faster.</li>
<li>MapQuest Navigator 5.0 -- With live traffic powered by <tm:entity><tm:company Extension="Inc" value="inrix">INRIX</tm:company></tm:entity>,
holiday travelers can sign up for the new version of <tm:entity><tm:company value="mapquest">MapQuest</tm:company></tm:entity>'s
voice-guided, GPS-enabled wireless application at <a href="http://www.mapquest.com/mobile" target="_new">http://www.mapquest.com/mobile</a>. Those who sign up
between now and <tm:entity><tm:time_expression><tm:exact_time value="2007">December 31, 2007</tm:exact_time></tm:time_expression></tm:entity> can download the mobile
application directly to their cellular phone for half of the
standard monthly fee -- for the life of the subscription. MapQuest
Navigator 5.0 also features <tm:entity><tm:company><tm:normalized_name Domain="Media" value="aol">AOL</tm:normalized_name></tm:company></tm:entity> CityGuide information, Gas Prices
and more</li>
<li>TeleNav GPS Navigator -- For $9.99 a month, your mobile phone
can be a fully-loaded GPS navigation system. <tm:entity><tm:company Extension="Inc" value="inrix">INRIX</tm:company></tm:entity> powers traffic
information in this easy-to-use application that offers real-time
traffic conditions, turn-by-turn driving directions and one-click
rerouting. Try TeleNav free <tm:entity><tm:time_expression><tm:duration value="for 30 days">for 30 days</tm:duration></tm:time_expression></tm:entity> by visiting <a href="http://www.telenav.com" target="_new">http://www.telenav.com</a>.</li>
<li>INRIX Traffic For <tm:entity><tm:company Domain="TeleCommunication" value="windows mobile">Windows Mobile</tm:company></tm:entity>-- Available for any Windows
Mobile device, download this application for instant access to not
only real- time and historical traffic information but dynamic
predictive traffic <tm:entity><tm:time_expression><tm:duration To="5 days" value="up to 5 days">up to 5 days</tm:duration></tm:time_expression></tm:entity> in advance. <tm:entity><tm:location><tm:country><tm:place>UK</tm:place></tm:country></tm:location></tm:entity> coverage also
available. Any Pocket PC or Smartphone user can visit <a href="http://mobile.inrix.com" target="_new">http://mobile.inrix.com</a>
for a free 30 day trial.</li>
</ul>
<p><tm:entity><tm:company Extension="Inc" value="inrix">INRIX</tm:company></tm:entity> is able to achieve broad market and road coverage through
its unique "Smart Dust Network" approach of aggregating
traffic-related information from more than 250 public and private
sources, including traditional road sensors together with data from
GPS-enabled vehicles and data from other sources. In addition,
<tm:entity><tm:company Extension="Inc" value="inrix">INRIX</tm:company></tm:entity> offers customers the most accurate traffic information
available. The INRIX Traffic Fusion Engine is a sophisticated,
proprietary technology that blends data and variables from hundreds
of sources to provide the highest quality traffic information on
the market.</p>
<p>Continuously adding real-time traffic information to
metropolitan markets across the <tm:entity><tm:location><tm:country><tm:place>U.S.</tm:place></tm:country></tm:location></tm:entity> and the <tm:entity><tm:location><tm:country><tm:place>U.K.</tm:place></tm:country></tm:location></tm:entity>, <tm:entity><tm:location><tm:country><tm:place>INRIX</tm:place></tm:country></tm:location></tm:entity> has just
added real-time speed information for <tm:location><tm:country location_country="United States of America"><tm:place>Oklahoma City</tm:place></tm:country></tm:location>, <tm:location><tm:country location_country="United States of America"><tm:place>Oklahoma</tm:place></tm:country></tm:location>;
Albuquerque, <tm:location><tm:country location_country="United States of America"><tm:place>New Mexico</tm:place></tm:country></tm:location>; McAllen, <tm:location><tm:country location_country="United States of America"><tm:place>Texas</tm:place></tm:country></tm:location>; <tm:entity><tm:location><tm:country><tm:place>Nashville</tm:place></tm:country></tm:location></tm:entity>, <tm:location><tm:country location_country="United States of America"><tm:place>Tennessee</tm:place></tm:country></tm:location>; and
<tm:entity><tm:location><tm:country location_country="United States of America"><tm:place>New Orleans</tm:place></tm:country></tm:location></tm:entity>, <tm:location><tm:country location_country="United States of America"><tm:place>Louisiana</tm:place></tm:country></tm:location>. <tm:entity><tm:company Extension="Inc" value="inrix">INRIX</tm:company></tm:entity>'s detailed market coverage maps are
available on the company's web site at: <a href="http://www.inrix.com/coverageflow.asp" target="_new">http://www.inrix.com/coverageflow.asp</a>. <tm:entity><tm:company Extension="Inc" value="inrix">INRIX</tm:company></tm:entity> market
coverage is based upon standard Core Based Statistical Areas
(CBSA's).</p>
<p>About <tm:entity><tm:company Extension="Inc" value="inrix">INRIX</tm:company></tm:entity></p><p>INRIX(R) is the leading provider of accurate real time,
historical and predictive traffic information nationwide, providing
over 40 industry partners and customers including Clear Channel
Radio's Total Traffic Network, deCarta, <tm:entity><tm:company value="mapquest">MapQuest</tm:company></tm:entity>, <tm:entity><tm:company Domain="IT" value="microsoft">Microsoft</tm:company></tm:entity>, TCS,
Tele Atlas, TeleNav, Telmap, <tm:entity><tm:person Family_Name="Tom" First_Name="Tom" Gender="Male" value="tom tom">Tom Tom</tm:person></tm:entity> and others with the highest
quality data and broadest coverage available for personal
navigation, mapping, and other location-based service applications
in the car, online and on mobile devices.</p>
<p>INRIX Traffic Services leverage sophisticated statistical
analysis techniques, originally developed by <tm:entity><tm:company Domain="IT" value="microsoft research">Microsoft Research</tm:company></tm:entity>, to
aggregate and enhance traffic-related information from hundreds of
public and private sources, going well beyond the limitations of
static road sensor networks, historical-based models and cellular
data aggregators, to offer customers the most sophisticated
understanding of the unique system-wide traffic patterns in each
metropolitan area. Additionally, <tm:entity><tm:company Extension="Inc" value="inrix">INRIX</tm:company></tm:entity> offers real-time for 117
markets in the <tm:entity><tm:location><tm:country><tm:place>U.S.</tm:place></tm:country></tm:location></tm:entity> and the <tm:entity><tm:location><tm:country><tm:place>U.K.</tm:place></tm:country></tm:location></tm:entity> and incident data for 122 markets
across the country. To experience the traffic technology revolution
behind the next generation of navigation and location-based service
applications, visit <a href="http://www.inrix.com" target="_new">http://www.inrix.com</a>.</p><p><tm:entity><tm:company Extension="Inc" value="inrix">INRIX</tm:company></tm:entity> is a registered trademark of <tm:entity><tm:company Extension="Inc" value="inrix">INRIX</tm:company></tm:entity>, Inc. in the <tm:entity><tm:location><tm:country><tm:place>United
States</tm:place></tm:country></tm:location></tm:entity> and/or other countries.</p>
<p>The names of actual companies and products mentioned herein may
be the trademarks of their <tm:entity><tm:function FunctionCategory="Board" value="respective owners">respective owners</tm:function></tm:entity>.</p></body>
</html>


</doc>

