<doc xmlns:tm="http://www.temis.com/annotations/1.1/">
<metadata><releaselocation value="cleveland"/><data_source value="prnews"/><source value="ecrm(r)"/><processing_date>2008-01-21T18:15:03</processing_date><date>2007-12-14T16:06:00</date><quote symbol="LON:CPG" src-company="cpg" company="Compass Group plc" date="2007-12-14" price=""/></metadata>
<title>'ECRM(R) Announces 2008 Efficient Program Planning Sessions Schedule'
</title>
<html>
<head>
<meta name="generator" content="HTML Tidy for Windows (vers 14 February 2006), see www.w3.org"/>
<!-- #BeginEditable "doctitle" -->
<title>'ECRM(R) Announces 2008 Efficient Program Planning Sessions
Schedule'</title>
</head>
<body>
<p><tm:entity><tm:location><tm:country location_country="United States of America"><tm:place>CLEVELAND</tm:place></tm:country></tm:location></tm:entity>, <tm:entity><tm:time_expression><tm:relative_time Day="14" Month="Dec." value="dec. 14">Dec. 14</tm:relative_time></tm:time_expression></tm:entity> /PRNewswire/ -- ECRM(R) continues to provide
<tm:entity><tm:company value="cpg">CPG</tm:company></tm:entity> retailers and manufacturers with exceptional business
solutions, with over fifty Efficient Program Planning Sessions
(EPPS(R)) planned <tm:entity><tm:time_expression><tm:exact_time Year="2008" value="for 2008">for 2008</tm:exact_time></tm:time_expression></tm:entity>. After hosting more than four hundred
successful events <tm:entity><tm:time_expression><tm:duration Year="1994" value="since 1994">since 1994</tm:duration></tm:time_expression></tm:entity>, EPPS give attendees the best
opportunity to present and review new items, promotions or seasonal
programs. These unique meetings are fueled by ECRM's advanced
technology, MarketGate(TM) Application Suite, which streamlines the
selection process and facilitates meeting follow-up. With EPPS
event registrations on the constant increase, more than 1,000 top
retailers worldwide have already ingrained EPPS into their business
planning methods, reducing and even replacing traditional home
office appointments.</p><p>EPPS(R) events cover a variety of key categories that include;
Grocery, Pharmacy, Health and Beauty Care, <tm:entity><tm:company value="general merchandise">General Merchandise</tm:company></tm:entity>,
<tm:entity><tm:company Extension="Manufacturing" value="contract">Contract</tm:company></tm:entity> Manufacturing &amp; Packaging and International events.
New events added <tm:entity><tm:time_expression><tm:exact_time Year="2008" value="for 2008">for 2008</tm:exact_time></tm:time_expression></tm:entity> include: Global Prestige Beauty Care,
Global Wine, ECRM/Levin Consulting Retail Summit, Global Food &amp;
Confectionary, Fall Holiday Baking, Packaging Food and <tm:entity><tm:company value="beverage">Beverage</tm:company></tm:entity>,
<tm:entity><tm:company Extension="Manufacturing" value="contract">Contract</tm:company></tm:entity> Manufacturing Food &amp; Beverage, Frozen Food, Patient
Acquisition, Compliance and <tm:entity><tm:company value="persistency">Persistency</tm:company></tm:entity>, <tm:entity><tm:company Domain="Pharma" value="specialty biotech">Specialty
Biotech</tm:company></tm:entity>/Pharmaceuticals, Government Institutional, <tm:entity><tm:organisation Domain="Educational" value="hong kong direct import school">Hong Kong Direct
Import School</tm:organisation></tm:entity>, Packaging Automotive &amp; General Merchandise,
Secondary Packaging and Ice Cream.</p><p>MarketGate(TM) Application Suite provides users with extensive
capabilities to supplement their event experience. Features include
<tm:entity><tm:function FunctionCategory="Board" value="contact manager scorecard manager">Contact Manager, Scorecard Manager</tm:function></tm:entity>, Product Catalog, Ad
Comparisons, <tm:entity><tm:function FunctionCategory="Board, Other" value="event manager and retail form assistant">Event Manager, and Retail Form Assistant</tm:function></tm:entity>.</p><p>To view our complete 2008 EPPS(R) schedule and learn how ECRM(R)
is changing the way companies worldwide are conducting business,
please visit <a href="http://www.ECRM-online.com" target="_new">http://www.ECRM-online.com</a>.</p>
</body>
</html>


</doc>

