<doc xmlns:tm="http://www.temis.com/annotations/1.1/">
<metadata>
<aboutcompany value="simdesk"/>
<releaselocation value="houston"/>
<data_source value="prnews"/>
<source value="simdesk"/>
<processing_date>2008-01-21T18:19:06</processing_date>
<date>2007-12-12T20:08:00</date>
<quote symbol="KUL:HELP" src-company="help" company="Help International Corporation Bhd" date="2007-12-12" price=""/><quote symbol="TLV:NMGR" src-company="entrepreneurs" company="Neot Magor Entrepreneurs &amp; Building Ltd." date="2007-12-12" price=""/></metadata>
<title>Simdesk Launches New Small Business Technology Webinar Series Focused on Trends that <tm:entity><tm:company Extension="Companies" value="help">Help</tm:company></tm:entity> Companies Be More Agile
</title>
<html>
<head>
<meta name="generator" content="HTML Tidy for Windows (vers 14 February 2006), see www.w3.org"/>
<!-- #BeginEditable "doctitle" -->
<title>Simdesk Launches New Small Business Technology Webinar
Series Focused on Trends that <tm:entity><tm:company Extension="Companies" value="help">Help</tm:company></tm:entity> Companies Be More Agile</title>
</head>
<body>
<p>The first webinar in the series, 'Technology Tools for Success',
will be</p>
<p>held <tm:entity><tm:time_expression><tm:exact_time value="2007">December 19, 2007</tm:exact_time></tm:time_expression></tm:entity>- 9:00 a.m. to 9:30 a.m. Central Time</p>
<p><tm:entity><tm:location><tm:country location_country="United States of America"><tm:place>HOUSTON</tm:place></tm:country></tm:location></tm:entity>, <tm:entity><tm:time_expression><tm:relative_time Day="12" Month="Dec." value="dec. 12">Dec. 12</tm:relative_time></tm:time_expression></tm:entity> /PRNewswire/ -- Simdesk, an on demand messaging
and collaboration software for virtual workgroups, today announced
the company is hosting a series of free webinars focused on helping
small businesses accomplish marketing, collaborative
communications, workgroup project management, website
effectiveness, and on demand printing solutions with
cost-effective, business-class technologies.</p>
<p><tm:entity><tm:company value="entrepreneurs">Entrepreneurs</tm:company></tm:entity>, start-up companies, business <tm:entity><tm:function FunctionCategory="Board" value="owners">owners</tm:function></tm:entity> with remote
or virtual offices will find this webinar series an invaluable
source of practical information to work effectively even though
they may be faced with workforce shortages or budget
constraints.</p>
<p>The first webinar in the Simdesk Small Business Technology
Webinar Series is "Technology Tools for Success", sponsored by
<tm:entity><tm:location><tm:country location_country="United States of America"><tm:place>Houston</tm:place></tm:country></tm:location></tm:entity> Business Journal. Online registration for this webinar is
currently open at <a href="http://www.simdesk.com/webinars/success" target="_new">http://www.simdesk.com/webinars/success</a>.<br/>
This webinar will cover:</p>
<ul>
<li>Recent trends in the marketplace that impact your business</li>
<li>Web marketing and search engine optimization techniques to fuel
your online presence</li>
<li>On demand print solutions that give your business the ability
to turn on a dime</li>
<li>Trends in outsourcing technology, collaboration and
productivity tools for small businesses</li>
</ul>
<p>Each webinar features a panel discussion of business leaders.
The "Technology Tools for Success" webinar featured panelists
are:<br/>
-- <tm:entity><tm:person Family_Name="Beddow" First_Name="John" Gender="Male" value="john beddow">John Beddow</tm:person></tm:entity>, Publisher, <tm:entity><tm:location><tm:country location_country="United States of America"><tm:place>Houston</tm:place></tm:country></tm:location></tm:entity> Business Journal</p>
<ul>
<li><tm:entity><tm:person Family_Name="Farrell" First_Name="Susan, Allen" Gender="Female" role="Person" value="susan allen farrell">Susan Allen Farrell</tm:person></tm:entity>, <tm:entity><tm:function FunctionCategory="Board" role="Has_Function" value="president and ceo">President and CEO</tm:function></tm:entity>, <tm:entity><tm:company><tm:potential_company role="Who" value="eventigy">Eventigy</tm:potential_company></tm:company></tm:entity></li><li><tm:entity><tm:person Family_Name="Woolsey" First_Name="Kathi" Gender="Female" role="Person" value="kathi woolsey">Kathi Woolsey</tm:person></tm:entity>, <tm:entity><tm:function FunctionCategory="Board" role="Has_Function" value="vice president">Vice President</tm:function></tm:entity>, <tm:entity><tm:company><tm:potential_company role="Who" value="imageset digital">ImageSet Digital</tm:potential_company></tm:company></tm:entity></li><li><tm:entity><tm:person Family_Name="Lopez" First_Name="David" Gender="Male" role="Person" value="david lopez">David Lopez</tm:person></tm:entity>, <tm:entity><tm:function FunctionCategory="Board" role="Has_Function" value="director of marketing">Director of Marketing</tm:function></tm:entity>, <tm:entity><tm:company><tm:potential_company role="Who" value="simdesk">Simdesk</tm:potential_company></tm:company></tm:entity></li></ul>
<p>About Simdesk</p>
<p>Simdesk (<a href="http://www.simdesk.com" target="_new">http://www.simdesk.com</a>) is an innovative on demand
software pioneer that delivers, through our partners, an integrated
suite of powerful messaging and collaboration solutions that
provide private and secure file storing and sharing; a true
Exchange messaging alternative with shared calendar contacts and
notes; and a distinctive remote printing solution -- all with
unparalleled accessibility and mobility through any device a
customer chooses.</p></body>
</html>


</doc>

