<doc xmlns:tm="http://www.temis.com/annotations/1.1/">
<metadata><aboutcompany value="stayinfront crm"/><releaselocation value="fairfield"/><data_source value="prnews"/><source value="stayinfront, inc."/><processing_date>2008-01-21T18:21:59</processing_date><date>2007-12-12T09:30:00</date><quote symbol="LON:LEAD" src-company="lead" company="Leadcom Integrated Solutions Ltd." date="2007-12-12" price=""/></metadata>
<title>StayinFront Appoints New Managing Director for India-Based Development Center
</title>
<html>
<head>
<meta name="generator" content="HTML Tidy for Windows (vers 14 February 2006), see www.w3.org"/>
<!-- #BeginEditable "doctitle" -->
<title>StayinFront Appoints New Managing Director for India-Based
Development Center</title>
</head>
<body>
<div style="margin-left: 2em">- <tm:entity><tm:function FunctionCategory="Board" value="experienced software executive">Experienced Software Executive</tm:function></tm:entity> to
Help <tm:entity><tm:company Extension="Co" value="lead">Lead</tm:company></tm:entity> Company's Growing Offshore Presence -</div>
<p>FAIRFIELD, N.J., <tm:entity><tm:time_expression><tm:relative_time Day="12" Month="Dec." value="dec. 12">Dec. 12</tm:relative_time></tm:time_expression></tm:entity> /PRNewswire/ -- <tm:entity><tm:company Extension="Inc" value="stayinfront">StayinFront</tm:company></tm:entity>, Inc., a
global provider of enterprise wide customer relationship management
(CRM) applications, decision support tools, data services, sample
inventory management solutions and eBusiness systems, has appointed
<tm:entity><tm:person Family_Name="Dhagat" First_Name="Yatin" Gender="Male" role="Person" value="yatin dhagat">Yatin Dhagat</tm:person></tm:entity> as <tm:entity><tm:function FunctionCategory="Board" role="Has_Function" value="managing director">Managing Director</tm:function></tm:entity> of its offshore development
center StayinFront India Pvt. Limited.</p>
<p>A seasoned global software <tm:entity><tm:function FunctionCategory="Board" value="executive">executive</tm:function></tm:entity> with 25 years of experience
with organizations like VBSoft, DATAMAS, and <tm:entity><tm:person Family_Name="Elxsi" First_Name="Tata" value="tata elxsi">Tata Elxsi</tm:person></tm:entity>, <tm:entity><tm:person Family_Name="Dhagat" First_Name="Yatin" Gender="Male" value="yatin dhagat">Yatin
Dhagat</tm:person></tm:entity> has been involved in software delivery, professional
services, operations management, sales and marketing, and project
management. He possesses a bachelor's degree from <tm:entity><tm:organisation Domain="Educational" value="birla vishvakarma engineering college">Birla Vishvakarma
Engineering College</tm:organisation></tm:entity> in Mechanical Engineering and also holds a
master's degree from <tm:entity><tm:organisation value="south gujarat university in business administration">South Gujarat University in Business
Administration</tm:organisation></tm:entity>.</p><p><tm:entity><tm:person Family_Name="Bullen" First_Name="Tony" Gender="Male" role="Person" value="tony bullen">Tony Bullen</tm:person></tm:entity>, <tm:entity><tm:function FunctionCategory="Board" role="Has_Function" value="executive vice president">Executive Vice President</tm:function></tm:entity> and Chief Technology
Officer for StayinFront, commented "Yatin's wealth of experience in
software delivery will be immensely valuable, as StayinFront continues to grow and service customers globally."</p>
<p>StayinFront India is located at Infocity, Building 1, Office
<tm:entity><tm:postal_address Street="101-106 , Airport Road" value="101-106 , airport road">101-106, Airport Road</tm:postal_address></tm:entity>, <tm:entity><tm:location><tm:country location_country="India"><tm:place>Gandhinagar</tm:place></tm:country></tm:location></tm:entity>, <tm:cityorprovince><tm:asia><tm:india Location_Continent="Asia" Location_Country="India" value="gujarat">Gujarat</tm:india></tm:asia></tm:cityorprovince>, <tm:entity><tm:location><tm:country><tm:place>India</tm:place></tm:country></tm:location></tm:entity>- 382 009.
StayinFront's other <tm:entity><tm:location><tm:country><tm:place>Asia</tm:place></tm:country></tm:location></tm:entity> <tm:entity><tm:location><tm:country><tm:place>Pacific</tm:place></tm:country></tm:location></tm:entity> locations include <tm:location><tm:country><tm:place>Singapore</tm:place></tm:country></tm:location>, <tm:location><tm:country><tm:place>New
Zealand</tm:place></tm:country></tm:location> and two offices in <tm:entity><tm:location><tm:country><tm:place>Australia</tm:place></tm:country></tm:location></tm:entity>. The company also maintains
offices in the <tm:entity><tm:location><tm:country><tm:place>United States</tm:place></tm:country></tm:location></tm:entity>, the <tm:entity><tm:location><tm:country><tm:place>United Kingdom</tm:place></tm:country></tm:location></tm:entity>, <tm:location><tm:country><tm:place>Belgium</tm:place></tm:country></tm:location>and
<tm:location><tm:country><tm:place>Ireland</tm:place></tm:country></tm:location>.</p>
<p>About StayinFront CRM</p>
<p>Designed to provide a single technology platform that manages
and integrates all aspects of customer interaction, including
sales, marketing, and customer support, StayinFront CRM is an
enterprise-wide "exact fit" solution. Rapidly configured to meet
the specific needs of each client, StayinFront CRM's unique product
architecture can integrate into existing business processes without
costly and time-consuming programming and development.</p>
<p>StayinFront CRM can be delivered as a hosted application or
installed on a corporate network. StayinFront CRM also supports a
wide variety of mobile devices, such as tablet PCs, laptops and
Pocket PCs, to ensure seamless productivity support for field
forces.</p>
<p>About <tm:entity><tm:company Extension="Inc" value="stayinfront">StayinFront</tm:company></tm:entity>, Inc.</p><p><tm:entity><tm:company Extension="Inc" value="stayinfront">StayinFront</tm:company></tm:entity>, Inc. is a leading global provider of
enterprise-wide customer relationship management (CRM)
applications, decision support tools, data services, sample
inventory management solutions and eBusiness systems. StayinFront offers rapidly configured and implemented solutions and services to
manage and integrate all points of customer interaction including
sales, marketing and customer support.</p>
<p>StayinFront has been chosen globally as a strategic CRM partner
by many of the world's top life sciences, consumer goods, financial
services and business-to-business companies, and StayinFront solutions have been implemented in over 20 countries in 12
languages.</p>
<p>StayinFront's flexible product architecture, object-oriented
data modeling and range of deployment options provide an "exact
fit" solution to help drive business processes, better manage the
administrative functions of the system and lower ongoing costs of
ownership.</p><p><tm:entity><tm:company><tm:potential_company role="Who" value="stayinfront">StayinFront</tm:potential_company></tm:company></tm:entity> also offers a range of support services, including
StayinFront Data Quality Services, to improve, standardize, augment
and further leverage the informational assets contained in
proprietary databases.</p>
<p>Headquartered in Fairfield, <tm:location><tm:country location_country="United States of America"><tm:place>New Jersey</tm:place></tm:country></tm:location>, StayinFront has offices
in <tm:entity><tm:location><tm:country location_country="United States of America"><tm:place>Illinois</tm:place></tm:country></tm:location></tm:entity>, the <tm:entity><tm:location><tm:country><tm:place>United Kingdom</tm:place></tm:country></tm:location></tm:entity>, <tm:location><tm:country><tm:place>Belgium</tm:place></tm:country></tm:location>, <tm:location><tm:country><tm:place>Ireland</tm:place></tm:country></tm:location>, <tm:entity><tm:location><tm:country><tm:place>India</tm:place></tm:country></tm:location></tm:entity>,
<tm:entity><tm:location><tm:country><tm:place>Australia</tm:place></tm:country></tm:location></tm:entity>, <tm:location><tm:country><tm:place>Singapore</tm:place></tm:country></tm:location>and <tm:location><tm:country><tm:place>New Zealand</tm:place></tm:country></tm:location>. The Company can be contacted
via the web at <a href="http://www.stayinfront.com" target="_new">http://www.stayinfront.com</a>.</p></body>
</html>


</doc>

