<doc xmlns:tm="http://www.temis.com/annotations/1.1/">
<metadata><aboutcompany value="embarq"/><releaselocation value="overland park"/><data_source value="prnews"/><source value="embarq"/><processing_date>2008-01-21T17:56:57</processing_date><date>2007-12-18T08:30:00</date><quote symbol="NYSE:S" src-company="sprint nextel" company="Sprint Nextel Corporation" date="2007-12-18" price="13.76"/><quote symbol="NYSE:EQ" src-company="embarq" company="Embarq Corporation" date="2007-12-18" price="48.19"/><quote symbol="NYSE:AEA" src-company="aea" company="Advance America, Cash Advance Centers" date="2007-12-18" price="9.38"/><quote symbol="NASDAQ:PLCM" src-company="polycom" company="Polycom, Inc." date="2007-12-18" price="25.47"/></metadata>
<title>EMBARQ Announces <tm:entity><tm:person Family_Name="Gerke" First_Name="Tom" Gender="Male" role="Person" value="tom a gerke">Tom Gerke</tm:person></tm:entity> as <tm:entity><tm:function FunctionCategory="Board" role="Has_Function" value="interim ceo">Interim CEO</tm:function></tm:entity> and <tm:entity><tm:person Family_Name="Owens" First_Name="William" Gender="Male" role="Person" value="william owens">William Owens</tm:person></tm:entity> as <tm:entity><tm:function FunctionCategory="Board" role="Has_Function" value="chairman of the board">Chairman of the Board</tm:function></tm:entity></title>
<html>
<head>
<meta name="generator" content="HTML Tidy for Windows (vers 14 February 2006), see www.w3.org"/>
<!-- #BeginEditable "doctitle" -->
<title><tm:entity><tm:company><tm:potential_company role="Who" value="embarq">EMBARQ</tm:potential_company></tm:company></tm:entity> Announces <tm:entity><tm:person Family_Name="Gerke" First_Name="Tom" Gender="Male" role="Person" value="tom a gerke">Tom Gerke</tm:person></tm:entity> as <tm:entity><tm:function FunctionCategory="Board" role="Has_Function" value="interim ceo">Interim CEO</tm:function></tm:entity> and <tm:entity><tm:person Family_Name="Owens" First_Name="William" Gender="Male" role="Person" value="william owens">William Owens</tm:person></tm:entity> as <tm:entity><tm:function FunctionCategory="Board" role="Has_Function" value="chairman of the board">Chairman of the Board</tm:function></tm:entity></title></head>
<body>
<p><tm:entity><tm:person Family_Name="Hesse" First_Name="Dan" Gender="Male" role="Person" value="dan hesse">Dan Hesse</tm:person></tm:entity> Resigns as <tm:entity><tm:function FunctionCategory="Board" role="Has_Function" value="chairman president and ceo">Chairman, President and CEO</tm:function></tm:entity></p><p><tm:entity><tm:location><tm:country location_country="United States of America"><tm:place>OVERLAND PARK</tm:place></tm:country></tm:location></tm:entity>, <tm:entity><tm:location><tm:country location_country="United States of America"><tm:place>Kan.</tm:place></tm:country></tm:location></tm:entity>, <tm:entity><tm:time_expression><tm:relative_time Day="18" Month="Dec." value="dec. 18">Dec. 18</tm:relative_time></tm:time_expression></tm:entity> /PRNewswire-FirstCall/ -- (<tm:entity><tm:stockindex value="nyse">NYSE</tm:stockindex></tm:entity>:
<a class="small" href="http://studio-5.financialcontent.com/prnews?Page=Quote&amp;Ticker=EQ" onclick="var s=s_gi(s_account); var hd1 = document.getElementById('headline'); s.tl(this,'o',getLinkName('Company Sanpshot'));">EQ</a>) <tm:entity><tm:company><tm:potential_company role="Who" value="embarq">EMBARQ</tm:potential_company></tm:company></tm:entity> today announced the appointment of Tom A. Gerke, 51,
a senior telecommunications executive and EMBARQ's current general
counsel, as interim <tm:entity><tm:function FunctionCategory="Board" value="chief executive officer">chief executive officer</tm:function></tm:entity>, effective immediately.
Bill Owens, EMBARQ's lead director, has been named non-executive
chairman of the board. The appointment was made after <tm:entity><tm:person Family_Name="Hesse" First_Name="Dan" Gender="Male" role="Person" value="dan hesse">Dan Hesse</tm:person></tm:entity> resigned as <tm:entity><tm:function FunctionCategory="Board" role="Has_Function" value="chairman">chairman</tm:function></tm:entity> of the board of <tm:entity><tm:function FunctionCategory="Board" role="Has_Function" value="directors president and chief executive officer">directors, president and chief
executive officer</tm:function></tm:entity>, to become <tm:entity><tm:function FunctionCategory="Board" value="president and chief executive officer">president and chief executive officer</tm:function></tm:entity> of <tm:entity><tm:company Domain="TeleCommunication" value="sprint nextel">Sprint Nextel</tm:company></tm:entity>.</p><p>(Photo: <a href="http://www.newscom.com/cgi-bin/prnh/20071218/AQTU082" target="_new">http://www.newscom.com/cgi-bin/prnh/20071218/AQTU082</a>)</p>
<p>(Logo: <a href="http://www.newscom.com/cgi-bin/prnh/20060516/EMBARQLOGO" target="_new">http://www.newscom.com/cgi-bin/prnh/20060516/EMBARQLOGO</a>)</p>
<p><tm:entity><tm:person Family_Name="Owens" First_Name="Bill" Gender="Male" role="Person" value="bill owens">Bill Owens</tm:person></tm:entity>, <tm:entity><tm:company><tm:potential_company role="Who" value="embarq">EMBARQ</tm:potential_company></tm:company></tm:entity>'s <tm:entity><tm:function FunctionCategory="Board" role="Has_Function" value="chairman">chairman</tm:function></tm:entity> of the board, said, "The board is
confident that <tm:entity><tm:company><tm:potential_company role="Who" value="embarq">EMBARQ</tm:potential_company></tm:company></tm:entity> is in very capable hands with Tom as our
interim <tm:entity><tm:function FunctionCategory="Board" value="chief executive officer">chief executive officer</tm:function></tm:entity>. We will conduct an orderly process
to select a <tm:entity><tm:function FunctionCategory="Board" role="Has_Function" value="permanent chief executive officer">permanent chief executive officer</tm:function></tm:entity>, and <tm:entity><tm:person Family_Name="Gerke" First_Name="Tom" Gender="Male" role="Person" value="tom a gerke">Tom Gerke</tm:person></tm:entity> will
be a strong candidate for the position. In the interim, our
talented and experienced senior management team will continue to
execute well and build upon <tm:entity><tm:company><tm:potential_company role="Who" value="embarq">EMBARQ</tm:potential_company></tm:company></tm:entity>'s momentum. We wish Dan well and
expect that <tm:entity><tm:company><tm:potential_company role="Who" value="embarq">EMBARQ</tm:potential_company></tm:company></tm:entity> will continue to enjoy mutually beneficial
commercial relationships with <tm:entity><tm:company Domain="TeleCommunication" value="sprint nextel">Sprint Nextel</tm:company></tm:entity>."</p><p><tm:entity><tm:person Family_Name="Owens" First_Name="Bill" Gender="Male" value="bill owens">Bill Owens</tm:person></tm:entity> added, "Management has implemented an aggressive plan
to improve efficiency and move the cost structure to the
appropriate benchmarked levels. Substantial progress already has
been achieved and we are confident in our ability to achieve even
more progress in the future. <tm:entity><tm:company><tm:potential_company role="Who" value="embarq">EMBARQ</tm:potential_company></tm:company></tm:entity> has a strong balance sheet and
investment grade credit ratings, and is generating substantial
amounts of cash. <tm:entity><tm:time_expression><tm:relative_time value="at last week">At last week</tm:relative_time></tm:time_expression></tm:entity>'s board meeting, the board reviewed
and approved the financial and operating plan <tm:entity><tm:time_expression><tm:relative_time value="for 2008 and early next year">for 2008 and early
next year</tm:relative_time></tm:time_expression></tm:entity> plans to consider a prudent increase in the amount of
cash being returned to shareholders. We do not anticipate that the
<tm:entity><tm:function FunctionCategory="Board" value="chief executive officer">chief executive officer</tm:function></tm:entity> transition will have any impact on this
process."</p>
<p>"Operationally, <tm:entity><tm:company><tm:potential_company role="Who" value="embarq">EMBARQ</tm:potential_company></tm:company></tm:entity> is very focused on improving customer
satisfaction and reducing the rate of access line loss, and our
ongoing programs have been showing positive results <tm:entity><tm:time_expression><tm:relative_time value="in recent quarters">in recent
quarters</tm:relative_time></tm:time_expression></tm:entity>. While <tm:entity><tm:company><tm:potential_company role="Who, Who" value="embarq"><tm:entity><tm:company><tm:potential_company role="Who, Who" value="embarq">EMBARQ</tm:potential_company></tm:company></tm:entity></tm:potential_company></tm:company></tm:entity> also is very focused on incremental revenue
opportunities from broadening its service offerings with innovative
products and services, EMBARQ's current strategy does not
contemplate large, incremental cash investments to facilitate
future revenue growth," noted <tm:entity><tm:person Family_Name="Owens" First_Name="Bill" Gender="Male" value="bill owens">Bill Owens</tm:person></tm:entity>.</p><p><tm:entity><tm:person Family_Name="Gerke" First_Name="Tom" Gender="Male" role="Person" value="tom a gerke">Tom Gerke</tm:person></tm:entity>, <tm:entity><tm:company><tm:potential_company role="Who" value="embarq">EMBARQ</tm:potential_company></tm:company></tm:entity>'s interim <tm:entity><tm:function FunctionCategory="Board" role="Has_Function" value="chief executive officer">chief executive officer</tm:function></tm:entity>, said,
"<tm:entity><tm:company><tm:potential_company role="Who" value="embarq">EMBARQ</tm:potential_company></tm:company></tm:entity> has made meaningful progress in a highly competitive
environment, and I am committed to continuing and building on that
momentum. I look forward to working with the management team and
all my fellow employees to stay focused on our customers, execute
our strategic plan, and build upon <tm:entity><tm:company><tm:potential_company role="Who" value="embarq">EMBARQ</tm:potential_company></tm:company></tm:entity>'s strong performance to
date."</p><p>In connection with <tm:entity><tm:person Family_Name="Hesse" First_Name="Dan" Gender="Male" value="dan hesse">Dan Hesse</tm:person></tm:entity>'s joining <tm:entity><tm:company Domain="TeleCommunication" role="Who" value="sprint nextel">Sprint Nextel</tm:company></tm:entity>, <tm:entity><tm:company Extension="Corporation" role="Who" value="embarq">EMBARQ</tm:company></tm:entity> and
<tm:entity><tm:company Domain="TeleCommunication" role="Who" value="sprint nextel">Sprint Nextel</tm:company></tm:entity> have reached an agreement which EMBARQ believes to be
financially and strategically beneficial and in the best interests
of EMBARQ's shareholders.</p>
<p><tm:entity><tm:person Family_Name="Gerke" First_Name="Tom" Gender="Male" role="Person" value="tom a gerke">Gerke</tm:person></tm:entity> has spent <tm:entity><tm:time_expression><tm:relative_time value="13 years of his 22 year">13 years of his 22 year</tm:relative_time></tm:time_expression></tm:entity> professional career in
the telecommunications industry and, <tm:entity><tm:time_expression><tm:exact_time Month="January" Year="2007" value="in january 2007">in January 2007</tm:exact_time></tm:time_expression></tm:entity>, assumed
responsibility for <tm:entity><tm:company Extension="Corporation" value="embarq">EMBARQ</tm:company></tm:entity>'s Wholesale Markets business unit, while
continuing to lead the legal, regulatory and external affairs
functions of <tm:entity><tm:company><tm:potential_company role="Who" value="embarq">EMBARQ</tm:potential_company></tm:company></tm:entity>. Before joining <tm:entity><tm:company><tm:potential_company role="Who" value="embarq">EMBARQ</tm:potential_company></tm:company></tm:entity> in connection with its
spin-off from <tm:entity><tm:company Domain="TeleCommunication" value="sprint nextel">Sprint Nextel</tm:company></tm:entity>, he held a variety of leadership roles
at <tm:entity><tm:company Domain="TeleCommunication" value="sprint nextel">Sprint Nextel</tm:company></tm:entity>, including <tm:entity><tm:time_expression><tm:duration From="April 2003" Month="April, August" To="August 2005 ," Year="2003, 2005" value="from april 2003 to august 2005 ,">from April 2003 to August 2005,</tm:duration></tm:time_expression></tm:entity> as
<tm:entity><tm:function FunctionCategory="Board" value="executive vice president">executive vice president</tm:function></tm:entity> and general counsel. Tom joined <tm:entity><tm:company Domain="TeleCommunication" value="sprint nextel">Sprint
Nextel</tm:company></tm:entity> <tm:entity><tm:time_expression><tm:exact_time Year="1994" value="in 1994">in 1994</tm:exact_time></tm:time_expression></tm:entity>. In his career as an <tm:entity><tm:function FunctionCategory="Board" value="executive">executive</tm:function></tm:entity> in the
telecommunications industry, he gained broad experience spanning
general management, business development and strategic alliances,
in addition to his responsibilities for the legal, regulatory and
external affairs functions. In addition, Tom holds a Master's of
<tm:entity><tm:organisation value="business administration">Business Administration</tm:organisation></tm:entity> degree from <tm:entity><tm:organisation Domain="Educational" value="rockhurst university">Rockhurst University</tm:organisation></tm:entity> in <tm:entity><tm:location><tm:country location_country="United States of America"><tm:place>Kansas
City</tm:place></tm:country></tm:location></tm:entity> and a law degree from the <tm:entity><tm:organisation Domain="Educational" value="university of missouri">University of Missouri</tm:organisation></tm:entity> in <tm:entity><tm:location><tm:country location_country="United States of America"><tm:place>Kansas
City</tm:place></tm:country></tm:location></tm:entity>. He serves on the Board of Trustees of <tm:entity><tm:organisation Domain="Educational" value="rockhurst university">Rockhurst University</tm:organisation></tm:entity> and as a <tm:entity><tm:function FunctionCategory="Other" value="commissioner">Commissioner</tm:function></tm:entity> on the <tm:entity><tm:organisation value="local investment commission">Local Investment Commission</tm:organisation></tm:entity>(<tm:entity><tm:organisation><tm:abbreviation value="linc">LINC</tm:abbreviation></tm:organisation></tm:entity>) of
<tm:entity><tm:location><tm:country location_country="United States of America"><tm:place>Kansas City</tm:place></tm:country></tm:location></tm:entity>.</p><p><tm:entity><tm:person Family_Name="Owens" First_Name="Bill" Gender="Male" role="Person" value="bill owens">Bill Owens</tm:person></tm:entity> is <tm:entity><tm:function FunctionCategory="Board" role="Has_Function" value="managing director chairman and ceo">Managing Director, Chairman and CEO</tm:function></tm:entity> of <tm:entity><tm:company Extension="Holdings" role="Who" value="aea">AEA</tm:company></tm:entity> Holdings <tm:entity><tm:location><tm:country><tm:place>Asia</tm:place></tm:country></tm:location></tm:entity>, a private equity fund. <tm:entity><tm:person Family_Name="Owens" First_Name="Bill" Gender="Male" role="Person" value="bill owens">Bill Owens</tm:person></tm:entity> has been a
<tm:entity><tm:function FunctionCategory="Board" role="Has_Function" value="director">director</tm:function></tm:entity> of <tm:entity><tm:company><tm:potential_company role="Who" value="embarq">EMBARQ</tm:potential_company></tm:company></tm:entity> since its spin-off from <tm:entity><tm:company><tm:potential_company role="Who" value="embarq">EMBARQ</tm:potential_company></tm:company></tm:entity> and has served as
its lead <tm:entity><tm:function FunctionCategory="Board" value="independent director">independent director</tm:function></tm:entity>. <tm:entity><tm:person Family_Name="Owens" First_Name="Bill" Gender="Male" value="bill owens">Bill Owens</tm:person></tm:entity> previously served as <tm:entity><tm:function FunctionCategory="Board" value="vice chairman president and chief executive officer">Vice
Chairman, President and Chief Executive Officer</tm:function></tm:entity> of <tm:entity><tm:company Domain="IT" Extension="Corporation" value="nortel networks">Nortel Networks</tm:company></tm:entity> Corporation and prior to that as <tm:entity><tm:function FunctionCategory="Board" value="chairman and chief executive officer">Chairman and Chief Executive
Officer</tm:function></tm:entity> of <tm:entity><tm:company Extension="Llc" value="teledesic">Teledesic</tm:company></tm:entity> LLC, and <tm:entity><tm:function FunctionCategory="Board" value="vice chairman president and chief operating officer">Vice Chairman, President and Chief
Operating Officer</tm:function></tm:entity> of <tm:entity><tm:company Extension="Corporation" value="science applications international">Science Applications International</tm:company></tm:entity> Corporation. He also served in the <tm:entity><tm:location><tm:country><tm:place>U.S.</tm:place></tm:country></tm:location></tm:entity> military <tm:entity><tm:time_expression><tm:duration Year="1962, 1996" value="from 1962 to 1996">from 1962 to 1996</tm:duration></tm:time_expression></tm:entity>,
holding various key leadership positions, including <tm:entity><tm:function FunctionCategory="Board" value="vice chairman of the joint chiefs of staff">Vice Chairman
of the Joint Chiefs of Staff</tm:function></tm:entity>. <tm:entity><tm:person Family_Name="Owens" First_Name="Bill" Gender="Male" role="Person" value="bill owens">Bill Owens</tm:person></tm:entity> is a <tm:entity><tm:function FunctionCategory="Board" role="Has_Function" value="director">director</tm:function></tm:entity> of <tm:entity><tm:company Domain="Automotive" Extension="AG" role="Who" value="daimler">Daimler</tm:company></tm:entity> AG, <tm:entity><tm:company Extension="Inc." role="Who" value="polycom">Polycom</tm:company></tm:entity>, Inc. and <tm:entity><tm:company Domain="Pharma" Extension="Limited" role="Who" value="wipro">Wipro</tm:company></tm:entity> Limited.</p>
<p>About <tm:entity><tm:company><tm:potential_company role="Who" value="embarq">EMBARQ</tm:potential_company></tm:company></tm:entity></p><p><tm:entity><tm:company Extension="Corporation" value="embarq">Embarq</tm:company></tm:entity> Corporation (<tm:entity><tm:stockindex value="nyse">NYSE</tm:stockindex></tm:entity>: <a class="small" href="http://studio-5.financialcontent.com/prnews?Page=Quote&amp;Ticker=EQ" onclick="var s=s_gi(s_account); var hd1 = document.getElementById('headline'); s.tl(this,'o',getLinkName('Company Sanpshot'));">EQ</a>), headquartered in <tm:entity><tm:location><tm:country location_country="United States of America"><tm:place>Overland Park</tm:place></tm:country></tm:location></tm:entity>, <tm:entity><tm:location><tm:country location_country="United States of America"><tm:place>Kansas</tm:place></tm:country></tm:location></tm:entity>, offers a complete
suite of common-sense communications services. The company has
approximately 19,000 employees and operates in 18 states. <tm:entity><tm:company><tm:potential_company role="Who" value="embarq">EMBARQ</tm:potential_company></tm:company></tm:entity> is
included in the <tm:entity><tm:stockindex value="s p 500">S&amp;P 500</tm:stockindex></tm:entity>.</p><p>For consumers, <tm:entity><tm:company><tm:potential_company role="Who" value="embarq">EMBARQ</tm:potential_company></tm:company></tm:entity> offers an innovative portfolio of services
that includes reliable local and long distance home phone service,
high-speed Internet, wireless, and satellite TV from DISH
Network(R) -- all on one monthly bill.</p>
<p>For businesses, <tm:entity><tm:company><tm:potential_company role="Who" value="embarq">EMBARQ</tm:potential_company></tm:company></tm:entity> has a comprehensive range of flexible and
integrated services designed to help businesses of all sizes be
more productive and communicate with their customers. This service
portfolio includes local voice and data services, long distance,
Business-Class High Speed Internet, wireless, enhanced data network
services, voice and data communication equipment and managed
network services.</p>
<p><tm:entity><tm:company><tm:potential_company role="Who" value="embarq">EMBARQ</tm:potential_company></tm:company></tm:entity> believes that by focusing on the communities the company
serves and by employing common sense and practical ingenuity, it is
able to provide customers with a committed partner, dedicated
customer service and innovative products for work and home. For
more information, visit <tm:entity><tm:company Extension="Corporation" value="embarq">EMBARQ.com</tm:company></tm:entity>.</p><p>Cautionary Statement</p>
<p>This news release contains "forward-looking statements" within
the meaning of the securities laws, including statements relating
to <tm:entity><tm:company><tm:potential_company role="Who" value="embarq">EMBARQ</tm:potential_company></tm:company></tm:entity>'s outlook or expectations for earnings, revenues,
expenses, depreciation and amortization, asset quality, access line
declines, customer growth, or other future financial or business
performance, strategies or expectations. The words "estimate,"
"plan," "project," "forecast," "expect," "intend," "anticipate,"
"believe," "seek," "target," "guidance," "outlook" and similar
expressions are intended to identify forward-looking statements.
These statements reflect management's judgment based on currently
available information and involve a number of risks and
uncertainties that could cause actual results to differ materially
from those in the forward-looking statements. With respect to these
forward-looking statements, management has made assumptions
regarding, among other things, customer and network usage, customer
retention, pricing, operating costs, technology, and the economic
and regulatory environment. Future performance cannot be ensured.
Actual results may differ materially from those in the
forward-looking statements. Some factors that could cause actual
results to differ include: economic, competitive, regulatory,
technological, capital market and other factors, and the risks that
are described in the sections entitled "Risk Factors" and
"Cautionary Statement Regarding Forward-Looking Statements"
contained in <tm:entity><tm:company><tm:potential_company role="Who" value="embarq">EMBARQ</tm:potential_company></tm:company></tm:entity>'s Annual Report on Form 10-K, as filed with the
Securities and <tm:entity><tm:organisation value="exchange commission">Exchange Commission</tm:organisation></tm:entity>(<tm:entity><tm:organisation><tm:abbreviation value="sec">SEC</tm:abbreviation></tm:organisation></tm:entity>) and in <tm:entity><tm:company><tm:potential_company role="Who" value="embarq">EMBARQ</tm:potential_company></tm:company></tm:entity>'s other
filings with the <tm:entity><tm:organisation><tm:abbreviation value="sec">SEC</tm:abbreviation></tm:organisation></tm:entity>.</p><p>Forward-looking statements speak only as of the date they were
made, and <tm:entity><tm:company><tm:potential_company role="Who" value="embarq">EMBARQ</tm:potential_company></tm:company></tm:entity> undertakes no obligation to update or revise any
forward-looking statements in light of new information or future
events. You should not place undue reliance on any forward-looking
statements, which speak only as of the date of this release. <tm:entity><tm:company><tm:potential_company role="Who" value="embarq">EMBARQ</tm:potential_company></tm:company></tm:entity> is not obligated to publicly update or news release any revisions
to these forward-looking statements to reflect any events or
circumstances after the date of this news release.</p>
</body>
</html>


</doc>

