<doc xmlns:tm="http://www.temis.com/annotations/1.1/">
<metadata>
<aboutcompany value="microsoft dynamics"/>
<releaselocation value="redmond"/>
<data_source value="prnews"/>
<source value="microsoft corp."/>
<processing_date>2008-01-21T18:07:47</processing_date>
<date>2007-12-17T17:00:00</date>
<quote symbol="NASDAQ:MSFT" src-company="microsoft" company="Microsoft Corporation" date="2007-12-17" price="34.39"/><quote symbol="NYSE:ING" src-company="ing" company="ING Groep N.V. (ADR)" date="2007-12-17" price=""/></metadata>
<title><tm:entity><tm:company Domain="IT" value="microsoft">Microsoft</tm:company></tm:entity> Releases Next Generation CRM Solution for On-Premise and On-Demand Deployments
</title>
<html>
<head>
<meta name="generator" content="HTML Tidy for Windows (vers 14 February 2006), see www.w3.org"/>
<!-- #BeginEditable "doctitle" -->
<title><tm:entity><tm:company Domain="IT" value="microsoft">Microsoft</tm:company></tm:entity> Releases Next Generation CRM Solution for
On-Premise and On-Demand Deployments</title>
</head>
<body>
<p><tm:entity><tm:company Domain="IT" value="microsoft dynamics crm">Microsoft Dynamics CRM</tm:company></tm:entity> 4.0 delivers flexible power of choice and
familiar</p>
<p>Outlook experience.</p>
<p><tm:entity><tm:location><tm:country location_country="United States of America"><tm:place>REDMOND</tm:place></tm:country></tm:location></tm:entity>, Wash., <tm:entity><tm:time_expression><tm:relative_time Day="17" Month="Dec." value="dec. 17">Dec. 17</tm:relative_time></tm:time_expression></tm:entity> /PRNewswire-FirstCall/ -- The new
version of <tm:entity><tm:company Domain="IT" value="microsoft dynamics crm">Microsoft Dynamics CRM</tm:company></tm:entity>, formerly code-named "Titan," has
been completed and released to manufacturing, <tm:entity><tm:company Domain="IT" value="microsoft">Microsoft</tm:company></tm:entity> Corp.
announced today. The new version is offered under two product
names: <tm:entity><tm:company Domain="IT" value="microsoft dynamics crm">Microsoft Dynamics CRM</tm:company></tm:entity> 4.0 for on-premise and partner-hosted
deployments and <tm:entity><tm:company Domain="IT" value="microsoft dynamics crm live">Microsoft Dynamics CRM Live</tm:company></tm:entity> for Microsoft-hosted
deployment. Designed with a single unified-code base for both
on-premise and on-demand deployments, <tm:entity><tm:company Domain="IT" value="microsoft dynamics crm">Microsoft Dynamics CRM</tm:company></tm:entity> enables customers to choose the right deployment model for their
specific business and IT needs, with the flexibility to change
deployment models over time if their needs or preferences
change.</p>
<p>(Logo: <a href="http://www.newscom.com/cgi-bin/prnh/20000822/MSFTLOGO" target="_new">http://www.newscom.com/cgi-bin/prnh/20000822/MSFTLOGO</a>
)</p>
<p>"<tm:entity><tm:company Domain="IT" value="microsoft dynamics crm">Microsoft Dynamics CRM</tm:company></tm:entity> is making the power of choice a reality
for businesses around the world," said <tm:entity><tm:person Family_Name="Wilson" First_Name="Brad" Gender="Male" role="Person" value="brad wilson">Brad Wilson</tm:person></tm:entity>, <tm:entity><tm:function FunctionCategory="Board" role="Has_Function" value="general manager">general manager</tm:function></tm:entity> of <tm:entity><tm:company Domain="IT" role="Who" value="microsoft dynamics crm">Microsoft Dynamics CRM</tm:company></tm:entity> at <tm:entity><tm:company Domain="IT" role="Who" value="microsoft">Microsoft</tm:company></tm:entity>. "This new release further
enables us to deliver on <tm:entity><tm:company Domain="IT" value="microsoft">Microsoft</tm:company></tm:entity>'s software plus services
strategy and provide our CRM solutions with a great user experience
and exceptional business value."</p><p>Some of the significant new benefits and capabilities of this
new release include these:<br/>
-- An advanced multitenant architecture that supports multiple
customers</p>
<p>per server</p>
<ul>
<li>Extended global capabilities including user choice of more than
25 languages and pervasive support for multiple currencies</li>
<li>New business intelligence capabilities including cross-entity
views and an end-user ad hoc reporting wizard</li>
<li>Advanced business process automation based on <tm:entity><tm:company Domain="IT" value="microsoft">Microsoft</tm:company></tm:entity> Windows
<tm:entity><tm:organisation value="workflow foundation">Workflow Foundation</tm:organisation></tm:entity></li><li>New collaboration capabilities with Microsoft Office
Communications Server 2007 including real-time presence indicators
within the CRM application</li>
</ul>
<p>The new release of <tm:entity><tm:company Domain="IT" value="microsoft dynamics crm">Microsoft Dynamics CRM</tm:company></tm:entity> has been in extensive
use <tm:entity><tm:time_expression><tm:duration value="over the past year">over the past year</tm:duration></tm:time_expression></tm:entity> by more than 600 partners around the world
and more than 100 early access customers representing a broad range
of on-premise, partner-hosted and Microsoft-hosted deployments.</p>
<p>"<tm:entity><tm:company Domain="IT" value="microsoft dynamics crm">Microsoft Dynamics CRM</tm:company></tm:entity> 4.0 meets our needs for an
enterprise-ready CRM solution," said <tm:entity><tm:person Family_Name="Karl" First_Name="Dirk" Gender="Male" role="Person" value="dirk karl">Dirk Karl</tm:person></tm:entity>, <tm:entity><tm:function FunctionCategory="Board" role="Has_Function" value="general manager and chief procurement officer">general manager and
chief procurement officer</tm:function></tm:entity> at <tm:entity><tm:company Domain="Financial" Extension="Group" role="Who" value="ing">ING</tm:company></tm:entity> Group, a financial institution
that offers banking, insurance and asset management services to
clients in 50 countries. "It will allow us to easily automate
innovative workflows, quickly share knowledge across our global
enterprise, and develop a more productive worldwide purchasing and
vendor relationship management environment."</p>
<p>Availability</p>
<p><tm:entity><tm:company Domain="IT" value="microsoft dynamics crm">Microsoft Dynamics CRM</tm:company></tm:entity> 4.0 will be available worldwide in more
than 25 languages. The English language pack will be available
<tm:entity><tm:time_expression><tm:duration value="within the next seven days">within the next seven days</tm:duration></tm:time_expression></tm:entity> to new and existing partners and
customers. Nine additional language packs will be available <tm:entity><tm:time_expression><tm:relative_time Month="January" value="in january">in
January</tm:relative_time></tm:time_expression></tm:entity> and the remaining language packs will be delivered at a
rate of four or more each month. Existing customers with an active
Software Assurance plan for <tm:entity><tm:company Domain="IT" value="microsoft dynamics crm">Microsoft Dynamics CRM</tm:company></tm:entity> are entitled to
receive the new release at no additional charge.</p>
<p>The new <tm:entity><tm:company Domain="IT" value="microsoft dynamics live crm">Microsoft Dynamics Live CRM</tm:company></tm:entity> service is offered only in
the <tm:entity><tm:location><tm:country><tm:place>United States</tm:place></tm:country></tm:location></tm:entity> and <tm:location><tm:country><tm:place>Canada</tm:place></tm:country></tm:location>, and is currently available to a
limited number of customers via the Early Access program.</p>
<p>About <tm:entity><tm:company Domain="IT" value="microsoft dynamics">Microsoft Dynamics</tm:company></tm:entity></p><p><tm:entity><tm:company Domain="IT" value="microsoft dynamics">Microsoft Dynamics</tm:company></tm:entity> is a line of financial, customer relationship
and supply chain management solutions that helps businesses work
more effectively. Delivered through a network of channel partners
providing specialized services, these integrated, adaptable
business management solutions work like and with familiar <tm:entity><tm:company Domain="IT" value="microsoft">Microsoft</tm:company></tm:entity> software to streamline processes across an entire business.</p>
<p>About <tm:entity><tm:company Domain="IT" value="microsoft">Microsoft</tm:company></tm:entity></p><p>Founded <tm:entity><tm:time_expression><tm:exact_time Year="1975" value="in 1975">in 1975</tm:exact_time></tm:time_expression></tm:entity>, <tm:entity><tm:company Domain="IT" value="microsoft">Microsoft</tm:company></tm:entity>(<tm:entity><tm:stockindex value="nasdaq">Nasdaq</tm:stockindex></tm:entity>: <a class="small" href="http://studio-5.financialcontent.com/prnews?Page=Quote&amp;Ticker=MSFT" onclick="var s=s_gi(s_account); var hd1 = document.getElementById('headline'); s.tl(this,'o',getLinkName('Company Sanpshot'));">MSFT</a>) is the worldwide leader in software, services and
solutions that help people and businesses realize their full
potential.</p>
</body>
</html>


</doc>

