<doc xmlns:tm="http://www.temis.com/annotations/1.1/">
<metadata><aboutcompany value="agi"/><releaselocation value="exton"/><data_source value="prnews"/><source value="analytical graphics, inc."/><processing_date>2008-01-21T18:20:22</processing_date><date>2007-12-12T01:01:00</date><quote symbol="NASDAQ:GOOG" src-company="google" company="Google Inc." date="2007-12-12" price="699.35"/></metadata>
<title><tm:entity><tm:company Domain="IT" value="agi software">AGI Software</tm:company></tm:entity> Tracks Santa for NORAD on Christmas Eve</title>
<html>
<head>
<meta name="generator" content="HTML Tidy for Windows (vers 14 February 2006), see www.w3.org"/>
<!-- #BeginEditable "doctitle" -->
<title><tm:entity><tm:company Domain="IT" value="agi software">AGI Software</tm:company></tm:entity> Tracks Santa for NORAD on Christmas Eve</title></head>
<body>
<p>Company has supported the Internet holiday tradition <tm:entity><tm:time_expression><tm:duration Year="1997" value="since 1997">since
1997</tm:duration></tm:time_expression></tm:entity></p><p>EXTON, Pa., <tm:entity><tm:time_expression><tm:relative_time Day="12" Month="Dec." value="dec. 12">Dec. 12</tm:relative_time></tm:time_expression></tm:entity> /PRNewswire/ -- For more than half a
century, children around the world have turned to NORAD to pinpoint
Santa's location on Christmas Eve. The holiday tradition, which
began as a NORAD telephone hotline, has become even more popular
<tm:entity><tm:time_expression><tm:duration value="over the past 11 years">over the past 11 years</tm:duration></tm:time_expression></tm:entity> since <tm:entity><tm:company><tm:potential_company role="Who" value="agi">AGI</tm:potential_company></tm:company></tm:entity> has employed its analysis software
technology to visually depict Santa's <tm:entity><tm:time_expression><tm:relative_time Day="24" Month="Dec." value="dec. 24">Dec. 24</tm:relative_time></tm:time_expression></tm:entity> journey live on the
Internet. <tm:entity><tm:time_expression><tm:relative_time value="last year">Last year</tm:relative_time></tm:time_expression></tm:entity>, the <a href="http://www.noradsanta.org" target="_new">http://www.noradsanta.org</a>Web site registered 941
million hits from 210 countries, and received nearly 100,000
e-mails from visitors. <tm:entity><tm:time_expression><tm:relative_time value="this year">This year</tm:relative_time></tm:time_expression></tm:entity>, <tm:entity><tm:company Domain="IT" value="google">Google</tm:company></tm:entity> has joined the team to
host the site and incorporate a special Internet <tm:entity><tm:company Domain="IT" value="youtube">YouTube</tm:company></tm:entity> channel
for the live videos.</p>
<p>(Logo: <a href="http://www.newscom.com/cgi-bin/prnh/20040629/DCTU043" target="_new">http://www.newscom.com/cgi-bin/prnh/20040629/DCTU043</a>
)</p>
<p>Starting at 4:00 a.m. ET <tm:entity><tm:time_expression><tm:relative_time Day="24" Month="Dec." value="on dec. 24">on Dec. 24</tm:relative_time></tm:time_expression></tm:entity>, the NORAD Santa tracking
site allows believers of all ages to get up-to-the-minute reports,
streaming videos, and pictures from 25 key stops on Santa's trip,
which begins at the North Pole, circles the Earth, and ends in the
<tm:entity><tm:location><tm:country><tm:place>Hawaiian Islands</tm:place></tm:country></tm:location></tm:entity>. <tm:entity><tm:company><tm:potential_company role="Who" value="agi">AGI</tm:potential_company></tm:company></tm:entity> software will output live images from NORAD's
high-speed digital "Santa Cams" via <tm:entity><tm:company Domain="IT" value="youtube">YouTube</tm:company></tm:entity> and television feeds
worldwide (Visit <a href="http://www.agi.com/santa" target="_new">http://www.agi.com/santa</a>to learn how the magical data
transfer occurs). In addition to a 2-D tracking map, a 3-D <tm:entity><tm:company Domain="IT" value="google earth">Google
Earth</tm:company></tm:entity> map will follow Santa, in 10-15 second increments, as he goes
around the world.</p>
<p><tm:entity><tm:company><tm:potential_company role="Who" value="agi">AGI</tm:potential_company></tm:company></tm:entity> <tm:entity><tm:function FunctionCategory="Board" role="Has_Function" value="president and ceo">president and CEO</tm:function></tm:entity> <tm:entity><tm:person Family_Name="Graziani" First_Name="Paul" Gender="Male" role="Person" value="paul graziani">Paul Graziani</tm:person></tm:entity> says, "NORAD has used our
software to track Santa since we partnered with them to launch the
Web site <tm:entity><tm:time_expression><tm:exact_time Year="1997" value="in 1997">in 1997</tm:exact_time></tm:time_expression></tm:entity>. We're proud that our products not only protect
national security and support space exploration, but also enable
Christmas to come alive for millions of people around the world."
<tm:entity><tm:person Family_Name="Reddish" First_Name="Stacia" Gender="Undefined Gender" Title="Major" value="major stacia reddish">Major Stacia Reddish</tm:person></tm:entity>, "NORAD Tracks Santa" project <tm:entity><tm:function FunctionCategory="Other" value="officer">officer</tm:function></tm:entity> at NORAD
headquarters in <tm:entity><tm:company Extension="Co" value="colorado springs">Colorado Springs</tm:company></tm:entity>, CO, adds, "<tm:entity><tm:time_expression><tm:duration value="for 365 days">For 365 days</tm:duration></tm:time_expression></tm:entity> a year,
NORAD provides aerospace warning and aerospace control over <tm:entity><tm:location><tm:country><tm:place>North
America</tm:place></tm:country></tm:location></tm:entity>. On Christmas Eve, we have one additional
assignment-tracking Santa. We could not perform this delightful
mission without the support of <tm:entity><tm:company><tm:potential_company role="Who" value="agi">AGI</tm:potential_company></tm:company></tm:entity>, our longtime corporate
sponsor."</p><p>Visit <a href="http://www.noradsanta.org" target="_new">http://www.noradsanta.org</a>today for fun holiday season
games and activities that change daily <tm:entity><tm:time_expression><tm:duration Day="24" Month="Dec." To="Dec. 24" value="until dec. 24">until Dec. 24</tm:duration></tm:time_expression></tm:entity>. Bookmark the
site and return on Christmas Eve when live video feeds begin at
4:00 a.m. ET, and are updated until 4:00 a.m. ET <tm:entity><tm:time_expression><tm:relative_time Day="25" Month="Dec." value="on dec. 25">on Dec. 25</tm:relative_time></tm:time_expression></tm:entity>. The
"NORAD Tracks Santa" Web site is available in English, French,
Italian, German, Japanese, and Spanish.</p><p>About <tm:entity><tm:company><tm:potential_company role="Who" value="agi">AGI</tm:potential_company></tm:company></tm:entity></p><p><tm:entity><tm:company Extension="Inc" value="analytical graphics">Analytical Graphics</tm:company></tm:entity>, Inc. develops commercial off-the-shelf
analysis software for land, sea, air, and space that is relied upon
by the national security and space communities in more than 32,000
worldwide installations. For additional information about <tm:entity><tm:company><tm:potential_company role="Who" value="agi">AGI</tm:potential_company></tm:company></tm:entity>, its
award-winning workplace, or its commercially available software,
explore <a href="http://www.agi.com" target="_new">http://www.agi.com</a>.</p></body>
</html>


</doc>

