<doc xmlns:tm="http://www.temis.com/annotations/1.1/">
<metadata><aboutcompany value="enigma software group, inc."/><releaselocation value="stamford"/><data_source value="prnews"/><source value="enigma software group, inc."/><processing_date>2008-01-21T17:55:45</processing_date><date>2007-12-18T09:30:00</date><quote symbol="OTC:ENGM" src-company="enigma software" company="Enigma Software Group, Inc." date="2007-12-18" price="0.035"/></metadata>
<title><tm:entity><tm:company Domain="IT" Extension="Group, Inc" value="anti spyware software developer enigma software">Anti-Spyware Software Developer Enigma Software</tm:company></tm:entity> Group, Inc. Announces 3,823 Subscriptions <tm:entity><tm:time_expression><tm:duration To="December 16 , 2007" value="for week ending december 16 , 2007">for Week Ending December 16, 2007</tm:duration></tm:time_expression></tm:entity></title>
<html>
<head>
<meta name="generator" content="HTML Tidy for Windows (vers 14 February 2006), see www.w3.org"/>
<!-- #BeginEditable "doctitle" -->
<title><tm:entity><tm:company Domain="IT" Extension="Group, Inc" value="anti spyware software developer enigma software">Anti-Spyware Software Developer Enigma Software</tm:company></tm:entity> Group, Inc.
Announces 3,823 Subscriptions <tm:entity><tm:time_expression><tm:duration To="December 16 , 2007" value="for week ending december 16 , 2007">for Week Ending December 16,
2007</tm:duration></tm:time_expression></tm:entity></title></head>
<body>
<p>STAMFORD, Conn., <tm:entity><tm:time_expression><tm:relative_time Day="18" Month="Dec." value="dec. 18">Dec. 18</tm:relative_time></tm:time_expression></tm:entity> /PRNewswire-FirstCall/ -- <tm:entity><tm:company Domain="IT" Extension="Group, Inc" value="enigma software">Enigma
Software</tm:company></tm:entity> Group, Inc. (the "Company") (OTC <tm:entity><tm:media><tm:newspaper value="bulletin board">Bulletin Board</tm:newspaper></tm:media></tm:entity>: ENGM), a
technology and services company that creates and develops Internet
Privacy Protection and Computer Security Software and Applications
for Internet users, today announced a total of 3,823, new, renewal
and third-party subscriptions <tm:entity><tm:time_expression><tm:duration Day="16" Month="December" To="December 16th" value="for the week ending december 16th">for the week ending December 16th</tm:duration></tm:time_expression></tm:entity>.
This represents an increase of 8.5% from the total of the prior
week's subscriptions.</p><p>The Company has created a 52-week chart of subscriptions that is
updated weekly as a reference. The chart can be found at: <a href="http://www.enigmasoftware.com/weekly_subscriptions_chart.php" target="_new">http://www.enigmasoftware.com/weekly_subscriptions_chart.php</a></p>
<p>The Company also noted that an "advertorial" describing the
Company's main product SpyHunter(R), for which a new Security Suite
3.0 was released by the Company <tm:entity><tm:time_expression><tm:relative_time value="two weeks ago">two weeks ago</tm:relative_time></tm:time_expression></tm:entity>, has been featured
recently on the syndicated TV show "The Balancing Act."</p><p>A segment from the show, which has aired on the Lifetime and WE
networks, can been seen at: <a href="http://www.youtube.com/watch?v=_ECeEgCUk2M" target="_new">http://www.youtube.com/watch?v=_ECeEgCUk2M</a></p>
<p>For a better understanding of Enigma's business, the reader is
urged to review the Company's public filings, which are available
online at <a href="http://www.sec.gov" target="_new">http://www.sec.gov</a></p><p>About <tm:entity><tm:company Domain="IT" Extension="Group, Inc" value="enigma software">Enigma Software</tm:company></tm:entity> Group, Inc.</p>
<p>Enigma develops and markets digital products and services for
the consumer market. Enigma is known mostly for its <tm:entity><tm:company value="anti spyware">Anti-Spyware</tm:company></tm:entity> software product SpyHunter. SpyHunter is distributed exclusively
over the Internet by download. Enigma owns and operates several
websites; including the Spyware reference sites <a href="http://www.spywareremove.com" target="_new">http://www.spywareremove.com,</a> <a href="http://www.anti-spyware-101.com," target="_new">http://www.anti-spyware-101.com,</a> <a href="http://www.2-freespywareremoval.com/" target="_new">http://www.2-freespywareremoval.com/,</a> <a href="http://www.uninstall-spyware.com/" target="_new">http://www.uninstall-spyware.com/</a> and more. Enigma
Software operates within the <tm:entity><tm:location><tm:country><tm:place>United States</tm:place></tm:country></tm:location></tm:entity> with a worldwide
customer base.</p>
<p>This release contains forward-looking statements relating to the
development of Enigma Software Group, Inc.'s products and services
and future operating results, including statements regarding <tm:entity><tm:company Domain="IT" Extension="Group, Inc" value="enigma software">Enigma
Software</tm:company></tm:entity> Group's software, that are subject to certain risks and
uncertainties that could cause actual results to differ materially
from those projected. The words "believe," "expect," "intend,"
"anticipate," variations of such words, and similar expressions
identify forward-looking statements, but their absence does not
mean that the statement is not forward-looking. These statements
are not guarantees of future performance and are subject to certain
risks, uncertainties and assumptions that are difficult to predict.
Factors that could affect Enigma Software Group Inc.'s actual
results include the progress and costs of the development of our
products and services, the timing of market acceptance of those
products and services and subscriber cancellations and returns.
Readers are cautioned not to place undue reliance on these
forward-looking statements, which speak only as of the date of this
release. <tm:entity><tm:company Domain="IT" Extension="Group, Inc" value="enigma software">Enigma Software</tm:company></tm:entity> Group, Inc. undertakes no obligation to
update publicly any forward-looking statements to reflect new
information, events or circumstances after the date of this release
or to reflect the occurrence of unanticipated events. Furthermore,
the subscriber data in these statements is unaudited and is not
updated for subscribers that dropoff, cancel, and request a refund
or chargeback.</p>
</body>
</html>


</doc>

