<doc xmlns:tm="http://www.temis.com/annotations/1.1/">
<metadata><releaselocation value="fremont"/><data_source value="prnews"/><source value="digital power corporation"/><processing_date>2008-01-21T17:56:23</processing_date><date>2007-12-18T09:00:00</date><quote symbol="NYSE:ICE" src-company="exchange" company="IntercontinentalExchange, Inc." date="2007-12-18" price="177.88"/><quote symbol="AMEX:DPW" src-company="digital power" company="Digital Power Corporation" date="2007-12-18" price="1.41"/></metadata>
<title>Digital Power Will Provide Power Solutions for On Board Ship Power in <tm:entity><tm:location><tm:country><tm:place>Europe</tm:place></tm:country></tm:location></tm:entity></title>
<html>
<head>
<meta name="generator" content="HTML Tidy for Windows (vers 14 February 2006), see www.w3.org"/>
<!-- #BeginEditable "doctitle" -->
<title>Digital Power Will Provide Power Solutions for On Board Ship
Power in <tm:entity><tm:location><tm:country><tm:place>Europe</tm:place></tm:country></tm:location></tm:entity></title></head>
<body>
<p><tm:entity><tm:company Extension="Limited, Corporation" value="digital power">Digital Power</tm:company></tm:entity> Corporation reports long-term agreement and
purchase orders</p>
<p><tm:entity><tm:time_expression><tm:exact_time Year="2007" value="for the fourth quarter of 2007">for the fourth quarter of 2007</tm:exact_time></tm:time_expression></tm:entity></p><p><tm:entity><tm:location><tm:country location_country="United States of America"><tm:place>FREMONT</tm:place></tm:country></tm:location></tm:entity>, <tm:location><tm:country location_country="United States of America"><tm:place>Calif.</tm:place></tm:country></tm:location>, <tm:entity><tm:time_expression><tm:relative_time Day="18" Month="Dec." value="dec. 18">Dec. 18</tm:relative_time></tm:time_expression></tm:entity> /PRNewswire-FirstCall/ -- <tm:entity><tm:company Extension="Limited, Corporation" value="digital power">Digital Power</tm:company></tm:entity> Corporation (<tm:entity><tm:stockindex value="amex">Amex</tm:stockindex></tm:entity>: <a class="small" href="http://studio-5.financialcontent.com/prnews?Page=Quote&amp;Ticker=DPW" onclick="var s=s_gi(s_account); var hd1 = document.getElementById('headline'); s.tl(this,'o',getLinkName('Company Sanpshot'));">DPW</a>) has announced that it has signed a long term purchasing
agreement with a leading <tm:entity><tm:location><tm:country><tm:place>UK</tm:place></tm:country></tm:location></tm:entity> shipbuilder and has received initial
orders under the terms of the Agreement through its subsidiary
<tm:entity><tm:company Extension="Limited, Corporation" value="digital power">Digital Power</tm:company></tm:entity> Limited (Gresham Power Electronics). The agreement is
estimated to be worth in excess of <tm:entity><tm:money_expression><tm:money Amount="5,000,000" Currency="Dollar" value="$5,000,000">$5,000,000</tm:money></tm:money_expression></tm:entity> <tm:entity><tm:time_expression><tm:duration value="over the next five years">over the next five
years</tm:duration></tm:time_expression></tm:entity>. The initial purchase orders are valued at approximately
$1,691,000(USD). Of which, <tm:entity><tm:money_expression><tm:money Amount="735,000" Currency="Dollar" value="$735,000">$735,000</tm:money></tm:money_expression></tm:entity> of is shippable in the fourth
calendar <tm:entity><tm:time_expression><tm:exact_time Year="2007" value="quarter of 2007">quarter of 2007</tm:exact_time></tm:time_expression></tm:entity> and the first calendar <tm:entity><tm:time_expression><tm:exact_time Year="2008" value="quarter of 2008">quarter of
2008</tm:exact_time></tm:time_expression></tm:entity>.</p><p>The scope of supply defined in the Agreement covers a wide range
of electrical power conversion and distribution equipment intended
for ship applications and will be shipped to the customer's <tm:entity><tm:location><tm:country><tm:place>United
Kingdom</tm:place></tm:country></tm:location></tm:entity> location.</p>
<p><tm:entity><tm:person Family_Name="Wax" First_Name="Jonathan" Gender="Male" role="Person" value="jonathan wax">Jonathan Wax</tm:person></tm:entity>, <tm:entity><tm:function FunctionCategory="Board" role="Has_Function" value="president and ceo of digital power">President and CEO of Digital Power</tm:function></tm:entity>, commented, "we
are quite pleased that we were able to secure a long term agreement
while also impacting our near term revenue. These types of
agreements are highly prized as they present a level of long-term
stability, and near term benefits, which often offset fluctuations
that may occur <tm:entity><tm:time_expression><tm:relative_time value="in today">in today</tm:relative_time></tm:time_expression></tm:entity>'s Global Marketplace. This marks the third
announcement by Digital Power <tm:entity><tm:time_expression><tm:relative_time value="in recent months">in recent months</tm:relative_time></tm:time_expression></tm:entity> on significant
orders, which will impact revenue beginning in the fourth quarter
of 2007."</p>
<p>Digital Power and its subsidiary, <tm:entity><tm:company Extension="Limited, Corporation" value="digital power">Digital Power</tm:company></tm:entity> Limited (Gresham
Power Electronics) are active in both <tm:location><tm:country><tm:place>North America</tm:place></tm:country></tm:location> and <tm:entity><tm:location><tm:country><tm:place>Europe</tm:place></tm:country></tm:location></tm:entity> and
is traded on the American <tm:entity><tm:company value="exchange">Exchange</tm:company></tm:entity>(<tm:entity><tm:stockindex value="amex">AMEX</tm:stockindex></tm:entity>) under the trading symbol:
DPW. All Purchase orders are subject to independent terms and
conditions that may subject the order to reschedule, modification
or cancellation.</p><p>The foregoing release contains "forward looking statements"
regarding future events or results within the meaning of Section
27A of the Securities Act of 1933, as amended, and Section <tm:entity><tm:money_expression><tm:money Amount="21" Currency="Euro" value="21e">21E</tm:money></tm:money_expression></tm:entity> of
the <tm:entity><tm:company Domain="Financial" value="securities exchange act">Securities Exchange Act</tm:company></tm:entity> of 1934, as amended, including
statements concerning the significant large-scale projects recently
won by the Company and their impact on the Company's business. The
Company cautions readers that such "forward looking statements"
are, in fact, predictions that are subject to risks and
uncertainties and that actual events or results may differ
materially from those anticipated events or results expressed or
implied by such forward looking statements. The Company disclaims
any current intention to update its "forward looking statements,"
and the estimates and assumptions within them, at any time or for
any reason. In particular, the following factors, among others
could cause actual results to differ materially from those
described in the "forward looking statements:" (a) inability to
complete sales, or possible delays in deployment, of products under
certain large scale projects due to inability to complete or
possible delays in completing the legal and commercial terms for
such projects, project delays or cancellations, inability to obtain
proper acceptances or other unforeseen obstacles or delays; and (b)
inability to complete or possible delays in completing certain
research and development efforts required for certain large-scale
projects; and (c) customers cancellation, reschedule and system
related issue which may render the product in question not suitable
for the application. Other factors that could cause actual events
or results to differ materially from those contained in the
"forward looking statements" are included in the Company's filings
with the <tm:entity><tm:location><tm:country><tm:place>U.S.</tm:place></tm:country></tm:location></tm:entity> Securities and <tm:entity><tm:organisation value="exchange commission">Exchange Commission</tm:organisation></tm:entity>(the "SEC")
including, but not limited to, the Company's Form 10-KSB <tm:entity><tm:time_expression><tm:duration To="December 31 , 2006" value="for the year ended december 31 , 2006">for the
year ended December 31, 2006</tm:duration></tm:time_expression></tm:entity> and any subsequently filed reports.
All documents are also available through the SEC's Electronic Data
Gathering Analysis and Retrieval system at <a href="http://www.sec.gov" target="_new">http://www.sec.gov</a> or from
the Company's website at <a href="http://www.digipwr.com" target="_new">http://www.digipwr.com</a>.</p></body>
</html>


</doc>

