<doc xmlns:tm="http://www.temis.com/annotations/1.1/">
<metadata>
<aboutcompany value="kids help phone"/>
<releaselocation value="toronto"/>
<data_source value="prnews"/>
<source value="sound revolution, inc."/>
<processing_date>2008-01-21T18:14:01</processing_date>
<date>2007-12-17T09:00:00</date>
<quote symbol="OTC:SRVN" src-company="sound revolution" company="SOUND REVOLUTION INC" date="2007-12-17" price=""/></metadata>
<title><tm:entity><tm:company Extension="Inc" value="sound revolution">Sound Revolution</tm:company></tm:entity> Inc. (<tm:entity><tm:companyticker value="otcbb">OTCBB</tm:companyticker></tm:entity>: SRVN) offers "<tm:entity><tm:person Family_Name="Tunes" First_Name="Charity" Gender="Female" value="charity tunes">Charity Tunes</tm:person></tm:entity>" to support the Kids Help Phone
</title><html>
<head>
<meta name="generator" content="HTML Tidy for Windows (vers 14 February 2006), see www.w3.org"/>
<!-- #BeginEditable "doctitle" -->
<title><tm:entity><tm:company Extension="Inc" value="sound revolution">Sound Revolution</tm:company></tm:entity> Inc. (<tm:entity><tm:companyticker value="otcbb">OTCBB</tm:companyticker></tm:entity>: SRVN) offers "<tm:entity><tm:person Family_Name="Tunes" First_Name="Charity" Gender="Female" value="charity tunes">Charity Tunes</tm:person></tm:entity>"
to support the Kids Help Phone</title></head>
<body>
<p><tm:entity><tm:location><tm:country location_country="Canada"><tm:place>TORONTO</tm:place></tm:country></tm:location></tm:entity>, <tm:entity><tm:time_expression><tm:relative_time Day="17" Month="Dec." value="dec. 17">Dec. 17</tm:relative_time></tm:time_expression></tm:entity> /PRNewswire-FirstCall/ - <tm:entity><tm:person Family_Name="Tunes" First_Name="Charity" Gender="Female" value="charity tunes">Charity Tunes</tm:person></tm:entity>, North
America's first charity-driven digital entertainment distributor,
is offering music enthusiasts the opportunity to support the
mission of the Kids Help Phone and other organizations by
downloading their favorite tunes.</p><p><tm:entity><tm:person Family_Name="Tunes" First_Name="Charity" Gender="Female" value="charity tunes">Charity Tunes</tm:person></tm:entity> partners with artists to determine the percentage
donation of each download that is donated to charities such as Kids
Help Phone. The minimum donation is 10% and varies according to the
promotional agreement. <tm:entity><tm:person Family_Name="Tunes" First_Name="Charity" Gender="Female" value="charity tunes">Charity Tunes</tm:person></tm:entity>' website can be accessed at
<a href="http://www.charitytunes.com" target="_new">http://www.charitytunes.com</a>.</p><p>"Kids Help Phone provides invaluable support and services to
youth in positions of vulnerability across <tm:entity><tm:location><tm:country><tm:place>Canada</tm:place></tm:country></tm:location></tm:entity>- We are very
proud to be working with them and to support their mission," said
<tm:entity><tm:function FunctionCategory="Board" role="Has_Function" value="sound revolution ceo">Sound Revolution CEO</tm:function></tm:entity>, <tm:entity><tm:person Family_Name="Ram" First_Name="Robin" Gender="Male" role="Person" value="robin ram">Robin Ram</tm:person></tm:entity>. "<tm:entity><tm:person Family_Name="Tunes" First_Name="Charity" Gender="Female" value="charity tunes">Charity Tunes</tm:person></tm:entity> offers a dynamic
way to raise awareness of Kids Help Phone within a new demographic.
We are also offering this opportunity to other charities."</p>
<p>"We are very pleased to be one of the charities included on the
<tm:entity><tm:person Family_Name="Tunes" First_Name="Charity" Gender="Female" value="charity tunes">Charity Tunes</tm:person></tm:entity> website and appreciate the opportunity to work with
music lovers to further the mission of Kids Help Phone," said <tm:entity><tm:person Family_Name="Mcallister" First_Name="Tom" Gender="Male" role="Person" value="tom mcallister">Tom
McAllister</tm:person></tm:entity>, <tm:entity><tm:function FunctionCategory="Board" role="Has_Function" value="president and ceo">President and CEO</tm:function></tm:entity>, Kids Help Phone. "With so many
people getting their music online, <tm:entity><tm:person Family_Name="Tunes" First_Name="Charity" Gender="Female" value="charity tunes">Charity Tunes</tm:person></tm:entity> is one more way
that charities like Kids Help Phone can connect with
supporters."</p>
<p><tm:entity><tm:company Extension="Inc" value="charity tunes">Charity Tunes</tm:company></tm:entity> Inc. ("<tm:entity><tm:person Family_Name="Tunes" First_Name="Charity" Gender="Female" value="charity tunes">Charity Tunes</tm:person></tm:entity>") is a wholly owned
subsidiary of <tm:entity><tm:company Extension="Inc" value="sound revolution">Sound Revolution</tm:company></tm:entity> Inc. (<tm:entity><tm:companyticker value="otcbb">OTCBB</tm:companyticker></tm:entity>: SRVN), a digital
entertainment distribution and technology company. The Agency and
Promotion Agreement with the Kids Help Phone will raise money and
foster awareness of Kids Help Phone's mission by encouraging
consumers to support Kids Help Phone or other charities by
purchasing music from <tm:entity><tm:person Family_Name="Tunes" First_Name="Charity" Gender="Female" value="charity tunes">Charity Tunes</tm:person></tm:entity>.</p><p>About Kids Help Phone</p>
<p>Kids Help Phone (1-800-668-6868/www.kidshelpphone.ca) is
<tm:entity><tm:location><tm:country><tm:place>Canada</tm:place></tm:country></tm:location></tm:entity>'s only toll-free, 24-hour, bilingual and anonymous phone and
web counselling, referral and information service for children and
youth. Every day, professional counsellors provide immediate,
caring support to young people in urban and rural communities
across the country. Kids contact Kids Help Phone about every issue
imaginable - from school, dating and family problems, to
depression, abuse and suicide. <tm:entity><tm:time_expression><tm:exact_time Year="2006" value="in 2006">In 2006</tm:exact_time></tm:time_expression></tm:entity>, Kids Help Phone helped
young people in need from almost 3,000 Canadian communities more
than 1.5 million times through its phone and online services.</p><p>About Sound Revolution and <tm:entity><tm:person Family_Name="Tunes" First_Name="Charity" Gender="Female" value="charity tunes">Charity Tunes</tm:person></tm:entity></p><p>Music can change the world. <tm:entity><tm:company Extension="Inc" value="sound revolution">Sound Revolution</tm:company></tm:entity> Inc. (<tm:entity><tm:companyticker value="otcbb">OTCBB</tm:companyticker></tm:entity>: SRVN),
an innovative new media corporation that marries business with
social meaning, intends to change the world of online content
delivery. Sound Revolution has digital content management
technology available for licensing and distribution services. It
wholly owns <tm:entity><tm:person Family_Name="Tunes" First_Name="Charity" Gender="Female" value="charity tunes">Charity Tunes</tm:person></tm:entity>, whose <tm:entity><tm:company value="charitytunes">charitytunes.com</tm:company></tm:entity>, a music download
website, is unique in its promotional partnerships between musical
artists and charities. For more info, go to <a href="http://www.soundrevolution.com" target="_new">http://www.soundrevolution.com</a>or <a href="http://www.charitytunes.com" target="_new">http://www.charitytunes.com</a>.</p>
<p>CONTACT: <tm:entity><tm:company Extension="Inc" value="sound revolution">Sound Revolution</tm:company></tm:entity> Inc.: <tm:entity><tm:person Family_Name="Ram" First_Name="Robin" Gender="Male" role="Person" value="robin ram">Robin Ram</tm:person></tm:entity>, <tm:entity><tm:function FunctionCategory="Board" role="Has_Function" value="president">President</tm:function></tm:entity>, Telephone:
<tm:entity><tm:phone_number value="( 416 ) 271-9695">(416) 271-9695</tm:phone_number></tm:entity>; Investor Relations Hotline: 1-877-688-0093,
<tm:entity><tm:email value="info@soundrevolution.com">info@soundrevolution.com</tm:email></tm:entity>, <a href="http://www.soundrevolution.com" target="_new">http://www.soundrevolution.com</a>; Virginia
Middleton, <tm:entity><tm:function FunctionCategory="Other" value="coordinator">Coordinator</tm:function></tm:entity>, Public Relations, Kids Help Phone, Tel.:
(416) 586-5437 x 8345, Email: <a href="mailto:virginia.middleton@kidshelpphone.ca"><tm:entity><tm:email value="virginia.middleton@kidshelpphone.ca">virginia.middleton@kidshelpphone.ca</tm:email></tm:entity></a></p></body>
</html>


</doc>

