<doc xmlns:tm="http://www.temis.com/annotations/1.1/">
<metadata><aboutcompany value="scientific games"/><releaselocation value="new york"/><data_source value="prnews"/><source value="scientific games"/><processing_date>2008-01-21T17:55:41</processing_date><date>2007-12-18T09:31:00</date><quote symbol="NASDAQ:SGMS" src-company="scientific games" company="Scientific Games Corp." date="2007-12-18" price="32.24"/></metadata>
<title>Scientific Games Awarded Contract with Loteria Electronica Internacional Dominicana, S.A.
</title>
<html>
<head>
<meta name="generator" content="HTML Tidy for Windows (vers 14 February 2006), see www.w3.org"/>
<!-- #BeginEditable "doctitle" -->
<title>Scientific Games Awarded Contract with Loteria Electronica
Internacional Dominicana, S.A.</title>
</head>
<body>
<p>Revenue Estimated at $2.5 Million Per Year</p>
<p><tm:entity><tm:location><tm:country location_country="United States of America"><tm:place>NEW YORK</tm:place></tm:country></tm:location></tm:entity>, <tm:entity><tm:time_expression><tm:relative_time Day="18" Month="Dec." role="Context" value="dec. 18">Dec. 18</tm:relative_time></tm:time_expression></tm:entity> /PRNewswire-FirstCall/ -- <tm:entity><tm:company Extension="Corporation" role="Who" value="scientific games">Scientific Games</tm:company></tm:entity>(<tm:entity><tm:stockindex value="nasdaq">Nasdaq</tm:stockindex></tm:entity>: <tm:entity><tm:companyticker company="Scientific Games Corp" value="NASDAQ:SGMS">SGMS</tm:companyticker></tm:entity>) announced it has extended its agreement with <tm:entity><tm:company><tm:potential_company role="Whom" value="loteria electronica internacional">Loteria
Electronica Internacional</tm:potential_company></tm:company></tm:entity> Dominicana, S.A. ("<tm:company><tm:potential_company><tm:actor_ci_guessed role="Who" value="leidsa">LEIDSA</tm:actor_ci_guessed></tm:potential_company></tm:company>") to provide
systems, technology and services to support lottery wagering for
<tm:company><tm:potential_company><tm:actor_ci_guessed role="Who" value="leidsa">LEIDSA</tm:actor_ci_guessed></tm:potential_company></tm:company>'s network of betting operations throughout the <tm:location><tm:country><tm:place>Dominican
Republic</tm:place></tm:country></tm:location>. The new contract extends the current agreement to 2020
and is expected to generate annual revenues of approximately $2.5
million. Under the terms of the agreement, Scientific Games will
also provide the equipment, systems and services to operate Keno
from <tm:company><tm:potential_company><tm:actor_ci_guessed role="Who" value="leidsa">LEIDSA</tm:actor_ci_guessed></tm:potential_company></tm:company> retail locations.</p>
<p>"<tm:company><tm:potential_company><tm:actor_ci_guessed role="Who" value="leidsa">LEIDSA</tm:actor_ci_guessed></tm:potential_company></tm:company> has been a valued customer of Scientific Games Racing
for a number of years and in that time has seized upon a number of
new opportunities to serve the Dominican market," said <tm:entity><tm:person Family_Name="Weil" First_Name="Lorne" Gender="Undefined Gender" role="Person" value="lorne weil">Lorne Weil</tm:person></tm:entity>,
<tm:entity><tm:function FunctionCategory="Board" role="Has_Function" value="chairman and ceo of scientific games">Chairman and CEO of Scientific Games</tm:function></tm:entity>. "We consider it a strong vote
of confidence that they are not only extending their relationship
with Scientific Games, but also adopting additional wagering
opportunities like Keno to implement in concert with their other
wagering products. We look forward to continuing our successful
partnership with LEIDSA."</p><p>"We have enjoyed a productive partnership with Scientific Games.
Their suite of gaming technologies and products, like Keno, will
support our goals to develop and expand the wagering opportunities
for our customers in the <tm:location><tm:country><tm:place>Dominican Republic</tm:place></tm:country></tm:location> well into the future,"
said <tm:entity><tm:person Family_Name="Alegria" First_Name="Pedro" Gender="Male" role="Person" value="pedro alegria">Pedro Alegria</tm:person></tm:entity>, <tm:entity><tm:function FunctionCategory="Board" role="Has_Function" value="president">President</tm:function></tm:entity> of <tm:company><tm:potential_company><tm:actor_ci_guessed role="Who" value="leidsa">LEIDSA</tm:actor_ci_guessed></tm:potential_company></tm:company>. "Given our positive past
experience and the wealth of additional gaming opportunities the
company can provide, the choice to extend our partnership was
clear."</p>
<p>About Scientific Games</p>
<p><tm:entity><tm:company Extension="Corporation" value="scientific games">Scientific Games</tm:company></tm:entity> Corporation is the leading integrated supplier
of instant tickets, systems and services to lotteries worldwide, a
leading supplier of fixed odds betting terminals and systems,
Amusement and Skill with Prize betting terminals, interactive
sports betting terminals and systems, and wagering systems and
services to pari-mutuel operators. It is also a licensed
pari-mutuel gaming operator in <tm:entity><tm:location><tm:country location_country="United States of America"><tm:place>Connecticut</tm:place></tm:country></tm:location></tm:entity>, <tm:entity><tm:location><tm:country location_country="United States of America"><tm:place>Maine</tm:place></tm:country></tm:location></tm:entity> and the
<tm:entity><tm:location><tm:country><tm:place>Netherlands</tm:place></tm:country></tm:location></tm:entity> and is a leading supplier of prepaid phone cards to
telephone companies. Scientific Games' customers are in the <tm:entity><tm:location><tm:country><tm:place>United
States</tm:place></tm:country></tm:location></tm:entity> and more than 60 other countries. For more information about
Scientific Games, please visit our web site at <a href="http://www.scientificgames.com" target="_new">http://www.scientificgames.com</a>.<br/></p>
<p>Company Contact:</p>
<p>Investor Relations</p>
<p>Scientific Games</p>
<p>212-754-2233</p>
<p>Forward-Looking Statements</p>
<p>In this press release the Company makes "forward-looking
statements" within the meaning of the <tm:entity><tm:location><tm:country><tm:place>U.S.</tm:place></tm:country></tm:location></tm:entity> Private Securities
Litigation Reform Act of 1995. Forward-looking statements describe
future expectations, plans, results or strategies and can often be
identified by the use of terminology such as "may"," "will,"
"estimate," "intend," "continue," "believe," "expect,"
"anticipate," "could," "potential," "opportunity," or similar
terminology. These statements are based upon management's current
expectations, assumptions and estimates and are not guarantees of
future results or performance. Actual outcomes may differ
materially from those projected in these statements due to a
variety of risks and uncertainties and other factors, including,
among other things: competition; material adverse changes in
economic and industry conditions in the Company's markets;
technological change; retention and renewal of existing contracts
and entry into new contracts; availability and adequacy of cash
flow to satisfy obligations and indebtedness or future needs;
protection of intellectual property; security and integrity of
software and systems; laws and government regulation, including
those relating to gaming licenses, permits and operations;
inability to identify, complete and integrate future acquisitions;
seasonality; dependence on suppliers and manufacturers; factors
associated with foreign operations; dependence on key personnel;
failure to perform on contracts; resolution of pending or future
litigation; labor matters; and stock price volatility. Additional
information regarding risks and uncertainties and other factors
that could cause actual results to differ materially from those
contemplated in forward-looking statements is included from time to
time in the Company's filings with the Security and <tm:entity><tm:organisation value="exchange commission">Exchange
Commission</tm:organisation></tm:entity>, including the Company's most recent Annual Report on
Form 10-K. Forward-looking statements speak only as of the date
they are made, and except for the Company's ongoing obligations
under the <tm:entity><tm:location><tm:country><tm:place>U.S.</tm:place></tm:country></tm:location></tm:entity> federal securities laws, the Company undertakes no
obligation to publicly update any forward-looking statements
whether as a result of new information, future events or
otherwise.</p>
</body>
</html>


</doc>

