<doc xmlns:tm="http://www.temis.com/annotations/1.1/">
<metadata><aboutcompany value="ilog"/><releaselocation value="sunnyvale"/><data_source value="prnews"/><source value="ilog"/><processing_date>2008-01-21T18:02:35</processing_date><date>2007-12-18T02:00:00</date><quote symbol="NYSE:EFX" src-company="equifax" company="Equifax Inc." date="2007-12-18" price="37.73"/><quote symbol="NASDAQ:EBAY" src-company="ebay" company="eBay Inc." date="2007-12-18" price="31.98"/><quote symbol="NASDAQ:FORR" src-company="forrester research" company="Forrester Research, Inc." date="2007-12-18" price="27.17"/><quote symbol="NASDAQ:ILOG" src-company="ilog" company="ILOG S.A. (ADR)" date="2007-12-18" price=""/><quote symbol="NYSE:SBP" src-company="santander" company="Santander BanCorp" date="2007-12-18" price="8.86"/><quote symbol="NYSE:V" src-company="visa" company="Visa Inc." date="2007-12-18" price=""/></metadata>
<title><tm:entity><tm:company Domain="TeleCommunication" value="wisor telecom">Wisor Telecom</tm:company></tm:entity> Selects ILOG JRules to Automate Order Management
</title>
<html>
<head>
<meta name="generator" content="HTML Tidy for Windows (vers 14 February 2006), see www.w3.org"/>
<!-- #BeginEditable "doctitle" -->
<title><tm:entity><tm:company Domain="TeleCommunication" value="wisor telecom">Wisor Telecom</tm:company></tm:entity> Selects ILOG JRules to Automate Order
Management</title>
</head>
<body>
<p>ILOG JRules Helps Wisor Customers Improve Order Efficiency</p>
<p><tm:entity><tm:location><tm:country location_country="United States of America"><tm:place>SUNNYVALE</tm:place></tm:country></tm:location></tm:entity>, <tm:cityorprovince><tm:america><tm:unitedstates Location_Continent="America" Location_Country="UnitedStates" value="calif">Calif.</tm:unitedstates></tm:america></tm:cityorprovince>, <tm:entity><tm:time_expression><tm:relative_time Day="18" Month="Dec." value="dec. 18">Dec. 18</tm:relative_time></tm:time_expression></tm:entity> /PRNewswire-FirstCall/ -- <tm:entity><tm:company value="ilog ( r )">ILOG(R)</tm:company></tm:entity>(<tm:entity><tm:stockindex value="nasdaq">Nasdaq</tm:stockindex></tm:entity>: <tm:entity><tm:companyticker company="ILOG S.A." value="NASDAQ:ILOG">ILOG</tm:companyticker></tm:entity>; <tm:entity><tm:stockindex value="euronext">Euronext</tm:stockindex></tm:entity>: ILO, ISIN: <tm:entity><tm:money_expression><tm:money Amount="4042364" Currency="Franc" value="fr0004042364">FR0004042364</tm:money></tm:money_expression></tm:entity>) today announced
that <tm:entity><tm:company Domain="TeleCommunication" value="wisor telecom">Wisor Telecom</tm:company></tm:entity> Corporation, a leading operational support
system (OSS) solutions vendor, has selected ILOG JRules(R), a key
offering in <tm:entity><tm:companyticker company="ILOG S.A." value="NASDAQ:ILOG">ILOG</tm:companyticker></tm:entity>'s business rule management system (BRMS) product
line, to automate complex order management processes for its
telecom carrier customers. By incorporating ILOG JRules into its
Exchange Path(TM) Interconnection Gateway software and Exchange
Link(TM) Interconnection Clearinghouse service, Wisor can more
effectively help its customers improve customer service and
dramatically shorten the interval between service ordering and
service initiation.</p><p>Wisor Exchange Path is an operational support system (OSS)
software platform that enables seamless and automated trading and
electronic bonding amongst telecommunication carriers and their
partners. The Exchange Link service manages the interconnection
between the multiple partners in the service ordering process.
Wisor needed a way to effectively manage large numbers of very
complex business rules for its telecommunications carrier
customers. For example, a single class of service order is
controlled by more than 15,000 rules, and the rules are revised
several times a year.</p>
<p>Before JRules, Wisor was manually coding rules to update them.
Many of the policies governing these processes were buried in
legacy systems and were hard to access and change. In order to cope
with this increasing complexity, as well as to be able to react
quickly to new regulatory changes, the company decided it needed to
move to a BRMS.</p>
<p>Wisor uses ILOG JRules in Exchange Path and Exchange Link to
apply the thousands of rules to check the compliance of service
orders and to validate order data. ILOG JRules performs business
rule validation for each transaction that flows through the
Exchange Path system, ensuring that all the required data and
options for each particular service being ordered are appropriately
handled.</p>
<p>"Reducing the time interval between ordering and installing a
service is a critical customer service challenge for carriers <tm:entity><tm:time_expression><tm:relative_time value="in today">in
today</tm:relative_time></tm:time_expression></tm:entity>'s highly competitive environment," said <tm:entity><tm:person Family_Name="Costello" First_Name="Matt" Gender="Male" role="Person" value="matt costello">Matt Costello</tm:person></tm:entity>, <tm:entity><tm:function FunctionCategory="Board" role="Has_Function" value="chief technology officer">CTO</tm:function></tm:entity> at
<tm:entity><tm:company Domain="TeleCommunication" role="Who" value="wisor telecom">Wisor Telecom</tm:company></tm:entity>. "Prior to integrating ILOG JRules into Exchange
Path, we hard-coded our rules which made it time-consuming to
manage and maintain large numbers of complex rules. The speed,
accuracy, and flexibility of ILOG JRules has created an important
competitive differentiator for our products and services, and has
enabled our carrier customers to reduce service intervals, which in
turn allows them to offer improved customer service to their
residential and business customers."</p><p><tm:entity><tm:companyticker company="ILOG S.A." value="NASDAQ:ILOG">ILOG</tm:companyticker></tm:entity> has consistently built on its history of product innovation
to make it one of the industry's leading providers of business rule
management systems. <tm:entity><tm:company Domain="Pharma" value="forrester research">Forrester Research</tm:company></tm:entity> has recognized <tm:entity><tm:company Extension="Inc, S A" value="ilog">ILOG</tm:company></tm:entity> as a
rules platform market leader, including the leader in rules
platforms for Java. Customers of <tm:entity><tm:companyticker company="ILOG S.A." value="NASDAQ:ILOG">ILOG</tm:companyticker></tm:entity>'s award-winning BRMS products
include <tm:entity><tm:company Domain="ConsumerGoods" value="ebay">eBay</tm:company></tm:entity>, <tm:entity><tm:company value="equifax">Equifax</tm:company></tm:entity>, Grupo <tm:entity><tm:company Extension="Grupo" Location_Continent="Europe" Location_Country="Spain" value="santander">Santander</tm:company></tm:entity>, <tm:entity><tm:company Domain="ConsumerGoods" value="harrah 's entertainment">Harrah's Entertainment</tm:company></tm:entity>,
<tm:entity><tm:company value="visa">Visa</tm:company></tm:entity>, <tm:entity><tm:company><tm:normalized_name Domain="TeleCommunication" value="vodafone">Vodafone</tm:normalized_name></tm:company></tm:entity>, <tm:entity><tm:location><tm:country location_country="Switzerland"><tm:place>Zurich</tm:place></tm:country></tm:location></tm:entity>, and many other leading <tm:entity><tm:company value="global pharmaceuticals">Global</tm:company></tm:entity> 2000
companies and governments worldwide. <tm:entity><tm:companyticker company="ILOG S.A." value="NASDAQ:ILOG">ILOG</tm:companyticker></tm:entity>'s business rule
management system (BRMS) product line includes ILOG JRules(TM),
ILOG Rules(TM) for .NET(R) and ILOG Rules (C++)(R). To learn more
about BRMS, please visit <a href="http://www.ilog.com/brms" target="_new">http://www.ilog.com/brms</a>.</p><p>About <tm:entity><tm:companyticker company="ILOG S.A." value="NASDAQ:ILOG">ILOG</tm:companyticker></tm:entity></p><p><tm:entity><tm:companyticker company="ILOG S.A." value="NASDAQ:ILOG">ILOG</tm:companyticker></tm:entity> delivers software and services that empower customers to
make better decisions faster and manage change and complexity. Over
3,000 corporations and more than 465 leading software vendors rely
on <tm:entity><tm:company><tm:potential_company role="Who" value="ilog">ILOG</tm:potential_company></tm:company></tm:entity>'s market-leading business rule management system (BRMS),
supply chain planning and scheduling applications, and optimization
and visualization software components, to achieve dramatic returns
on investment, create market-defining products and services, and
sharpen their competitive edge. <tm:entity><tm:company><tm:potential_company role="Who" value="ilog">ILOG</tm:potential_company></tm:company></tm:entity> was founded <tm:entity><tm:time_expression><tm:exact_time Year="1987" role="Context" value="in 1987">in 1987</tm:exact_time></tm:time_expression></tm:entity> and
employs more than 850 people worldwide. For more information,
please visit <a href="http://www.ilog.com" target="_new">http://www.ilog.com</a>.</p><p><tm:entity><tm:companyticker company="ILOG S.A." value="NASDAQ:ILOG">ILOG</tm:companyticker></tm:entity> and ILOG JRules are registered trademarks of <tm:entity><tm:company Extension="Inc, S A" value="ilog">ILOG</tm:company></tm:entity> S.A. and
<tm:entity><tm:company Extension="Inc, S A" value="ilog">ILOG</tm:company></tm:entity>, Inc. All other company and product names are trademarks of
their <tm:entity><tm:function FunctionCategory="Board" value="respective owners">respective owners</tm:function></tm:entity>.</p></body>
</html>


</doc>

