<doc xmlns:tm="http://www.temis.com/annotations/1.1/">
<metadata><aboutcompany value="metrologic"/><releaselocation value="blackwood"/><data_source value="prnews"/><source value="metrologic instruments, inc."/><processing_date>2008-01-21T18:02:46</processing_date><date>2007-12-17T20:12:00</date><quote symbol="LON:OEM" src-company="oem" company="OEM plc" date="2007-12-17" price=""/></metadata>
<title>Metrologic Releases the IS4920 -- a High-Performance Decoded Miniature Imaging Engine
</title>
<html>
<head>
<meta name="generator" content="HTML Tidy for Windows (vers 14 February 2006), see www.w3.org"/>
<!-- #BeginEditable "doctitle" -->
<title>Metrologic Releases the IS4920 -- a High-Performance Decoded
Miniature Imaging Engine</title>
</head>
<body>
<p>Distinguishes Itself with More Than Double the Processing Power
and</p>
<p>Scanning Area of Competing Models</p>
<p>BLACKWOOD, N.J., Dec. 17 /PRNewswire/ -- Metrologic Instruments,
Inc. today announced the release of the IS4920, a miniature
mega-pixel imaging engine with a hardware decoder. Original
equipment manufacturers (<tm:entity><tm:company value="oem">OEM</tm:company></tm:entity>) can easily integrate the
high-performance engine into a wide range of devices whose
applications demand robust omnidirectional scanning of 1D and 2D
bar codes.</p><p>The IS4920 joins <tm:entity><tm:company><tm:potential_company role="Who" value="metrologic">Metrologic</tm:potential_company></tm:company></tm:entity>'s IS4910, which was released <tm:entity><tm:time_expression><tm:exact_time Month="August" Year="2007" value="in august 2007">in
August 2007</tm:exact_time></tm:time_expression></tm:entity>. As the <tm:entity><tm:function FunctionCategory="Board" value="first member">first member</tm:function></tm:entity> of <tm:entity><tm:company><tm:potential_company role="Who" value="metrologic">Metrologic</tm:potential_company></tm:company></tm:entity>'s imaging engine
line, the non-decoded IS4910 is intended for <tm:entity><tm:company value="oem">OEM</tm:company></tm:entity>'s desiring full
control of the camera and decoding software libraries on their
embedded microprocessors.</p><p>The IS4920 captures high-resolution images and decodes bar codes
in applications associated with mobile computers, hand-held
scanners, self- service and payment kiosks, identity verification,
medical/diagnostic instruments and lottery terminals. Since the
IS4920 draws approximately half the operating current of comparable
products (235 mA of current at 3.3 volts), it is well-suited for
battery-powered devices.</p>
<p>"The IS4920 was designed and built to meet the often
underestimated needs of integrators," said <tm:entity><tm:person Family_Name="Schmidt" First_Name="Mark" Gender="Male" role="Person" value="mark schmidt">Mark Schmidt</tm:person></tm:entity>,
<tm:entity><tm:company><tm:potential_company role="Who" value="metrologic">Metrologic</tm:potential_company></tm:company></tm:entity>'s <tm:entity><tm:function FunctionCategory="Board" role="Has_Function" value="vice president">vice president</tm:function></tm:entity> of product management and marketing.
"The IS4920 enables integrated devices to decode the widest set of
symbologies and OCR fonts -- including bar codes scratched, torn,
poorly printed, worn or wrapped in clear plastic -- at the
industry's highest rates for speed and aggressiveness. And thanks
to its mega-pixel resolution and wide-angle lens design, it can
also capture very wide bar codes other imaging engines cannot."</p>
<p>At the core of the IS4920's aggressive performance is a 400-mHz
processor, which gives the engine more than double the processing
speed of comparable products. The IS4920's industry-standard form
factor features a 1.2 mega-pixel sensor with a wide-angle lens that
covers twice the scan area of competing products. This optical
architecture eliminates the scanning dead zone associated with
comparable devices by offering a depth of field over 11 inches and
unmatched up-close scanning which starts one inch from the face of
the engine. A built-in aiming LED simplifies targeting and makes
scanning intuitive.</p>
<p>The IS4920 can be used for scanning bar codes as well as for
uploading images in applications such as capturing signatures and
lifting documents. It provides consistent scan performance under
any ambient light condition from complete darkness to direct
sunlight.</p>
<p>Patented FirstFlash(R) technology enables the IS4920 to decode
bar codes with a single flash of illuminating LEDs. With
CodeSelect(TM), the IS4920 decodes multiple bar codes captured in a
single image and then transmits the data in any pre-determined
order. SwiftDecoder(R) software from Omniplanar(R), gives the
engine the power to decode bar codes as dense as four mil (0.102
mm). The IS4920 also reads application specific
optical-character-recognition (OCR) fonts such as those found on
passports and checks.</p>
<p>With its open-system architecture which accepts third-party and
custom plug-ins, the IS4920 has virtually unlimited application
flexibility. The imager and decode board can be ordered as an
assembled module or separate components. <tm:entity><tm:company><tm:potential_company role="Who" value="metrologic">Metrologic</tm:potential_company></tm:company></tm:entity> also supplies a
software development kit to facilitate development of customized
plug-ins. For more information, please visit <a href="http://www.metrologic.com/IS4920" target="_new">http://www.metrologic.com/IS4920</a>.</p>
<p>About <tm:entity><tm:company><tm:potential_company role="Who" value="metrologic">Metrologic</tm:potential_company></tm:company></tm:entity></p><p>As <tm:entity><tm:company Domain="IT" Extension="Inc" value="metrologic instruments">Metrologic Instruments</tm:company></tm:entity>, Inc. celebrates its 40th anniversary,
it continues to be a global supplier of choice for data capture and
collection hardware and software. <tm:entity><tm:company><tm:potential_company role="Who" value="metrologic">Metrologic</tm:potential_company></tm:company></tm:entity> delivers innovative
products that are reliable and supported by a superior level of
personal service. <tm:entity><tm:company><tm:potential_company role="Who" value="metrologic">Metrologic</tm:potential_company></tm:company></tm:entity> products are sold worldwide through
sales, service and distribution offices located in <tm:entity><tm:location><tm:country><tm:place>North</tm:place></tm:country></tm:location></tm:entity>&amp;
<tm:entity><tm:location><tm:country><tm:place>South America</tm:place></tm:country></tm:location></tm:entity>, <tm:entity><tm:location><tm:country><tm:place>Europe</tm:place></tm:country></tm:location></tm:entity>, <tm:entity><tm:location><tm:country><tm:place>Australia</tm:place></tm:country></tm:location></tm:entity> and <tm:entity><tm:location><tm:country><tm:place>Asia</tm:place></tm:country></tm:location></tm:entity>. For more information,
please visit <a href="http://www.Metrologic.com" target="_new">http://www.Metrologic.com</a>.</p></body>
</html>


</doc>

