<doc xmlns:tm="http://www.temis.com/annotations/1.1/">
<metadata>
<aboutcompany value="autodesk"/>
<releaselocation value="san rafael"/>
<data_source value="prnews"/>
<source value="autodesk, inc."/>
<processing_date>2008-01-21T17:56:15</processing_date>
<date>2007-12-18T09:00:00</date>
<quote symbol="NYSE:FO" src-company="fortune" company="Fortune Brands, Inc." date="2007-12-18" price="73.96"/><quote symbol="NASDAQ:ADSK" src-company="autodesk" company="Autodesk, Inc." date="2007-12-18" price="49.78"/></metadata>
<title>Autodesk Launches New Hydraflow Storm Sewers Extension for AutoCAD Civil 3D
</title>
<html>
<head>
<meta name="generator" content="HTML Tidy for Windows (vers 14 February 2006), see www.w3.org"/>
<!-- #BeginEditable "doctitle" -->
<title>Autodesk Launches New Hydraflow Storm Sewers Extension for
AutoCAD Civil 3D</title>
</head>
<body>
<p><tm:entity><tm:company Domain="IT" Extension="Inc" role="Who" value="autodesk">Autodesk</tm:company></tm:entity> Acquires Business of <tm:entity><tm:company><tm:potential_company role="Whom" value="intelisolve">Intelisolve</tm:potential_company></tm:company></tm:entity> to Expand Technology
Portfolio</p>
<p>and Support Broader Civil Engineering Workflow</p>
<p><tm:entity><tm:location><tm:country location_country="Argentina"><tm:place>SAN RAFAEL</tm:place></tm:country></tm:location></tm:entity>, <tm:location><tm:country location_country="United States of America"><tm:place>Calif.</tm:place></tm:country></tm:location>, <tm:entity><tm:time_expression><tm:relative_time Day="18" Month="Dec." value="dec. 18">Dec. 18</tm:relative_time></tm:time_expression></tm:entity> /PRNewswire-FirstCall/ -- <tm:entity><tm:company Domain="IT" Extension="Inc" value="autodesk">Autodesk</tm:company></tm:entity>,
Inc. (<tm:entity><tm:stockindex value="nasdaq">Nasdaq</tm:stockindex></tm:entity>: <a class="small" href="http://studio-5.financialcontent.com/prnews?Page=Quote&amp;Ticker=ADSK" onclick="var s=s_gi(s_account); var hd1 = document.getElementById('headline'); s.tl(this,'o',getLinkName('Company Sanpshot'));">ADSK</a>) today announced the immediate availability of a new
downloadable product extension, Hydraflow Storm Sewers Extension
for AutoCAD Civil 3D, to support storm sewer design and analysis.
The new extension, available free of charge exclusively to AutoCAD
Civil 3D subscription customers, is being made available as the
result of the company's recent acquisition of the business of
Intelisolve, a <tm:entity><tm:location><tm:country location_country="Germany"><tm:place>Salem</tm:place></tm:country></tm:location></tm:entity>, South Carolina-based provider of hydrology
and hydraulics design and analysis software for civil
engineering.</p><p>"The addition of this new analysis and design capability to the
<tm:entity><tm:company Domain="IT" Extension="Inc" value="autodesk">Autodesk</tm:company></tm:entity> portfolio of civil engineering software will enable our
customers to obtain greater value from their design data," said <tm:entity><tm:person Family_Name="Bhatt" First_Name="Jay" Gender="Undefined Gender" role="Person" value="jay bhatt">Jay
Bhatt</tm:person></tm:entity>, <tm:entity><tm:function FunctionCategory="Board" role="Has_Function" value="senior vice president">senior vice president</tm:function></tm:entity>, <tm:entity><tm:company Domain="IT" Extension="Inc" role="Who" value="autodesk">Autodesk</tm:company></tm:entity> AEC Solutions. "This
acquisition also supports <tm:entity><tm:company Domain="IT" Extension="Inc" value="autodesk">Autodesk</tm:company></tm:entity>'s ongoing commitment to
sustainable design by enabling our civil engineering customers to
design and analyze efficient storm water management systems, an
important part of low-impact development."</p><p>A Stronger Total Solution for Civil Engineering</p>
<p><tm:entity><tm:company Domain="IT" Extension="Inc" value="autodesk">Autodesk</tm:company></tm:entity> plans to leverage Intelisolve's technology and market
experience to enhance its civil engineering solutions and
strengthen its presence in the architecture, engineering and
construction (<tm:entity><tm:media><tm:television value="aec">AEC</tm:television></tm:media></tm:entity>) industry. AutoCAD Civil 3D and Hydraflow Storm
Sewers Extension support data exchange via <tm:entity><tm:company value="landxml">LandXML</tm:company></tm:entity> and <tm:entity><tm:company Domain="IT" Extension="Inc" value="autodesk">Autodesk</tm:company></tm:entity> is
working to make these products integrate more closely in the
future.</p>
<p>"Our firm has been using <tm:entity><tm:company value="intelisolve">Intelisolve</tm:company></tm:entity> and <tm:entity><tm:company Domain="IT" Extension="Inc" value="autodesk">Autodesk</tm:company></tm:entity> products <tm:entity><tm:time_expression><tm:duration value="for many years ,">for
many years,</tm:duration></tm:time_expression></tm:entity> so we're excited that we'll now only have to purchase
one tool set, giving us faster, smarter designs, a single point of
support and lower maintenance costs," said <tm:entity><tm:person Family_Name="Lee" First_Name="Mark, G" Gender="Male" value="mark g lee">Mark G. Lee</tm:person></tm:entity>, PE, RLS and
<tm:entity><tm:function FunctionCategory="Board" role="Has_Function" value="president">president</tm:function></tm:entity> of <tm:entity><tm:person Family_Name="Lee" First_Name="Paul" Gender="Male" role="Person" value="paul lee">Paul Lee</tm:person></tm:entity> Consulting <tm:entity><tm:company Extension="Associates" value="engineering">Engineering</tm:company></tm:entity> Associates. "We look
forward to seeing the design validation logic that we have come to
trust with Intelisolve become more thoroughly integrated into our
AutoCAD Civil 3D designs."</p>
<p>Availability</p>
<p>Hydraflow Storm Sewers Extension is now available for download
by AutoCAD Civil 3D subscription customers at the <tm:entity><tm:company Domain="IT" value="autodesk subscription">Autodesk
Subscription</tm:company></tm:entity> Center. At this time, the extension is available in
English only and can only be installed with Civil 3D 2008. For more
information, please contact your <tm:entity><tm:company Domain="IT" Extension="Inc" value="autodesk">Autodesk</tm:company></tm:entity> reseller or visit
<a href="http://www.autodesk.com/civil3d-stormwater" target="_new">http://www.autodesk.com/civil3d-stormwater</a>.</p><p><tm:entity><tm:company Domain="IT" value="autodesk subscription">Autodesk Subscription</tm:company></tm:entity></p><p>For an annual fee, <tm:entity><tm:company Domain="IT" role="Who" value="autodesk subscription">Autodesk Subscription</tm:company></tm:entity> customers benefit from
a complete technology, training, and support program that protects
their software investments by providing them with the most current
design technology, web support direct from <tm:entity><tm:company Domain="IT" Extension="Inc" value="autodesk">Autodesk</tm:company></tm:entity>, flexible
self-paced training options and a broad range of other technology
and business benefits. For more information about <tm:entity><tm:company Domain="IT" value="autodesk subscription">Autodesk
Subscription</tm:company></tm:entity>, visit <a href="http://www.autodesk.com/subscription" target="_new">http://www.autodesk.com/subscription</a>.</p><p>About <tm:entity><tm:company Domain="IT" Extension="Inc" value="autodesk">Autodesk</tm:company></tm:entity></p><p><tm:entity><tm:company Domain="IT" Extension="Inc" value="autodesk">Autodesk</tm:company></tm:entity>, Inc. is the world leader in 2D and 3D design software
for the manufacturing, building and construction, and media and
entertainment markets. Since its introduction of AutoCAD software
in 1982, Autodesk has developed the broadest portfolio of
state-of-the-art digital prototyping solutions to help customers
experience their ideas before they are real. <tm:entity><tm:company value="fortune">Fortune</tm:company></tm:entity> 1000 companies
rely on <tm:entity><tm:company Domain="IT" Extension="Inc" value="autodesk">Autodesk</tm:company></tm:entity> for the tools to visualize, simulate and analyze
real-world performance early in the design process to save time and
money, enhance quality and foster innovation. For additional
information about <tm:entity><tm:company Domain="IT" Extension="Inc" value="autodesk">Autodesk</tm:company></tm:entity>, visit <a href="http://www.autodesk.com/" target="_new">http://www.autodesk.com/</a>.</p><p><tm:entity><tm:company Domain="IT" Extension="Inc" value="autodesk">Autodesk</tm:company></tm:entity>, <tm:entity><tm:company value="autocad">AutoCAD</tm:company></tm:entity> and <tm:entity><tm:company value="civil">Civil</tm:company></tm:entity> 3D are registered trademarks or
trademarks of <tm:entity><tm:company Domain="IT" Extension="Inc" value="autodesk">Autodesk</tm:company></tm:entity>, Inc., in the <tm:entity><tm:location><tm:country><tm:place>USA</tm:place></tm:country></tm:location></tm:entity> and/or other countries.
All other brand names, product names, or trademarks belong to their
respective holders. <tm:entity><tm:company Domain="IT" Extension="Inc" value="autodesk">Autodesk</tm:company></tm:entity> reserves the right to alter product
offerings and specifications at any time without notice, and is not
responsible for typographical or graphical errors that may appear
in this document.<br/>
(C) 2007 <tm:entity><tm:company Domain="IT" Extension="Inc" value="autodesk">Autodesk</tm:company></tm:entity>, Inc. All rights reserved.</p><p>(Logo: <a href="http://www.newscom.com/cgi-bin/prnh/20050415/SFF034LOGO" target="_new">http://www.newscom.com/cgi-bin/prnh/20050415/SFF034LOGO</a>)</p>
<p>Contact: <tm:entity><tm:person Family_Name="Cole" First_Name="Noah" Gender="Male" value="noah cole">Noah Cole</tm:person></tm:entity>, 503-707-3872</p><p>Email: <a href="mailto:noah.cole@autodesk.com"><tm:entity><tm:email value="noah.cole@autodesk.com">noah.cole@autodesk.com</tm:email></tm:entity></a></p><p>Contact: <tm:entity><tm:person Family_Name="Bennett" First_Name="Elizabeth" Gender="Female" value="elizabeth bennett">Elizabeth Bennett</tm:person></tm:entity>, 503-471-6831</p><p>Email: <a href="mailto:elizabeth.bennett@edelman.com"><tm:entity><tm:email value="elizabeth.bennett@edelman.com">elizabeth.bennett@edelman.com</tm:email></tm:entity></a></p></body>
</html>


</doc>

