<doc xmlns:tm="http://www.temis.com/annotations/1.1/">
<metadata>
<aboutcompany value="asure software"/>
<releaselocation value="austin"/>
<data_source value="prnews"/>
<source value="asure software"/>
<processing_date>2008-01-21T18:02:45</processing_date>
<date>2007-12-17T22:20:00</date>
<quote symbol="NASDAQ:ASUR" src-company="asure software" company="Asure Software" date="2007-12-17" price="1.03"/></metadata>
<title><tm:entity><tm:company Domain="IT" value="asure software">Asure Software</tm:company></tm:entity> Announces Results <tm:entity><tm:time_expression><tm:exact_time Year="2008" value="for the 2008">for the 2008</tm:exact_time></tm:time_expression></tm:entity> Fiscal <tm:entity><tm:time_expression><tm:relative_time value="first quarter">First Quarter</tm:relative_time></tm:time_expression></tm:entity></title>
<html>
<head>
<meta name="generator" content="HTML Tidy for Windows (vers 14 February 2006), see www.w3.org"/>
<!-- #BeginEditable "doctitle" -->
<title><tm:entity><tm:company Domain="IT" value="asure software">Asure Software</tm:company></tm:entity> Announces Results <tm:entity><tm:time_expression><tm:exact_time Year="2008" value="for the 2008">for the 2008</tm:exact_time></tm:time_expression></tm:entity> Fiscal <tm:entity><tm:time_expression><tm:relative_time value="first quarter">First
Quarter</tm:relative_time></tm:time_expression></tm:entity></title></head>
<body>
<p>Software and services revenue increase 46 percent</p>
<p><tm:entity><tm:location><tm:country location_country="United States of America"><tm:place>AUSTIN</tm:place></tm:country></tm:location></tm:entity>, <tm:entity><tm:location><tm:country location_country="United States of America"><tm:place>Texas</tm:place></tm:country></tm:location></tm:entity>, <tm:entity><tm:time_expression><tm:relative_time Day="17" Month="Dec." value="dec. 17">Dec. 17</tm:relative_time></tm:time_expression></tm:entity> /PRNewswire-FirstCall/ -- <tm:entity><tm:company Domain="IT" value="asure software">Asure Software</tm:company></tm:entity>(<tm:entity><tm:stockindex value="nasdaq">Nasdaq</tm:stockindex></tm:entity>: <a class="small" href="http://studio-5.financialcontent.com/prnews?Page=Quote&amp;Ticker=ASUR" onclick="var s=s_gi(s_account); var hd1 = document.getElementById('headline'); s.tl(this,'o',getLinkName('Company Sanpshot'));"><tm:entity><tm:company><tm:abbreviation value="asur">ASUR</tm:abbreviation></tm:company></tm:entity></a>) today announced results <tm:entity><tm:time_expression><tm:exact_time Year="2008" value="for the 2008">for the 2008</tm:exact_time></tm:time_expression></tm:entity> fiscal <tm:entity><tm:time_expression><tm:relative_time value="first quarter ended october 31 , 2007">first quarter
ended October 31, 2007</tm:relative_time></tm:time_expression></tm:entity>. Highlights <tm:entity><tm:time_expression><tm:duration value="for the quarter">for the quarter</tm:duration></tm:time_expression></tm:entity> include:<br/></p>
<div style="margin-left: 2em">* Software and service revenues
increased by $0.6 million, or 46 percent, to $1.9 million. *
Completed iEmployee workforce management software acquisition. *
iEmployee added <tm:entity><tm:money_expression><tm:money Amount="0.3 million" Currency="Dollar" value="$0.3 million">$0.3 million</tm:money></tm:money_expression></tm:entity> to the increase in revenues. * Gross
margin as a percent of revenues increased to 82 percent. "We are
progressing with the integration of iEmployee, which has
strategically positioned the Company within the rapidly growing
workforce management industry. The combination of iEmployee and
NetSimplicity provides a broad range of tools enabling a business
to optimize their workforce which is so important in a competitive
environment. Our offerings target the small, medium business
utilizing an attractive software as a service delivery model," said
<tm:entity><tm:person Family_Name="Snyder" First_Name="Richard, N" Gender="Male" role="Person" value="richard n snyder">Richard N. Snyder</tm:person></tm:entity>, <tm:entity><tm:function FunctionCategory="Board" role="Has_Function" value="chairman and chief executive officer">Chairman and Chief Executive Officer</tm:function></tm:entity> of <tm:entity><tm:company Domain="IT" role="Who" value="asure software">Asure
Software</tm:company></tm:entity>.</div><p>Software and Services Business</p>
<p>Software and services revenue <tm:entity><tm:time_expression><tm:duration To="October 31 , 2007" value="for the three months ended october 31 , 2007">for the three months ended October
31, 2007</tm:duration></tm:time_expression></tm:entity> were <tm:entity><tm:money_expression><tm:money Amount="1.9 million" Currency="Dollar" value="$1.9 million">$1.9 million</tm:money></tm:money_expression></tm:entity>, an increase of $0.6 million, or 46
percent, from the <tm:entity><tm:money_expression><tm:money Amount="1.3 million" Currency="Dollar" value="$1.3 million">$1.3 million</tm:money></tm:money_expression></tm:entity> reported <tm:entity><tm:time_expression><tm:duration To="July 31 , 2007" value="for the three months ended july 31 , 2007">for the three months ended
July 31, 2007</tm:duration></tm:time_expression></tm:entity>. Revenues include sales of the NetSimplicity
scheduling and asset management software, including <tm:entity><tm:function FunctionCategory="Board" value="meeting room manager">Meeting Room
Manager</tm:function></tm:entity>("MRM"), <tm:entity><tm:function FunctionCategory="Board" value="visual asset manager">Visual Asset Manager</tm:function></tm:entity>("VAM"), and sales of the
Company's iEmployee workforce management software. Also included in
these revenues are software maintenance and support services and
professional services. Software and services revenue increased $0.9
million or 95% <tm:entity><tm:time_expression><tm:duration From="three months" To="October 31 , 2006" value="from the three months ended october 31 , 2006">from the three months ended October 31, 2006</tm:duration></tm:time_expression></tm:entity> to the
three months ended <tm:entity><tm:time_expression><tm:exact_time value="2007">October 31, 2007</tm:exact_time></tm:time_expression></tm:entity>.</p><p>Gross Margin</p>
<p>Software and services gross margin for the 2008 fiscal <tm:entity><tm:time_expression><tm:relative_time value="first quarter">first
quarter</tm:relative_time></tm:time_expression></tm:entity> was <tm:entity><tm:money_expression><tm:money Amount="1.5 million" Currency="Dollar" value="$1.5 million">$1.5 million</tm:money></tm:money_expression></tm:entity>, an increase of $0.5 million or 51
percent, versus $1.0 million achieved <tm:entity><tm:time_expression><tm:exact_time Year="2007" value="for the 2007">for the 2007</tm:exact_time></tm:time_expression></tm:entity> fiscal fourth
quarter. Software and services gross margins increased $0.9 million
or 137% <tm:entity><tm:time_expression><tm:duration From="three months" To="October 31 , 2006" value="from the three months ended october 31 , 2006">from the three months ended October 31, 2006</tm:duration></tm:time_expression></tm:entity> to the three
months ended <tm:entity><tm:time_expression><tm:exact_time value="2007">October 31, 2007</tm:exact_time></tm:time_expression></tm:entity>.</p><p>Selling, General and Administrative</p>
<p>Total selling, general and administrative expenses <tm:entity><tm:time_expression><tm:duration To="October 31 , 2007" value="for the three months ended october 31 , 2007">for the three
months ended October 31, 2007</tm:duration></tm:time_expression></tm:entity>, were <tm:entity><tm:money_expression><tm:money Amount="2.8 million" Currency="Dollar" value="$2.8 million">$2.8 million</tm:money></tm:money_expression></tm:entity>, a decrease of
$0.4 million, or 13 percent, from the 2007 fiscal fourth quarter.
This is primarily due to a reduction in Intellectual Property
segment related operating expenses.</p><p>Net (Loss) Income</p>
<p>The Company reported a net loss of ($0.9 million), or ($0.03)
per share, <tm:entity><tm:time_expression><tm:duration To="October 31 , 2007" value="during the three months ended october 31 , 2007">during the three months ended October 31, 2007</tm:duration></tm:time_expression></tm:entity>.</p><p>Outlook</p>
<p>The Company continues to fully integrate the iEmployee
operations, develop its sales force to increase sales performance,
and release new software updates. Management believes its software
and services revenues will continue to increase. Gross margins from
the segment are expected to improve <tm:entity><tm:time_expression><tm:duration value="during the next fiscal">during the next fiscal</tm:duration></tm:time_expression></tm:entity> quarter.
Management will continue to evaluate additional operational
synergies from the iEmployee acquisition and further extend its
market reach both domestically and in the international
markets.</p>
<p>The Company did not have any intellectual property licensing
revenues <tm:entity><tm:time_expression><tm:duration To="October 31 , 2007" value="for the three months ended october 31 , 2007">for the three months ended October 31, 2007</tm:duration></tm:time_expression></tm:entity>. Management
does not anticipate any additional licensing revenues from the
patents which have generated such revenues in prior fiscal years.
Although the Company continues to explore its patent portfolio for
additional opportunities, management can give no assurance of
future licensing revenues and believes any revenues to be generated
from the Company's remaining patent portfolio may be less than
those generated historically.</p><p>Conference Call and Webcast</p>
<p><tm:entity><tm:company Domain="IT" role="Who" value="asure software">Asure Software</tm:company></tm:entity> has scheduled a conference call with the
investment community <tm:entity><tm:time_expression><tm:exact_time role="Context" value="2007">for Tuesday December 18, 2007</tm:exact_time></tm:time_expression></tm:entity>, at 10:00 a.m.
CT (11:00 a.m. ET) to discuss the quarter and outlook. To take part
in the call, please dial 800-593-9038 ten minutes before the
conference call begins, ask for the <tm:entity><tm:company Domain="IT" value="asure software">Asure Software</tm:company></tm:entity> event, and use
pass code 324972. International callers should dial 334-323-7224
and reference the same pass code. Investors, analysts, media and
the general public will also have the opportunity to listen to the
conference call over the Internet by visiting the investor
relations page of <tm:entity><tm:location><tm:country><tm:place>Asure</tm:place></tm:country></tm:location></tm:entity>'s web site at <a href="http://www.asuresoftware.com" target="_new">http://www.asuresoftware.com</a>. To listen to the live
call, please visit the web site at least 15 minutes early to
register, download and install any necessary audio software. For
those who cannot listen to the live broadcast, a replay will be
available shortly after the call on the investor relation's page of
our web site at <a href="http://www.asuresoftware.com" target="_new">http://www.asuresoftware.com</a>.</p><p>About <tm:entity><tm:company Domain="IT" value="asure software">Asure Software</tm:company></tm:entity></p><p>Headquartered in <tm:entity><tm:location><tm:country location_country="United States of America"><tm:place>Austin</tm:place></tm:country></tm:location></tm:entity>, <tm:entity><tm:location><tm:country location_country="United States of America"><tm:place>Texas</tm:place></tm:country></tm:location></tm:entity>, <tm:entity><tm:company Domain="IT" value="asure software">Asure Software</tm:company></tm:entity>(<tm:entity><tm:company><tm:abbreviation value="asur">ASUR</tm:abbreviation></tm:company></tm:entity>), (a d/b/a
of <tm:entity><tm:company Domain="IT" Extension="Inc, Inc." role="Who" value="forgent networks">Forgent Networks</tm:company></tm:entity>, Inc.), empowers small to mid-size
organizations and divisions of large enterprises to operate more
efficiently, increase worker productivity and reduce costs through
a suite of on-demand workforce management software and services.
<tm:entity><tm:location><tm:country><tm:place>Asure</tm:place></tm:country></tm:location></tm:entity>'s market-leading products include workforce time and
attendance tracking, benefits enrollment and tracking, pay stubs
and W2 documentation, expense management, meeting room management,
and asset tracking. With additional offices in Seekonk, Mass.,
<tm:entity><tm:location><tm:country location_country="Canada"><tm:place>Vancouver</tm:place></tm:country></tm:location></tm:entity>, <tm:entity><tm:location><tm:country location_country="Canada"><tm:place>British Columbia</tm:place></tm:country></tm:location></tm:entity>, and <tm:entity><tm:location><tm:country location_country="India"><tm:place>Mumbai</tm:place></tm:country></tm:location></tm:entity>, <tm:entity><tm:location><tm:country><tm:place>India</tm:place></tm:country></tm:location></tm:entity>, <tm:entity><tm:location><tm:country><tm:place>Asure</tm:place></tm:country></tm:location></tm:entity> serves 3,500
customers around the world. For more information, please visit
<a href="http://www.asuresoftware.com" target="_new">http://www.asuresoftware.com</a>.</p><p><tm:entity><tm:location><tm:country><tm:place>Safe Harbor</tm:place></tm:country></tm:location></tm:entity></p><p>"<tm:entity><tm:location><tm:country><tm:place>Safe Harbor</tm:place></tm:country></tm:location></tm:entity>" Statement under the Private Securities Litigation
Reform Act of 1995:</p><p>Statements in this press release regarding Forgent's business
which are not historical facts are "forward-looking statements"
that involve risks and uncertainties. For a discussion of such
risks and uncertainties, which could cause actual results to differ
from those contained in the forward-looking statements, see "Risk
Factors" in the Company's Annual Report or Form 10-K for the most
recently ended fiscal year.<br/></p>
<p>Please see the attached for complete financial information.</p>
<p><tm:entity><tm:company Domain="IT" Extension="Inc, Inc." value="forgent networks">FORGENT NETWORKS</tm:company></tm:entity>, INC.</p><p>CONDENSED CONSOLIDATED BALANCE SHEETS</p>
<p>(Amounts in thousands, except per share data)</p>
<p><tm:entity><tm:time_expression><tm:relative_time value="october 31 , july 31">OCTOBER 31, JULY 31</tm:relative_time></tm:time_expression></tm:entity>,</p><p>2007 2007</p>
<p>(UNAUDITED)</p>
<p>ASSETS</p>
<p>Current Assets:</p>
<p>Cash and equivalents <tm:entity><tm:money_expression><tm:moneyrange Amount="15,925, 33,524" Currency="Dollar" From="$15,925" To="$33,524" value="$15,925 $33,524">$15,925 $33,524</tm:moneyrange></tm:money_expression></tm:entity></p><p><tm:entity><tm:company><tm:potential_company role="Who" value="short-term">Short-term</tm:potential_company></tm:company></tm:entity> investments 3,551 1,538</p>
<p>Accounts receivable, net of allowance for</p>
<p>doubtful accounts <tm:entity><tm:money_expression><tm:moneyrange Amount="56, 21" Currency="Dollar" From="$56" To="$21" value="of $56 and $21">of $56 and $21</tm:moneyrange></tm:money_expression></tm:entity> at</p>
<p><tm:entity><tm:time_expression><tm:relative_time value="october 31 , 2007 and july 31 , 2007">October 31, 2007 and July 31, 2007</tm:relative_time></tm:time_expression></tm:entity>,</p><p>respectively 1,476 1,040</p>
<p>Prepaid expenses and other current assets 285 211</p>
<p><tm:entity><tm:company><tm:potential_company role="Who" value="total">Total</tm:potential_company></tm:company></tm:entity> Current Assets 21,237 36,313</p>
<p>Property and equipment, net 1,108 767</p>
<p>Goodwill 6,993 --</p>
<p>Intangible assets, net 5,161 --</p>
<p>Other assets 129 212</p>
<p><tm:entity><tm:money_expression><tm:moneyrange Amount="34,628, 37,292" Currency="Dollar" From="$34,628" To="$37,292" value="$34,628 $37,292">$34,628 $37,292</tm:moneyrange></tm:money_expression></tm:entity></p><p>LIABILITIES AND STOCKHOLDERS' EQUITY</p>
<p>Current Liabilities:</p>
<p>Accounts payable <tm:entity><tm:money_expression><tm:moneyrange Amount="4,058, 10,970" Currency="Dollar" From="$4,058" To="$10,970" value="$4,058 $10,970">$4,058 $10,970</tm:moneyrange></tm:money_expression></tm:entity></p><p>Accrued compensation and benefits 586 557</p>
<p>Other accrued liabilities 778 855</p>
<p>Deferred revenue 1,392 1,076</p>
<p>Total Current Liabilities 6,814 13,458</p>
<p>Long-Term Liabilities:</p>
<p>Deferred revenue 33 28</p>
<p>Other long-term obligations 1,060 1,186</p>
<p>Total Long-Term Liabilities 1,093 1,214</p>
<p>Stockholders' Equity:</p>
<p>Preferred stock, $.01 par value; 10,000 shares</p>
<p>authorized; none issued or outstanding -- --</p>
<p>Common stock, $.01 par value; 40,000 shares</p>
<p>authorized; 32,487 and 27,388 shares issued;</p>
<p>30,697 and 25,598 shares outstanding at</p>
<p><tm:entity><tm:time_expression><tm:relative_time value="october 31 , 2007 and july 31 , 2007">October 31, 2007 and July 31, 2007</tm:relative_time></tm:time_expression></tm:entity>, respectively 325 274</p><p>Treasury stock at cost, 1,790 shares at</p>
<p><tm:entity><tm:time_expression><tm:relative_time value="october 31 , 2007 and july 31 , 2007">October 31, 2007 and July 31, 2007</tm:relative_time></tm:time_expression></tm:entity>(4,815) (4,815)</p>
<p>Additional paid-in capital 270,590 265,647</p>
<p>Accumulated deficit (239,424) (238,506)</p>
<p>Accumulated other comprehensive income 45 20</p>
<p>Total Stockholders' Equity 26,721 22,620</p>
<p><tm:entity><tm:money_expression><tm:moneyrange Amount="34,628, 37,292" Currency="Dollar" From="$34,628" To="$37,292" value="$34,628 $37,292">$34,628 $37,292</tm:moneyrange></tm:money_expression></tm:entity></p><p><tm:entity><tm:company Domain="IT" Extension="Inc, Inc." value="forgent networks">FORGENT NETWORKS</tm:company></tm:entity>, INC.</p><p>CONSOLIDATED STATEMENT OF OPERATIONS</p>
<p>(Amounts in thousands, except per share data)</p>
<p><tm:entity><tm:time_expression><tm:duration value="for the three months">FOR THE THREE MONTHS</tm:duration></tm:time_expression></tm:entity> ENDED</p>
<p><tm:entity><tm:time_expression><tm:relative_time Day="31" Month="OCTOBER" value="october 31">OCTOBER 31</tm:relative_time></tm:time_expression></tm:entity>,</p><p>2007 2006</p>
<p>(UNAUDITED)</p>
<p>REVENUES:</p>
<p>Software &amp; service <tm:entity><tm:money_expression><tm:moneyrange Amount="1,875, 962" Currency="Dollar" From="$1,875" To="$962" value="$1,875 $962">$1,875 $962</tm:moneyrange></tm:money_expression></tm:entity></p><p>Intellectual property licensing -- 8,134</p>
<p><tm:entity><tm:company><tm:potential_company role="Who" value="total">Total</tm:potential_company></tm:company></tm:entity> Revenues 1,875 9,096</p>
<p>COST OF SALES:</p>
<p>Software &amp; service 330 310</p>
<p>Intellectual property licensing -- 3,540</p>
<p><tm:entity><tm:company><tm:potential_company role="Who" value="total">Total</tm:potential_company></tm:company></tm:entity> Cost of Sales 330 3,850</p>
<p>GROSS MARGIN 1,545 5,246</p>
<p>OPERATING EXPENSES:</p>
<p>Selling, general and administrative 2,440 2,500</p>
<p>Research and development 291 116</p>
<p>Amortization of intangible assets 36 4</p>
<p><tm:entity><tm:company><tm:potential_company role="Who" value="total">Total</tm:potential_company></tm:company></tm:entity> Operating Expenses 2,767 2,620</p>
<p>(LOSS) INCOME FROM OPERATIONS (1,222) 2,626</p>
<p>OTHER INCOME AND (EXPENSES):</p>
<p>Interest income 338 155</p>
<p>Interest expense and other (20) (32)</p>
<p>Total Other Income and (Expenses) 318 123</p>
<p>(LOSS) INCOME FROM OPERATIONS, BEFORE INCOME TAXES (904)
2,749</p>
<p>Provision for income taxes (14) --</p>
<p>NET (LOSS) INCOME $(918) <tm:entity><tm:money_expression><tm:money Amount="2,749" Currency="Dollar" value="$2,749">$2,749</tm:money></tm:money_expression></tm:entity></p><p>BASIC AND DILUTED (LOSS) INCOME PER SHARE:</p>
<p>Net (loss) income per share</p>
<div style="margin-left: 2em">- basic and diluted $(0.03)
<tm:entity><tm:money_expression><tm:money Amount="0.11" Currency="Dollar" value="$0.11">$0.11</tm:money></tm:money_expression></tm:entity></div><p>WEIGHTED AVERAGE SHARES OUTSTANDING:</p>
<p>Basic 27,094 25,381</p>
<p>Diluted 27,094 25,522</p>
</body>
</html>


</doc>

