<doc xmlns:tm="http://www.temis.com/annotations/1.1/">
<metadata>
<aboutcompany value="federal signal"/>
<releaselocation value="university park"/>
<data_source value="prnews"/>
<source value="federal signal's safety and security systems group"/>
<processing_date>2008-01-21T18:15:25</processing_date>
<date>2007-12-14T11:01:00</date>
<quote symbol="NYSE:FSS" src-company="federal signal" company="Federal Signal Corporation" date="2007-12-14" price="11.35"/></metadata>
<title><tm:entity><tm:location><tm:country><tm:place>Clarendon Hills</tm:place></tm:country></tm:location></tm:entity>, <tm:entity><tm:location><tm:country location_country="United States of America"><tm:place>Ill.</tm:place></tm:country></tm:location></tm:entity>, Deploys Federal Signal Municipal Networked Security System
</title><html>
<head>
<meta name="generator" content="HTML Tidy for Windows (vers 14 February 2006), see www.w3.org"/>
<!-- #BeginEditable "doctitle" -->
<title><tm:entity><tm:location><tm:country><tm:place>Clarendon Hills</tm:place></tm:country></tm:location></tm:entity>, <tm:entity><tm:location><tm:country location_country="United States of America"><tm:place>Ill.</tm:place></tm:country></tm:location></tm:entity>, Deploys Federal Signal Municipal
Networked Security System</title></head>
<body>
<p>Wireless video surveillance to enhance city's public safety and
security</p>
<p><tm:entity><tm:organisation Domain="Educational" value="university park">UNIVERSITY PARK</tm:organisation></tm:entity>, Ill., <tm:entity><tm:time_expression><tm:relative_time Day="14" Month="Dec." value="dec. 14">Dec. 14</tm:relative_time></tm:time_expression></tm:entity> /PRNewswire-FirstCall/ -- Federal
Signal's <tm:entity><tm:company value="safety">Safety</tm:company></tm:entity> and <tm:entity><tm:company Domain="IT" Extension="Group" value="security systems">Security Systems</tm:company></tm:entity> Group, a leader in advancing
security and well-being, and the Village of <tm:entity><tm:location><tm:country><tm:place>Clarendon Hills</tm:place></tm:country></tm:location></tm:entity>, <tm:entity><tm:location><tm:country location_country="United States of America"><tm:place>Ill.</tm:place></tm:country></tm:location></tm:entity>,
today announced the deployment of a municipal networked security
system to enhance public safety and security around the village's
downtown train station.</p><p>"Federal Signal's video surveillance system meets our need to
protect our citizens and train station," said <tm:entity><tm:location><tm:country><tm:place>Clarendon Hill</tm:place></tm:country></tm:location></tm:entity>'s
<tm:entity><tm:function FunctionCategory="Board" value="chief">Chief</tm:function></tm:entity> of Police <tm:entity><tm:person Family_Name="Anderson" First_Name="Patrick" Gender="Male" value="patrick anderson">Patrick Anderson</tm:person></tm:entity>. "This system feeds vital public
safety data to our police station to help <tm:entity><tm:function FunctionCategory="Other" value="officers">officers</tm:function></tm:entity> monitor events.
It also offers access to video images in their vehicles that will
better prepare <tm:entity><tm:function FunctionCategory="Other" value="officers">officers</tm:function></tm:entity> to respond to events before they arrive on
scene at the train station."</p>
<p>Federal Signal's municipal networked security system provides
<tm:entity><tm:location><tm:country><tm:place>Clarendon Hill</tm:place></tm:country></tm:location></tm:entity>'s first responders with a platform to send vital
high-speed data, including streaming video, over a licensed 4.9 GHz
wireless mesh network.</p><p>"Federal Signal and <tm:entity><tm:location><tm:country><tm:place>Clarendon Hills</tm:place></tm:country></tm:location></tm:entity> are enhancing public safety
and security with advanced broadband wireless and video
surveillance technology," said <tm:entity><tm:person Family_Name="Mcconnaughey" First_Name="David, R" Gender="Male" role="Person" value="david r mcconnaughey">David R. McConnaughey</tm:person></tm:entity>, <tm:entity><tm:function FunctionCategory="Board" role="Has_Function" value="president of federal signal">president of
Federal Signal</tm:function></tm:entity>'s <tm:entity><tm:company value="safety">Safety</tm:company></tm:entity> and <tm:entity><tm:company Domain="IT" Extension="Group" value="security systems">Security Systems</tm:company></tm:entity> Group. "We are
delighted to partner with <tm:entity><tm:location><tm:country><tm:place>Clarendon Hills</tm:place></tm:country></tm:location></tm:entity> to help protect people,
property and the environment in their community."</p>
<p>Federal Signal's municipal networked security system is part of
Federal Signal's interoperable industry platform that advances
public safety and security in communities and workplaces around the
world.</p>
<p>About Federal Signal</p>
<p><tm:entity><tm:company Extension="Corporation" value="federal signal">Federal Signal</tm:company></tm:entity> Corporation (<tm:entity><tm:stockindex value="nyse">NYSE</tm:stockindex></tm:entity>: <a class="small" href="http://studio-5.financialcontent.com/prnews?Page=Quote&amp;Ticker=FSS" onclick="var s=s_gi(s_account); var hd1 = document.getElementById('headline'); s.tl(this,'o',getLinkName('Company Sanpshot'));">FSS</a>) is a leader in advancing security and well-being for
communities and workplaces around the world. The company designs
and manufactures a suite of products and integrated solutions for
municipal, governmental, industrial and airport customers. Federal
Signal's portfolio of trusted, high-priority products include
Bronto aerial devices, Elgin and Ravo street sweepers, E-ONE fire
apparatus, Federal Signal safety and security systems, Guzzler
industrial vacuums, Jetstream waterblasters and Vactor sewer
cleaners. In addition, the company operates consumable industrial
tooling businesses. Federal Signal was founded <tm:entity><tm:time_expression><tm:exact_time Year="1901" value="in 1901">in 1901</tm:exact_time></tm:time_expression></tm:entity> and is based
in <tm:entity><tm:location><tm:country><tm:place>Oak</tm:place></tm:country></tm:location></tm:entity> Brook, <tm:entity><tm:location><tm:country location_country="United States of America"><tm:place>Illinois</tm:place></tm:country></tm:location></tm:entity>.</p></body>
</html>


</doc>

