<doc xmlns:tm="http://www.temis.com/annotations/1.1/">
<metadata><aboutcompany value="samsung electronics america information technology division"/><releaselocation value="redmond"/><data_source value="prnews"/><source value="microsoft corp."/><processing_date>2008-01-21T18:20:28</processing_date><date>2007-12-12T01:00:00</date><quote symbol="NASDAQ:MSFT" src-company="microsoft" company="Microsoft Corporation" date="2007-12-12" price="34.47"/></metadata>
<title><tm:entity><tm:company Domain="IT" value="samsung licenses">Samsung Licenses</tm:company></tm:entity> <tm:entity><tm:company Domain="IT" value="microsoft technology">Microsoft Technology</tm:company></tm:entity> for Wireless Digital Photo Frame
</title>
<html>
<head>
<meta name="generator" content="HTML Tidy for Windows (vers 14 February 2006), see www.w3.org"/>
<!-- #BeginEditable "doctitle" -->
<title><tm:entity><tm:company Domain="IT" value="samsung licenses">Samsung Licenses</tm:company></tm:entity> <tm:entity><tm:company Domain="IT" value="microsoft technology">Microsoft Technology</tm:company></tm:entity> for Wireless Digital
Photo Frame</title>
</head>
<body>
<p>New consumer product, available in time for the holidays, is one
of the few networked offerings on the market and is result of
ongoing licensing and</p>
<p>technology collaboration between the two companies.</p>
<p><tm:entity><tm:location><tm:country location_country="United States of America"><tm:place>REDMOND</tm:place></tm:country></tm:location></tm:entity>, Wash. and <tm:entity><tm:location><tm:country location_country="United States of America"><tm:place>IRVINE</tm:place></tm:country></tm:location></tm:entity>, <tm:location><tm:country location_country="United States of America"><tm:place>Calif.</tm:place></tm:country></tm:location>, <tm:entity><tm:time_expression><tm:relative_time Day="12" Month="Dec." value="dec. 12">Dec. 12</tm:relative_time></tm:time_expression></tm:entity> /PRNewswire-FirstCall/ -- <tm:entity><tm:company Domain="IT" Extension="Inc" value="samsung electronics america inc">Samsung Electronics America Inc.</tm:company></tm:entity>, a
subsidiary of <tm:entity><tm:company Domain="IT" Extension="Co., Ltd., Inc, Co, Ltd, Corporation" Location_Continent="America" Location_Country="Mexico, Canada" value="samsung electronics">Samsung Electronics</tm:company></tm:entity> Corporation, today announced the
release of its new 8" Digital Photo Frame SPF-83V, based on
technology developed by <tm:entity><tm:company Domain="IT" value="microsoft research">Microsoft Research</tm:company></tm:entity>, in time for the holiday
season. With this innovative addition to their photo frame lineup,
customers can enjoy photos wirelessly in their home and display
photos from sharing sites such as Windows Live Spaces or from
personal collections on their PC.</p><p>(Logo: <a href="http://www.newscom.com/cgi-bin/prnh/20000822/MSFTLOGO" target="_new">http://www.newscom.com/cgi-bin/prnh/20000822/MSFTLOGO</a>)</p>
<p>The frame works with the Windows Live Photo Gallery, which makes
sharing photos with friends and family easy. Users can organize and
upload individual photos or albums from their PC to Windows Live
Spaces and the photos are ready for display on the frame.</p>
<p>Along with the technology licensed from <tm:entity><tm:company Domain="IT" role="Whom" value="microsoft research">Microsoft Research</tm:company></tm:entity>, the
<tm:entity><tm:company Domain="IT" value="samsung">Samsung</tm:company></tm:entity> frame communicates with Windows Media Player and open
standards such as RSS. The product is a result of a long-standing
collaboration between <tm:entity><tm:company Domain="IT" Extension="Corp." role="Who" value="microsoft">Microsoft</tm:company></tm:entity> Corp. and <tm:entity><tm:company Domain="IT" Extension="Co., Ltd., Inc, Co, Ltd, Corporation" Location_Continent="America" Location_Country="Mexico, Canada" role="Who" value="samsung electronics">Samsung Electronics</tm:company></tm:entity>,
including a patent cross-licensing agreement signed by the two
companies <tm:entity><tm:time_expression><tm:exact_time Month="April" Year="2007" value="in april 2007">in April 2007</tm:exact_time></tm:time_expression></tm:entity>.</p><p>"Offering our customers next-generation products that bring them
closer to family and friends is important to us," said <tm:entity><tm:person Family_Name="Franey" First_Name="Christopher" Gender="Male" role="Person" value="christopher franey">Christopher
Franey</tm:person></tm:entity>, <tm:entity><tm:function FunctionCategory="Board" role="Has_Function" value="vice president of commercial sales">vice president of Commercial Sales</tm:function></tm:entity> and Marketing at <tm:entity><tm:company Domain="IT" Extension="Co., Ltd., Inc, Co, Ltd, Corporation" Location_Continent="America" Location_Country="Mexico, Canada" value="samsung electronics">Samsung
Electronics</tm:company></tm:entity> America, Information Technology Division. "Our latest
digital photo frames, based on cutting-edge technology from the
<tm:entity><tm:company Domain="IT" value="microsoft research">Microsoft Research</tm:company></tm:entity> labs, are easy to use and are one of the few
offerings in the marketplace that offer a 'network' approach to
digital photo sharing. This is a great example of our ongoing
collaboration with Microsoft, and we are confident that the
resulting product will be received extremely well."</p>
<p>"Working with industry leaders such as <tm:entity><tm:company Domain="IT" value="samsung">Samsung</tm:company></tm:entity> to allow them to
deploy <tm:entity><tm:company Domain="IT" Extension="Corp." role="Who" value="microsoft">Microsoft</tm:company></tm:entity>'s innovative technologies and bring great products
and services to customers more rapidly is what our intellectual
property licensing efforts are all about," said <tm:entity><tm:person Family_Name="Carbonneau" First_Name="Louis" Gender="Male" role="Person" value="louis carbonneau">Louis Carbonneau</tm:person></tm:entity>,
<tm:entity><tm:function FunctionCategory="Board" role="Has_Function" value="general manager of intellectual property">general manager of Intellectual Property</tm:function></tm:entity> Licensing at <tm:entity><tm:company Domain="IT" Extension="Corp." role="Who" value="microsoft">Microsoft</tm:company></tm:entity>.
"This is just one example of how our dedication to open innovation
can lead to greater collaboration between two technology industry
leaders and to great products -- right in time for the
holidays."</p><p>More information about the full offering of <tm:entity><tm:company Domain="IT" value="samsung">Samsung</tm:company></tm:entity> digital
photo frames can be found at <a href="http://www.samsung.com" target="_new">http://www.samsung.com</a>.</p><p>About <tm:entity><tm:company Domain="IT" Extension="Co., Ltd., Inc, Co, Ltd, Corporation" Location_Continent="America" Location_Country="Mexico, Canada" value="samsung electronics">Samsung Electronics</tm:company></tm:entity> America Information Technology
Division</p>
<p><tm:entity><tm:company Domain="IT" value="samsung">Samsung</tm:company></tm:entity>'s Information Technology Division (<tm:entity><tm:company value="itd">ITD</tm:company></tm:entity>) markets a
complete line of award-winning LCD Monitor products, including
professional large format LCD and Plasma displays. <tm:entity><tm:company value="itd">ITD</tm:company></tm:entity> also markets
an award-winning line of color and monochrome laser printers and
multifunction devices, video security systems and the family of
<tm:entity><tm:company Domain="IT" value="samsung">Samsung</tm:company></tm:entity> Q1 Ultra-Mobile Personal Computers (UMPC). <tm:entity><tm:company Domain="IT" value="samsung itd">Samsung ITD</tm:company></tm:entity> is
committed to supporting the needs of its channel partners in the
professional, commercial, corporate, and SOHO markets. Based in
<tm:entity><tm:location><tm:country location_country="United States of America"><tm:place>Irvine</tm:place></tm:country></tm:location></tm:entity>, <tm:location><tm:country location_country="United States of America"><tm:place>California</tm:place></tm:country></tm:location>, <tm:entity><tm:company value="itd">ITD</tm:company></tm:entity> is a division of <tm:entity><tm:company Domain="IT" Extension="Co., Ltd., Inc, Co, Ltd, Corporation" Location_Continent="America" Location_Country="Mexico, Canada" value="samsung electronics">Samsung Electronics</tm:company></tm:entity> America (SEA), a U.S. subsidiary of <tm:entity><tm:company Domain="IT" Extension="Co., Ltd., Inc, Co, Ltd, Corporation" Location_Continent="America" Location_Country="Mexico, Canada" value="samsung electronics">Samsung Electronics</tm:company></tm:entity> Company,
Ltd. (<tm:entity><tm:company><tm:abbreviation value="sec">SEC</tm:abbreviation></tm:company></tm:entity>). The SEA organization oversees the North American
operations of <tm:entity><tm:company Domain="IT" value="samsung">Samsung</tm:company></tm:entity> including <tm:entity><tm:company Domain="IT, TeleCommunication" Extension="Lp" Location_Continent="America" value="samsung telecommunications">Samsung Telecommunications</tm:company></tm:entity> America,
LP, <tm:entity><tm:company Domain="IT" Extension="Co., Ltd., Inc, Co, Ltd, Corporation" Location_Continent="America" Location_Country="Mexico, Canada" value="samsung electronics">Samsung Electronics</tm:company></tm:entity> Canada, Inc. and <tm:entity><tm:company Domain="IT" Extension="Co., Ltd., Inc, Co, Ltd, Corporation" Location_Continent="America" Location_Country="Mexico, Canada" value="samsung electronics">Samsung Electronics</tm:company></tm:entity> Mexico, Inc. Please visit <a href="http://www.samsung.com" target="_new">http://www.samsung.com</a>for more information or call
1-800-SAMSUNG for more information.</p>
<p>About <tm:entity><tm:company Domain="IT" value="samsung">Samsung</tm:company></tm:entity></p><p><tm:entity><tm:company Domain="IT" Extension="Co., Ltd., Inc, Co, Ltd, Corporation" Location_Continent="America" Location_Country="Mexico, Canada" role="Who, Who" value="samsung electronics">Samsung Electronics</tm:company></tm:entity> Co., Ltd. is a global leader in
semiconductor, telecommunication, digital media and digital
convergence technologies with 2006 parent company sales of US$63.4
billion and net income of US$8.5 billion. Employing approximately
138,000 people in 124 offices in 56 countries, the company consists
of five main business units: Digital Media Business, LCD Business,
Semiconductor Business, Telecommunication Network Business, and
Digital Appliance Business. Recognized as one of the fastest
growing global brands, <tm:entity><tm:company Domain="IT" Extension="Co., Ltd., Inc, Co, Ltd, Corporation" Location_Continent="America" Location_Country="Mexico, Canada" value="samsung electronics">Samsung Electronics</tm:company></tm:entity> is a leading producer of
digital TVs, memory chips, mobile phones and TFT-LCDs. For more
information, please visit <a href="http://www.samsung.com" target="_new">http://www.samsung.com</a>.</p><p>About <tm:entity><tm:company Domain="IT" Extension="Corp." value="microsoft">Microsoft</tm:company></tm:entity></p><p>Founded <tm:entity><tm:time_expression><tm:exact_time Year="1975" value="in 1975">in 1975</tm:exact_time></tm:time_expression></tm:entity>, <tm:entity><tm:company Domain="IT" Extension="Corp." value="microsoft">Microsoft</tm:company></tm:entity>(<tm:entity><tm:stockindex value="nasdaq">Nasdaq</tm:stockindex></tm:entity>: <a class="small" href="http://studio-5.financialcontent.com/prnews?Page=Quote&amp;Ticker=MSFT" onclick="var s=s_gi(s_account); var hd1 = document.getElementById('headline'); s.tl(this,'o',getLinkName('Company Sanpshot'));">MSFT</a>) is the worldwide leader in software, services and
solutions that help people and businesses realize their full
potential.</p>
</body>
</html>


</doc>

