<doc xmlns:tm="http://www.temis.com/annotations/1.1/">
<metadata>
<aboutcompany value="gesturetek inc."/>
<releaselocation value="toronto"/>
<data_source value="prnews"/>
<source value="gesturetek inc."/>
<processing_date>2008-01-21T17:52:29</processing_date>
<date>2007-12-19T09:00:00</date>
<quote symbol="NASDAQ:ORCL" src-company="oracle" company="Oracle Corporation" date="2007-12-19" price="20.76"/><quote symbol="NASDAQ:MSFT" src-company="microsoft" company="Microsoft Corporation" date="2007-12-19" price="34.79"/><quote symbol="KUL:SHELL" src-company="shell" company="Shell Refining Company (FOM) Berhad" date="2007-12-19" price=""/><quote symbol="NASDAQ:INTC" src-company="intel" company="Intel Corporation" date="2007-12-19" price="26.19"/><quote symbol="NYSE:FO" src-company="fortune" company="Fortune Brands, Inc." date="2007-12-19" price="73.36"/><quote symbol="NASDAQ:ADSK" src-company="autodesk" company="Autodesk, Inc." date="2007-12-19" price="49.68"/><quote symbol="NYSE:HAS" src-company="hasbro" company="Hasbro, Inc." date="2007-12-19" price="25.85"/></metadata>
<title>GestureTek/Imagination Launch AirPoint, World's First Hand-Tracking Unit, for <tm:entity><tm:company Domain="Energy" Extension="Group" value="shell">Shell</tm:company></tm:entity> Group.
</title>
<html>
<head>
<meta name="generator" content="HTML Tidy for Windows (vers 14 February 2006), see www.w3.org"/>
<!-- #BeginEditable "doctitle" -->
<title>GestureTek/Imagination Launch AirPoint, World's First
Hand-Tracking Unit, for <tm:entity><tm:company Domain="Energy" Extension="Group" value="shell">Shell</tm:company></tm:entity> Group.</title>
</head>
<body>
<p>TORONTO, Dec. 19 /PRNewswire/ -- GestureTek Inc. -- world leader
and patent-holder in camera-enabled gesture interfaces for
interactive displays -- today launched its revolutionary new
AirPoint System, and announced the first installation for Fortune
500 client, <tm:entity><tm:company Domain="Energy" Extension="Group" value="shell">Shell</tm:company></tm:entity> Group. <tm:entity><tm:company value="airpoint">AirPoint</tm:company></tm:entity> is a compact hand-tracking unit
that allows users to control interactive multi-media content on any
computer or display screen by making simple hand motions above the
unit. No interface device is required.</p>
<p>Imagination, a global design and communications agency
representing <tm:entity><tm:company Domain="Energy" Extension="Group" value="shell">Shell</tm:company></tm:entity>, approached GestureTek after several successes
with GestureTek's leading-edge point and control technology for
other clients, including <tm:entity><tm:company><tm:normalized_name Domain="Automotive" value="ford">Ford</tm:normalized_name></tm:company></tm:entity>, <tm:entity><tm:company Domain="IT" value="samsung">Samsung</tm:company></tm:entity>, <tm:entity><tm:company Domain="TeleCommunication" value="bell canada">Bell Canada</tm:company></tm:entity> and the
<tm:entity><tm:organisation value="singapore infocomm development authority">Singapore Infocomm Development Authority</tm:organisation></tm:entity>. Imagination was looking
for the latest innovation in gesture interface technology. The new,
ultra-modern AirPoint system was ideal for <tm:entity><tm:company Domain="Energy" Extension="Group" value="shell">Shell</tm:company></tm:entity>'s tradeshow booth,
offering a sleek, streamlined design that fit perfectly with the
futuristic, minimalist look that Imagination was striving for.</p><p><tm:entity><tm:company value="airpoint">AirPoint</tm:company></tm:entity> made its debuts at the <tm:entity><tm:location><tm:country location_country="United Arab Emirates"><tm:place>Dubai</tm:place></tm:country></tm:location></tm:entity> Airshow and at the World
Energy Congress in <tm:entity><tm:location><tm:country location_country="Italy"><tm:place>Rome</tm:place></tm:country></tm:location></tm:entity>, where the system allowed event attendees
to interact with dynamic multimedia presentations simply by
pointing. "Judging by user response, <tm:entity><tm:company value="airpoint">AirPoint</tm:company></tm:entity> is the new
gold-standard for display technologies," said <tm:entity><tm:person Family_Name="Brooks" First_Name="Peter" Gender="Undefined Gender" role="Person" value="peter brooks">Peter Brooks</tm:person></tm:entity>, <tm:entity><tm:function FunctionCategory="Board" role="Has_Function" value="head">Head</tm:function></tm:entity> of
<tm:entity><tm:technology role="Has_Function" value="production technology">Production Technology</tm:technology></tm:entity> at Imagination.</p>
<p>"Increasingly, clients are demanding portability and flexibility
in their point and control technologies, and <tm:entity><tm:company value="airpoint">AirPoint</tm:company></tm:entity> was created
with that in mind," says <tm:entity><tm:person Family_Name="John, Vincent" First_Name="Vincent" role="Person" value="vincent john vincent">Vincent John Vincent</tm:person></tm:entity>, <tm:entity><tm:function FunctionCategory="Board" role="Has_Function" value="president">President</tm:function></tm:entity> of
<tm:entity><tm:company><tm:potential_company role="Who" value="gesturetek">GestureTek</tm:potential_company></tm:company></tm:entity>. "Its small, streamlined design makes the technology
unobtrusive and helps give displays a futuristic feel."</p><p>Measuring approximately 12" x 3" x 5", <tm:entity><tm:company value="airpoint">AirPoint</tm:company></tm:entity> is small enough
to carry in a laptop bag, making it the ideal tool to captivate
audiences during boardroom presentations. While <tm:entity><tm:company value="airpoint">AirPoint</tm:company></tm:entity>'s small
size lends itself to intimate venues such as showrooms,
presentation centers, conference rooms, boardrooms and offices, the
system is powerful enough for any large trade show, exhibit or
public display. <tm:entity><tm:company value="airpoint">AirPoint</tm:company></tm:entity> interfaces with any sized screen,
delivering precise computer control regardless of its distance from
the display. Configured for plug and play usability, the system is
highly reliable and is designed to respond to the subtlest of
gestures, for pixel by pixel control in all lighting
conditions.</p>
<p>"We anticipate significant interest in <tm:entity><tm:company value="airpoint">AirPoint</tm:company></tm:entity> from museums,
science centers, design agencies and trade show planners, as well
as from <tm:entity><tm:company value="fortune">Fortune</tm:company></tm:entity> 500 companies for their corporate boardrooms,
showrooms and presentation center," says <tm:entity><tm:person Family_Name="Vincent" Gender="Male" Title="M" value="mr vincent">Mr. Vincent</tm:person></tm:entity>.</p><p>GestureTek has also identified a growing market in the financial
services and healthcare sectors for touch-free computer interfaces,
because of their hygiene benefits. Automated teller machines, for
example, can be made touch-free with the GestureTek technology, as
can computer systems used in clean rooms and healthcare
facilities.</p>
<p>With multiple patents covering video gesture control technology,
and <tm:entity><tm:time_expression><tm:duration value="over 20 years">over 20 years</tm:duration></tm:time_expression></tm:entity> of experience developing state-of-the art
interactive and immersive multi-media displays and presentation
systems, <tm:entity><tm:company Extension="Inc, Inc." value="gesturetek">GestureTek</tm:company></tm:entity> is the world leader in the field of computer
vision control technology. The AirPoint System is the latest in a
long series of exciting and innovative offerings from
GestureTek.</p>
<p>View AirPoint Product Video at Link. View Complete Product
Showcase at <a href="http://www.gesturetek.com/gestpoint/productsolutions_airpoint.php" target="_new">http://www.gesturetek.com/gestpoint/productsolutions_airpoint.php</a>
and <a href="http://www.gesturetek.com/gestpoint/businesscases.php" target="_new">http://www.gesturetek.com/gestpoint/businesscases.php</a>.<br/></p><p>For more information contact:</p>
<p><tm:entity><tm:person Family_Name="Jordan" First_Name="Patti" Gender="Female" role="Person" value="patti jordan">Patti Jordan</tm:person></tm:entity>, <tm:entity><tm:function FunctionCategory="Board" role="Has_Function" value="director marketing communications">Director Marketing &amp; Communications</tm:function></tm:entity>,
<tm:entity><tm:company Extension="Inc, Inc." role="Who" value="gesturetek">GestureTek</tm:company></tm:entity> Inc.</p>
<p>(416) 340-9290 x 274 <a href="mailto:patti.jordan@gesturetek.com"><tm:entity><tm:email value="patti.jordan@gesturetek.com">patti.jordan@gesturetek.com</tm:email></tm:entity></a></p><p>About <tm:entity><tm:company Extension="Inc, Inc." value="gesturetek">GestureTek</tm:company></tm:entity> Inc.</p>
<p><tm:entity><tm:company Extension="Inc, Inc." value="gesturetek">GestureTek</tm:company></tm:entity> is the pioneer, patent-holder and world leader in
computer vision control and gesture-recognition technologies for
information, presentation and entertainment systems. The company's
revolutionary video gesture control software lets users control
interactive content, access information, manipulate special effects
or immerse themselves in an interactive 3D virtual world -- simply
by moving their hands or body. <tm:entity><tm:time_expression><tm:relative_time value="in the past 20 years">In the past 20 years</tm:relative_time></tm:time_expression></tm:entity>, GestureTek has
delivered nearly 4000 interactive displays, kiosks, exhibits, games
and other interactive solutions for museums, science centers,
location-based entertainment facilities, retail stores, real estate
presentation centers, corporate boardrooms and showrooms,
television networks and game developers. The technology is also
used by <tm:entity><tm:function FunctionCategory="Other" value="advertisers">advertisers</tm:function></tm:entity> and marketers to make their digital signs and
advertisements interactive and immersive. Healthcare organizations
specializing in rehabilitation, sensory stimulation, activation and
recreation also use GestureTek's technology for virtual therapy.
GestureTek has nearly 4,000 clients, including leading
organizations and <tm:entity><tm:company value="fortune">Fortune</tm:company></tm:entity> 500 companies such as <tm:entity><tm:media><tm:television value="cnn">CNN</tm:television></tm:media></tm:entity>, <tm:entity><tm:organisation Domain="Regulatory" value="nasa">NASA</tm:organisation></tm:entity>, <tm:entity><tm:company><tm:normalized_name Domain="Automotive" value="bmw">BMW</tm:normalized_name></tm:company></tm:entity>,
<tm:entity><tm:company><tm:normalized_name Domain="Automotive" value="ford">Ford</tm:normalized_name></tm:company></tm:entity>, <tm:entity><tm:company Domain="IT" value="oracle">Oracle</tm:company></tm:entity>, <tm:entity><tm:company Domain="IT" value="intel">Intel</tm:company></tm:entity>, <tm:entity><tm:company><tm:normalized_name Domain="IT" value="ibm">IBM</tm:normalized_name></tm:company></tm:entity>, <tm:entity><tm:company value="federal express">Federal Express</tm:company></tm:entity>, <tm:entity><tm:company Domain="IT" value="autodesk">Autodesk</tm:company></tm:entity>, <tm:entity><tm:company Domain="IT" value="panasonic">Panasonic</tm:company></tm:entity> and
more. Software licensees include <tm:entity><tm:company Domain="IT" value="microsoft">Microsoft</tm:company></tm:entity>, <tm:entity><tm:company Domain="IT" value="sony">Sony</tm:company></tm:entity>, <tm:entity><tm:company value="hasbro">Hasbro</tm:company></tm:entity> and
various mobile game developers. GestureTek is headquartered in
<tm:entity><tm:location><tm:country><tm:place>Silicon Valley</tm:place></tm:country></tm:location></tm:entity>, with additional offices in <tm:entity><tm:location><tm:country location_country="Canada"><tm:place>Toronto</tm:place></tm:country></tm:location></tm:entity>, <tm:location><tm:country location_country="Canada"><tm:place>Ottawa</tm:place></tm:country></tm:location>, <tm:location><tm:country location_country="United States of America"><tm:place>New
York City</tm:place></tm:country></tm:location>and <tm:entity><tm:location><tm:country><tm:place>Asia</tm:place></tm:country></tm:location></tm:entity>. GestureTek was formerly known as JesterTek. For
more information visit <a href="http://www.gesturetek.com" target="_new">http://www.gesturetek.com</a>or call (800) 315-1189.</p>
</body>
</html>


</doc>

