<doc xmlns:tm="http://www.temis.com/annotations/1.1/">
<metadata><aboutcompany value="achievo"/><releaselocation value="san ramon"/><data_source value="prnews"/><source value="achievo corporation"/><processing_date>2008-01-21T17:54:34</processing_date><date>2007-12-18T11:00:00</date><quote symbol="NYSE:QTM" src-company="quantum" company="Quantum Corporation" date="2007-12-18" price="2.70"/><quote symbol="NASDAQ:SMTC" src-company="semtech" company="Semtech Corporation" date="2007-12-18" price="15.58"/><quote symbol="BEY:AUDI" src-company="audi" company="Bank Audi sal Audi Saradar Group" date="2007-12-18" price=""/><quote symbol="NYSE:PWR" src-company="quanta" company="Quanta Services, Inc." date="2007-12-18" price="25.27"/></metadata>
<title><tm:entity><tm:person Family_Name="Schraith" First_Name="Jim" Gender="Male" value="jim schraith">Jim Schraith</tm:person></tm:entity> Joins Achievo's Board of <tm:entity><tm:function FunctionCategory="Board" value="directors">Directors</tm:function></tm:entity></title>
<html>
<head>
<meta name="generator" content="HTML Tidy for Windows (vers 14 February 2006), see www.w3.org"/>
<!-- #BeginEditable "doctitle" -->
<title><tm:entity><tm:person Family_Name="Schraith" First_Name="Jim" Gender="Male" value="jim schraith">Jim Schraith</tm:person></tm:entity> Joins <tm:entity><tm:company><tm:potential_company role="Who" value="achievo">Achievo</tm:potential_company></tm:company></tm:entity>'s Board of <tm:entity><tm:function FunctionCategory="Board" value="directors">Directors</tm:function></tm:entity></title></head>
<body>
<p>SAN RAMON, <tm:location><tm:country location_country="United States of America"><tm:place>Calif.</tm:place></tm:country></tm:location>, <tm:entity><tm:time_expression><tm:relative_time Day="18" Month="Dec." value="dec. 18">Dec. 18</tm:relative_time></tm:time_expression></tm:entity> /PRNewswire/ -- <tm:entity><tm:company Extension="Corporation" role="Who" value="achievo ( r )">Achievo(R)</tm:company></tm:entity> Corporation, the leading global software and information technology
outsourcing provider with a local front-end and <tm:entity><tm:location><tm:country><tm:place>China</tm:place></tm:country></tm:location></tm:entity> back-end
service model, today announced that <tm:entity><tm:person Family_Name="Schraith" First_Name="James" Gender="Male" value="james schraith">James Schraith</tm:person></tm:entity> has joined its
board of <tm:entity><tm:function FunctionCategory="Board" value="directors">directors</tm:function></tm:entity>. <tm:entity><tm:person Family_Name="Schraith" Gender="Male" Title="Mr, M" value="mr schraith">Mr. Schraith</tm:person></tm:entity> has more than 25 years experience
in the technology industry where he has held executive positions at
several high-tech companies including <tm:entity><tm:company Domain="IT" Extension="Corporation" value="quantum">Quantum</tm:company></tm:entity>, <tm:entity><tm:company value="snap appliances">Snap Appliances</tm:company></tm:entity>,
<tm:entity><tm:company Extension="Inc" value="sharewave">ShareWave</tm:company></tm:entity>, <tm:entity><tm:company Domain="IT" value="compaq">Compaq</tm:company></tm:entity> and <tm:entity><tm:company value="ast">AST</tm:company></tm:entity>. In addition, he has guided the progress
of numerous start-ups and has served on both private and public
company boards.</p><p>"Jim has a stellar record of successfully running large public
corporations and serving as an <tm:entity><tm:function FunctionCategory="Other" value="advisor">advisor</tm:function></tm:entity> to Internet and start-up
companies," said <tm:entity><tm:person Family_Name="Lee" First_Name="Robert, P" Gender="Male" Title="Dr" role="Person" value="dr robert p lee">Dr. Robert P. Lee</tm:person></tm:entity>, <tm:entity><tm:company><tm:potential_company role="Who" value="achievo">Achievo</tm:potential_company></tm:company></tm:entity>'s <tm:entity><tm:function FunctionCategory="Board" role="Has_Function" value="chairman and ceo">chairman and CEO</tm:function></tm:entity>. "He
is well-known and highly regarded in the technology industry, and
is well informed of the opportunities and issues facing our
industry through his elaborate and diversified network. We are very
pleased that Jim has joined us, and we're looking forward to his
contributions in helping us reach our goal of becoming one of the
largest and best software and IT outsourcing companies in the
world."</p><p>"<tm:entity><tm:location><tm:country><tm:place>China</tm:place></tm:country></tm:location></tm:entity> is regarded as the next offshore outsourcing destination
for software development and IT services outsourcing, and <tm:entity><tm:company><tm:potential_company role="Who" value="achievo">Achievo</tm:potential_company></tm:company></tm:entity>,
with its local front-end, <tm:entity><tm:location><tm:country><tm:place>China</tm:place></tm:country></tm:location></tm:entity> back-end delivery model, has
consistently demonstrated its ability to collaborate with global
companies to deliver projects on budget and on schedule," said <tm:entity><tm:person Family_Name="Schraith" Gender="Male" Title="Mr, M" value="mr schraith">Mr.
Schraith</tm:person></tm:entity>.</p><p>"I have worked with companies in <tm:entity><tm:location><tm:country><tm:place>China</tm:place></tm:country></tm:location></tm:entity> during my career, and I
have seen the progress <tm:entity><tm:location><tm:country><tm:place>China</tm:place></tm:country></tm:location></tm:entity> has made in shifting from a
manufacturing powerhouse to a competitive technology player. I am
excited about working with an innovative company that has a strong
presence in <tm:entity><tm:location><tm:country><tm:place>China</tm:place></tm:country></tm:location></tm:entity>, and is a recognized leading provider of software
and IT outsourcing. I look forward to being a part of <tm:entity><tm:company><tm:potential_company role="Who" value="achievo">Achievo</tm:potential_company></tm:company></tm:entity>'s
long term success."</p><p><tm:entity><tm:person Family_Name="Schraith" Gender="Male" Title="Mr, M" value="mr schraith">Mr. Schraith</tm:person></tm:entity>'s professional career has included executive
positions as <tm:entity><tm:function FunctionCategory="Board" value="executive vice president">executive vice president</tm:function></tm:entity>, <tm:entity><tm:company Domain="IT" Extension="Corporation" value="quantum">Quantum</tm:company></tm:entity> Corporation;
<tm:entity><tm:function FunctionCategory="Board" value="president and ceo">president and CEO</tm:function></tm:entity>, Snap Appliances; <tm:entity><tm:function FunctionCategory="Board" value="president and ceo">president and CEO</tm:function></tm:entity>, <tm:entity><tm:company Extension="Inc" value="sharewave">ShareWave</tm:company></tm:entity>,
Inc.; <tm:entity><tm:function FunctionCategory="Board" value="vice president and general manager">vice president and general manager</tm:function></tm:entity>, <tm:entity><tm:company Domain="IT" Extension="Corporation" value="compaq computer">Compaq Computer</tm:company></tm:entity> Corporation; and <tm:entity><tm:function FunctionCategory="Board" value="president and coo">president and COO</tm:function></tm:entity>, <tm:entity><tm:company Domain="Pharma" Extension="Inc" value="ast research">AST Research</tm:company></tm:entity>, Inc. <tm:entity><tm:time_expression><tm:duration Year="2001" value="since 2001">Since 2001</tm:duration></tm:time_expression></tm:entity>,
<tm:entity><tm:person Family_Name="Schraith" Gender="Male" Title="Mr, M" value="mr schraith">Mr. Schraith</tm:person></tm:entity> has focused his attention on investing, consulting and
board activities. Currently, <tm:entity><tm:person Family_Name="Schraith" Gender="Male" Title="Mr, M" role="Person" value="mr schraith">Mr. Schraith</tm:person></tm:entity> is a <tm:entity><tm:function FunctionCategory="Board" role="Has_Function" value="director">director</tm:function></tm:entity> of <tm:entity><tm:company role="Who" value="jiwire">JiWire</tm:company></tm:entity>,
<tm:entity><tm:company Extension="Corporation" role="Who" value="semtech">Semtech</tm:company></tm:entity> Corporation and <tm:entity><tm:company role="Who" value="visualcalc">VisualCalc</tm:company></tm:entity>. Previously, <tm:entity><tm:person Family_Name="Schraith" Gender="Male" Title="Mr, M" value="mr schraith">Mr. Schraith</tm:person></tm:entity> was
instrumental in guiding the life cycles of such concerns as
Allocity, Atone Software , Diamond Multimedia, Digital Archaeology
and <tm:entity><tm:location><tm:country><tm:place>Sierra Logic</tm:place></tm:country></tm:location></tm:entity>.</p><p><tm:entity><tm:company value="mr schraith">Mr. Schraith</tm:company></tm:entity> is a venture partner with the DFJ Frontier Fund, an
affiliate of venture capital fund Draper <tm:entity><tm:person Family_Name="Jurvetson" First_Name="Fisher" Gender="Male" value="fisher jurvetson">Fisher Jurvetson</tm:person></tm:entity>. He is
also a <tm:entity><tm:function FunctionCategory="Board" value="member of the golden capital network">member of the Golden Capital Network</tm:function></tm:entity>, the <tm:entity><tm:organisation value="asia america multi technology association">Asia America
Multi-Technology Association</tm:organisation></tm:entity> and the National <tm:entity><tm:organisation Domain="Political" value="association of corporate directors">Association of
Corporate Directors</tm:organisation></tm:entity>. <tm:entity><tm:person Family_Name="Schraith" Gender="Male" Title="Mr, M" value="mr schraith">Mr. Schraith</tm:person></tm:entity>'s non-profit work includes board
seats with the <tm:entity><tm:organisation value="entrepreneurs foundation of the capital region">Entrepreneurs Foundation of the Capital Region</tm:organisation></tm:entity> and
the <tm:entity><tm:company Domain="Transportation" value="aerospace museum">Aerospace Museum</tm:company></tm:entity> of <tm:location><tm:country location_country="United States of America"><tm:place>California</tm:place></tm:country></tm:location>.</p>
<p>About <tm:entity><tm:company><tm:potential_company role="Who" value="achievo">Achievo</tm:potential_company></tm:company></tm:entity></p><p><tm:entity><tm:company><tm:potential_company role="Who" value="achievo">Achievo</tm:potential_company></tm:company></tm:entity> is a global offshore software and information technology
outsourcing provider with a local front-end and <tm:entity><tm:location><tm:country><tm:place>China</tm:place></tm:country></tm:location></tm:entity> back-end
service model. With expertise in diverse technologies including
Java/J2EE, .NET and embedded platforms, the CMM- and ISO- certified
company offers improved efficiencies, scale, diversification, and a
combined talent pool to deliver cost-effective, quality-centric,
and scalable IT outsourcing services to customers and partners
worldwide. Customers include <tm:entity><tm:company value="accela">Accela</tm:company></tm:entity>, <tm:entity><tm:company Domain="Automotive" value="audi">Audi</tm:company></tm:entity>, <tm:entity><tm:company Domain="Financial" value="bmo bank">BMO Bank</tm:company></tm:entity> of <tm:entity><tm:location><tm:country location_country="Canada"><tm:place>Montreal</tm:place></tm:country></tm:location></tm:entity>,
<tm:entity><tm:location><tm:country location_country="United States of America"><tm:place>CA</tm:place></tm:country></tm:location></tm:entity>, <tm:entity><tm:company Domain="TeleCommunication" Location_Continent="Asia" Location_Country="China" value="china mobile">China Mobile</tm:company></tm:entity>, <tm:entity><tm:company Domain="Automotive" value="chrysler">Chrysler</tm:company></tm:entity>, <tm:entity><tm:company Domain="Automotive" value="daimler">Daimler</tm:company></tm:entity>, <tm:entity><tm:company Domain="IT" value="hitachi">Hitachi</tm:company></tm:entity>, <tm:entity><tm:company><tm:normalized_name Domain="Automotive" value="honda">Honda</tm:normalized_name></tm:company></tm:entity>, <tm:entity><tm:company Domain="Automotive" value="mitsubishi">Mitsubishi</tm:company></tm:entity>,
<tm:entity><tm:company Domain="Financial" value="nomura">Nomura</tm:company></tm:entity>, <tm:entity><tm:company Domain="IT" value="siemens">Siemens</tm:company></tm:entity>, <tm:entity><tm:company Domain="Automotive" value="toyota">Toyota</tm:company></tm:entity> and <tm:entity><tm:company value="vidient">Vidient</tm:company></tm:entity>. Headquartered in the <tm:entity><tm:location><tm:country><tm:place>Silicon
Valley</tm:place></tm:country></tm:location></tm:entity>, <tm:entity><tm:company><tm:potential_company role="Who" value="achievo">Achievo</tm:potential_company></tm:company></tm:entity> has offices in the <tm:entity><tm:location><tm:country><tm:place>United States</tm:place></tm:country></tm:location></tm:entity>, <tm:location><tm:country><tm:place>Canada</tm:place></tm:country></tm:location>, <tm:entity><tm:location><tm:country><tm:place>Germany</tm:place></tm:country></tm:location></tm:entity>,
<tm:entity><tm:location><tm:country><tm:place>China</tm:place></tm:country></tm:location></tm:entity> and <tm:location><tm:country><tm:place>Japan</tm:place></tm:country></tm:location>. For information on the company and its services,
visit <a href="http://www.achievo.com" target="_new">http://www.achievo.com</a>.</p><p>(C) 2007 <tm:entity><tm:company Extension="Corporation" value="achievo">Achievo</tm:company></tm:entity> Corporation. All rights reserved. <tm:entity><tm:company><tm:potential_company role="Who" value="achievo">Achievo</tm:potential_company></tm:company></tm:entity> is a
registered trademark of <tm:entity><tm:company Extension="Corporation" value="achievo">Achievo</tm:company></tm:entity> Corporation in the <tm:entity><tm:location><tm:country><tm:place>United States</tm:place></tm:country></tm:location></tm:entity> and in other countries. All other trademarks are the property of
their <tm:entity><tm:function FunctionCategory="Board" value="respective owners">respective owners</tm:function></tm:entity>.<br/></p><p>Contacts:</p>
<p><tm:entity><tm:person Family_Name="Curtis" First_Name="Jayme" Gender="Undefined Gender" value="jayme curtis">Jayme Curtis</tm:person></tm:entity>, Public Relations</p><p><tm:entity><tm:company Extension="Corporation" value="achievo">Achievo</tm:company></tm:entity> Corporation</p>
<p><tm:entity><tm:phone_number value="+1 408.892.8661">+1 408.892.8661</tm:phone_number></tm:entity></p><p><a href="mailto:jayme.curtis@achievo.com"><tm:entity><tm:email value="jayme.curtis@achievo.com">jayme.curtis@achievo.com</tm:email></tm:entity></a><tm:entity><tm:function FunctionCategory="Other" value="available topic expert">Available Topic Expert</tm:function></tm:entity>(s): For information on the <tm:entity><tm:function FunctionCategory="Other" value="listed expert">listed expert</tm:function></tm:entity>(s),
click appropriate link. <tm:entity><tm:person Family_Name="Lee" First_Name="Robert, P" Gender="Male" Title="Phd" value="robert p lee phd">Robert P. Lee, PhD</tm:person></tm:entity><a href="http://profnet.prnewswire.com/Subscriber/ExpertProfile.aspx?ei=46000" target="_new">http://profnet.prnewswire.com/Subscriber/ExpertProfile.aspx?ei=46000</a></p>
</body>
</html>


</doc>

