<doc xmlns:tm="http://www.temis.com/annotations/1.1/">
<metadata><aboutcompany value="mobio networks"/><releaselocation value="cupertino"/><data_source value="prnews"/><source value="mobio networks, inc."/><processing_date>2008-01-21T18:22:32</processing_date><date>2007-12-12T09:00:00</date></metadata>
<title>Mobio Simplifies Holiday Menus and Meal-Planning With New Mobile Recipes Application
</title>
<html>
<head>
<meta name="generator" content="HTML Tidy for Windows (vers 14 February 2006), see www.w3.org"/>
<!-- #BeginEditable "doctitle" -->
<title><tm:entity><tm:company><tm:potential_company role="Who" value="mobio">Mobio</tm:potential_company></tm:company></tm:entity> Simplifies Holiday Menus and Meal-Planning With New
Mobile Recipes Application</title>
</head>
<body>
<p>Users Can Access Hundreds of Thousands of Recipes Instantly on
Their Mobile</p>
<p>Phones Using the GetMobio Lifestyle Portal</p>
<p>CUPERTINO, Calif., Dec. 12 /PRNewswire/ -- Mobio Networks today
announced that it has launched a new Recipes application within the
GetMobio lifestyle portal for users across major U.S. carriers.
From classic Christmas cookies to creative casserole ideas, Recipes
provides instant access to hundreds of thousands of recipes
anytime, anywhere. With Recipes you can search for recipes by
keyword, occasion or course, save them to your handset for quick
access and even create detailed grocery lists for last-minute
shopping trips.</p>
<p>"Online communities are great for the millions of savvy chefs
and inexperienced cooks alike who don't want to spend hours
flipping through cookbooks to plan a meal, but people aren't always
in front of a computer to access their favorite recipes," said
<tm:entity><tm:person Family_Name="Bhasin" First_Name="Ramneek" role="Person" value="ramneek bhasin">Ramneek Bhasin</tm:person></tm:entity>, <tm:entity><tm:function FunctionCategory="Board" role="Has_Function" value="chief executive officer">CEO</tm:function></tm:entity> of <tm:entity><tm:company><tm:potential_company role="Who" value="mobio">Mobio</tm:potential_company></tm:company></tm:entity>. "Whether you're browsing cocktail
recipes on the train or searching for the perfect side-dish at the
supermarket, Recipes is designed to provide all the functionality
of a website with the mobility needed while on the go. And with
features that let users find and download recipes, and even create
custom shopping lists, we're hopeful that Recipes will make your
life a little easier this holiday season."</p><p><tm:entity><tm:company><tm:potential_company role="Who" value="mobio">Mobio</tm:potential_company></tm:company></tm:entity>'s applications are created to meet the needs of a broad
spectrum of users -- from those using the most popular and widely
available mobile phones on the market, such as the <tm:entity><tm:company Domain="IT" value="motorola razr">Motorola RAZR</tm:company></tm:entity>,
to more sophisticated smart phone models and interfaces including
the BlackBerry Pearl. By simply entering their information once,
users can personalize their experience across all GetMobio
collections to create a more intuitive, seamless interaction.</p><p>Visit <a href="http://www.getmobio.com" target="_new">http://www.getmobio.com</a>to download the Recipes on
GetMobio lifestyle portal from the Web or <a href="http://getmobio.com/now" target="_new">http://getmobio.com/now</a>
on your mobile phone.</p>
<p>In January, Mobio was selected from thousands of innovators to
launch its GetMobio mobile lifestyle portal at the DEMO 2007
conference. Following the launch, Business 2.0 Magazine called
<tm:entity><tm:company value="mobio">Mobio</tm:company></tm:entity> one of the hottest start-ups to watch in its "Next Net 25" of
2007 and IDC named <tm:entity><tm:company><tm:potential_company role="Who" value="mobio">Mobio</tm:potential_company></tm:company></tm:entity> one of its "10 Emerging Wireless
Entertainment Players to Watch <tm:entity><tm:time_expression><tm:exact_time Year="2007" value="in 2007">in 2007</tm:exact_time></tm:time_expression></tm:entity>." <tm:entity><tm:time_expression><tm:relative_time Month="April" value="in april">In April</tm:relative_time></tm:time_expression></tm:entity>, LAPTOP Magazine
called <tm:entity><tm:company><tm:potential_company role="Who" value="mobio">Mobio</tm:potential_company></tm:company></tm:entity> one of "Ten Companies to Watch <tm:entity><tm:time_expression><tm:exact_time Year="2007" value="in 2007">in 2007</tm:exact_time></tm:time_expression></tm:entity>." <tm:entity><tm:time_expression><tm:relative_time Month="October" value="in october">In October</tm:relative_time></tm:time_expression></tm:entity>,
GetMobio received FierceMobileContent's Top App Award and was named
one of the best wireless applications of 2007.</p><p>About <tm:entity><tm:company Domain="IT" Extension="Inc" value="mobio networks">Mobio Networks</tm:company></tm:entity></p><p><tm:entity><tm:company value="mobio">Mobio</tm:company></tm:entity> is a leading developer of dynamic mobile applications and
widgets that work together and are based on mash-ups of web
services. Based in <tm:entity><tm:location><tm:country><tm:place>Silicon Valley</tm:place></tm:country></tm:location></tm:entity>, the company's mission is to make
compelling applications that are fun, simple and useful enough to
merit everyday use on popular mobile phones. Around the globe,
people use <tm:entity><tm:company><tm:potential_company role="Who" value="mobio">Mobio</tm:potential_company></tm:company></tm:entity>'s applications to locate the hottest bars, call a
cab and find the cheapest gas -- all with very few clicks and
minimal or no data entry. For more information, visit <a href="http://www.getmobio.com" target="_new">http://www.getmobio.com</a>.</p><p><tm:entity><tm:company><tm:potential_company role="Who" value="mobio">Mobio</tm:potential_company></tm:company></tm:entity> is a trademark of <tm:entity><tm:company Domain="IT" Extension="Inc" value="mobio networks">Mobio Networks</tm:company></tm:entity>, Inc. All other
registered or unregistered trademarks are the sole property of
their <tm:entity><tm:function FunctionCategory="Board" value="respective owners">respective owners</tm:function></tm:entity>.<br/></p><p>Media Contact:</p>
<p>Maggie Quale</p><p><tm:entity><tm:company Extension="Inc" value="fortythree">FortyThree</tm:company></tm:entity>, Inc.</p><p>831.621.3773</p>
<p><a href="mailto:press@getmobio.com"><tm:entity><tm:email value="press@getmobio.com">press@getmobio.com</tm:email></tm:entity></a></p></body>
</html>


</doc>

