<doc xmlns:tm="http://www.temis.com/annotations/1.1/">
<metadata><aboutcompany value="beaworld"/><releaselocation value="shanghai"/><data_source value="prnews"/><source value="bea systems, inc."/><processing_date>2008-01-21T18:18:58</processing_date><date>2007-12-13T04:01:00</date><quote symbol="NASDAQ:BEAS" src-company="bea systems" company="BEA Systems, Inc." date="2007-12-13" price="15.35"/><quote symbol="NYSE:EE" src-company="ee" company="El Paso Electric Company" date="2007-12-13" price="26.05"/></metadata>
<title>BEA WebLogic Server Previews Service Component Architecture in Support of Next Generation SOA and Application Composition
</title>
<html>
<head>
<meta name="generator" content="HTML Tidy for Windows (vers 14 February 2006), see www.w3.org"/>
<!-- #BeginEditable "doctitle" -->
<title>BEA WebLogic Server Previews Service Component Architecture
in Support of Next Generation SOA and Application
Composition</title>
</head>
<body>
<p>Leveraging Java EE 5 Features for the Construction and
Deployment of SOA</p><p>Services</p>
<p>Core News Facts 1. <tm:entity><tm:company Extension="Sca" value="bea">BEA</tm:company></tm:entity> announces a technology preview of a
Service Component Architecture</p>
<p>(SCA) runtime implementation for the forthcoming WebLogic Server
10.3.</p>
<p>2. SCA is designed to simplify integration of service components
constructed with heterogeneous technologies and languages in
support of</p>
<p>composite application assembly. 3. SCA supports <tm:entity><tm:company Extension="Sca" value="bea">BEA</tm:company></tm:entity>'s Genesis
initiative, which promotes the convergence of business process
management (BPM), Service Oriented Architecture (SOA) and</p><p>enterprise social computing to simplify delivery of dynamic
business</p>
<p>applications.</p>
<p><tm:entity><tm:location><tm:country location_country="China"><tm:place>SHANGHAI</tm:place></tm:country></tm:location></tm:entity>, <tm:entity><tm:location><tm:country><tm:place>China</tm:place></tm:country></tm:location></tm:entity>, <tm:entity><tm:time_expression><tm:relative_time Day="13" Month="Dec." value="dec. 13">Dec. 13</tm:relative_time></tm:time_expression></tm:entity> /PRNewswire-FirstCall/ -- BEAWorld --
<tm:entity><tm:company Domain="IT" Extension="Inc" value="bea systems">BEA Systems</tm:company></tm:entity>, Inc. (<tm:entity><tm:stockindex value="nasdaq">Nasdaq</tm:stockindex></tm:entity>: <a class="small" href="http://studio-5.financialcontent.com/prnews?Page=Quote&amp;Ticker=BEAS" onclick="var s=s_gi(s_account); var hd1 = document.getElementById('headline'); s.tl(this,'o',getLinkName('Company Sanpshot'));">BEAS</a>), a world leader in enterprise infrastructure software,
today announced a preview release for WebLogic Server(R) 10.3 of
SCA, a set of open standards that can help enable developers to
leverage SOA to assemble composite applications from heterogeneous
components. This release demonstrates <tm:entity><tm:company Extension="Sca" value="bea">BEA</tm:company></tm:entity>'s commitment to helping
the Java <tm:entity><tm:company value="ee">EE</tm:company></tm:entity> developer with development and deployment of
enterprise-grade SOA projects. <tm:entity><tm:company Extension="Sca" value="bea">BEA</tm:company></tm:entity> SCA tooling will be supported
through <tm:entity><tm:company Extension="Sca" value="bea">BEA</tm:company></tm:entity> Workshop(TM) and the ability to store SCA components in
an enterprise repository with AquaLogic(R) Enterprise
Repository.</p>
<p>SCA is designed to facilitate highly adaptable IT by wrapping
and standardizing heterogeneous components, making them more easily
discovered and connected. It will be deployed as part of BEA
WebLogic Server, allowing organizations to draw upon the server's
management, reliability and scalability benefits for SCA.</p><p>"<tm:entity><tm:company Extension="Sca" value="bea">BEA</tm:company></tm:entity> has taken the industry a huge leap forward by making
application composition viable," said <tm:entity><tm:person Family_Name="Churchward" First_Name="Guy" Gender="Male" role="Person" value="guy churchward">Guy Churchward</tm:person></tm:entity>, <tm:entity><tm:function FunctionCategory="Board" role="Has_Function" value="vice president">vice
president</tm:function></tm:entity> of <tm:entity><tm:company><tm:potential_company role="Who" value="weblogic">WebLogic</tm:potential_company></tm:company></tm:entity> products, <tm:entity><tm:company Domain="IT" Extension="Inc" value="bea systems">BEA Systems</tm:company></tm:entity>, Inc. "We are focused
on helping to enable customers to realize the full potential of
WebLogic products and SOA. <tm:entity><tm:company Extension="Sca" value="bea">BEA</tm:company></tm:entity> established itself as the enterprise
Java leader in being the first major vendor to market with Java EE
5, and we're doing it again for application composition with
Service Component Architecture."</p>
<p>In support of <tm:entity><tm:company Extension="Sca" value="bea">BEA</tm:company></tm:entity>'s Genesis, a dynamic business application
platform initiative that promotes the convergence of SOA, Business
Process Management (BPM) and enterprise social computing, SCA can
provide the ability to compose applications by assembling
components without writing code. SCA is a fundamental enabling
technology designed to wrap and standardize heterogeneous
components making them more easily discovered and connected --
characteristics that are critical for composition.</p><p>SCA can help enable organizations that have invested in SOA to
take full advantage of the architecture. With application
composition, building SOA services is faster, easier and more
reliable; a process manageable not only by developers but business
users as well.</p>
<p><tm:entity><tm:company Extension="Sca" value="bea">BEA</tm:company></tm:entity> SCA is designed to enable organizations to rapidly assemble
SOA services through:<br/></p>
<ul>
<li>Reduced Complexity. Develop distributed service networks using
plain old Java objects (POJOs). The complexities of transport level
APIs are handled by SCA metadata and wire-up facilities.</li>
<li>Tooling support. BEA Workshop offers a single tool for users to
find, create, submit, view, and configure SCA components. The
Eclipse plug- ins allow direct access to BEA AquaLogic Enterprise
Repository from within the environment, allowing users to work with
SCA artifacts quickly and easily.</li>
<li>Repository capabilities. BEA AquaLogic Enterprise Repository
promotes easy access to SCA components in store for quick
assembly.</li>
</ul>
<p>The SCA runtime technology preview for WebLogic Server is
available today as a free download. <tm:entity><tm:company Extension="Sca" value="bea">BEA</tm:company></tm:entity> SCA and its tooling and
repository support will be released <tm:entity><tm:time_expression><tm:exact_time Year="2008" value="in the second half of 2008">in the second half of 2008</tm:exact_time></tm:time_expression></tm:entity>. For
more information, please visit <a href="http://www.bea.com/weblogic" target="_new">http://www.bea.com/weblogic</a>.</p><p>About BEAWorld</p>
<p>BEAWorld is the premier event for SOA thought leadership and is
scheduled to take place in three strategic world markets spanning
the <tm:entity><tm:location><tm:country><tm:place>Americas</tm:place></tm:country></tm:location></tm:entity>, <tm:entity><tm:location><tm:country><tm:place>Europe</tm:place></tm:country></tm:location></tm:entity> and <tm:entity><tm:location><tm:country><tm:place>Asia</tm:place></tm:country></tm:location></tm:entity>. The conference is designed to
provide critical insights, hands-on instruction, best-practice
strategies and opportunities for interaction with like-minded
professionals, industry leaders, visionaries and <tm:entity><tm:function FunctionCategory="Other" value="expert">expert</tm:function></tm:entity> practitioners.</p>
<p>In addition to highlighting the innovation and tangible business
results <tm:entity><tm:company Extension="Sca" value="bea">BEA</tm:company></tm:entity> customers have achieved, BEAWorld is the place to find
the latest information on <tm:entity><tm:company Extension="Sca" value="bea">BEA</tm:company></tm:entity> infrastructure technologies including
<tm:entity><tm:company Extension="Sca" value="bea">BEA</tm:company></tm:entity> Tuxedo(R), <tm:entity><tm:company Extension="Sca" value="bea">BEA</tm:company></tm:entity> WebLogic(R), <tm:entity><tm:company Extension="Sca" value="bea">BEA</tm:company></tm:entity> AquaLogic(R) and BEA Enterprise
360. <tm:entity><tm:time_expression><tm:relative_time value="this year">This year</tm:relative_time></tm:time_expression></tm:entity>'s event will also include a Solutions Showcase,
exhibiting the latest and most innovative developments from the
extensive <tm:entity><tm:company Extension="Sca" value="bea">BEA</tm:company></tm:entity> partner community.</p>
<p>The last of three worldwide events is scheduled to be held in
<tm:entity><tm:location><tm:country location_country="China"><tm:place>Shanghai</tm:place></tm:country></tm:location></tm:entity>(<tm:entity><tm:time_expression><tm:relative_time Day="12, 13" Month="Dec." value="dec. 12-13">Dec. 12-13</tm:relative_time></tm:time_expression></tm:entity>). The first two events were held in the two
following cities: <tm:entity><tm:location><tm:country location_country="United States of America"><tm:place>San Francisco</tm:place></tm:country></tm:location></tm:entity>(<tm:entity><tm:time_expression><tm:relative_time Day="10, 12" Month="Sept." value="sept. 10-12">Sept. 10-12</tm:relative_time></tm:time_expression></tm:entity>) and <tm:entity><tm:location><tm:country location_country="Spain"><tm:place>Barcelona</tm:place></tm:country></tm:location></tm:entity>(<tm:entity><tm:time_expression><tm:relative_time Day="2, 4" Month="Oct." value="oct. 2-4">Oct.
2-4</tm:relative_time></tm:time_expression></tm:entity>).</p><p>About <tm:entity><tm:company Extension="Sca" value="bea">BEA</tm:company></tm:entity></p><p><tm:entity><tm:company Domain="IT" Extension="Inc" value="bea systems">BEA Systems</tm:company></tm:entity>, Inc. (<tm:entity><tm:stockindex value="nasdaq">Nasdaq</tm:stockindex></tm:entity>: <a class="small" href="http://studio-5.financialcontent.com/prnews?Page=Quote&amp;Ticker=BEAS" onclick="var s=s_gi(s_account); var hd1 = document.getElementById('headline'); s.tl(this,'o',getLinkName('Company Sanpshot'));">BEAS</a>) is a world leader in enterprise infrastructure software.
Information about how <tm:entity><tm:company Extension="Sca" value="bea">BEA</tm:company></tm:entity> is enabling customers to transform their
business by building a Liquid Enterprise(TM) can be found at
<tm:entity><tm:company Extension="Sca" value="bea">bea.com</tm:company></tm:entity>.</p><p>Legal Notice Regarding Forward-Looking Statements</p>
<p>Some of the statements in this press release are
forward-looking, including the statements regarding the preview
release for WebLogic Server 10.3 of Service Component Architecture
(SCA) and the features and benefits of SCA as described in detail
above. Actual results could differ materially from those expressed
in any forward-looking statements. Risks and uncertainties that
could cause results to differ materially include risks associated
with: any unforeseen changes in the technology, standards or
marketplace for enterprise information integration software; the
timing of a recovery from any economic and IT industry downturn;
any unforeseen technical difficulties related to the development
<tm:entity><tm:company Extension="Sca" value="bea">BEA</tm:company></tm:entity>'s solutions; and any software errors related to <tm:entity><tm:company Extension="Sca" value="bea">BEA</tm:company></tm:entity>'s
solutions. Readers should also refer to the risk disclosures set
forth in <tm:entity><tm:company Extension="Sca" value="bea">BEA</tm:company></tm:entity>'s 10-Q <tm:entity><tm:time_expression><tm:duration To="October 31 , 2007" value="for the quarter ended october 31 , 2007">for the quarter ended October 31, 2007</tm:duration></tm:time_expression></tm:entity> as filed
with the SEC and subsequent reports filed thereafter by <tm:entity><tm:company Extension="Sca" value="bea">BEA</tm:company></tm:entity> from
time-to-time with the SEC. The forward-looking statements contained
in this release are made as of the date hereof, and <tm:entity><tm:company Extension="Sca" value="bea">BEA</tm:company></tm:entity> does not
assume any obligation to update such statements nor the reasons why
actual results could differ materially from those projected in such
statements.</p>
<p>Copyright 1995-2007, <tm:entity><tm:company Domain="IT" Extension="Inc" value="bea systems">BEA Systems</tm:company></tm:entity>, Inc. All rights reserved. <tm:entity><tm:company Extension="Sca" value="bea">BEA</tm:company></tm:entity>,
BEA AquaLogic, <tm:entity><tm:company Extension="Sca" value="bea">BEA</tm:company></tm:entity> eLink, BEA WebLogic, BEA WebLogic Portal, BEA
WebLogic Server, <tm:entity><tm:company value="connectera">Connectera</tm:company></tm:entity>, <tm:entity><tm:company Domain="IT" value="compoze software">Compoze Software</tm:company></tm:entity>, <tm:entity><tm:company value="jolt">Jolt</tm:company></tm:entity>, <tm:entity><tm:company value="joltbeans">JoltBeans</tm:company></tm:entity>,
<tm:entity><tm:company value="jrockit">JRockit</tm:company></tm:entity>, <tm:entity><tm:company value="steelthread">SteelThread</tm:company></tm:entity>, Think Liquid, Top End, Tuxedo, and WebLogic are registered trademarks of <tm:entity><tm:company Domain="IT" Extension="Inc" value="bea systems">BEA Systems</tm:company></tm:entity>, Inc. <tm:entity><tm:company Extension="Sca" value="bea">BEA</tm:company></tm:entity> Blended
Application Development, <tm:entity><tm:company Extension="Sca" value="bea">BEA</tm:company></tm:entity> Blended Development Model, <tm:entity><tm:company Extension="Sca" value="bea">BEA</tm:company></tm:entity> Blended
Strategy, BEA Builder, BEA Guardian, <tm:entity><tm:company Extension="Sca" value="bea">BEA</tm:company></tm:entity> <tm:entity><tm:function FunctionCategory="Board" value="manager">Manager</tm:function></tm:entity>, <tm:entity><tm:company Extension="Sca" value="bea">BEA</tm:company></tm:entity> MessageQ, <tm:entity><tm:company Extension="Sca" value="bea">BEA</tm:company></tm:entity> microService Architecture, BEA SOA 360, BEA Workshop, BEA WorkSpace 360, Signature Editor, Signature Engine, Signature Patterns,
Support Patterns, Arch2Arch, Arch2Arch <tm:entity><tm:function FunctionCategory="Other" value="advisor">Advisor</tm:function></tm:entity>, Dev2Dev, Dev2Dev
Dispatch, Exec2Exec, Exec2Exec Voice, IT2IT, IT2IT Insight,
Business LiquidITy, and Liquid Thinker are trademarks of <tm:entity><tm:company Domain="IT" Extension="Inc" value="bea systems">BEA
Systems</tm:company></tm:entity>, Inc. BEA Mission Critical Support, BEA Mission Critical Support Continuum, BEA SOA Self Assessment, and Fluid Framework are
service marks of <tm:entity><tm:company Domain="IT" Extension="Inc" value="bea systems">BEA Systems</tm:company></tm:entity>, Inc. All other company and product
names may be the subject of intellectual property rights reserved
by third parties. All other trademarks are the property of their
respective companies.</p></body>
</html>


</doc>

