<doc xmlns:tm="http://www.temis.com/annotations/1.1/">
<metadata>
<aboutcompany value="qnx software systems"/>
<releaselocation value="ottawa"/>
<data_source value="prnews"/>
<source value="qnx software systems"/>
<processing_date>2008-01-21T18:21:34</processing_date>
<date>2007-12-12T10:00:00</date>
<quote symbol="NASDAQ:CSCO" src-company="cisco" company="Cisco Systems, Inc." date="2007-12-12" price="28.80"/><quote symbol="NYSE:LMT" src-company="lockheed martin" company="Lockheed Martin Corporation" date="2007-12-12" price="108.31"/><quote symbol="NYSE:GE" src-company="general electric" company="General Electric Company" date="2007-12-12" price="37.25"/><quote symbol="NYSE:HAR" src-company="harman" company="Harman International Industries Inc./DE/" date="2007-12-12" price="73.63"/></metadata>
<title>QNX Releases Source Code for New Networking Stack
</title>
<html>
<head>
<meta name="generator" content="HTML Tidy for Windows (vers 14 February 2006), see www.w3.org"/>
<!-- #BeginEditable "doctitle" -->
<title>QNX Releases Source Code for New Networking Stack</title>
</head>
<body>
<p><tm:entity><tm:location><tm:country location_country="Canada"><tm:place>OTTAWA</tm:place></tm:country></tm:location></tm:entity>, <tm:entity><tm:time_expression><tm:relative_time Day="12" Month="Dec." value="dec. 12">Dec. 12</tm:relative_time></tm:time_expression></tm:entity> /PRNewswire/ -- <tm:entity><tm:company Domain="IT" Extension="GmbH &amp; Co. KG" value="qnx software systems">QNX Software Systems</tm:company></tm:entity> announced
today the widespread availability of the source code to its new
networking protocol stack.</p>
<p>Furthering <tm:entity><tm:company value="qnx">QNX</tm:company></tm:entity>'s commitment to developer enablement through its
hybrid software model, the new networking stack for the QNX(R)
Neutrino(R) RTOS offers standard, open source-based compatibility
with protocols and networking drivers as well as significant
performance benefits. Based largely upon the NetBSD4 code base, the
stack includes a number of new features that address security,
enhance speed, and aid in code portability.</p><p>Full support for Jumbo Frame packets is also built into the
stack and drivers. Developers now have better application and stack
portability with the updated stack APIs, as well as the ability to
easily port existing BSD drivers using an included driver porting
library.</p>
<p>Security protocols in the networking stack have also been
expanded. In addition to support for protocols such as IPSec, IKE,
SSL, NAT, and IP filtering, the new stack also supports
hardware-accelerated cryptography. This allows the QNX Neutrino
RTOS to offload compute-intensive, repetitive security functions to
a hardware-based cryptography engine, freeing up CPU cycles to do
other protocol processing tasks at the same time.</p>
<p>Other networking protocols supported include IPv4/IPv6, <tm:entity><tm:money_expression><tm:money Amount="2" Currency="Lire" value="l2">L2</tm:money></tm:money_expression></tm:entity> VLAN,
STP, and WiFi support for 802.11a/b/g/ wireless nodes and networks.
The QNX-built solution maintains NetBSD APIs to allow for
straightforward use of existing open source tools and applications.
The new networking stack also supports legacy QNX Neutrino drivers
with a binary compatibility layer.</p>
<p>Because the QNX Neutrino RTOS utilizes a microkernel
architecture where components are modular, independent, and
protected from each other, these qualities extend into the
networking stack. For instance, the microkernel allows users to
dynamically upgrade protocol stacks and device drivers, and can
intelligently restart any stack or driver that fails, without
rebooting.</p>
<p>The networking stack and QNX Neutrino microkernel code base is
visible to <tm:entity><tm:company value="qnx">QNX</tm:company></tm:entity> community <tm:entity><tm:function FunctionCategory="Board" value="members">members</tm:function></tm:entity> on Foundry27 (<a href="http://community.qnx.com" target="_new">http://community.qnx.com</a>), <tm:entity><tm:company value="qnx">QNX</tm:company></tm:entity>'s developer and source
code portal. There, developers wanting to download the source code
can visit the Networking Project and also access wikis, forums, and
other resources, as well as partner technologies for protocols such
as SNMP v1/v2/v3.</p><p>About <tm:entity><tm:company Domain="IT" Extension="GmbH &amp; Co. KG" value="qnx software systems">QNX Software Systems</tm:company></tm:entity></p><p><tm:entity><tm:company Domain="IT" Extension="GmbH &amp; Co. KG" value="qnx software systems">QNX Software Systems</tm:company></tm:entity>, a <tm:entity><tm:company value="harman">Harman</tm:company></tm:entity> International company (<tm:entity><tm:stockindex value="nyse">NYSE</tm:stockindex></tm:entity>:
<a class="small" href="http://studio-5.financialcontent.com/prnews?Page=Quote&amp;Ticker=HAR" onclick="var s=s_gi(s_account); var hd1 = document.getElementById('headline'); s.tl(this,'o',getLinkName('Company Sanpshot'));">HAR</a>), is the industry leader in realtime, embedded OS
technology. The component-based architectures of the QNX(R)
Neutrino(R) RTOS, QNX Momentics(R) development suite, and QNX
Aviage middleware together provide the industry's most reliable and
scalable framework for building innovative, high-performance
embedded systems. Global leaders such as <tm:entity><tm:company Domain="IT" value="cisco">Cisco</tm:company></tm:entity>, <tm:entity><tm:company Domain="Automotive" value="daimler">Daimler</tm:company></tm:entity>, <tm:entity><tm:company Domain="Energy" value="general electric">General
Electric</tm:company></tm:entity>, <tm:entity><tm:company Domain="Transportation" value="lockheed martin">Lockheed Martin</tm:company></tm:entity>, and <tm:entity><tm:company Domain="IT" value="siemens">Siemens</tm:company></tm:entity> depend on QNX technology for
network routers, medical instruments, vehicle telematics units,
security and defense systems, industrial robotics, and other
mission- or life-critical applications. Founded in 1980, QNX
Software Systems is headquartered in Ottawa, Canada, and
distributes products in over 100 countries worldwide.<br/></p>
<p>Reader Information</p>
<p>Web: <a href="http://www.qnx.com" target="_new">http://www.qnx.com</a></p><p>Email: <a href="mailto:info@qnx.com"><tm:entity><tm:email value="info@qnx.com">info@qnx.com</tm:email></tm:entity></a></p><p>Editorial Contacts</p>
<p><tm:entity><tm:person Family_Name="Barlow" First_Name="Jennifer" Gender="Female" value="jennifer barlow">Jennifer Barlow</tm:person></tm:entity> or <tm:entity><tm:person Family_Name="Keeler" First_Name="Bill" Gender="Male" value="bill keeler">Bill Keeler</tm:person></tm:entity></p><p><tm:entity><tm:company Domain="TeleCommunication" value="schwartz communications">Schwartz Communications</tm:company></tm:entity></p><p><tm:entity><tm:phone_number value="+1 781 684-0770">+1 781 684-0770</tm:phone_number></tm:entity></p><p><tm:entity><tm:email value="qnx@schwartz-pr.com">qnx@schwartz-pr.com</tm:email></tm:entity></p><p><tm:entity><tm:person Family_Name="Leroux" First_Name="Paul" Gender="Male" value="paul leroux">Paul Leroux</tm:person></tm:entity></p><p><tm:entity><tm:company Domain="IT" Extension="GmbH &amp; Co. KG" value="qnx software systems">QNX Software Systems</tm:company></tm:entity></p><p><tm:entity><tm:phone_number value="+1 613 591-0931">+1 613 591-0931</tm:phone_number></tm:entity></p><p><a href="mailto:paull@qnx.com"><tm:entity><tm:email value="paull@qnx.com">paull@qnx.com</tm:email></tm:entity></a></p><p><tm:entity><tm:company value="qnx">QNX</tm:company></tm:entity>, Aviage, Momentics, and Neutrino are trademarks of <tm:entity><tm:company Domain="IT" Extension="GmbH &amp; Co. KG" role="Who" value="qnx software systems">QNX
Software Systems</tm:company></tm:entity> GmbH &amp; Co. KG, registered in certain
jurisdictions and are used under license. All other trademarks and
trade names belong to their <tm:entity><tm:function FunctionCategory="Board" value="respective owners">respective owners</tm:function></tm:entity>.</p></body>
</html>


</doc>

