<doc xmlns:tm="http://www.temis.com/annotations/1.1/">
<metadata>
<aboutcompany value="avistar communications corporation"/>
<releaselocation value="san mateo"/>
<data_source value="prnews"/>
<source value="avistar communications corporation"/>
<processing_date>2008-01-21T17:53:48</processing_date>
<date>2007-12-18T18:18:00</date>
<quote symbol="NASDAQ:PLCM" src-company="polycom" company="Polycom, Inc." date="2007-12-18" price="25.47"/><quote symbol="NASDAQ:AVSR" src-company="avistar communications" company="Avistar Communications Corporation" date="2007-12-18" price="0.32"/><quote symbol="OSL:TAA" src-company="tandberg" company="Tandberg ASA" date="2007-12-18" price=""/></metadata>
<title>Avistar Announces Renewal of <tm:entity><tm:money_expression><tm:money Amount="10 million" Currency="Dollar" value="$10 million">$10 Million</tm:money></tm:money_expression></tm:entity> Line of Credit, its Largest Single Customer Expansion of Video-Enabled Unified Communications, Plus two New Customer Wins
</title>
<html>
<head>
<meta name="generator" content="HTML Tidy for Windows (vers 14 February 2006), see www.w3.org"/>
<!-- #BeginEditable "doctitle" -->
<title>Avistar Announces Renewal of <tm:entity><tm:money_expression><tm:money Amount="10 million" Currency="Dollar" value="$10 million">$10 Million</tm:money></tm:money_expression></tm:entity> Line of Credit, its
Largest Single Customer Expansion of Video-Enabled Unified
Communications, Plus two New Customer Wins</title>
</head>
<body>
<p>SAN MATEO, <tm:entity><tm:location><tm:country location_country="United States of America"><tm:place>Calif.</tm:place></tm:country></tm:location></tm:entity>, <tm:entity><tm:time_expression><tm:relative_time Day="18" Month="Dec." value="dec. 18">Dec. 18</tm:relative_time></tm:time_expression></tm:entity> /PRNewswire-FirstCall/ -- <tm:entity><tm:company Domain="TeleCommunication" Extension="Corporation" value="avistar communications">Avistar
Communications</tm:company></tm:entity> Corporation (<tm:entity><tm:stockindex value="nasdaq">Nasdaq</tm:stockindex></tm:entity>: <a class="small" href="http://studio-5.financialcontent.com/prnews?Page=Quote&amp;Ticker=AVSR" onclick="var s=s_gi(s_account); var hd1 = document.getElementById('headline'); s.tl(this,'o',getLinkName('Company Sanpshot'));">AVSR</a>), a provider of video-enabled unified communications
solutions, announced that it has signed, <tm:entity><tm:time_expression><tm:exact_time value="2007">as of December 17, 2007</tm:exact_time></tm:time_expression></tm:entity>, a
renewal of its <tm:entity><tm:money_expression><tm:money Amount="10 million" Currency="Dollar" value="$10 million">$10 million</tm:money></tm:money_expression></tm:entity> revolving credit facility with a major
financial institution, a 2,000 seat order that represents its
largest customer expansion to date, and the acquisition of two new
clients.</p>
<p>Avistar's renewal of its <tm:entity><tm:money_expression><tm:money Amount="10 million" Currency="Dollar" value="$10 million">$10 million</tm:money></tm:money_expression></tm:entity> dollar revolving credit
facility provides financing that will be used to fund business
operations, and has a term <tm:entity><tm:time_expression><tm:duration Month="December" To="December 2008" Year="2008" value="through december 2008">through December 2008</tm:duration></tm:time_expression></tm:entity>. "With this
facility confirmed, <tm:entity><tm:company><tm:potential_company role="Who" value="avistar">Avistar</tm:potential_company></tm:company></tm:entity> will complete its restructuring,
aggressively engage the market and leverage the already significant
patent and intellectual property portfolio at its disposal. Growing
momentum in customer acquisitions, the installation of a new
management team, a refocused patent portfolio and the restructuring
of our cost structure all bode well for continuing the growth rate
of 40-50% in revenue plus income from settlement and licensing
activities that we have enjoyed <tm:entity><tm:time_expression><tm:duration value="over the last few years">over the last few years</tm:duration></tm:time_expression></tm:entity>." said
<tm:entity><tm:person Family_Name="Habig" First_Name="Robert, J" Gender="Male" role="Person" value="robert j habig">Robert J. Habig</tm:person></tm:entity>, <tm:entity><tm:function FunctionCategory="Board" role="Has_Function" value="chief financial officer">chief financial officer</tm:function></tm:entity> of <tm:entity><tm:company><tm:potential_company role="Who" value="avistar">Avistar</tm:potential_company></tm:company></tm:entity>.</p><p>Management's confidence in its new strategy was buoyed by news
of a contract win for 2,000 additional seats at a global investment
bank - the company's largest single deal for customer expansion. It
adds to the 3,500 seats already in place at this bank, and is a
powerful demonstration of the benefits gained from extending
video-enabled unified communications across the enterprise. Two
additional customer wins will result in deployments at an
international investment management institution and a worldwide
consumer products company.</p>
<p>"Avistar is executing a long list of business building, cost
leverage, productivity and turn-around initiatives," said <tm:entity><tm:person Family_Name="Moss" First_Name="Simon" Gender="Male" role="Person" value="simon moss">Simon
Moss</tm:person></tm:entity>, the <tm:entity><tm:function FunctionCategory="Board" role="Has_Function" value="newly-hired president">newly-hired President</tm:function></tm:entity> of <tm:entity><tm:company><tm:potential_company role="Who" value="avistar">Avistar</tm:potential_company></tm:company></tm:entity> and <tm:entity><tm:function FunctionCategory="Board" role="Has_Function" value="chief executive officer">CEO</tm:function></tm:entity>, <tm:entity><tm:time_expression><tm:duration From="January 2008" Month="January" Year="2008" role="Context" value="beginning january 2008">beginning
January 2008</tm:duration></tm:time_expression></tm:entity>. "Without Avistar's patented ability to deliver rich
communication with no additional network infrastructure, the bold
promises of unified communications - labor mobility, reduced carbon
contribution, increased business and product leverage, and improved
customer management - are much more expensive to achieve than the
market currently perceives. We intend to position ourselves both to
prove this and to offer a solution to the market which truly
delivers."</p><p>About <tm:entity><tm:company Domain="TeleCommunication" Extension="Corporation" value="avistar communications">Avistar Communications</tm:company></tm:entity> Corporation</p>
<p>Avistar is working to define the future of unified
communications and collaboration by inventing and delivering
integrated visual communications software that helps companies of
all sizes improve business results. From the desktop, from the
laptop and from conference rooms, Avistar delivers
enterprise-quality and easy-to-use audio/video conferencing,
multi-party videoconferencing, and integrated data sharing anywhere
in the world. By integrating visual communications with enterprise
application software, Avistar incorporates communications into the
daily workflow and seamlessly connects communities of users within
and across enterprises.</p>
<p>Founded <tm:entity><tm:time_expression><tm:exact_time Year="1993" value="in 1993">in 1993</tm:exact_time></tm:time_expression></tm:entity>, Avistar is headquartered in San Mateo,
<tm:entity><tm:location><tm:country location_country="United States of America"><tm:place>California</tm:place></tm:country></tm:location></tm:entity>, with offices in <tm:entity><tm:location><tm:country location_country="United States of America"><tm:place>New York</tm:place></tm:country></tm:location></tm:entity> and <tm:entity><tm:location><tm:country location_country="UnitedKingdom"><tm:place>London</tm:place></tm:country></tm:location></tm:entity>. With more than
15,000 seats sold across 40 countries, Avistar's global deployments
of its unified visual communications desktop software are among the
largest in the world. Avistar holds a portfolio of 76 patents for
inventions in the primary areas of video and network technology and
offers technology and IP licenses to companies in video
conferencing, rich-media services, public networking and related
industries. Current licensees include <tm:entity><tm:company Domain="IT" Extension="Corporation" value="sony">Sony</tm:company></tm:entity> Corporation, <tm:entity><tm:company Extension="Inc" value="polycom">Polycom</tm:company></tm:entity>,
Inc., <tm:entity><tm:company Extension="Asa" value="tandberg">Tandberg</tm:company></tm:entity> ASA, <tm:entity><tm:company Extension="Ltd" value="radvision">Radvision</tm:company></tm:entity> Ltd. and <tm:entity><tm:company value="emblaze vcon">Emblaze-VCON</tm:company></tm:entity>.</p><p>For more information, visit <a href="http://www.avistar.com" target="_new">http://www.avistar.com</a>.</p><p>Cautionary Note About Forward-Looking Statements</p>
<p>Statements made in this press release that are not purely
historical, including but not limited to statements regarding the
availability of funds under Avistar's revolving credit facility,
the use of such funds, completion of Avistar's restructuring and
market engagements, Avistar's ability to leverage its patent and
intellectual property portfolio, growing momentum in Avistar's
acquisition of new customers, continuing Avistar's historical
growth in revenues plus income from settlement and licensing
activities, execution of Avistar's business building, cost
leveraging and productivity initiatives, Avistar's prospects <tm:entity><tm:time_expression><tm:exact_time Year="2008" role="Context" value="for 2008">for
2008</tm:exact_time></tm:time_expression></tm:entity>, future changes, impacts and successes at Avistar, Avistar's
ability to address fundamental pressures in the market for unified
communications, Avistar's ability to deliver the promises of
<tm:entity><tm:company><tm:potential_company role="Whom" value="unified communications">Unified Communications</tm:potential_company></tm:company></tm:entity> at lower cost, and Avistar's ability and
positioning to prove the foregoing and offer the required solution
to the market, are forward- looking statements within the meaning
of Section <tm:entity><tm:money_expression><tm:money Amount="21" Currency="Euro" value="21e">21E</tm:money></tm:money_expression></tm:entity> of the <tm:entity><tm:company Domain="Financial" value="securities exchange act">Securities Exchange Act</tm:company></tm:entity>. Such statements are
subject to risks and uncertainties that could cause actual results
to differ materially, including such factors, among others, as the
expense and uncertainty associated with changes to <tm:entity><tm:company><tm:potential_company role="Who" value="avistar">Avistar</tm:potential_company></tm:company></tm:entity>'s
organizational structure and business model, the lengthy sales
cycles and volatility associated with Avistar's sales and licensing
activities, challenges associated with achieving market acceptance
of video collaboration products in general and Avistar's products
in particular, intense competition in the market for video
collaboration and unified communications products from a wide range
of providers, and the time, expense and uncertainty associated with
the enforcement, licensing or sale of <tm:entity><tm:company><tm:potential_company role="Whom" value="avistar">Avistar</tm:potential_company></tm:company></tm:entity>'s intellectual
property rights. As a result of these and other factors, <tm:entity><tm:company><tm:potential_company role="Who" value="avistar">Avistar</tm:potential_company></tm:company></tm:entity>'
expects to experience significant fluctuations in its revenue and
operating results, and there can be no assurance that Avistar will
become or remain profitable in the future, or that Avistar's future
results will meet expectations. These and other risk factors are
discussed in Avistar's Annual Report on Form 10-K and Quarterly
Reports on Form 10-Q filed with the Securities and <tm:entity><tm:organisation value="exchange commission">Exchange
Commission</tm:organisation></tm:entity> from time to time. Avistar disclaim any intent or
obligation to update these forward-looking statements.</p>
</body>
</html>


</doc>

