<doc xmlns:tm="http://www.temis.com/annotations/1.1/">
<metadata><aboutcompany value="wallst.net"/><releaselocation value="framingham"/><data_source value="prnews"/><source value="power play development corp"/><processing_date>2008-01-21T18:11:51</processing_date><date>2007-12-17T11:04:00</date><quote symbol="PINK:PWPY" src-company="power play development" company="POWER PLAY DEVELOPMENT CORP" date="2007-12-17" price="0.22"/><quote symbol="JNB:KEL" src-company="kel" company="Kelly Group Limited" date="2007-12-17" price=""/></metadata>
<title><tm:entity><tm:company Extension="Corp" value="power play development">Power Play Development</tm:company></tm:entity> Corp Discusses Revenue Projections
</title>
<html>
<head>
<meta name="generator" content="HTML Tidy for Windows (vers 14 February 2006), see www.w3.org"/>
<!-- #BeginEditable "doctitle" -->
<title><tm:entity><tm:company Extension="Corp" value="power play development">Power Play Development</tm:company></tm:entity> Corp Discusses Revenue
Projections</title>
</head>
<body>
<p><tm:entity><tm:function FunctionCategory="Board" role="Has_Function" value="chief executive officer">CEO</tm:function></tm:entity> <tm:entity><tm:person Family_Name="Clebnik" First_Name="Michael" Gender="Male" role="Person" value="michael clebnik">Michael Clebnik</tm:person></tm:entity> to be Interviewed by WallSt.net</p>
<p>FRAMINGHAM, Mass., <tm:entity><tm:time_expression><tm:relative_time Day="17" Month="Dec." value="dec. 17">Dec. 17</tm:relative_time></tm:time_expression></tm:entity> /PRNewswire-FirstCall/ -- <tm:entity><tm:company Extension="Corp" value="power play development">Power Play
Development</tm:company></tm:entity> Corp (Pink Sheets: PWPY), the leading provider of
outsourced promotional poker solutions and <tm:entity><tm:function FunctionCategory="Board" value="owner">owner</tm:function></tm:entity> of the nationally
recognized <tm:company><tm:potential_company><tm:actor_ci_guessed role="Who" value="nlop">NLOP</tm:actor_ci_guessed></tm:potential_company></tm:company> <a href="http://www.nlop.com" target="_new">(http://www.nlop.com</a>) poker portal announced that 2007
revenues are tracking for 400% growth compared to 2006.</p><p>"The company will exceed $1,000,000 in revenue for 2007 as
compared to $233,000 for 2006, stated <tm:entity><tm:person Family_Name="Evans" First_Name="Roy" Gender="Male" role="Person" value="roy evans">Roy Evans</tm:person></tm:entity>, <tm:entity><tm:function FunctionCategory="Board" role="Has_Function" value="chief legal officer">CFO</tm:function></tm:entity>. "<tm:entity><tm:time_expression><tm:exact_time Year="2007" value="in 2007">In 2007</tm:exact_time></tm:time_expression></tm:entity>, we
opened up new revenue streams, attracted <tm:entity><tm:function FunctionCategory="Other" value="new advertisers">new advertisers</tm:function></tm:entity>, and
improved our ability to monetize registered users. We expect
continued strong growth <tm:entity><tm:time_expression><tm:exact_time Year="2008" value="in 2008">in 2008</tm:exact_time></tm:time_expression></tm:entity>."</p><p><tm:entity><tm:time_expression><tm:exact_time Year="2008" value="in 2008">In 2008</tm:exact_time></tm:time_expression></tm:entity>, the company will migrate the NLOP site to its 2nd
generation software platform. "The new platform extends our breadth
of offering," said <tm:entity><tm:person Family_Name="Clebnik" First_Name="Michael" Gender="Male" role="Person" value="michael clebnik">Michael Clebnik</tm:person></tm:entity>, <tm:entity><tm:function FunctionCategory="Board" role="Has_Function" value="chief executive officer">CEO</tm:function></tm:entity>. "Our goal is to become the
dominant poker-centric social media web site; we are more than just
a place to play poker. Our new application gives the player a far
more compelling experience and greater interactivity with the site.
For the company, this opens additional revenue streams from
sponsorships, advertising and premium monthly membership fees."</p><p>"Further," <tm:entity><tm:person Family_Name="Clebnik" First_Name="Michael" Gender="Male" role="Person" value="michael clebnik">Clebnik</tm:person></tm:entity> continued, "we expect to realize the twin
benefits of higher ad rates and more ad inventory by increasing the
number of registered users, fully launching our Authorized Tour
Stop Program, and using newly added ad targeting capabilities."</p>
<p><tm:entity><tm:time_expression><tm:exact_time Month="November" Year="2007" value="in november 2007">In November 2007</tm:exact_time></tm:time_expression></tm:entity>, NLOP had over 168,000 registered users and
delivered 165 million ad impressions.</p><p><tm:entity><tm:company><tm:potential_company role="Who" value="clebnik">Clebnik</tm:potential_company></tm:company></tm:entity> will update the investment community on the 2008
corporate growth plans and discuss factors driving the market in an
online interview <tm:entity><tm:time_expression><tm:exact_time value="2007">on Wednesday, December 19, 2007</tm:exact_time></tm:time_expression></tm:entity>.</p><p>The interview will serve as a forum for investors to hear about
the trends influencing Power Play's marketplace and the potential
for growth in the market. <tm:entity><tm:person Family_Name="Clebnik" First_Name="Michael" Gender="Male" role="Person" value="michael clebnik">Clebnik</tm:person></tm:entity> will outline competitive
advantages and highlight milestones reached <tm:entity><tm:time_expression><tm:exact_time Year="2007" value="in 2007">in 2007</tm:exact_time></tm:time_expression></tm:entity>.<br/>Details about the upcoming interview:</p>
<p>Who: <tm:entity><tm:person Family_Name="Clebnik" First_Name="Michael" Gender="Male" role="Person" value="michael clebnik">Michael Clebnik</tm:person></tm:entity>, <tm:entity><tm:function FunctionCategory="Board" role="Has_Function" value="chief executive officer">CEO</tm:function></tm:entity></p><p>What: Interview with WallSt.net</p>
<p>Where: Online at <a href="http://www.wallst.net/" target="_new">http://www.wallst.net/</a></p><p>When: <tm:entity><tm:time_expression><tm:exact_time value="2007">December 19, 2007</tm:exact_time></tm:time_expression></tm:entity> at 9:00 a.m. EST</p>
<p>"We are building a unique social community around free online
poker and there is a substantial growth opportunity in this
marketplace," <tm:entity><tm:person Family_Name="Evans" First_Name="Roy" Gender="Male" role="Person" value="roy evans">Evans</tm:person></tm:entity> said "we are pleased that WallSt.net has given
us an opportunity to reach the investment community directly to
speak about our recent successes and future growth plans."</p>
<p>To hear the interview in its entirety, please visit <a href="http://www.wallst.net/audio/audio.asp" target="_new">http://www.wallst.net/audio/audio.asp</a> and click on the
company symbol PWPY.</p>
<p>Forward-Looking Statements</p>
<p>Certain of the statements included in this release constitute
forward-looking statements within the meaning of the U. S. Private
Securities Litigation Reform Act of 1995. Words such as "expects,"
"believes," "anticipates," "includes," "plans," "assumes,"
"estimates," "projects," "intends," "should," "will," "shall," or
variations of such words are generally part of forward-looking
statements. Forward-looking statements are made based on
management's current expectations and beliefs concerning future
developments and their potential effects upon PWPY. There can be no
assurance that future developments affecting PWPY will be those
anticipated by management. These forward-looking statements are not
a guarantee of future performance and involve risks and
uncertainties, and there are certain important factors that could
cause actual results to differ, possibly materially, from
expectations or estimates reflected in such forward-looking
statements, including, among others: (1) the company depends on the
internet and the evolving nature of the internet creates numerous
uncertainties; (2) failure to properly manage our Anticipated
Growth could adversely affect our business; (3) the company's
ability to secure financing; (4) competition in our marketplace;
and (5) regulatory or legislative changes. PWPY does not intend,
and is under no obligation, to update any particular
forward-looking statement included in this document.</p>
<p>About WallSt.net</p>
<p>WallSt.net is owned and operated by <tm:entity><tm:company Extension="Inc" value="wallstreet direct">WallStreet Direct</tm:company></tm:entity>, Inc., a
wholly owned subsidiary of <tm:entity><tm:company Domain="Media" Extension="Group, Inc" value="financial media">Financial Media</tm:company></tm:entity> Group, Inc. The Web site
is a leading provider of timely business news, executive
interviews, multimedia content, and research tools. <tm:entity><tm:company Domain="Media" Extension="Group, Inc" value="financial media">Financial Media</tm:company></tm:entity> Group, Inc. also owns <a href="http://www.mywallst.net" target="_new">http://www.mywallst.net,</a>a financial social network for
investors, and <tm:entity><tm:company Extension="Corp" value="financial filings">Financial Filings</tm:company></tm:entity> Corp. (<a href="http://www.financialfilings.com" target="_new">http://www.financialfilings.com</a>), a provider of media
and compliance solutions to publicly traded companies. In addition
to WallSt.net, <tm:entity><tm:company Extension="Inc" value="wallstreet direct">WallStreet Direct</tm:company></tm:entity>, Inc. owns and operates
WallStRadio (<a href="http://www.wallstradio.com" target="_new">http://www.wallstradio.com</a>), a business and finance
podcast Web site. WallSt.net not will receive any compensation for
the dissemination of the interview.</p><p>About <tm:entity><tm:company Extension="Corp" value="power play development">Power Play Development</tm:company></tm:entity> Corp</p>
<p>Power Play is a <tm:entity><tm:location><tm:country location_country="United States of America"><tm:place>Massachusetts</tm:place></tm:country></tm:location></tm:entity> based marketing and promotions
company. Through its Poker Creations division <a href="http://www.pokercreations.com" target="_new">(http://www.pokercreations.com</a>), the company offers
legally compliant private-branded online poker applications to
national brands, portals and corporations seeking to leverage and
extend their brands via the exploding growth and interest in poker.
Power Play offers its own direct-to-consumer poker portal through
its <tm:entity><tm:company value="nlop">NLOP</tm:company></tm:entity> division. The <tm:entity><tm:organisation value="national league of poker">National League of Poker</tm:organisation></tm:entity>(<tm:entity><tm:organisation><tm:abbreviation value="nlop">NLOP</tm:abbreviation></tm:organisation></tm:entity>) is the
leading social media platform for free, US-legal online poker.
There were 30,000,000+ Americans who played poker online before
recent legislation banned wagering money and left these players
with no options for prize-based play. NLOP allows players to win
cash and prizes hourly, daily and weekly with no financial risk --
players never lose money. NLOP has a desirable demographic of
highly engaged players. With an average user session of 55 minutes,
NLOP is one of the "stickiest" websites on the internet and
delivers 22+ million minutes of poker play per month. NLOP allows
<tm:entity><tm:function FunctionCategory="Other" value="advertisers">advertisers</tm:function></tm:entity> to immerse their brand in the poker playing experience
through customizable messaging, ad delivery, and timing.
Additionally, NLOP offers portals a turnkey, fully outsourced
promotional poker platform.<br/>
For more information, visit <a href="http://www.powerplaydev.com" target="_new">http://www.powerplaydev.com</a>.</p><p>Contact: <tm:entity><tm:person Family_Name="Ackerman" First_Name="Laura" Gender="Female" value="laura ackerman">Laura Ackerman</tm:person></tm:entity></p><p><tm:entity><tm:company Extension="&amp; Partners" value="kel">Kel</tm:company></tm:entity>&amp; Partners</p>
<p>508.366.2099, ext. 125</p>
<p><a href="mailto:laura@kelandpartners.com"><tm:entity><tm:email value="laura@kelandpartners.com">laura@kelandpartners.com</tm:email></tm:entity></a></p></body>
</html>


</doc>

