<doc xmlns:tm="http://www.temis.com/annotations/1.1/">
<metadata>
<aboutcompany value="cybersource"/>
<releaselocation value="mountain view"/>
<data_source value="prnews"/>
<source value="cybersource corporation"/>
<processing_date>2008-01-21T18:22:08</processing_date>
<date>2007-12-12T09:00:00</date>
<quote symbol="NASDAQ:CYBS" src-company="cybersource" company="CyberSource Corporation" date="2007-12-12" price="16.58"/></metadata>
<title>Authorize.Net Announces New Safe Storage Option for eCommerce Transactions
</title>
<html>
<head>
<meta name="generator" content="HTML Tidy for Windows (vers 14 February 2006), see www.w3.org"/>
<!-- #BeginEditable "doctitle" -->
<title>Authorize.Net Announces New Safe Storage Option for
eCommerce Transactions</title>
</head>
<body>
<p>MOUNTAIN VIEW, <tm:location><tm:country location_country="United States of America"><tm:place>Calif.</tm:place></tm:country></tm:location>, <tm:entity><tm:time_expression><tm:relative_time Day="12" Month="Dec." value="dec. 12">Dec. 12</tm:relative_time></tm:time_expression></tm:entity> /PRNewswire-FirstCall/ --
<tm:entity><tm:company Extension="Corporation" value="cybersource">CyberSource</tm:company></tm:entity> Corporation (<tm:entity><tm:stockindex value="nasdaq">Nasdaq</tm:stockindex></tm:entity>: <a class="small" href="http://studio-5.financialcontent.com/prnews?Page=Quote&amp;Ticker=CYBS" onclick="var s=s_gi(s_account); var hd1 = document.getElementById('headline'); s.tl(this,'o',getLinkName('Company Sanpshot'));">CYBS</a>) today announced that its Authorize.Net solution has
launched <tm:entity><tm:function FunctionCategory="Board" value="customer information manager">Customer Information Manager</tm:function></tm:entity>(CIM), which allows online
merchants to store their customers' payment information on
Authorize.Net's secure servers. Merchants using CIM can simplify
payments for their returning customers, as well as easily manage
recurring transactions. Because transaction data is no longer
stored on merchants' servers, CIM potentially simplifies compliance
with the Payment Card Industry Data Security Standard (PCI
DSS).<br/>
(Logo: <a href="http://www.newscom.com/cgi-bin/prnh/19990513/CYBRSOURCELOGO" target="_new">http://www.newscom.com/cgi-bin/prnh/19990513/CYBRSOURCELOGO</a>)</p>
<p>CIM is designed to address the needs of merchants seeking ways
to:</p>
<p>+ Simplify their PCI DSS compliance</p>
<p>+ Process recurring transactions where the date and/or amount
is</p>
<p>different each month (e.g. utility companies)</p>
<p>+ Process usage charges where customers are only billed when the
service</p>
<p>is used (e.g. pay-as-you-go cell phones)</p>
<p>+ Provide returning customers with the convenience of not having
to</p>
<p>re-enter personal data</p>
<p>With CIM, merchants can create, view, update and delete customer
profiles that include billing, payment and shipping information.
CIM also supports multiple profiles, allowing customers to store
multiple shipping addresses or payment methods.</p>
<p>"Managing transaction data is a significant challenge for
merchants of all sizes," stated <tm:entity><tm:company Domain="Financial" value="roy banks">Roy Banks</tm:company></tm:entity>, <tm:entity><tm:company value="authorize net">Authorize.Net</tm:company></tm:entity> <tm:entity><tm:function FunctionCategory="Board" value="president">president</tm:function></tm:entity>.
"By storing customer data safely on our servers, Authorize.Net can
help our merchants with their PCI compliance, which is one of the
most important issues facing merchants today. The adoption of CIM
should be a priority for any merchant who is concerned about the
secure storage of their customer transaction data. Also, managing
customer information using CIM automates the processing of
recurring transactions and enhances both the convenience and
experience for repeat customers."</p><p>Realty4Cell.com, a service which gives realtors the ability to
transmit information and photos of real estate listings via cell
phone, was one of the first Authorize.Net merchants to implement
CIM in its trial phase. "Real estate agents using Realty4Cell.com
pay a minimum monthly fee and depending on usage, also pay a per
transaction fee," stated <tm:entity><tm:person Family_Name="Gaiser" First_Name="Matthew" Gender="Male" role="Person" value="matthew gaiser">Matthew Gaiser</tm:person></tm:entity>, <tm:entity><tm:company><tm:potential_company role="Who" value="realty4cell.com">Realty4Cell.com</tm:potential_company></tm:company></tm:entity> <tm:entity><tm:function FunctionCategory="Board" role="Has_Function" value="president">president</tm:function></tm:entity>.
"Prior to implementing CIM, we had to obtain credit card data every
time our customers had a usage charge. With CIM, however, all of
that is automated through our connection with Authorize.Net, making
billing a snap. The ability to have multiple and back-up funding
sources in the event that a credit card is declined or expires is
also a tremendous bonus."</p><p>For additional information on Authorize.Net's <tm:entity><tm:function FunctionCategory="Board" value="new customer information manager">new Customer
Information Manager</tm:function></tm:entity>, please visit the CIM product page at <a href="http://www.authorize.net/cim" target="_new">http://www.authorize.net/cim</a>. Authorize.Net merchants
interested in signing up for CIM should contact their reseller or
log into the Merchant Interface and click <tm:entity><tm:function FunctionCategory="Board" value="customer information manager">Customer Information
Manager</tm:function></tm:entity> from the main menu on the left, then follow the
instructions to sign up.</p>
<p>For larger merchants, <tm:entity><tm:company Extension="Corporation" value="cybersource">CyberSource</tm:company></tm:entity> offers similar services
through its <tm:entity><tm:company Extension="Corporation" value="cybersource">CyberSource</tm:company></tm:entity> Advanced solution. For information, please
visit <a href="http://www.cybersource.com/products_and_services/payment_security/" target="_new">http://www.cybersource.com/products_and_services/payment_security/</a></p>
<p>About <tm:entity><tm:company Extension="Corporation" value="cybersource">CyberSource</tm:company></tm:entity></p><p><tm:entity><tm:company Extension="Corporation" value="cybersource">CyberSource</tm:company></tm:entity> Corporation is a leading provider of electronic
payment and risk management solutions. <tm:entity><tm:company Extension="Corporation" value="cybersource">CyberSource</tm:company></tm:entity> solutions enable
electronic payment processing for Web, call center, and POS
environments. <tm:entity><tm:company Extension="Corporation" value="cybersource">CyberSource</tm:company></tm:entity> also offers industry leading risk
management solutions for merchants accepting card-not-present
transactions. CyberSource Professional Services designs,
integrates, and optimizes commerce transaction processing systems.
Over 220,000 businesses use <tm:entity><tm:company Extension="Corporation" value="cybersource">CyberSource</tm:company></tm:entity> solutions, including half
the companies comprising the <tm:entity><tm:stockindex value="dow jones industrial average">Dow Jones Industrial Average</tm:stockindex></tm:entity>. The
company is headquartered in Mountain View, <tm:location><tm:country location_country="United States of America"><tm:place>California</tm:place></tm:country></tm:location>, and has
sales and service offices in <tm:entity><tm:location><tm:country><tm:place>Japan</tm:place></tm:country></tm:location></tm:entity>, the <tm:entity><tm:location><tm:country><tm:place>United Kingdom</tm:place></tm:country></tm:location></tm:entity>, and other
locations in the <tm:entity><tm:location><tm:country><tm:place>United States</tm:place></tm:country></tm:location></tm:entity> including <tm:entity><tm:location><tm:country location_country="Switzerland"><tm:place>Bellevue</tm:place></tm:country></tm:location></tm:entity>, <tm:location><tm:country location_country="United States of America"><tm:place>Washington</tm:place></tm:country></tm:location>and
American Fork, <tm:entity><tm:location><tm:country location_country="United States of America"><tm:place>Utah</tm:place></tm:country></tm:location></tm:entity>. For more information on <tm:entity><tm:company Extension="Corporation" value="cybersource">CyberSource</tm:company></tm:entity> please
visit <a href="http://www.cybersource.com" target="_new">http://www.cybersource.com</a>or email
<tm:entity><tm:email value="info@cybersource.com">info@cybersource.com</tm:email></tm:entity>. For more information on Authorize.Net small
business solutions, please visit <a href="http://www.authorize.net" target="_new">http://www.authorize.net</a>or email
<tm:entity><tm:email value="sales@authorize.net">sales@authorize.net</tm:email></tm:entity>.</p><p>(C) 2007 <tm:entity><tm:company Extension="Corporation" value="cybersource">CyberSource</tm:company></tm:entity> Corporation. All rights reserved.
<tm:entity><tm:company Extension="Corporation" value="cybersource">CyberSource</tm:company></tm:entity> is a registered trademark of <tm:entity><tm:company Extension="Corporation" value="cybersource">CyberSource</tm:company></tm:entity> Corporation in
the <tm:entity><tm:location><tm:country><tm:place>U.S.</tm:place></tm:country></tm:location></tm:entity> and other countries. Authorize.Net is a registered
trademark of <tm:entity><tm:company Extension="Corporation" value="cybersource">CyberSource</tm:company></tm:entity> Corporation in the <tm:entity><tm:location><tm:country><tm:place>U.S.</tm:place></tm:country></tm:location></tm:entity></p></body>
</html>


</doc>

