<doc xmlns:tm="http://www.temis.com/annotations/1.1/">
<metadata>
<aboutcompany value="commlogik"/>
<releaselocation value="pleasanton"/>
<releaselocation value="miami"/>
<data_source value="prnews"/>
<source value="trapeze networks"/>
<processing_date>2008-01-21T17:52:51</processing_date>
<date>2007-12-19T09:00:00</date>
<quote symbol="NASDAQ:JNPR" src-company="juniper networks" company="Juniper Networks, Inc." date="2007-12-19" price="33.76"/><quote symbol="NASDAQ:MSFT" src-company="microsoft" company="Microsoft Corporation" date="2007-12-19" price="34.79"/><quote symbol="NYSE:MOT" src-company="motorola" company="Motorola, Inc." date="2007-12-19" price="16.00"/><quote symbol="NASDAQ:PLCM" src-company="polycom" company="Polycom, Inc." date="2007-12-19" price="26.05"/><quote symbol="NEX:PC.H" src-company="pc" company="Palcan Power Systems, Inc." date="2007-12-19" price=""/></metadata>
<title><tm:entity><tm:company Domain="IT" Extension="Partners" value="trapeze networks">Trapeze Networks</tm:company></tm:entity> Partners With <tm:entity><tm:company Extension="Corporation" value="commlogik">Commlogik</tm:company></tm:entity> Corporation to Deliver Highly Scalable Wireless LAN Solutions in <tm:entity><tm:location><tm:country><tm:place>Latin America</tm:place></tm:country></tm:location></tm:entity> and the <tm:entity><tm:location><tm:country><tm:place>Caribbean</tm:place></tm:country></tm:location></tm:entity></title>
<html>
<head>
<meta name="generator" content="HTML Tidy for Windows (vers 14 February 2006), see www.w3.org"/>
<!-- #BeginEditable "doctitle" -->
<title><tm:entity><tm:company Domain="IT" Extension="Partners" value="trapeze networks">Trapeze Networks</tm:company></tm:entity> Partners With <tm:entity><tm:company Extension="Corporation" value="commlogik">Commlogik</tm:company></tm:entity> Corporation to
Deliver Highly Scalable Wireless LAN Solutions in <tm:entity><tm:location><tm:country><tm:place>Latin America</tm:place></tm:country></tm:location></tm:entity> and
the <tm:entity><tm:location><tm:country><tm:place>Caribbean</tm:place></tm:country></tm:location></tm:entity></title></head>
<body>
<p>Full Smart Mobile(TM) Portfolio Available to Enterprises through
Local</p>
<p>Distributor</p>
<p><tm:entity><tm:location><tm:country location_country="United States of America"><tm:place>MIAMI</tm:place></tm:country></tm:location></tm:entity> and <tm:entity><tm:location><tm:country><tm:place>PLEASANTON</tm:place></tm:country></tm:location></tm:entity>, <tm:entity><tm:location><tm:country location_country="United States of America"><tm:place>Calif.</tm:place></tm:country></tm:location></tm:entity>, <tm:entity><tm:time_expression><tm:relative_time Day="19" Month="Dec." value="dec. 19">Dec. 19</tm:relative_time></tm:time_expression></tm:entity> /PRNewswire/ -- <tm:entity><tm:company Extension="Corporation" value="commlogik">Commlogik</tm:company></tm:entity> Corporation and <tm:entity><tm:company Domain="IT" Extension="Partners" value="trapeze networks">Trapeze Networks</tm:company></tm:entity> announced an agreement that allows
<tm:entity><tm:company Extension="Corporation" value="commlogik">Commlogik</tm:company></tm:entity> to distribute the entire line of Trapeze Networks'
mobility products, including its Mobility Exchange(TM) <tm:entity><tm:function FunctionCategory="Other" value="controllers">controllers</tm:function></tm:entity>,
Mobility Point(TM) access points and Ring Master(R) network
management tools to resellers in <tm:entity><tm:location><tm:country><tm:place>Latin America</tm:place></tm:country></tm:location></tm:entity> and the
<tm:entity><tm:location><tm:country><tm:place>Caribbean</tm:place></tm:country></tm:location></tm:entity>.</p><p>By adding the Trapeze Networks product family to its mobility
portfolio, <tm:entity><tm:company Extension="Corporation" value="commlogik">Commlogik</tm:company></tm:entity> can combine and scale their mobile networking
solution with a range of products offered by its other leading
vendor partners, including SpectraLink by <tm:entity><tm:company value="polycom">Polycom</tm:company></tm:entity> and <tm:entity><tm:company Domain="IT" value="microsoft">Microsoft</tm:company></tm:entity>'s
Unified Communication platform.</p><p>"Just about any sized company in any industry values wireless
networking as a business-critical element of the IT
infrastructure," said <tm:entity><tm:person Family_Name="Victoria" First_Name="Francisco" Gender="Male" role="Person" value="francisco victoria">Francisco Victoria</tm:person></tm:entity>, <tm:entity><tm:function FunctionCategory="Board" role="Has_Function" value="chief executive officer">chief executive officer</tm:function></tm:entity> of <tm:entity><tm:company><tm:potential_company role="Who" value="commlogik">Commlogik</tm:potential_company></tm:company></tm:entity>. "Trapeze Smart Mobile complements our existing
product portfolio because it enables organizations to deploy
scalable enterprise-class Wi-Fi networks, regardless of physical
location or campus size, meeting the needs of the most demanding
data and voice applications, while providing unlimited reach
indoors and outdoors."</p><p>"In addition to its strong ties with enterprises in the region,
<tm:entity><tm:company Extension="Corporation" value="commlogik">Commlogik</tm:company></tm:entity> brings a critical understanding of solutions-based
selling, along with the kind of programs and marketing tools that
help resellers succeed in identifying and exploiting new
opportunities," said <tm:entity><tm:person Family_Name="Bell" First_Name="James" Gender="Male" role="Person" value="james bell">James Bell</tm:person></tm:entity>, <tm:entity><tm:function FunctionCategory="Board" role="Has_Function" value="director">director</tm:function></tm:entity> of <tm:entity><tm:location><tm:country><tm:place>Caribbean</tm:place></tm:country></tm:location></tm:entity> and <tm:entity><tm:location><tm:country><tm:place>Latin
America</tm:place></tm:country></tm:location></tm:entity> sales for Trapeze Networks. "<tm:entity><tm:time_expression><tm:exact_time Year="2007" value="in 2007">In 2007</tm:exact_time></tm:time_expression></tm:entity>, Trapeze experienced
significant growth in <tm:entity><tm:location><tm:country><tm:place>North America</tm:place></tm:country></tm:location></tm:entity>, <tm:entity><tm:location><tm:country><tm:place>Europe</tm:place></tm:country></tm:location></tm:entity>, the <tm:entity><tm:location><tm:country><tm:place>Middle East</tm:place></tm:country></tm:location></tm:entity> and
<tm:entity><tm:location><tm:country><tm:place>Asia</tm:place></tm:country></tm:location></tm:entity>, and our agreement with Commlogik provides an important avenue
to grow our presence in the Latin American and Caribbean
markets."</p><p>About <tm:entity><tm:company Extension="Corporation" value="commlogik">Commlogik</tm:company></tm:entity></p><p><tm:entity><tm:company Extension="Corporation" value="commlogik">Commlogik</tm:company></tm:entity> Corporation is a value-added distributor (<tm:entity><tm:company value="vad">VAD</tm:company></tm:entity>) for
<tm:entity><tm:location><tm:country><tm:place>Latin America</tm:place></tm:country></tm:location></tm:entity> with headquarters in <tm:entity><tm:location><tm:country location_country="United States of America"><tm:place>Miami</tm:place></tm:country></tm:location></tm:entity>/FL, and local offices
<tm:entity><tm:location><tm:country><tm:place>Brazil</tm:place></tm:country></tm:location></tm:entity>, <tm:entity><tm:location><tm:country><tm:place>Argentina</tm:place></tm:country></tm:location></tm:entity>, <tm:entity><tm:location><tm:country><tm:place>Colombia</tm:place></tm:country></tm:location></tm:entity> and <tm:entity><tm:location><tm:country><tm:place>Mexico</tm:place></tm:country></tm:location></tm:entity>, also attending to
<tm:entity><tm:location><tm:country><tm:place>Venezuela</tm:place></tm:country></tm:location></tm:entity>, <tm:entity><tm:location><tm:country><tm:place>Ecuador</tm:place></tm:country></tm:location></tm:entity>, <tm:entity><tm:location><tm:country><tm:place>Chile</tm:place></tm:country></tm:location></tm:entity>, <tm:entity><tm:location><tm:country><tm:place>Peru</tm:place></tm:country></tm:location></tm:entity>, Central <tm:entity><tm:location><tm:country><tm:place>America</tm:place></tm:country></tm:location></tm:entity> and the <tm:entity><tm:location><tm:country><tm:place>Caribbean</tm:place></tm:country></tm:location></tm:entity>.
Services provided are technical support, training, technical
seminars, warranty services, hardware repair/exchanges, and
<tm:entity><tm:time_expression><tm:relative_time value="same-day">same-day</tm:relative_time></tm:time_expression></tm:entity> shipping on most products. <tm:entity><tm:company Extension="Corporation" value="commlogik">Commlogik</tm:company></tm:entity> also provides
consulting services for projects and implementations, digital
telephony, contact and call centers, <tm:entity><tm:company value="pc">PC</tm:company></tm:entity> based PBX systems,
corporate telephony communications solutions and VoIP. For more
information, visit <a href="http://www.commlogik.com" target="_new">http://www.commlogik.com</a>.</p><p>About Trapeze Networks</p>
<p>Trapeze Networks delivers Smart Mobile(TM) -- a ground-breaking
approach to wireless networking, enabling organizations to deploy
massively scalable mobile applications that leverage their existing
infrastructure. Smart Mobile achieves this breakthrough by
introducing intelligent switching, the first and only WLAN
architecture that optimizes network traffic based on the underlying
application. With Smart Mobile intelligent switching, organizations
can support the most demanding next generation wireless
applications such as toll-quality voice over WLAN for thousands of
users, seamless indoor/outdoor mobility, and high-speed networks
based on 802.11n -- all without requiring expensive forklift
upgrades. <tm:entity><tm:company><tm:potential_company role="Who" value="trapeze networks">Trapeze Networks</tm:potential_company></tm:company></tm:entity> is well-capitalized, with strategic
investments from networking industry leaders including <tm:entity><tm:company Domain="IT" value="juniper networks">Juniper
Networks</tm:company></tm:entity>, <tm:entity><tm:company Domain="IT" value="motorola">Motorola</tm:company></tm:entity>, and <tm:entity><tm:company Domain="IT" value="nortel networks">Nortel Networks</tm:company></tm:entity>. Founded <tm:entity><tm:time_expression><tm:exact_time Month="March" Year="2002" value="in march 2002">in March 2002</tm:exact_time></tm:time_expression></tm:entity>,
Trapeze is headquartered in Pleasanton, <tm:entity><tm:location><tm:country location_country="United States of America"><tm:place>California</tm:place></tm:country></tm:location></tm:entity>, with operations
in <tm:entity><tm:location><tm:country><tm:place>Europe</tm:place></tm:country></tm:location></tm:entity>, <tm:entity><tm:location><tm:country><tm:place>Japan</tm:place></tm:country></tm:location></tm:entity>, and Asia-Pacific. For more information, please
visit <a href="http://www.trapezenetworks.com" target="_new">http://www.trapezenetworks.com</a>.</p></body>
</html>


</doc>

