<doc xmlns:tm="http://www.temis.com/annotations/1.1/">
<metadata><aboutcompany value="autodesk"/><releaselocation value="san rafael"/><data_source value="prnews"/><source value="autodesk, inc."/><processing_date>2008-01-21T17:52:09</processing_date><date>2007-12-19T09:30:00</date><quote symbol="NYSE:FO" src-company="fortune" company="Fortune Brands, Inc." date="2007-12-19" price="73.36"/><quote symbol="NASDAQ:ADSK" src-company="autodesk" company="Autodesk, Inc." date="2007-12-19" price="49.68"/></metadata>
<title><tm:entity><tm:company Domain="IT" Extension="Consulting, Inc" value="autodesk">Autodesk</tm:company></tm:entity> Technology Helps Beowulf Battle Believably in 3D
</title>
<html>
<head>
<meta name="generator" content="HTML Tidy for Windows (vers 14 February 2006), see www.w3.org"/>
<!-- #BeginEditable "doctitle" -->
<title><tm:entity><tm:company Domain="IT" Extension="Consulting, Inc" value="autodesk">Autodesk</tm:company></tm:entity> Technology Helps Beowulf Battle Believably in
3D</title>
</head>
<body>
<p>Stereoscopic Film Created With Maya and <tm:entity><tm:company Domain="IT" value="motionbuilder software">MotionBuilder
Software</tm:company></tm:entity></p><p><tm:entity><tm:location><tm:country location_country="Argentina"><tm:place>SAN RAFAEL</tm:place></tm:country></tm:location></tm:entity>, <tm:location><tm:country location_country="United States of America"><tm:place>Calif.</tm:place></tm:country></tm:location>, <tm:entity><tm:time_expression><tm:relative_time Day="19" Month="Dec." value="dec. 19">Dec. 19</tm:relative_time></tm:time_expression></tm:entity> /PRNewswire-FirstCall/ -- <tm:entity><tm:company Domain="IT" Extension="Consulting, Inc" value="autodesk">Autodesk</tm:company></tm:entity>,
Inc. (<tm:entity><tm:stockindex value="nasdaq">Nasdaq</tm:stockindex></tm:entity>: <a class="small" href="http://studio-5.financialcontent.com/prnews?Page=Quote&amp;Ticker=ADSK" onclick="var s=s_gi(s_account); var hd1 = document.getElementById('headline'); s.tl(this,'o',getLinkName('Company Sanpshot'));">ADSK</a>) today announced that <tm:entity><tm:company Domain="Media" value="sony pictures imageworks">Sony Pictures Imageworks</tm:company></tm:entity> used
<tm:entity><tm:company Domain="IT" Extension="Consulting, Inc" value="autodesk">Autodesk</tm:company></tm:entity> Maya and <tm:entity><tm:company Domain="IT" value="autodesk motionbuilder">Autodesk MotionBuilder</tm:company></tm:entity> software to shape hundreds
of 3D animation and visual effects shots for <tm:entity><tm:company><tm:potential_company role="Who" value="beowulf">Beowulf</tm:potential_company></tm:company></tm:entity>, <tm:entity><tm:function FunctionCategory="Board" role="Has_Function" value="director">director</tm:function></tm:entity> <tm:entity><tm:person Family_Name="Zemeckis" First_Name="Robert" Gender="Male" role="Person" value="robert zemeckis">Robert Zemeckis</tm:person></tm:entity>' new stereoscopic film. With the help of <tm:entity><tm:company Domain="IT" Extension="Consulting, Inc" value="autodesk">Autodesk</tm:company></tm:entity> technology, <tm:entity><tm:company Domain="Media" value="sony pictures imageworks">Sony Pictures Imageworks</tm:company></tm:entity> has taken the worlds of
performance capture and 3D stereoscopic imaging to an exciting new
level in <tm:entity><tm:company><tm:potential_company role="Who" value="beowulf">Beowulf</tm:potential_company></tm:company></tm:entity>.</p><p><tm:entity><tm:company Domain="Media" value="sony pictures imageworks">Sony Pictures Imageworks</tm:company></tm:entity> and an on-site <tm:entity><tm:company Domain="IT" Extension="Consulting, Inc" value="autodesk">Autodesk</tm:company></tm:entity> Consulting team
customized the Maya interface so that a wider range of stereoscopic
controls could be manipulated through the software. This interface
enabled the <tm:entity><tm:company><tm:potential_company role="Who" value="beowulf">Beowulf</tm:potential_company></tm:company></tm:entity> team, including <tm:entity><tm:person Family_Name="Zemeckis" First_Name="Robert" Gender="Male" role="Person" value="robert zemeckis">Zemeckis</tm:person></tm:entity>, to view and make
real-time changes to the film. <tm:entity><tm:company Domain="Media" value="sony pictures imageworks">Sony Pictures Imageworks</tm:company></tm:entity>' Buzz <tm:entity><tm:company Domain="UnclassifiedCompany" value="hays">Hays</tm:company></tm:entity>,
senior visual effects producer, said, "With Maya and the
enhancements <tm:entity><tm:company Domain="IT" Extension="Consulting, Inc" value="autodesk">Autodesk</tm:company></tm:entity>'s Consulting team added to it, we had an
interface that let us interactively adjust the stereo depth and
layout of sequences in <tm:entity><tm:company><tm:potential_company role="Who" value="beowulf">Beowulf</tm:potential_company></tm:company></tm:entity>. This provided a whole new level of
artistic control. It was a critical step in delivering the best
possible 3D experience to viewers."</p><p>Over an intensive two-and-a-half years, more than 250 artists
contributed to the creation of human and mythical characters
portrayed in the film. The artists relied on Maya for all animation
shots, while MotionBuilder was used for all motion editing and
blending.</p>
<p>Creating the Story with <tm:entity><tm:company Domain="IT" value="autodesk motionbuilder">Autodesk MotionBuilder</tm:company></tm:entity></p><p><tm:entity><tm:person Family_Name="Turner" First_Name="Corey" Gender="Undefined Gender" value="corey turner">Corey Turner</tm:person></tm:entity>, <tm:entity><tm:company Domain="Media" value="sony pictures imageworks">Sony Pictures Imageworks</tm:company></tm:entity>' technical animation
<tm:entity><tm:function FunctionCategory="Other" value="supervisor">supervisor</tm:function></tm:entity>, said, "MotionBuilder has been a part of our pipeline
since we started doing performance capture. With every project we
work on, we build on what we learned on the previous shows. On
<tm:entity><tm:company><tm:potential_company role="Who" value="beowulf">Beowulf</tm:potential_company></tm:company></tm:entity>, we pushed the system harder than ever before." <tm:entity><tm:person Family_Name="Turner" First_Name="Corey" Gender="Undefined Gender" value="corey turner">Turner</tm:person></tm:entity> explained that the MotionBuilder software's capabilities were
extended through near-time integration (NTI) and <tm:entity><tm:function FunctionCategory="Board" value="director">director</tm:function></tm:entity>'s layout
(DLO).</p><p>"NTI is the relatively early process of getting motion data onto
characters, and getting those characters into their correct
position within the environment," <tm:entity><tm:person Family_Name="Turner" First_Name="Corey" Gender="Undefined Gender" value="corey turner">Turner</tm:person></tm:entity> said. "We began NTI while
the <tm:entity><tm:function FunctionCategory="Board" value="director">director</tm:function></tm:entity> was still capturing data, but he wanted to see all he
could before setting up his shots. We'd never really pulled any
textures or lighting into MotionBuilder before, but that was all
part of the job on <tm:entity><tm:company><tm:potential_company role="Who" value="beowulf">Beowulf</tm:potential_company></tm:company></tm:entity>. All characters were textured as they
would be in a high-end video game. We lit all our scenes, used
particle effects for flames, shadow maps, normal maps -- anything
we could to help the <tm:entity><tm:function FunctionCategory="Board" value="director">director</tm:function></tm:entity> visualize the mood of the scenes. The
scenes were then saved and passed on to DLO."</p>
<p><tm:entity><tm:person Family_Name="Turner" First_Name="Corey" Gender="Undefined Gender" value="corey turner">Turner</tm:person></tm:entity> continued, "The benefit to this system is that you can
take the best parts of each live take, combine them together, and
edit them using the MotionBuilder story tool, thereby giving the
<tm:entity><tm:function FunctionCategory="Board" value="director">director</tm:function></tm:entity> one perfect take. All the layout camera work is done post
capture, and the <tm:entity><tm:function FunctionCategory="Board" value="director">director</tm:function></tm:entity> can experiment until he loves it. With
MotionBuilder, he can do it in real time, viewing and changing his
camera on-the-fly."</p>
<p>Creating Realistic Physiques with <tm:entity><tm:company Domain="IT" Extension="Consulting, Inc" value="autodesk">Autodesk</tm:company></tm:entity> Maya</p>
<p>In order to give the lead character a realistic,
non-cartoon-like physique, complex muscle systems were developed.
The <tm:entity><tm:company Domain="IT" Extension="Consulting, Inc" value="autodesk">Autodesk</tm:company></tm:entity> Consulting team provided <tm:entity><tm:company Domain="Media" value="sony pictures imageworks">Sony Pictures Imageworks</tm:company></tm:entity> with
custom features, interface extensions and on-site support services
to aid in the implementation of production-based tools. <tm:entity><tm:person Family_Name="Mcdonald" First_Name="Kenn" value="kenn mcdonald">Kenn
McDonald</tm:person></tm:entity>, animation <tm:entity><tm:function FunctionCategory="Other" value="supervisor">supervisor</tm:function></tm:entity> at <tm:entity><tm:company Domain="Media" value="sony pictures imageworks">Sony Pictures Imageworks</tm:company></tm:entity> said,
"All of our shots were set up in Maya. <tm:entity><tm:company><tm:potential_company role="Who" value="beowulf">Beowulf</tm:potential_company></tm:company></tm:entity> has a habit of
removing all his clothes when he fights. We were able to create
elaborate, realistic musculature for him, giving him as much
definition and sinew as we could without making him look like a
bodybuilder."</p>
<p><tm:entity><tm:person Family_Name="Mcdonald" First_Name="Kenn" value="kenn mcdonald">McDonald</tm:person></tm:entity> added, "Although Grendel was based on performance
capture, the character also required a lot of keyframing in Maya.
In order for Grendel, a 12-foot-tall creature, to match <tm:entity><tm:person Family_Name="Glover" First_Name="Crispin" Gender="Male" value="crispin glover">Crispin
Glover</tm:person></tm:entity>'s performance, we had to scale a lot of curves, add weight,
and adjust timing to create the feeling of an enormous monster. The
fire-spewing dragon was also completely keyframed in Maya."</p><p>Facial Animation with <tm:entity><tm:company Domain="IT" Extension="Consulting, Inc" value="autodesk">Autodesk</tm:company></tm:entity> Maya</p>
<p>Elaborate facial rigs were created to handle detail in the
complex expressions of male, female and monster faces. <tm:entity><tm:person Family_Name="Mcdonald" First_Name="Kenn" value="kenn mcdonald">McDonald</tm:person></tm:entity> recounted, "We wrote custom tools for our facial controls, and each
of our characters eventually had as many as 300 facial controls for
us to manipulate. Right up until the very end, we were adding new
facial shapes and new levels of control. In the end, our job was
all about getting the best realization of each actor's performance.
Maya gave us the ability to animate these characters, and the
ability to write plug-ins and custom tools for Maya was an integral
part of that."</p>
<p><tm:entity><tm:person Family_Name="Zemeckis" First_Name="Robert" Gender="Male" value="robert zemeckis">Robert Zemeckis</tm:person></tm:entity>' <tm:entity><tm:company><tm:potential_company role="Who" value="beowulf">Beowulf</tm:potential_company></tm:company></tm:entity> opened in theaters everywhere <tm:entity><tm:time_expression><tm:exact_time value="2007">on
November 16, 2007</tm:exact_time></tm:time_expression></tm:entity>.</p><p>About <tm:entity><tm:company Domain="IT" Extension="Consulting, Inc" value="autodesk">Autodesk</tm:company></tm:entity></p><p><tm:entity><tm:company Domain="IT" Extension="Consulting, Inc" value="autodesk">Autodesk</tm:company></tm:entity>, Inc. is the world leader in 2D and 3D design software
for the manufacturing, building and construction, and media and
entertainment markets. Since its introduction of AutoCAD software
in 1982, Autodesk has developed the broadest portfolio of
state-of-the-art digital prototyping solutions to help customers
experience their ideas before they are real. <tm:entity><tm:company value="fortune">Fortune</tm:company></tm:entity> 1000 companies
rely on <tm:entity><tm:company Domain="IT" Extension="Consulting, Inc" value="autodesk">Autodesk</tm:company></tm:entity> for the tools to visualize, simulate and analyze
real-world performance early in the design process to save time and
money, enhance quality and foster innovation. For additional
information about <tm:entity><tm:company Domain="IT" Extension="Consulting, Inc" value="autodesk">Autodesk</tm:company></tm:entity>, visit <a href="http://www.autodesk.com" target="_new">http://www.autodesk.com</a>.</p><p><tm:entity><tm:company Domain="IT" Extension="Consulting, Inc" value="autodesk">Autodesk</tm:company></tm:entity>, <tm:entity><tm:company value="autocad">AutoCAD</tm:company></tm:entity>, Maya and MotionBuilder are registered
trademarks or trademarks of <tm:entity><tm:company Domain="IT" Extension="Consulting, Inc" value="autodesk">Autodesk</tm:company></tm:entity>, Inc. in the <tm:entity><tm:location><tm:country><tm:place>USA</tm:place></tm:country></tm:location></tm:entity> and/or other
countries. All other brand names, product names or trademarks
belong to their respective holders. <tm:entity><tm:company Domain="IT" Extension="Consulting, Inc" value="autodesk">Autodesk</tm:company></tm:entity> reserves the right to
alter product offerings and specifications at any time without
notice, and is not responsible for typographical or graphical
errors that may appear in this document.<br/></p>
<p>(Logo: <a href="http://www.newscom.com/cgi-bin/prnh/20050415/SFF034LOGO" target="_new">http://www.newscom.com/cgi-bin/prnh/20050415/SFF034LOGO</a>)</p>
<p>Contact: Nicolina Servello, 514 954 2838; <tm:entity><tm:person Family_Name="Raz" First_Name="Karen" Gender="Female" value="karen raz">Karen Raz</tm:person></tm:entity>, 310 450
1482</p><p>Email: <a href="mailto:nicolina.servell@autodesk.com"><tm:entity><tm:email value="nicolina.servell@autodesk.com">nicolina.servell@autodesk.com</tm:email></tm:entity></a>;
<a href="mailto:karen@razpr.com"><tm:entity><tm:email value="karen@razpr.com">karen@razpr.com</tm:email></tm:entity></a></p></body>
</html>


</doc>

