<doc xmlns:tm="http://www.temis.com/annotations/1.1/">
<metadata><releaselocation value="amelia island"/><data_source value="prnews"/><source value="investing systems, inc."/><processing_date>2008-01-21T18:14:43</processing_date><date>2007-12-16T01:14:00</date></metadata>
<title>Stock Picking Software from Investing Systems Delivers Spectacular One-Day Gains for Short-Term Traders
</title>
<html>
<head>
<meta name="generator" content="HTML Tidy for Windows (vers 14 February 2006), see www.w3.org"/>
<!-- #BeginEditable "doctitle" -->
<title>Stock Picking Software from Investing Systems Delivers
Spectacular One-Day Gains for Short-Term Traders</title>
</head>
<body>
<p>AMELIA ISLAND, Fla., <tm:entity><tm:time_expression><tm:relative_time Day="16" Month="Dec." value="dec. 16">Dec. 16</tm:relative_time></tm:time_expression></tm:entity> /PRNewswire/ -- Investing Systems
announced today the results from the Stock Picker RT software.</p>
<p>"The <tm:entity><tm:function FunctionCategory="Other" value="central bankers">central bankers</tm:function></tm:entity> brought a lot of volatility to the markets
<tm:entity><tm:time_expression><tm:relative_time value="this week">this week</tm:relative_time></tm:time_expression></tm:entity>," said <tm:entity><tm:person Family_Name="Mckinley" First_Name="William" Gender="Male" role="Person" value="william mckinley">William McKinley</tm:person></tm:entity>, <tm:entity><tm:function FunctionCategory="Board" role="Has_Function" value="president of investing systems">President of Investing Systems</tm:function></tm:entity>.
"The software picked some spectacular winners through all the
turmoil and Friday's biggest gainer was up more than 16% in just
one session."</p><p>The momentum scan that powers the Stock Picker RT produces a
short list of stocks to watch every trading day as the market
opens. The picks are based on growth and momentum as identified by
technical and fundamental criteria.</p>
<p>"We saw some radical swings in the major indices," <tm:entity><tm:person Family_Name="Mckinley" First_Name="William" Gender="Male" role="Person" value="william mckinley">McKinley</tm:person></tm:entity> said. "Volatile markets always create some great trading
opportunities for short-term trader."</p>
<p>The Stock Picker RT, which is delivered on CD-ROM, will scan the
market for stock picks with a single click or can be set to scan
automatically at intervals throughout the trading day.</p>
<p>The latest version of the Stock Picker RT is self-updating so
users will never have to manually upgrade and all market data is
included in the price.</p>
<p><tm:entity><tm:company Domain="IT" Extension="Inc." role="Who" value="investing systems">Investing Systems</tm:company></tm:entity> Inc. manages a network of websites focused on
the benefits of disciplined systematic investing. Customers in more
than 70 countries use Investing Systems products and services to
become better, more disciplined investors.</p>
<p>The Stock Picker RT has been the best selling stock picking
software <tm:entity><tm:time_expression><tm:relative_time value="for the last two years">for the last two years</tm:relative_time></tm:time_expression></tm:entity>. Normally about <tm:entity><tm:money_expression><tm:money Amount="600.00" Currency="Dollar" value="$600.00">$600.00</tm:money></tm:money_expression></tm:entity> per year,
Investing Systems is now offering a buy one give one free special
for only $279.00.</p>
<p>"It is getting tougher to be a buy and hold investor," <tm:entity><tm:person Family_Name="Mckinley" First_Name="William" Gender="Male" role="Person" value="william mckinley">McKinley</tm:person></tm:entity> said. "However, there is a lot of money to be made trading markets
like this. Our users tell us that picking winners in the stock
market is as easy as point and click."</p>
<p>For additional information about the Stock Picker RT software
visit:</p>
<p><a href="http://www.Stock-Picker-RT.com" target="_new">http://www.Stock-Picker-RT.com</a></p></body>
</html>


</doc>

