<doc xmlns:tm="http://www.temis.com/annotations/1.1/">
<metadata>
<aboutcompany value="demand management, inc."/>
<releaselocation value="st. louis"/>
<data_source value="prnews"/>
<source value="demand management, inc."/>
<processing_date>2008-01-21T18:20:44</processing_date>
<date>2007-12-12T11:46:00</date>
<quote symbol="NASDAQ:LGTY" src-company="logility" company="Logility, Inc." date="2007-12-12" price="14.32"/><quote symbol="LON:CPG" src-company="cpg" company="Compass Group plc" date="2007-12-12" price=""/></metadata>
<title><tm:entity><tm:company Extension="Inc" value="demand management">Demand Management</tm:company></tm:entity>, Inc. Awarded Food Logistics Top 100 (<tm:entity><tm:money_expression><tm:money Amount="100" Currency="Florin" value="fl100">FL100</tm:money></tm:money_expression></tm:entity>)
</title><html>
<head>
<meta name="generator" content="HTML Tidy for Windows (vers 14 February 2006), see www.w3.org"/>
<!-- #BeginEditable "doctitle" -->
<title><tm:entity><tm:company Extension="Inc" value="demand management">Demand Management</tm:company></tm:entity>, Inc. Awarded Food Logistics Top 100
(<tm:entity><tm:money_expression><tm:money Amount="100" Currency="Florin" value="fl100">FL100</tm:money></tm:money_expression></tm:entity>)</title></head>
<body>
<p>Demand Solutions recognized as a top technology provider for the
food,</p>
<p>beverage and consumer packaged goods industries</p>
<p>ST. LOUIS, <tm:entity><tm:time_expression><tm:relative_time Day="12" Month="Dec." value="dec. 12">Dec. 12</tm:relative_time></tm:time_expression></tm:entity> /PRNewswire-FirstCall/ -- <tm:entity><tm:company Extension="Inc" value="demand management">Demand Management</tm:company></tm:entity>,
Inc., (<tm:entity><tm:companyticker value="dmi">DMI</tm:companyticker></tm:entity>) a global resource for managing the supply chain, today
announced it has been named to the prestigious Food Logistics
magazine <tm:entity><tm:money_expression><tm:money Amount="100" Currency="Florin" value="fl100">FL100</tm:money></tm:money_expression></tm:entity>, a listing of the top 100 technology providers to
the food, beverage and consumer packaged goods industries. The
<tm:entity><tm:money_expression><tm:money Amount="100" Currency="Florin" value="fl100">FL100</tm:money></tm:money_expression></tm:entity> is printed as the cover story <tm:entity><tm:time_expression><tm:relative_time Month="November" value="for the november">for the November</tm:relative_time></tm:time_expression></tm:entity>/<tm:entity><tm:time_expression><tm:exact_time Month="December" Year="2007" value="december 2007">December 2007</tm:exact_time></tm:time_expression></tm:entity> issue of Food Logistics and is featured on the <a href="http://www.foodlogistics.com" target="_new">http://www.foodlogistics.com</a> website.</p>
<p>The <tm:entity><tm:money_expression><tm:money Amount="100" Currency="Florin" value="fl100">FL100</tm:money></tm:money_expression></tm:entity> are technology solution and service providers that are
helping food, beverage and <tm:entity><tm:company role="Who" value="cpg">CPG</tm:company></tm:entity> companies gain a competitive
logistical advantage. Food Logistics' goal with the "<tm:entity><tm:money_expression><tm:money Amount="100" Currency="Florin" value="fl100">FL100</tm:money></tm:money_expression></tm:entity>" is to
highlight a broad range of solutions and services targeted at the
food industry, addressing the needs of companies of varying sizes
and assisting in the transformation of the diverse mix of the
functions that make up the food supply chain.</p><p>"With more than 200 customers in the food, beverage and CPG
industries, we understand the supply chain challenges companies
face," said <tm:entity><tm:person Family_Name="Harrison" First_Name="Bill" Gender="Male" role="Person" value="bill harrison">Bill Harrison</tm:person></tm:entity>, <tm:entity><tm:function FunctionCategory="Board" role="Has_Function" value="president of demand management">President of Demand Management</tm:function></tm:entity>, Inc.
"The Demand Solutions(R) product suite decreases obsolescence,
reduces costs and increases customer satisfaction - all at an
affordable price for small and midsize enterprises."</p><p>"The <tm:entity><tm:function FunctionCategory="Board" value="corporate executives and on-site managers">corporate executives and on-site managers</tm:function></tm:entity> who rely on the
magazine want to know what solutions are available to help them
reach their business goals. The <tm:entity><tm:money_expression><tm:money Amount="100" Currency="Florin" value="fl100">FL100</tm:money></tm:money_expression></tm:entity> is a resource of solution
providers that cater to the food industry," said <tm:entity><tm:person Family_Name="Doherty" First_Name="Katherine" Gender="Female" value="katherine doherty">Katherine Doherty</tm:person></tm:entity>,
editor of Food Logistics. "These companies offer products and
services that specifically focus on the unique needs of the
industry," continued <tm:entity><tm:person Family_Name="Doherty" First_Name="Katherine" Gender="Female" value="katherine doherty">Doherty</tm:person></tm:entity>.</p><p>About <tm:entity><tm:company Extension="Inc" value="demand management">Demand Management</tm:company></tm:entity>, Inc.</p><p><tm:entity><tm:company Extension="Inc" value="demand management">Demand Management</tm:company></tm:entity>, Inc. (<tm:entity><tm:companyticker value="dmi">DMI</tm:companyticker></tm:entity>) is a global resource for software,
support, services and training for maximizing profits in
manufacturing, distribution and retail operations. More global
supply chains depend on <tm:entity><tm:companyticker value="dmi">DMI</tm:companyticker></tm:entity>'s Demand Solutions than any other
system for forecasting, demand planning and point-of- sale
analysis. For more information on <tm:entity><tm:companyticker value="dmi">DMI</tm:companyticker></tm:entity>, visit <tm:entity><tm:company value="demandsolutions">demandsolutions.com</tm:company></tm:entity>.
Demand Management is a wholly owned subsidiary of <tm:entity><tm:company Extension="Inc" value="logility">Logility</tm:company></tm:entity>, Inc.
(<tm:entity><tm:stockindex value="nasdaq">Nasdaq</tm:stockindex></tm:entity>: <a class="small" href="http://studio-5.financialcontent.com/prnews?Page=Quote&amp;Ticker=LGTY" onclick="var s=s_gi(s_account); var hd1 = document.getElementById('headline'); s.tl(this,'o',getLinkName('Company Sanpshot'));">LGTY</a>), which is a majority owned subsidiary of American
<tm:entity><tm:company value="software">Software</tm:company></tm:entity>(<tm:entity><tm:stockindex value="nasdaq">Nasdaq</tm:stockindex></tm:entity>: <a class="small" href="http://studio-5.financialcontent.com/prnews?Page=Quote&amp;Ticker=AMSWA" onclick="var s=s_gi(s_account); var hd1 = document.getElementById('headline'); s.tl(this,'o',getLinkName('Company Sanpshot'));">AMSWA</a>).</p>
<p>Forward-Looking Statements This press release contains
forward-looking statements that are subject to substantial risks
and uncertainties. There are a number of factors that could cause
actual results to differ materially from those anticipated by
statements made herein. These factors include, but are not limited
to, changes in general economic conditions; technology and the
market for the Company's products and services including economic
conditions within the e-commerce markets; the timely availability
and market acceptance of these products and services; the effect of
competitive products and pricing; the uncertainty of the viability
and effectiveness of strategic alliances; and the irregular pattern
of the Company's revenues. For further information about risks the
Company could experience as well as other information, please refer
to the Company's Form 10-K <tm:entity><tm:time_expression><tm:duration To="April 30 , 2007" value="for the year ended april 30 , 2007">for the year ended April 30, 2007</tm:duration></tm:time_expression></tm:entity> and
other reports and documents subsequently filed with the Securities
and <tm:entity><tm:organisation value="exchange commission">Exchange Commission</tm:organisation></tm:entity>. For more information about risks the
Company could face as well as other information, contact <tm:entity><tm:person Family_Name="C" First_Name="Vincent" role="Person" value="vincent c">Vincent C.</tm:person></tm:entity> <tm:entity><tm:company><tm:potential_company role="Who" value="klinges">Klinges</tm:potential_company></tm:company></tm:entity>, <tm:entity><tm:function FunctionCategory="Board" role="Has_Function" value="chief financial officer">Chief Financial Officer</tm:function></tm:entity>, <tm:entity><tm:company Extension="Inc" value="logility">Logility</tm:company></tm:entity>, Inc., 470 East Paces
Ferry Rd., Atlanta, GA 30305, <tm:entity><tm:phone_number value="( 404 ) 261-9777">(404) 261-9777</tm:phone_number></tm:entity>. FAX: <tm:entity><tm:fax_number value="( 404 ) 264-5206">(404) 264-5206</tm:fax_number></tm:entity> INTERNET: <a href="HTTP://www.logility.com" target="_new">HTTP://www.logility.com</a>or E-mail
<tm:entity><tm:email value="asklogility@logility.com">asklogility@logility.com</tm:email></tm:entity>.</p><p>All trademarks are properties of their <tm:entity><tm:function FunctionCategory="Board" value="respective owners">respective owners</tm:function></tm:entity>.</p><p>About Food Logistics</p>
<p>Food Logistics is the only publication exclusively dedicated to
covering the movement of product and information throughout all
channels of the supply chain-from farm to fork. Food Logistics
serves the information needs of food, beverage and consumer
packaged goods <tm:entity><tm:function FunctionCategory="Board" value="executives">executives</tm:function></tm:entity> involved in warehousing, transportation
and information technology, as well as third-party and refrigerated
service providers. Through our print and online products, we
provide news, trends and best practices that help more than 20,000
grocery and foodservice suppliers, distributors and retailers make
better business decisions. On the web at <a href="http://www.foodlogistics.com" target="_new">http://www.foodlogistics.com</a>.</p>
</body>
</html>


</doc>

