<doc xmlns:tm="http://www.temis.com/annotations/1.1/">
<metadata><aboutcompany value="benefitfocus"/><releaselocation value="charleston"/><data_source value="prnews"/><source value="benefitfocus"/><processing_date>2008-01-21T18:11:48</processing_date><date>2007-12-17T11:15:00</date><quote symbol="OTC:SKBY" src-company="health related media" company="Sickbay Health Media Inc." date="2007-12-17" price=""/></metadata>
<title>Benefitfocus(R) Unwraps First-of-Its-Kind <tm:entity><tm:company Domain="Media" value="healthcare media">Healthcare Media</tm:company></tm:entity> Studio
</title>
<html>
<head>
<meta name="generator" content="HTML Tidy for Windows (vers 14 February 2006), see www.w3.org"/>
<!-- #BeginEditable "doctitle" -->
<title>Benefitfocus(R) Unwraps First-of-Its-Kind <tm:entity><tm:company Domain="Media" value="healthcare media">Healthcare Media</tm:company></tm:entity> Studio</title>
</head>
<body>
<p>Studio to Produce Dynamic <tm:entity><tm:company Domain="Media" value="health related media">Health-Related Media</tm:company></tm:entity> to Educate
Consumers on the</p>
<p>Complexities of Healthcare</p>
<p><tm:entity><tm:company Extension="S C" value="charleston">CHARLESTON</tm:company></tm:entity>, S.C., <tm:entity><tm:time_expression><tm:relative_time Day="17" Month="Dec." value="dec. 17">Dec. 17</tm:relative_time></tm:time_expression></tm:entity> /PRNewswire/ -- <tm:entity><tm:company value="benefitfocus">Benefitfocus</tm:company></tm:entity>, the
leader in software and services for the healthcare benefits market,
today held a ribbon- cutting ceremony to unveil its sophisticated
in-house media studio. Located in the Charleston headquarters, the
<tm:entity><tm:company Domain="Media" value="benefitfocus media">Benefitfocus Media</tm:company></tm:entity> Studio is the first-of-its kind in the
healthcare industry. <tm:entity><tm:company value="benefitfocus">Benefitfocus</tm:company></tm:entity>' high-definition studio will
house leading-edge equipment with next generation post production
capabilities and additional sleek components. Through information
high-fidelity videos and interactive health broadcasts, the studio
will provide consumers and patients with dynamic medium to
understand clinical concepts and manage their healthcare
choices.</p><p>This multi-million dollar media venture expands <tm:entity><tm:company value="benefitfocus">Benefitfocus</tm:company></tm:entity>'
footprint in the growing healthcare consumerism marketplace by
creating tools which educate consumers. Today, people are using new
technology to locate medical information and simplify complex
healthcare insurance terminology. Through the healthcare studio,
new features will be added to existing <tm:entity><tm:company value="benefitfocus">Benefitfocus</tm:company></tm:entity> software
applications such as, easy-to-understand health videos and
interactive broadcasts including patient and doctor
testimonials.</p>
<p>The uses of the healthcare media studio are numerous and
evolving capabilities will be showcased to <tm:entity><tm:company value="benefitfocus">Benefitfocus</tm:company></tm:entity> carriers
and employer groups <tm:entity><tm:time_expression><tm:exact_time Month="February" Year="2008" value="in february 2008">in February 2008</tm:exact_time></tm:time_expression></tm:entity>. Some existing clients are
already working with the <tm:entity><tm:company Domain="Media" value="benefitfocus media">Benefitfocus Media</tm:company></tm:entity> division to create <tm:entity><tm:function FunctionCategory="Board" value="chief executive officer">CEO</tm:function></tm:entity> and HR <tm:entity><tm:function FunctionCategory="Board" value="administrator">administrator</tm:function></tm:entity> messaging videos. For example, one employer
group is working with the studio to share a corporate message about
their company's healthcare investment. That video will be delivered
via their <tm:entity><tm:company value="benefitfocus">Benefitfocus</tm:company></tm:entity> employee portal. These types of productions
will help insurance companies and employer groups reach their
target market like never before in new and customized ways.</p>
<p>"This new addition to our products and services will help
transform the complicated world of healthcare into easily
understood videos," said <tm:entity><tm:person Family_Name="Jenkins" First_Name="Shawn" Gender="Male" role="Person" value="shawn jenkins">Shawn Jenkins</tm:person></tm:entity>, <tm:entity><tm:company><tm:potential_company role="Who" value="benefitfocus">Benefitfocus</tm:potential_company></tm:company></tm:entity> <tm:entity><tm:function FunctionCategory="Board" role="Has_Function" value="president and ceo">president and
CEO</tm:function></tm:entity>. "The studio demonstrates our trademark anticipatory service.
This significant investment further widens our lead in automating
healthcare while bringing communications to consumers and patients.
We are aggressively demonstrates our push to equip consumers and
enable healthcare providers and employers to communicate using new
mediums. The realm of possibilities is open-ended as we help our
clients achieve success in reaching their key constituents."</p><p>Completed <tm:entity><tm:time_expression><tm:relative_time value="in less than ten months">in less than ten months</tm:relative_time></tm:time_expression></tm:entity>, the high-definition studio is
fully outfitted with the latest technology including a full
production Ross Vision-2 Broadcast Video Switcher with multi-level
effects; which is one of the first five to be installed in the
<tm:entity><tm:location><tm:country><tm:place>United States</tm:place></tm:country></tm:location></tm:entity>. Other equipment includes <tm:entity><tm:company Domain="IT" value="panasonic">Panasonic</tm:company></tm:entity> AK-HC1500G
Cameras, Telemetrics Robotic Camera Pedestals, a Yamaha Digital
Recording Audio Mixer, a Harris Inscriber G3HD Character Generator,
mobile presentation areas, a HD Doremi Video Server and Recorder,
six Innovative Plasmas and LCDs, state-of-the-art post production
equipment and live Web and satellite feeds.</p>
<p>The experienced team of studio technicians round out the studios
offerings to meet client needs as they provide professional grade
video editing, studio and field lighting design, videography,
on-camera talent, voiceovers, directing and producing. The
combination of studio and production expertise gives <tm:entity><tm:company value="benefitfocus">Benefitfocus</tm:company></tm:entity> the ability to fully produce, write, edit and distribute in-depth
healthcare information.</p>
<p>"This studio gives us the tools we need to explain healthcare to
patients and consumers like never before. We will use it to empower
people to make better healthcare choices," said <tm:entity><tm:person Family_Name="Sossaman-pogue" First_Name="Nina" Gender="Female" role="Person" value="nina sossaman-pogue">Nina
Sossaman-Pogue</tm:person></tm:entity>, <tm:entity><tm:function FunctionCategory="Board" role="Has_Function" value="director">director</tm:function></tm:entity> of <tm:entity><tm:company Domain="Media" role="Who" value="benefitfocus media">Benefitfocus Media</tm:company></tm:entity>. "While we continue
to build on our capabilities, our overarching goal is to explain
the complexities of healthcare and the healthcare system. We're
excited to provide consumers with information in an easy to
understand format that can be accessed at any time."</p><p>About <tm:entity><tm:company value="benefitfocus">Benefitfocus</tm:company></tm:entity></p><p><tm:entity><tm:company value="benefitfocus">Benefitfocus</tm:company></tm:entity> is the leader in software and services for the
healthcare benefits market providing "Quote to Claim" technology
for both enterprise and consumer applications. By developing
leading technology solutions, <tm:entity><tm:company value="benefitfocus">Benefitfocus</tm:company></tm:entity> allows consumers,
employers and benefit providers to manage complex decisions in an
ever-changing healthcare environment. <tm:entity><tm:company value="benefitfocus">Benefitfocus</tm:company></tm:entity> can be reached
at 843-849-7476 or via the Internet at <a href="http://www.benefitfocus.com" target="_new">http://www.benefitfocus.com</a>.<br/></p>
<p>Contact:</p>
<p><tm:entity><tm:person Family_Name="Capps" First_Name="Joy" Gender="Male" value="joy capps">Joy Capps</tm:person></tm:entity></p><p><tm:entity><tm:company value="benefitfocus">Benefitfocus</tm:company></tm:entity></p><p>843-849-7476</p>
<p><a href="mailto:joy.capps@benefitfocus.com"><tm:entity><tm:email value="joy.capps@benefitfocus.com">joy.capps@benefitfocus.com</tm:email></tm:entity></a></p></body>
</html>


</doc>

