<doc xmlns:tm="http://www.temis.com/annotations/1.1/">
<metadata><aboutcompany value="totvs"/><releaselocation value="sao paulo"/><data_source value="prnews"/><source value="totvs s.a."/><processing_date>2008-01-21T17:51:19</processing_date><date>2007-12-19T12:11:00</date><quote symbol="NYSE:IT" src-company="it" company="Gartner, Inc." date="2007-12-19" price="17.33"/><quote symbol="SAO:TOTS3" src-company="totvs" company="Totvs SA" date="2007-12-19" price=""/></metadata>
<title>TOTVS Announces Brand Consolidation Initiatives and Progress in its Distribution Network Project
</title>
<html>
<head>
<meta name="generator" content="HTML Tidy for Windows (vers 14 February 2006), see www.w3.org"/>
<!-- #BeginEditable "doctitle" -->
<title><tm:entity><tm:company Extension="S A" value="totvs">TOTVS</tm:company></tm:entity> Announces Brand Consolidation Initiatives and Progress
in its Distribution Network Project</title>
</head>
<body>
<p><tm:entity><tm:location><tm:country location_country="Brazil"><tm:place>SAO PAULO</tm:place></tm:country></tm:location></tm:entity>, <tm:entity><tm:location><tm:country><tm:place>Brazil</tm:place></tm:country></tm:location></tm:entity>, <tm:entity><tm:time_expression><tm:relative_time Day="19" Month="Dec." value="dec. 19">Dec. 19</tm:relative_time></tm:time_expression></tm:entity> /PRNewswire/ -- <tm:entity><tm:company Extension="S A" value="totvs">TOTVS</tm:company></tm:entity> S.A. (<tm:entity><tm:stockindex value="bovespa">BOVESPA</tm:stockindex></tm:entity>:
<tm:entity><tm:companyticker value="tots3">TOTS3</tm:companyticker></tm:entity>), market leader in the development and marketing of integrate
corporate management software and rendering of related services in
medium and small sized companies in <tm:entity><tm:location><tm:country><tm:place>Brazil</tm:place></tm:country></tm:location></tm:entity> and <tm:entity><tm:location><tm:country><tm:place>Latin America</tm:place></tm:country></tm:location></tm:entity>, in
line with its process of continuous growth, is laying the
groundwork for the Company's marketing initiatives <tm:entity><tm:time_expression><tm:relative_time value="in the coming year">in the coming
year</tm:relative_time></tm:time_expression></tm:entity>. In this regard, it announces the introduction of a new
distribution channel and the institutional consolidation of the
<tm:entity><tm:company Extension="S A" value="totvs">TOTVS</tm:company></tm:entity> brand, as explained below:</p>
<p>Improvement in the Distribution Network</p>
<p><tm:entity><tm:time_expression><tm:exact_time Year="2008" value="as of 2008">As of 2008</tm:exact_time></tm:time_expression></tm:entity>, a new type of distribution channel will be added to
the existing ones, with the objective to bring all the products and
services in a single customer service point. This project, called
"<tm:entity><tm:company Extension="Distribution" value="intelligent">Intelligent</tm:company></tm:entity> Distribution", is based on the concept of distribution
channels working in an integrated manner through regional alliances
or integrated units, and aims to provide clients with the
brands/products that best suit their needs at the best
cost/benefit. Besides benefiting clients, this will enhance synergy
among the channels, especially the franchises, by bringing
economies of scale and helping to build a more aggressive team to
explore <tm:entity><tm:company Extension="S A" value="totvs">TOTVS</tm:company></tm:entity>' target market, characterized by low penetration and
in the expansion phase.</p><p>Institutional Consolidation of the <tm:entity><tm:company Extension="S A" value="totvs">TOTVS</tm:company></tm:entity> Brand</p>
<p>The Company also decided to transform the brands Microsiga,
Logocenter, RM Sistemas, Midbyte, BCS, TOTVS Infra, TOTVS BPO and
TOTVS Consulting into products, thereby focusing on <tm:entity><tm:company Extension="S A" value="totvs">TOTVS</tm:company></tm:entity> as the
Company's sole brand. This initiative seeks more objectivity in its
communications with the market and synergy gains in its marketing
efforts.<br/></p>
<p>IR Contact:</p>
<p><tm:entity><tm:person Family_Name="Luiz" First_Name="Jose, Rogerio" Gender="Male, Undefined Gender" value="jose rogerio luiz">Jose Rogerio Luiz</tm:person></tm:entity></p><p>Vice-President / <tm:entity><tm:function FunctionCategory="Board" value="chief legal officer">CFO</tm:function></tm:entity>/ IRO</p>
<p><tm:entity><tm:person Family_Name="Gilsomar" First_Name="Maia" Gender="Female" value="gilsomar maia">Gilsomar Maia</tm:person></tm:entity>, <tm:entity><tm:person Family_Name="Salem, Brasil" First_Name="Bruno" Gender="Male" value="bruno salem brasil">Bruno Salem Brasil</tm:person></tm:entity></p><p>Investor Relations</p>
<p>Phone: (+5511) 3981-7097</p>
<p><a href="mailto:ri@totvs.com.br"><tm:entity><tm:email value="ri@totvs.com.br">ri@totvs.com.br</tm:email></tm:entity></a></p><p>About <tm:entity><tm:company Extension="S A" value="totvs">TOTVS</tm:company></tm:entity></p><p><tm:entity><tm:company Extension="S A" value="totvs">TOTVS</tm:company></tm:entity> is the leader in the Brazilian and <tm:entity><tm:location><tm:country><tm:place>Latin America</tm:place></tm:country></tm:location></tm:entity> software
developments. The Company also leads the small and medium Companies
segment (SMB) in <tm:entity><tm:location><tm:country><tm:place>Brazil</tm:place></tm:country></tm:location></tm:entity> and <tm:entity><tm:location><tm:country><tm:place>Latin America</tm:place></tm:country></tm:location></tm:entity>. <tm:entity><tm:company Extension="S A" value="totvs">TOTVS</tm:company></tm:entity> was the first
Latin American <tm:entity><tm:company Extension="Co" value="it">IT</tm:company></tm:entity> Company to go public and it is listed at <tm:entity><tm:stockindex value="bovespa">BOVESPA</tm:stockindex></tm:entity>.
Together, its software commercialization operations and related
services have around 15,700 clients. For further information,
access the website <a href="http://www.totvs.com.br/ir" target="_new">http://www.totvs.com.br/ir</a>.</p></body>
</html>


</doc>

