<doc xmlns:tm="http://www.temis.com/annotations/1.1/">
<metadata><aboutcompany value="the software freedom law center"/><releaselocation value="new york"/><data_source value="prnews"/><source value="software freedom law center"/><processing_date>2008-01-21T18:11:17</processing_date><date>2007-12-17T14:00:00</date></metadata>
<title><tm:entity><tm:company value="busybox developers">BusyBox Developers</tm:company></tm:entity> and <tm:entity><tm:company Extension="Corporation" value="xterasys">Xterasys</tm:company></tm:entity> Corporation Agree to Settle GPL Lawsuit
</title>
<html>
<head>
<meta name="generator" content="HTML Tidy for Windows (vers 14 February 2006), see www.w3.org"/>
<!-- #BeginEditable "doctitle" -->
<title><tm:entity><tm:company value="busybox developers">BusyBox Developers</tm:company></tm:entity> and <tm:entity><tm:company Extension="Corporation" value="xterasys">Xterasys</tm:company></tm:entity> Corporation Agree to Settle
GPL Lawsuit</title>
</head>
<body>
<p><tm:entity><tm:location><tm:country location_country="United States of America"><tm:place>NEW YORK</tm:place></tm:country></tm:location></tm:entity>, <tm:entity><tm:time_expression><tm:relative_time Day="17" Month="Dec." value="dec. 17">Dec. 17</tm:relative_time></tm:time_expression></tm:entity> /PRNewswire-USNewswire/ -- The Software
Freedom <tm:entity><tm:organisation value="law center">Law Center</tm:organisation></tm:entity>, provider of pro-bono legal services to protect
and advance Free and <tm:entity><tm:company><tm:potential_company role="Who" value="open source software">Open Source Software</tm:potential_company></tm:company></tm:entity>(FOSS), today announced
that it has settled the GPL violation lawsuit filed on behalf of
<tm:entity><tm:company role="Whom" value="busybox">BusyBox</tm:company></tm:entity> developers <tm:entity><tm:person Family_Name="Andersen" First_Name="Erik" Gender="Male" value="erik andersen">Erik Andersen</tm:person></tm:entity> and <tm:entity><tm:person Family_Name="Landley" First_Name="Rob" Gender="Male" value="rob landley">Rob Landley</tm:person></tm:entity> against <tm:entity><tm:company Extension="Corporation" value="xterasys">Xterasys</tm:company></tm:entity> Corporation.</p>
<p>BusyBox is a lightweight set of standard Unix utilities commonly
used in embedded systems and is open source software licensed under
the GNU General Public License(GPL) version 2. One of the
conditions of the GPL is that re-distributors of BusyBox are
required to ensure that each downstream recipient is provided
access to the source code of the program. Many <tm:entity><tm:company Extension="Corporation" value="xterasys">Xterasys</tm:company></tm:entity> networking
products include BusyBox, but the company did not provide source
code to its users as required under the GPL, so SFLC filed a
copyright infringement lawsuit against the company.</p>
<p>As a result of the settlement, <tm:entity><tm:company Extension="Corporation" value="xterasys">Xterasys</tm:company></tm:entity> has agreed to cease all
binary distribution of BusyBox until SFLC confirms it has published
complete corresponding source code on its Web site. Once SFLC
verifies that the complete source code is available, Xterasys' full
rights to distribute BusyBox under the GPL will be reinstated.</p>
<p>Additionally, <tm:entity><tm:company Extension="Corporation" value="xterasys">Xterasys</tm:company></tm:entity> has agreed to appoint an internal Open
Source Compliance Officer to monitor and ensure GPL compliance, and
to notify previous recipients of BusyBox from <tm:entity><tm:company Extension="Corporation" value="xterasys">Xterasys</tm:company></tm:entity> of their
rights to the software under the GPL. <tm:entity><tm:company Extension="Corporation" value="xterasys">Xterasys</tm:company></tm:entity> will also pay an
undisclosed amount of financial consideration to the
plaintiffs.</p>
<p>"Although we regret that we had to file a lawsuit, we are
pleased that <tm:entity><tm:company Extension="Corporation" value="xterasys">Xterasys</tm:company></tm:entity> will now comply with the GPL," said <tm:entity><tm:person Family_Name="Ravicher" First_Name="Dan" Gender="Male" role="Person" value="dan ravicher">Dan
Ravicher</tm:person></tm:entity>, <tm:entity><tm:function FunctionCategory="Board" role="Has_Function" value="legal director">Legal Director</tm:function></tm:entity> of <tm:entity><tm:company><tm:potential_company role="Who" value="sflc">SFLC</tm:potential_company></tm:company></tm:entity>.</p><p>About the Software Freedom <tm:entity><tm:organisation value="law center">Law Center</tm:organisation></tm:entity></p><p>The Software Freedom <tm:entity><tm:organisation value="law center">Law Center</tm:organisation></tm:entity>-- directed by Eben Moglen, one
of the world's <tm:entity><tm:function FunctionCategory="Other" value="leading experts">leading experts</tm:function></tm:entity> on copyright law as applied to
software -- provides legal representation and other law-related
services to protect and advance Free and Open Source Software. The
<tm:entity><tm:organisation value="law center">Law Center</tm:organisation></tm:entity> is dedicated to assisting non-profit open source
developers and projects. Visit SFLC at <a href="http://www.softwarefreedom.org" target="_new">http://www.softwarefreedom.org</a>.</p>
</body>
</html>


</doc>

