<doc xmlns:tm="http://www.temis.com/annotations/1.1/">
<metadata>
<releaselocation value="nashua"/>
<data_source value="prnews"/>
<source value="northwoods software"/>
<processing_date>2008-01-21T18:21:48</processing_date>
<date>2007-12-12T09:30:00</date>
<quote symbol="CVE:ACT" src-company="act" company="Active Control Technology Inc." date="2007-12-12" price=""/></metadata>
<title><tm:entity><tm:company Domain="IT" Extension="Corporation" value="northwoods software">Northwoods Software</tm:company></tm:entity> Announces Support for Swiftpage Email
</title>
<html>
<head>
<meta name="generator" content="HTML Tidy for Windows (vers 14 February 2006), see www.w3.org"/>
<!-- #BeginEditable "doctitle" -->
<title><tm:entity><tm:company Domain="IT" Extension="Corporation" value="northwoods software">Northwoods Software</tm:company></tm:entity> Announces Support for <tm:entity><tm:company><tm:potential_company role="Who" value="swiftpage">Swiftpage</tm:potential_company></tm:company></tm:entity> Email</title>
</head>
<body>
<p>For marketing professionals implementing sales and marketing
automation</p>
<p>NASHUA, N.H., <tm:entity><tm:time_expression><tm:relative_time Day="12" Month="Dec." value="dec. 12">Dec. 12</tm:relative_time></tm:time_expression></tm:entity> /PRNewswire/ -- <tm:entity><tm:company Domain="IT" Extension="Corporation" value="northwoods software">Northwoods Software</tm:company></tm:entity> today
announced that its <tm:entity><tm:function FunctionCategory="Board" value="powerful sales automation manager">powerful Sales Automation Manager</tm:function></tm:entity>, an add-on for
the <tm:entity><tm:company value="act">ACT</tm:company></tm:entity>! <tm:entity><tm:function FunctionCategory="Board" value="contact manager">contact manager</tm:function></tm:entity>, is now integrated with the popular
<tm:entity><tm:company><tm:potential_company role="Who" value="swiftpage">Swiftpage</tm:potential_company></tm:company></tm:entity> email service.</p>
<p>Sales <tm:entity><tm:function FunctionCategory="Board" value="automation manager">Automation Manager</tm:function></tm:entity>(SAM) allows <tm:entity><tm:company value="act">ACT</tm:company></tm:entity>! users to create
automated sales and marketing campaigns. A campaign specifies a
series of email, faxes, or letters, along with synchronized calls,
meetings, and to-do's. SAM is designed to "automate as much as can
be so that sales professionals can focus on what they do best:
sell".</p><p><tm:entity><tm:company><tm:potential_company role="Who" value="swiftpage">Swiftpage</tm:potential_company></tm:company></tm:entity> is an email marketing solution fully integrated into
<tm:entity><tm:company value="act">ACT</tm:company></tm:entity>! by Sage. <tm:entity><tm:company><tm:potential_company role="Who" value="swiftpage">Swiftpage</tm:potential_company></tm:company></tm:entity> gives users the tools to create templates
using a simple online editor or allows users to import their own
HTML, to send to contacts directly from <tm:entity><tm:company value="act">ACT</tm:company></tm:entity>!, and to track opens,
clicks, bounces, opt-outs, and more.</p><p>The integration of Sales <tm:entity><tm:function FunctionCategory="Board" value="automation manager">Automation Manager</tm:function></tm:entity> and <tm:entity><tm:company><tm:potential_company role="Who" value="swiftpage">Swiftpage</tm:potential_company></tm:company></tm:entity> email
means that <tm:entity><tm:company value="act">ACT</tm:company></tm:entity>! users can now get the combined benefit of SAM's
powerful automated marketing campaigns with the many added benefits
of being able to send <tm:entity><tm:company><tm:potential_company role="Who" value="swiftpage">Swiftpage</tm:potential_company></tm:company></tm:entity> email. This combination results in
true sales force automation and constitutes a new killer app for
sales and marketing professionals.</p>
<p><tm:entity><tm:person Family_Name="Conti" First_Name="Bob" Gender="Male" role="Person" value="bob conti">Bob Conti</tm:person></tm:entity>, <tm:entity><tm:function FunctionCategory="Board" role="Has_Function" value="president">president</tm:function></tm:entity> of <tm:entity><tm:company><tm:potential_company role="Who" value="northwoods">Northwoods</tm:potential_company></tm:company></tm:entity>, says "We are very excited to
be able to connect with such a first-rate email service as
<tm:entity><tm:company><tm:potential_company role="Who" value="swiftpage">Swiftpage</tm:potential_company></tm:company></tm:entity>. Our users have been asking for <tm:entity><tm:company><tm:potential_company role="Who" value="swiftpage">Swiftpage</tm:potential_company></tm:company></tm:entity> support for a
while and we know they will be as excited as we are."</p>
<p><tm:entity><tm:person Family_Name="Ogdon" First_Name="Bob" Gender="Male" role="Person" value="bob ogdon">Bob Ogdon</tm:person></tm:entity>, <tm:entity><tm:function FunctionCategory="Board" role="Has_Function" value="chief executive officer">CEO</tm:function></tm:entity> of <tm:entity><tm:company><tm:potential_company role="Who" value="swiftpage">Swiftpage</tm:potential_company></tm:company></tm:entity> says "The combination service
provided by <tm:entity><tm:company><tm:potential_company role="Who" value="swiftpage">Swiftpage</tm:potential_company></tm:company></tm:entity>'s email marketing service and Northwood's SAM
offers a complete marketing and sales automation solution for the
<tm:entity><tm:company value="act">ACT</tm:company></tm:entity>! user. We are pleased to be a part of this solution".</p><p>For more information please visit <tm:entity><tm:company><tm:potential_company role="Who" value="northwoods">Northwoods</tm:potential_company></tm:company></tm:entity>' add-on website:
<a href="http://www.crmaddons.com" target="_new">http://www.crmaddons.com</a>.</p><p><tm:entity><tm:company Domain="IT" Extension="Corporation" value="northwoods software">Northwoods Software</tm:company></tm:entity> Corporation has been providing productivity
solutions with highly visual user interfaces since its founding <tm:entity><tm:time_expression><tm:exact_time Year="1994" value="in 1994">in
1994</tm:exact_time></tm:time_expression></tm:entity>, and has been providing Customer Relationship Management (CRM)
software <tm:entity><tm:time_expression><tm:duration Year="1998" value="since 1998">since 1998</tm:duration></tm:time_expression></tm:entity>.</p><p>Truly Visual, Perfect Follow-up Made Easy, and <tm:entity><tm:company Domain="IT" Extension="Corporation" value="northwoods software">Northwoods
Software</tm:company></tm:entity> are registered trademarks of <tm:entity><tm:company Domain="IT" Extension="Corporation" value="northwoods software">Northwoods Software</tm:company></tm:entity> Corporation, <tm:entity><tm:company value="act">ACT</tm:company></tm:entity>! is a registered trademark of <tm:entity><tm:company Extension="Inc" value="sage software sb">Sage Software SB</tm:company></tm:entity>,
Inc., and <tm:entity><tm:company><tm:potential_company role="Who" value="swiftpage">Swiftpage</tm:potential_company></tm:company></tm:entity> is a trademark of Summit 5, LLC.</p>
</body>
</html>


</doc>

