<doc xmlns:tm="http://www.temis.com/annotations/1.1/">
<metadata><aboutcompany value="food logistics"/><releaselocation value="wilmington"/><data_source value="prnews"/><source value="supply chain consultants"/><processing_date>2008-01-21T18:19:57</processing_date><date>2007-12-12T15:30:00</date></metadata>
<title><tm:entity><tm:function FunctionCategory="Other" value="supply chain consultants">Supply Chain Consultants</tm:function></tm:entity> Recognized as Top Technology Solution Provider by Food Logistics Magazine
</title>
<html>
<head>
<meta name="generator" content="HTML Tidy for Windows (vers 14 February 2006), see www.w3.org"/>
<!-- #BeginEditable "doctitle" -->
<title><tm:entity><tm:function FunctionCategory="Other" value="supply chain consultants">Supply Chain Consultants</tm:function></tm:entity> Recognized as Top Technology
Solution Provider by Food Logistics Magazine</title>
</head>
<body>
<p>Company receives honor <tm:entity><tm:time_expression><tm:relative_time value="second year">second year</tm:relative_time></tm:time_expression></tm:entity> in a row for its Zemeter
supply chain</p>
<p>management solution</p>
<p>WILMINGTON, Del., <tm:entity><tm:time_expression><tm:relative_time Day="12" Month="Dec." value="dec. 12">Dec. 12</tm:relative_time></tm:time_expression></tm:entity> /PRNewswire/ -- <tm:entity><tm:function FunctionCategory="Other" value="supply chain consultants">Supply Chain
Consultants</tm:function></tm:entity><a href="http://www.supplychain.com" target="_new">(http://www.supplychain.com</a>), designer and supplier of
the Zemeter suite of supply chain management (SCM) software
products, announced today it has been named to Food Logistics' 100
list of top technology solution providers <tm:entity><tm:time_expression><tm:relative_time value="for the second year">for the second year</tm:relative_time></tm:time_expression></tm:entity> in a
row. <tm:entity><tm:function FunctionCategory="Other" value="supply chain consultants">Supply Chain Consultants</tm:function></tm:entity>(<tm:entity><tm:company><tm:potential_company role="Who" value="scc">SCC</tm:potential_company></tm:company></tm:entity>) was recognized for the honor
based on its work in supply chain improvement for companies in the
food processing industry, including Sunsweet Growers, Mother
Parkers Tea and Coffee, Mozzarella Fresca, Swift Meats and Harris
Tea.</p><p>"Our readers turn to Food Logistics to learn about new solutions
for improving productivity and reducing costs throughout their
operations," said <tm:entity><tm:person Family_Name="Doherty" First_Name="Katherine" Gender="Female" value="katherine doherty">Katherine Doherty</tm:person></tm:entity>, editor of Food Logistics. "The
<tm:entity><tm:function FunctionCategory="Board" value="corporate executives and on- site managers">corporate executives and on- site managers</tm:function></tm:entity> who rely on the magazine
want to know what solutions are available to help them reach their
business goals. The <tm:entity><tm:money_expression><tm:money Amount="100" Currency="Florin" value="fl100">FL100</tm:money></tm:money_expression></tm:entity> is a resource of solution providers that
cater to the food industry. These companies offer products and
services that specifically focus on the unique needs of the
industry."</p>
<p>The 2007 Food Logistics' 100 is a list of the top technology
solution and service providers that are helping the food, beverage
and consumer packaged goods companies to transform their supply
chains. The <tm:entity><tm:money_expression><tm:money Amount="100" Currency="Florin" value="fl100">FL100</tm:money></tm:money_expression></tm:entity> is <tm:entity><tm:time_expression><tm:relative_time value="in its fourth year">in its fourth year</tm:relative_time></tm:time_expression></tm:entity>. After receiving
nominations from end-users and solution providers, the editorial
staff selected the top providers to compile <tm:entity><tm:time_expression><tm:relative_time value="this year">this year</tm:relative_time></tm:time_expression></tm:entity>'s <tm:entity><tm:money_expression><tm:money Amount="100" Currency="Florin" value="fl100">FL100</tm:money></tm:money_expression></tm:entity> listing. Final recipients are featured in the cover story of the
November/<tm:entity><tm:time_expression><tm:exact_time Month="December" Year="2007" value="december 2007">December 2007</tm:exact_time></tm:time_expression></tm:entity> issue of Food Logistics, as well as online
at <a href="http://www.foodlogistics.com" target="_new">http://www.foodlogistics.com</a>.</p><p><tm:entity><tm:person Family_Name="Singh" First_Name="Sujit" Gender="Male" role="Person" value="sujit singh">Sujit Singh</tm:person></tm:entity>, <tm:entity><tm:company><tm:potential_company role="Who" value="scc">SCC</tm:potential_company></tm:company></tm:entity>'s <tm:entity><tm:function FunctionCategory="Board" role="Has_Function" value="chief operating officer">chief operating officer</tm:function></tm:entity>, said, "We are
pleased to be recognized as a top technology solutions provider by
Food Logistics <tm:entity><tm:time_expression><tm:relative_time value="for the second year">for the second year</tm:relative_time></tm:time_expression></tm:entity> in a row. Our supply chain
management solution is perfectly suited for the unique challenges
faced in the food industry, and this recognition is a testament to
our customers' successes in this industry."</p>
<p>About Food Logistics</p>
<p>Food Logistics is a B2B publication serving the information
needs of food, beverage and consumer packaged goods <tm:entity><tm:function FunctionCategory="Board" value="executives">executives</tm:function></tm:entity> involved in warehousing, transportation and information technology,
as well as third-party and refrigerated service providers. Through
the publication's print and online products, it provides news,
trends and best practices that help more than 20,000 grocery and
foodservice suppliers, distributors and retailers make better
business decisions. On the Web at <a href="http://www.foodlogistics.com" target="_new">http://www.foodlogistics.com</a>.</p>
<p>About <tm:entity><tm:function FunctionCategory="Other" value="supply chain consultants">Supply Chain Consultants</tm:function></tm:entity></p><p>Founded <tm:entity><tm:time_expression><tm:exact_time Year="1993" value="in 1993">in 1993</tm:exact_time></tm:time_expression></tm:entity>, <tm:entity><tm:function FunctionCategory="Other" value="supply chain consultants">Supply Chain Consultants</tm:function></tm:entity> is a supply chain
management services and software company with headquarters in
Wilmington, Del., and European operations in <tm:entity><tm:location><tm:country location_country="Belgium"><tm:place>Antwerp</tm:place></tm:country></tm:location></tm:entity>, <tm:entity><tm:location><tm:country><tm:place>Belgium</tm:place></tm:country></tm:location></tm:entity>.
<tm:entity><tm:company><tm:potential_company role="Who" value="scc">SCC</tm:potential_company></tm:company></tm:entity>'s Zemeter software and related services help manufacturers
better plan demand, manage inventories, plan production and
replenishment, and schedule operations. Zemeter enhances
productivity and reduces operating costs at a wide variety of
companies including Hexion, INEOS, Mozzarella Fresca, Sunsweet
Growers and ANADIGICS. For more information, see <a href="http://www.supplychain.com" target="_new">http://www.supplychain.com</a>.</p></body>
</html>


</doc>

