<doc xmlns:tm="http://www.temis.com/annotations/1.1/">
<metadata><aboutcompany value="aurionpro solutions ltd."/><releaselocation value="san ramon"/><data_source value="prnews"/><source value="aurionpro solutions ltd."/><processing_date>2008-01-21T18:18:23</processing_date><date>2007-12-13T09:30:00</date><quote symbol="NYSE:MNC" src-company="mnc" company="Monaco Coach Corporation" date="2007-12-13" price="9.31"/></metadata>
<title>aurionPro <tm:entity><tm:company Extension="Ltd" value="solutions">Solutions</tm:company></tm:entity> Ltd. Wins 2007 <tm:entity><tm:company><tm:normalized_name Domain="Financial" value="deloitte">Deloitte</tm:normalized_name></tm:company></tm:entity> Technology Fast 50 and Fast 500 Awards
</title>
<html>
<head>
<meta name="generator" content="HTML Tidy for Windows (vers 14 February 2006), see www.w3.org"/>
<!-- #BeginEditable "doctitle" -->
<title>aurionPro <tm:entity><tm:company Extension="Ltd" value="solutions">Solutions</tm:company></tm:entity> Ltd. Wins 2007 <tm:entity><tm:company><tm:normalized_name Domain="Financial" value="deloitte">Deloitte</tm:normalized_name></tm:company></tm:entity> Technology Fast
50 and Fast 500 Awards</title>
</head>
<body>
<p>Prestigious award program ranks aurionPro as <tm:entity><tm:location><tm:country><tm:place>India</tm:place></tm:country></tm:location></tm:entity>'s fifth
fastest-growing</p><p>company, <tm:entity><tm:location><tm:country><tm:place>Asia</tm:place></tm:country></tm:location></tm:entity> <tm:entity><tm:location><tm:country><tm:place>Pacific</tm:place></tm:country></tm:location></tm:entity>'s 49th</p><p>SAN RAMON, <tm:entity><tm:location><tm:country location_country="United States of America"><tm:place>Calif.</tm:place></tm:country></tm:location></tm:entity>, <tm:entity><tm:time_expression><tm:relative_time Day="13" Month="Dec." value="dec. 13">Dec. 13</tm:relative_time></tm:time_expression></tm:entity> /PRNewswire/ -- <tm:entity><tm:time_expression><tm:duration From="decade" value="after a decade">After a decade</tm:duration></tm:time_expression></tm:entity> of
growth, there's perhaps no greater honor than being acknowledged
for hard work by a highly prestigious, international firm. That's
exactly what aurionPro <tm:entity><tm:company Extension="Ltd" value="solutions">Solutions</tm:company></tm:entity> Ltd. recently discovered after
being ranked in the <tm:entity><tm:company><tm:normalized_name Domain="Financial" value="deloitte">Deloitte</tm:normalized_name></tm:company></tm:entity> Technology Fast 50 and Fast 500
Awards.</p>
<p><tm:entity><tm:company><tm:normalized_name Domain="Financial" value="deloitte">Deloitte</tm:normalized_name></tm:company></tm:entity>'s recognition program, moderated by <tm:entity><tm:company><tm:normalized_name Domain="Financial" value="deloitte">Deloitte Touche
Tohmatsu</tm:normalized_name></tm:company></tm:entity>, highlights successful technology companies in the
following three geographical categories: <tm:entity><tm:location><tm:country><tm:place>North America</tm:place></tm:country></tm:location></tm:entity>, <tm:entity><tm:location><tm:country><tm:place>Asia</tm:place></tm:country></tm:location></tm:entity> <tm:entity><tm:location><tm:country><tm:place>Pacific</tm:place></tm:country></tm:location></tm:entity>, and the <tm:entity><tm:location><tm:country><tm:place>Middle East</tm:place></tm:country></tm:location></tm:entity> and <tm:entity><tm:location><tm:country><tm:place>Africa</tm:place></tm:country></tm:location></tm:entity>. A specialized software
company catering to the Banking &amp; Financial Services and
Insurance industries, aurionPro placed fifth among the top-50
India-based Fast 50 winners and 49th out of the 500 <tm:entity><tm:location><tm:country><tm:place>Pacific</tm:place></tm:country></tm:location></tm:entity> <tm:entity><tm:location><tm:country><tm:place>Asia</tm:place></tm:country></tm:location></tm:entity> winners. The awards acknowledge revenue growth over a five-year
period -- in that timeframe, aurionPro's revenue has skyrocketed an
impressive 913 percent.</p>
<p>"Receiving this recognition from <tm:entity><tm:company><tm:normalized_name Domain="Financial" value="deloitte">Deloitte</tm:normalized_name></tm:company></tm:entity> has been very exciting
for us, as it reflects our commitment to innovative products and
growth strategies," said <tm:entity><tm:person Family_Name="Sheth" First_Name="Amit" Gender="Undefined Gender" role="Person" value="amit sheth">Amit Sheth</tm:person></tm:entity>, <tm:entity><tm:function FunctionCategory="Board" role="Has_Function" value="managing director">managing director</tm:function></tm:entity> of aurionPro
<tm:entity><tm:company Extension="Ltd" value="solutions">Solutions</tm:company></tm:entity> Ltd. "It's a great honor to be recognized as a leader in
our industry and viewed as such from the international community.
We've carefully positioned ourselves to deliver the best in cash
management solutions."</p>
<p>Headquartered in <tm:entity><tm:location><tm:country location_country="India"><tm:place>Mumbai</tm:place></tm:country></tm:location></tm:entity>, <tm:entity><tm:location><tm:country><tm:place>India</tm:place></tm:country></tm:location></tm:entity>, with <tm:entity><tm:location><tm:country><tm:place>U.S.</tm:place></tm:country></tm:location></tm:entity> headquarters in San
Ramon, <tm:entity><tm:location><tm:country location_country="United States of America"><tm:place>Calif.</tm:place></tm:country></tm:location></tm:entity>, aurionPro has developed a successful track record of
providing robust, transaction-intensive products and solutions to
top private and <tm:entity><tm:company value="mnc">MNC</tm:company></tm:entity> banks in <tm:entity><tm:location><tm:country><tm:place>India</tm:place></tm:country></tm:location></tm:entity>. Today, the company's cash
management solutions handle over 500,000 transactions daily,
clocking volumes of over <tm:entity><tm:money_expression><tm:money Amount="17 billion" Currency="Dollar" value="$17 billion">$17 billion</tm:money></tm:money_expression></tm:entity> every year. Although aurionPro
has made banking its primary focus, the company has also
consistently excelled in IT services. Its IT services business has
enabled the company to excel in product implementation, offshore
delivery and technology -- the essentials for any IT company.</p>
<p>"The banking, financial and insurance sectors can continue to
look to aurionPro for innovation and entrust us to deliver the best
in these fields," Sheth concluded.</p>
<p>About aurionPro <tm:entity><tm:company Extension="Ltd" value="solutions">Solutions</tm:company></tm:entity> Ltd.</p>
<p>With more than 750 employees worldwide, aurionPro <tm:entity><tm:company Extension="Ltd" role="Who" value="solutions">Solutions</tm:company></tm:entity> Ltd., an ISO 9001:2000 certified company, offers specialized
software solutions catering to the Banking &amp; Financial Services
and Insurance sectors. Among the first few technology-solutions
providers supplying Web-based e-banking solutions, aurionPro is
strategically focused on the Asian banking sector by providing
world-class niche products. The company also has a growing stream
of revenue from offshore business and continues to build innovative
electronic payment systems for US-based clients. aurionPro has
subsidiaries across the world, specifically in <tm:entity><tm:location><tm:country><tm:place>Singapore</tm:place></tm:country></tm:location></tm:entity>, <tm:entity><tm:location><tm:country><tm:place>Bahrain</tm:place></tm:country></tm:location></tm:entity>,
the <tm:entity><tm:location><tm:country><tm:place>United Kingdom</tm:place></tm:country></tm:location></tm:entity>, and on both the East <tm:entity><tm:location><tm:country location_country="Kenya"><tm:place>Coast</tm:place></tm:country></tm:location></tm:entity> and West <tm:entity><tm:location><tm:country location_country="Kenya"><tm:place>Coast</tm:place></tm:country></tm:location></tm:entity> of
the <tm:entity><tm:location><tm:country><tm:place>United States</tm:place></tm:country></tm:location></tm:entity>.<br/>For more information, visit: <a href="http://www.aurionpro.com/" target="_new">http://www.aurionpro.com/</a></p><p>Contact:</p>
<p><tm:entity><tm:person Family_Name="Tina" First_Name="Gregory" Gender="Undefined Gender" value="tina gregory">Tina Gregory</tm:person></tm:entity></p><p>Email: <a href="mailto:pr@aurionpro.com"><tm:entity><tm:email value="pr@aurionpro.com">pr@aurionpro.com</tm:email></tm:entity></a></p><p>Phone: <tm:entity><tm:phone_number value="925.242.0777">925.242.0777</tm:phone_number></tm:entity></p><p>This release was issued through eReleases(TM). For more
information, visit <a href="http://www.ereleases.com" target="_new">http://www.ereleases.com</a>.</p></body>
</html>


</doc>

