<doc xmlns:tm="http://www.temis.com/annotations/1.1/">
<metadata>
<aboutcompany value="iomega's high capacity esata desktop hard drives"/>
<releaselocation value="san diego"/>
<data_source value="prnews"/>
<source value="iomega corporation"/>
<processing_date>2008-01-21T17:53:24</processing_date>
<date>2007-12-19T07:30:00</date>

<quote symbol="NASDAQ:MSFT" src-company="microsoft" company="Microsoft Corporation" date="2007-12-19" price="34.79"/><quote symbol="NASDAQ:AAPL" src-company="apple" company="Apple Inc." date="2007-12-19" price="183.12"/><quote symbol="NYSE:IOM" src-company="iomega" company="Iomega Corporation" date="2007-12-19" price="3.42"/><quote symbol="NYSE:REV" src-company="rev" company="Revlon, Inc." date="2007-12-19" price="1.21"/></metadata>
<title><tm:entity><tm:company Domain="IT" value="iomega">Iomega</tm:company></tm:entity> Announces Never Down(TM) Software: A New Safety Net for Windows PCs
</title>
<html>
<head>
<meta name="generator" content="HTML Tidy for Windows (vers 14 February 2006), see www.w3.org"/>
<!-- #BeginEditable "doctitle" -->
<title><tm:entity><tm:company Domain="IT" value="iomega">Iomega</tm:company></tm:entity> Announces Never Down(TM) Software: A New Safety Net
for Windows PCs</title>
</head>
<body>
<p>Never Down Software Now Shipping With <tm:entity><tm:company Domain="IT" value="iomega high capacity esata desktop">Iomega High Capacity eSATA
Desktop</tm:company></tm:entity></p><p>Hard Drives</p>
<p><tm:entity><tm:location><tm:country location_country="United States of America"><tm:place>SAN DIEGO</tm:place></tm:country></tm:location></tm:entity>, <tm:entity><tm:time_expression><tm:relative_time Day="19" Month="Dec." value="dec. 19">Dec. 19</tm:relative_time></tm:time_expression></tm:entity> /PRNewswire-FirstCall/ -- <tm:entity><tm:company Domain="IT" value="iomega">Iomega</tm:company></tm:entity> Corporation
(<tm:entity><tm:stockindex value="nyse">NYSE</tm:stockindex></tm:entity>: <tm:entity><tm:companyticker company="IOMEGA CORPORATION (NEW)" value="NYSE:IOM">IOM</tm:companyticker></tm:entity>), a global leader in data protection and security, today
announced a brilliant new tool in the defense against data
disasters: Iomega(R) Never Down(TM) software for Windows PCs
utilizing an eSATA interface.</p><p>Launched in conjunction with several of Iomega's new high
capacity eSATA interface desktop hard drives which are increasing
in popularity with home office and small office users, Never
Down(TM) software is a system protection program that combines
total system backups with instant system recovery. With Never Down
software, users can easily boot and work from their backup drive
before they even replace their failed hard drive.</p>
<p>"Every system setting, every software application, every data
file on the primary hard drive can be protected with Never Down
software," said <tm:entity><tm:person Family_Name="Wharton" First_Name="Peter" Gender="Undefined Gender" role="Person" value="peter wharton">Peter Wharton</tm:person></tm:entity>, <tm:entity><tm:function FunctionCategory="Board" role="Has_Function" value="vice president">vice president</tm:function></tm:entity> of marketing, <tm:entity><tm:company Domain="IT" value="iomega">Iomega</tm:company></tm:entity> Corporation. "And unlike most backup programs, you can ensure
you've got a working backup copy by booting from it anytime you
want. A user can literally run their system from their backup
drive. Never Down backup software is easy-to-use and in a class of
its own when it comes to providing peace of mind for millions of
Windows desktop users."</p>
<p>More About Never Down Software</p>
<p>Never Down software works by keeping a complete, uncompressed
backup copy of a Windows laptop or desktop computer's system drive
on an external eSATA hard drive. The speed and performance of the
eSATA 3.0 Gbits/sec interface, up to 6 times faster than USB 2.0
(Hi-Speed USB), ensures that backup, recovery, and operation from
the external drive proceeds at internal hard drive speeds.</p>
<p>"<tm:entity><tm:company Domain="IT" value="iomega">Iomega</tm:company></tm:entity>'s Never Down software is changing people's thinking
about backups for the home office and small business systems,"
continued Wharton. "Other backup programs are like an insurance
policy that helps you rebuild your home or your office after a
disaster, but those backup programs take time and you never really
know how well you're protected. Never Down software is like having
another house or office. You can actually run your system from your
backup drive; you don't have to interrupt your work while you wait
for a PC repair."</p><p>Unlike a RAID 1 setup, where all data is copied to two drives at
once (a process known as mirroring), Never Down creates backup
copies manually or through <tm:entity><tm:company Domain="IT" value="microsoft">Microsoft</tm:company></tm:entity>'s Scheduled Task Wizard. The
advantage for Never Down users is that they can always revert back
to their last intact backup copy and continue their work, whereas
viruses and hacker attacks can disable both drives in a RAID 1
array simultaneously.</p><p>Other hardware or software disasters that can disable the system
drive without warning, like data corruption errors, some viruses,
and accidental file erasures, do not affect the current Never Down
backup copy. (The best defense is to remove the backup copy from
the computer system.) Users can immediately reboot from the backup
and continue their work. And Never Down software is simple to use,
stripping away complicated backup options to focus on reliable full
backups and drag-and-drop restores, making Never Down easy to
understand and easy to use. Recovering an accidentally erased file
is as easy as using Windows Explorer to copy the file from the
backup drive.</p>
<p>About <tm:entity><tm:company Domain="IT" value="iomega">Iomega</tm:company></tm:entity>'s High Capacity eSATA Desktop Hard Drives</p><p>Iomega(R) Never Down(TM) software is shipping today with new
<tm:entity><tm:company Domain="IT" value="iomega esata">Iomega eSATA</tm:company></tm:entity> desktop hard drives. These include the Iomega(R) eSATA
3 Gbits/USB 2.0 Professional Hard Drive, available in single drive
500GB* and 750GB capacities, and the new 1.5TB Iomega(R)
UltraMax(TM) Pro Desktop Hard Drive that features eSATA 3GBits and
USB 2.0 interfaces. (Note: An eSATA interface card, which is
required for computers that do not have an onboard eSATA interface,
is sold separately.)</p>
<p>The UltraMax Pro Desktop Hard Drive model with the eSATA and USB
interfaces complements the Mac Pro series of <tm:entity><tm:company Domain="IT" value="apple">Apple</tm:company></tm:entity> computers and
features a two-drive configuration with hot-swappable SATA II hard
drives that are formatted with the FAT32 file system for use in Mac
or PC environments.</p>
<p>Designed for use with Windows (eSATA or USB 2.0) or Mac PCs (USB
2.0), these three desktop hard drives come with eSATA and USB 2.0
cables, power adapter cable, and a software CD including EMC(R)
Retrospect(R) Express software (Windows and Mac(R) OS X) and
Iomega(R) Never Down(TM) software (Windows only).</p>
<p>Compatibility</p>
<p>For eSATA operation, an eSATA connector (motherboard or PCI
card) is required; eSATA <tm:entity><tm:company><tm:potential_company role="Who" value="pci">PCI</tm:potential_company></tm:company></tm:entity> cards are sold separately by <tm:entity><tm:company Domain="IT" role="Whom" value="iomega">Iomega</tm:company></tm:entity> at
<a href="http://www.iomega.com" target="_new">http://www.iomega.com,</a>and other branded manufacturers.
(Not all eSATA PCI cards will allow booting from an external drive;
the <tm:entity><tm:company Domain="IT" value="iomega esata pci">Iomega eSATA PCI</tm:company></tm:entity> card, sold separately, allows booting from an
external <tm:entity><tm:company Domain="IT" value="iomega esata">Iomega eSATA</tm:company></tm:entity> drive.) All of the drives listed here and the
software are compatible with Windows 2000 Professional; XP Home/XP
Professional/ XP Professional x64; and Windows Vista(TM). <tm:entity><tm:company Domain="IT" value="iomega">Iomega</tm:company></tm:entity> Never Down(TM) software is compatible with the eSATA drive
interface only; <tm:entity><tm:company Domain="IT" value="emc retrospect express">EMC Retrospect Express</tm:company></tm:entity> software is compatible with
either eSATA or USB operation.</p>
<p>For USB operation, the <tm:entity><tm:company Domain="IT" value="iomega esata">Iomega eSATA</tm:company></tm:entity>/USB 2.0 desktop hard drives
listed here are compatible with Mac OS X 10.2 or higher on a G3 or
higher computer with built-in USB connection.</p><p>Price and Availability</p>
<p>The Iomega(R) Professional Hard Drive eSATA 3 Gbits/USB 2.0 with
<tm:entity><tm:company Domain="IT" value="iomega">Iomega</tm:company></tm:entity> Never Down(TM) software is available now worldwide for
$179.95 for the 500GB model and <tm:entity><tm:money_expression><tm:money Amount="299.95" Currency="Dollar" value="$299.95">$299.95</tm:money></tm:money_expression></tm:entity> for the 750GB model. The
Iomega(R) 1.5TB UltraMax(TM) Pro Desktop Hard Drive eSATA
3GBits/USB 2.0 with <tm:entity><tm:company Domain="IT" value="iomega">Iomega</tm:company></tm:entity> Never Down(TM) software is also
available worldwide for $599.95. (Pricing listed here is <tm:entity><tm:location><tm:country><tm:place>U.S.</tm:place></tm:country></tm:location></tm:entity> suggested retail.)</p>
<p><tm:entity><tm:function FunctionCategory="Board" value="owners">Owners</tm:function></tm:entity> of a previously released <tm:entity><tm:company Domain="IT" value="iomega esata">Iomega eSATA</tm:company></tm:entity> desktop hard drive
can download Never Down software free of charge from the <tm:entity><tm:company Domain="IT" value="iomega">Iomega</tm:company></tm:entity> website, <a href="http://www.iomega.com" target="_new">http://www.iomega.com</a>.</p><p>About <tm:entity><tm:company Domain="IT" value="iomega">Iomega</tm:company></tm:entity></p><p><tm:entity><tm:company Domain="IT" value="iomega">Iomega</tm:company></tm:entity> Corporation, headquartered in <tm:entity><tm:location><tm:country location_country="United States of America"><tm:place>San Diego</tm:place></tm:country></tm:location></tm:entity>, is a worldwide
leader in innovative storage and network security solutions for
small and mid-sized businesses, consumers and others. The Company
has sold more than 400 million digital storage drives and disks
since its inception <tm:entity><tm:time_expression><tm:exact_time Year="1980" value="in 1980">in 1980</tm:exact_time></tm:time_expression></tm:entity>. Today, <tm:entity><tm:company Domain="IT" value="iomega">Iomega</tm:company></tm:entity>'s product portfolio
includes industry leading network attached storage products,
external hard drives, and our award-winning removable storage
technology, the REV(R) Backup Drive. OfficeScreen(R), <tm:entity><tm:company Domain="IT" value="iomega">Iomega</tm:company></tm:entity>'s
managed security services, available in the <tm:entity><tm:location><tm:country><tm:place>U.S.</tm:place></tm:country></tm:location></tm:entity> and select markets
in <tm:entity><tm:location><tm:country><tm:place>Europe</tm:place></tm:country></tm:location></tm:entity>, provides enterprise quality perimeter security and
secure remote network access for SMBs, which help protect small
enterprises from data theft and liability. To learn about all of
<tm:entity><tm:company Domain="IT" value="iomega">Iomega</tm:company></tm:entity>'s digital storage products and managed services solutions,
please go to the Web at <a href="http://www.iomega.com" target="_new">http://www.iomega.com</a>. Resellers can visit <tm:entity><tm:company Domain="IT" value="iomega">Iomega</tm:company></tm:entity> at
<a href="http://www.iomega.com/ipartner" target="_new">http://www.iomega.com/ipartner</a>.</p><p>NOTE: The statements contained in this release regarding
development, production and distribution of the Iomega(R)
Professional Hard Drive eSATA 3Gbits/USB 2.0, the Iomega(R)
UltraMax(TM) Pro Desktop Hard Drive eSATA 3GBits/USB 2.0 and Never
Down(TM) software, anticipated product pricing and availability,
expected product performance and specifications, future
applications for the new product and all other statements that are
not purely historical, are forward-looking statements within the
meaning of the Private Securities Litigation Reform Act of 1995.
All such forward-looking statements are based upon information
available to <tm:entity><tm:company Domain="IT" value="iomega">Iomega</tm:company></tm:entity> as of the date hereof, and <tm:entity><tm:company Domain="IT" value="iomega">Iomega</tm:company></tm:entity> disclaims any
intention or obligation to update any such forward-looking
statements. Actual results could differ materially from current
expectations. Factors that could cause or contribute to such
differences include, but are not limited to, new drive performance
threats not currently identified as performance inhibitors for
Never Down, the successful completion of product development and
testing, market acceptance of, and demand for, the <tm:entity><tm:company Domain="IT" role="Who" value="iomega">Iomega</tm:company></tm:entity> product,
any difficulties encountered in ramping up production or other
manufacturing issues, including component availability and pricing,
co-development, production, and distribution issues, product
pricing and conformity to specifications, dependence upon third
party suppliers, competition, intellectual property rights and
other risks and uncertainties identified in the reports filed from
time to time by <tm:entity><tm:company Domain="IT" value="iomega">Iomega</tm:company></tm:entity> with the <tm:entity><tm:location><tm:country><tm:place>U.S.</tm:place></tm:country></tm:location></tm:entity> Securities and <tm:entity><tm:organisation value="exchange commission">Exchange
Commission</tm:organisation></tm:entity>, including <tm:entity><tm:company Domain="IT" value="iomega">Iomega</tm:company></tm:entity>'s Annual Report on Form 10-K <tm:entity><tm:time_expression><tm:duration To="December 31 , 2006" value="for the year ended december 31 , 2006">for the
year ended December 31, 2006</tm:duration></tm:time_expression></tm:entity>, and its most recent Quarterly Report
on Form 10-Q.</p><div style="margin-left: 2em">* 1 <tm:entity><tm:location><tm:country><tm:place>GB</tm:place></tm:country></tm:location></tm:entity>= 1,000,000,000 bytes.</div>
<p>Copyright(C) 2007 <tm:entity><tm:company Domain="IT" value="iomega">Iomega</tm:company></tm:entity> Corporation. All rights reserved.
<tm:entity><tm:company Domain="IT" value="iomega">Iomega</tm:company></tm:entity>, <tm:entity><tm:company value="zip">Zip</tm:company></tm:entity>, <tm:entity><tm:company value="rev">REV</tm:company></tm:entity>, Never Down, OfficeScreen, StorCenter, MiniMax and
UltraMax are either registered trademarks or trademarks of <tm:entity><tm:company Domain="IT" value="iomega">Iomega</tm:company></tm:entity> Corporation in the <tm:entity><tm:location><tm:country><tm:place>United States</tm:place></tm:country></tm:location></tm:entity> and/or other countries. All other
trademarks, trade names, service marks, and logos referenced herein
belong to their respective companies.<br/></p>
<p>Media please contact:</p>
<p><tm:entity><tm:person Family_Name="Romoser" First_Name="Chris" Gender="Male" value="chris romoser">Chris Romoser</tm:person></tm:entity>, <tm:entity><tm:company Domain="IT" value="iomega">Iomega</tm:company></tm:entity> Corporation, (858) 314-7148 <a href="mailto:romoser@iomega.com"><tm:entity><tm:email value="romoser@iomega.com">romoser@iomega.com</tm:email></tm:entity></a></p><p><tm:entity><tm:function FunctionCategory="Other" value="analyst">Analyst</tm:function></tm:entity>/Investors, please contact:</p><p><tm:entity><tm:person Family_Name="Romm" First_Name="Preston" Gender="Undefined Gender" value="preston romm">Preston Romm</tm:person></tm:entity>, <tm:entity><tm:company Domain="IT" value="iomega">Iomega</tm:company></tm:entity> Corporation, (858) 314-7188</p>
</body>
</html>


</doc>

