<doc xmlns:tm="http://www.temis.com/annotations/1.1/">
<metadata>
<aboutcompany value="entrust"/>
<releaselocation value="dallas"/>
<data_source value="prnews"/>
<source value="entrust, inc."/>
<processing_date>2008-01-21T18:18:31</processing_date>
<date>2007-12-13T09:01:00</date>

<quote symbol="NASDAQ:ENTU" src-company="entrust" company="Entrust, Inc." date="2007-12-13" price="1.90"/></metadata>
<title>Nordic Communications Giant <tm:entity><tm:company Domain="TeleCommunication" value="telenor">Telenor</tm:company></tm:entity> to Deploy Entrust GetAccess
</title>
<html>
<head>
<meta name="generator" content="HTML Tidy for Windows (vers 14 February 2006), see www.w3.org"/>
<!-- #BeginEditable "doctitle" -->
<title>Nordic Communications Giant <tm:entity><tm:company Domain="TeleCommunication" value="telenor">Telenor</tm:company></tm:entity> to Deploy Entrust
GetAccess</title>
</head>
<body>
<p>Single sign-on solution enables central management of access to
multiple</p>
<p>applications through a single portal</p>
<p><tm:entity><tm:location><tm:country location_country="United States of America"><tm:place>DALLAS</tm:place></tm:country></tm:location></tm:entity>, <tm:entity><tm:time_expression><tm:relative_time Day="13" Month="Dec." value="dec. 13">Dec. 13</tm:relative_time></tm:time_expression></tm:entity> /PRNewswire-FirstCall/ -- The leading provider
of television and broadcasting services to consumers and
enterprises in the <tm:entity><tm:location><tm:country><tm:place>Nordic region</tm:place></tm:country></tm:location></tm:entity>, <tm:entity><tm:company Domain="TeleCommunication" value="telenor">Telenor</tm:company></tm:entity> sought a scalable single
sign-on (SSO) solution that could provide seamless, secure Web
portal access for partners, consumers and clients. The resounding
answer was Entrust, Inc. (<tm:entity><tm:stockindex value="nasdaq">Nasdaq</tm:stockindex></tm:entity>: <a class="small" href="http://studio-5.financialcontent.com/prnews?Page=Quote&amp;Ticker=ENTU" onclick="var s=s_gi(s_account); var hd1 = document.getElementById('headline'); s.tl(this,'o',getLinkName('Company Sanpshot'));">ENTU</a>) and Entrust GetAccess, a key component of a strategic
layered security approach.</p>
<p><tm:entity><tm:company Domain="TeleCommunication" role="Who" value="telenor">Telenor</tm:company></tm:entity>, which also is emerging as one of the fastest growing
providers of mobile communications services worldwide, purchased
Entrust GetAccess enterprise licenses for use with its customers
and partners. Entrust GetAccess 8.0 is a proven, scalable Web
access control solution that reduces cost and helps increase
efficiency through online applications.</p><p>Combined with robust standards-based policy (via XACML), Entrust
GetAccess enables central management of access to multiple
applications through a single portal, providing users with single
sign-on to the applications and content they are authorized to see.
The solution features broad support for Entrust IdentityGuard
versatile authenticators, flexible roles, rules-based access
control and proven performance supporting many multimillion-user
deployments.</p>
<p>"The ability to securely enable the online channel as a
foundation for business is paramount for all enterprises," said
Entrust <tm:entity><tm:function FunctionCategory="Board" role="Has_Function" value="chairman president and chief executive officer">Chairman, President and Chief Executive Officer</tm:function></tm:entity> <tm:entity><tm:person Family_Name="Conner" First_Name="Bill" Gender="Male" role="Person" value="bill conner">Bill
Conner</tm:person></tm:entity>. "Doing so, but concurrently providing an efficient,
easy-to-use means of gaining safe access, promotes success online
and the opportunity to reduce overall cost and increase customer
satisfaction."</p><p>A key component of a layered consumer security strategy, Entrust
GetAccess 8.0 provides organizations with the ultimate in
authentication flexibility by now supporting the full platform of
versatile authentication capabilities delivered by Entrust
IdentityGuard. Centrally controlled via policy, organizations can
seamlessly protect sensitive applications and data with a wide
range of authenticators, including knowledge-based questions, grid
cards, various one-time-passcode (OTP) hardware tokens, as well as
out-of-band OTP via voice, SMS or e-mail.</p>
<p>Listed on the <tm:entity><tm:organisation Domain="Financial" value="oslo stock exchange">Oslo Stock Exchange</tm:organisation></tm:entity>, <tm:entity><tm:company Domain="TeleCommunication" value="telenor">Telenor</tm:company></tm:entity>(<tm:entity><tm:stockindex value="ose">OSE</tm:stockindex></tm:entity>: <tm:entity><tm:companyticker company="NOKIA CORPORATION" value="NYSE:NOK">NOK</tm:companyticker></tm:entity>) is
emerging as one of the fastest growing providers of mobile
communications services worldwide with ownership interests in 12
mobile operators across <tm:entity><tm:location><tm:country><tm:place>Europe</tm:place></tm:country></tm:location></tm:entity> and <tm:entity><tm:location><tm:country><tm:place>Asia</tm:place></tm:country></tm:location></tm:entity>. <tm:entity><tm:company Domain="TeleCommunication" value="telenor">Telenor</tm:company></tm:entity> is also the
largest provider of TV services in the <tm:entity><tm:location><tm:country><tm:place>Nordic region</tm:place></tm:country></tm:location></tm:entity>. The
organization has more than 129 million mobile subscriptions
worldwide and boasts an international mobile footprint that covers
650 million people.</p><p>About Entrust</p>
<p>Entrust (<tm:entity><tm:stockindex value="nasdaq">Nasdaq</tm:stockindex></tm:entity>: <a class="small" href="http://studio-5.financialcontent.com/prnews?Page=Quote&amp;Ticker=ENTU" onclick="var s=s_gi(s_account); var hd1 = document.getElementById('headline'); s.tl(this,'o',getLinkName('Company Sanpshot'));">ENTU</a>) secures digital identities and information for consumers,
enterprises and governments in 1,650 organizations spanning 60
countries. Leveraging a layered security approach to address
growing risks, Entrust solutions help secure the most common
digital identity and information protection pain points in an
organization. These include SSL, authentication, fraud detection,
shared data protection and e-mail security. For information, call
888-690-2424, e-mail <a href="mailto:entrust@entrust.com"><tm:entity><tm:email value="entrust@entrust.com">entrust@entrust.com</tm:email></tm:entity></a>or visit
<a href="http://www.entrust.com" target="_new">http://www.entrust.com</a>.</p><p>Entrust is a registered trademark of <tm:entity><tm:company Extension="Limited, Inc" value="entrust">Entrust</tm:company></tm:entity>, Inc. in the <tm:location><tm:country><tm:place>United
States</tm:place></tm:country></tm:location>and certain other countries. In <tm:entity><tm:location><tm:country><tm:place>Canada</tm:place></tm:country></tm:location></tm:entity>, Entrust is a
registered trademark of <tm:entity><tm:company Extension="Limited, Inc" value="entrust">Entrust</tm:company></tm:entity> Limited. All Entrust product names
are trademarks or registered trademarks of <tm:entity><tm:company Extension="Limited, Inc" value="entrust">Entrust</tm:company></tm:entity>, Inc. or Entrust
Limited. All other company and product names are trademarks or
registered trademarks of their <tm:entity><tm:function FunctionCategory="Board" value="respective owners">respective owners</tm:function></tm:entity>.</p></body>
</html>


</doc>

