<doc xmlns:tm="http://www.temis.com/annotations/1.1/">
<metadata><releaselocation value="washington"/><data_source value="prnews"/><source value="national archives"/><processing_date>2008-01-21T18:16:26</processing_date><date>2007-12-13T16:34:00</date><quote symbol="NYSE:NOC" src-company="northrop grumman" company="Northrop Grumman Corporation" date="2007-12-13" price="80.68"/><quote symbol="NYSE:LMT" src-company="lockheed martin" company="Lockheed Martin Corporation" date="2007-12-13" price="109.29"/></metadata>
<title>Successful Test for First Phase of National Archives Electronic Records Archives System
</title>
<html>
<head>
<meta name="generator" content="HTML Tidy for Windows (vers 14 February 2006), see www.w3.org"/>
<!-- #BeginEditable "doctitle" -->
<title>Successful Test for First Phase of National Archives
Electronic Records Archives System</title>
</head>
<body>
<p><tm:entity><tm:location><tm:country location_country="United States of America"><tm:place>WASHINGTON</tm:place></tm:country></tm:location></tm:entity>, <tm:entity><tm:time_expression><tm:relative_time Day="13" Month="Dec." value="dec. 13">Dec. 13</tm:relative_time></tm:time_expression></tm:entity> /PRNewswire-USNewswire/ -- The development
of the Electronic Records Archives (ERA) system has passed a
significant milestone, with the successful completion of government
testing of the first delivery of software from the developer,
<tm:entity><tm:company Domain="Transportation" Extension="Corporation" value="lockheed martin">Lockheed Martin</tm:company></tm:entity> Corporation. ERA is the <tm:entity><tm:organisation Domain="Governmental" value="national archives and records administration">National Archives and
Records Administration</tm:organisation></tm:entity>'s strategic initiative to preserve and
provide long-term access to uniquely valuable electronic records of
the <tm:entity><tm:organisation Domain="Governmental" value="u s government">U.S. Government</tm:organisation></tm:entity>, and to transition government-wide management
of the lifecycle of all records into the realm of e-government.</p><p><tm:entity><tm:company Domain="Transportation" Extension="Corporation" value="lockheed martin">Lockheed Martin</tm:company></tm:entity> started deploying ERA hardware <tm:entity><tm:time_expression><tm:relative_time value="last spring">last spring</tm:relative_time></tm:time_expression></tm:entity> and
released the first pilot software to the National Archives <tm:entity><tm:time_expression><tm:exact_time value="2007">on
September 27, 2007</tm:exact_time></tm:time_expression></tm:entity>. After extensive engineering and end-user
testing of the system, the National Archives gave <tm:entity><tm:company Domain="Transportation" Extension="Corporation" role="Who" value="lockheed martin">Lockheed Martin</tm:company></tm:entity> the green light to complete development of the second pilot.</p>
<p>The first pilot supports creating and processing records
schedules and requests for transfer of records. The second pilot,
to be delivered <tm:entity><tm:time_expression><tm:relative_time Month="December" value="at the end of december">at the end of December</tm:relative_time></tm:time_expression></tm:entity>, 2007, will add system
functions for transferring electronic records. The third pilot,
scheduled for delivery <tm:entity><tm:time_expression><tm:relative_time Month="March" value="in early march">in early March</tm:relative_time></tm:time_expression></tm:entity>, 2008, will provide tools for
automated inspection of electronic records. <tm:entity><tm:person Family_Name="Thibodeau" First_Name="Ken" Gender="Male" role="Person" value="ken thibodeau">Ken Thibodeau</tm:person></tm:entity>, <tm:entity><tm:function FunctionCategory="Board" role="Has_Function" value="era program director">ERA
Program Director</tm:function></tm:entity> at the National Archives, describes the pilots as
"three ounces of prevention" aimed at ensuring that the system's
Initial Operating Capability (IOC) meets the government's needs
with a robust design and a high quality user interface.</p>
<p>This first milestone is the result of a two year process, and
represents a shift in schedule. <tm:entity><tm:company Domain="Transportation" Extension="Corporation" value="lockheed martin">Lockheed Martin</tm:company></tm:entity> had planned to
deliver <tm:entity><tm:time_expression><tm:relative_time Month="September" value="in september">in September</tm:relative_time></tm:time_expression></tm:entity>, 2007, software that would enable officials
from the National Archives and other agencies to use the system to
develop and process records schedules and requests to transfer
records to the National Archives as well as actual transfer,
inspection and storage of electronic records. Translating the
National Archives business needs into a working system proved
challenging. Under a revised schedule, <tm:entity><tm:company Domain="Transportation" Extension="Corporation" value="lockheed martin">Lockheed Martin</tm:company></tm:entity> will deliver
three software pilots, gradually including all the functions needed
to reach IOC.</p>
<p>The National Archives will test each of the three pilots. After
<tm:entity><tm:company Domain="Transportation" Extension="Corporation" value="lockheed martin">Lockheed Martin</tm:company></tm:entity> has addressed any items identified in National
Archives testing of the pilots, it will release the IOC system for
a final round of government testing <tm:entity><tm:time_expression><tm:relative_time Month="May" value="in may">in May</tm:relative_time></tm:time_expression></tm:entity>, 2008. The National
Archives expects to complete product and operational testing and
put the system into operation <tm:entity><tm:time_expression><tm:duration value="by the end of june , 2008">by the end of June, 2008</tm:duration></tm:time_expression></tm:entity>.</p><p>Government testing of the first pilot was performed by <tm:entity><tm:function FunctionCategory="Other" value="engineers">engineers</tm:function></tm:entity> and other technical subject matter <tm:entity><tm:function FunctionCategory="Other" value="experts">experts</tm:function></tm:entity> within the National
Archives. <tm:entity><tm:function FunctionCategory="Other" value="additional technical experts">Additional technical experts</tm:function></tm:entity> who provide support to the
program management office include contractors from the <tm:entity><tm:company Extension="Corporation" value="alon">ALON</tm:company></tm:entity> Corporation and from <tm:entity><tm:company Domain="IT" Extension="Corporation" value="northrop grumman">Northrop Grumman</tm:company></tm:entity> Corporation, which offers
independent validation and verification for the ERA
development.</p>
<p>Testing of the next two phases will be expanded to include
officials from other Federal agencies and from <tm:entity><tm:function FunctionCategory="Board" value="members">members</tm:function></tm:entity> of the
<tm:entity><tm:organisation value="advisory committee">Advisory Committee</tm:organisation></tm:entity> on ERA.</p>
</body>
</html>


</doc>

