<doc xmlns:tm="http://www.temis.com/annotations/1.1/">
<metadata>
<aboutcompany value="webs, inc."/>
<releaselocation value="silver spring"/>
<data_source value="prnews"/>
<source value="freewebs"/>
<processing_date>2008-01-21T18:20:15</processing_date>
<date>2007-12-12T01:30:00</date>
</metadata>
<title>Facebook Gamers Can Now Challenge Bebo Gamers through WarBook
</title>
<html>
<head>
<meta name="generator" content="HTML Tidy for Windows (vers 14 February 2006), see www.w3.org"/>
<!-- #BeginEditable "doctitle" -->
<title>Facebook Gamers Can Now Challenge Bebo Gamers through
WarBook</title>
</head>
<body>
<p><tm:entity><tm:company Extension="Inc" value="webs">Webs.com</tm:company></tm:entity> Launches World's First Cross-Platform Social Networking
Game through its Social Gaming Network (SGN); Ushers in New Genre
in Development</p>
<p>and embraces the Openness of Social Application Development</p>
<p>SILVER SPRING, Md., <tm:entity><tm:time_expression><tm:relative_time Day="12" Month="Dec." value="dec. 12">Dec. 12</tm:relative_time></tm:time_expression></tm:entity> /PRNewswire/ -- <tm:entity><tm:company Extension="Inc" value="webs">Webs.com</tm:company></tm:entity>(formerly
<tm:entity><tm:company value="freewebs">Freewebs</tm:company></tm:entity>), launches today the first cross-platform game through its
Social Gaming Network (SGN). With this announcement, <tm:entity><tm:company Extension="Inc" value="webs">Webs.com</tm:company></tm:entity>'s
hugely popular game, WarBook, is now available on Bebo's social
network, which heralds in the first cross-platform functionality
and the first of <tm:entity><tm:company Extension="Inc" value="webs">Webs.com</tm:company></tm:entity>'s SGN games to be played across multiple
social networks.</p><p>Building on Webs.com's recent introduction of its Social Gaming
Network (SGN), which develops and publishes games exclusively for
social networks, WarBook will join the two walled social networks,
providing the huge subculture that surrounds WarBook on Facebook
the opportunity to compete against new Bebo users, bringing a new
dimension to the game and creating real, cross-platform
competition.</p>
<p>"With the advent of this cross-platform functionality, we are
strengthening the respective communities of both Facebook and Bebo
by <tm:entity><tm:function FunctionCategory="Board" value="allowing members">allowing members</tm:function></tm:entity> of these social platforms to compete against
each other in an unprecedented way," says <tm:entity><tm:person Family_Name="Pishevar" First_Name="Shervin" role="Person" value="shervin pishevar">Shervin Pishevar</tm:person></tm:entity>,
<tm:entity><tm:function FunctionCategory="Board" role="Has_Function" value="president">president</tm:function></tm:entity> of <tm:entity><tm:company Extension="Inc" role="Who" value="webs">Webs.com</tm:company></tm:entity>. "Building successful, sticky games for
social networks is a very different discipline from building games
for other outlets. Through the recent launch of SGN we are
committed to innovating in the social gaming space and becoming the
leading provider of games exclusively designed for social
networks."</p><p>With its recent acquisition of FightClub, a top 10 Facebook
Game, SGN is now the largest independent developer of games
exclusively for inside social networks. WarBook was the first game
from SGN to launch on Facebook <tm:entity><tm:time_expression><tm:exact_time Month="August" Year="2007" value="in august 2007">in August 2007</tm:exact_time></tm:time_expression></tm:entity> and is now the first
game to leverage people's social connections across platforms,
transforming a typical gaming experience into one that is more
relevant, more engaging, more competitive and, ultimately, more
enjoyable for the player.</p>
<p>Social gaming is a rapidly growing segment among top
applications on Facebook, and WarBook is the most active game by
page views and the third largest game by active users on
Facebook.</p>
<p>This new gaming experience is part of <tm:entity><tm:company Extension="Inc" value="webs">Webs.com</tm:company></tm:entity>'s commitment to
providing consumers the best social gaming experience with its
library of specialist games. <tm:entity><tm:time_expression><tm:relative_time value="this month">This month</tm:relative_time></tm:time_expression></tm:entity>, SGN developed and launched
Street Race, which quickly became the number one game by percentage
of active users on Facebook, and counts among its other games,
Blocky, launched <tm:entity><tm:time_expression><tm:relative_time Month="November" value="in november">in November</tm:relative_time></tm:time_expression></tm:entity>, FightClub and Super Snake. SGN
network will continue to leverage the power of the 'network effect'
to expand its library of new games exclusively for social
networks.</p><p>About <tm:entity><tm:company Extension="Inc" value="webs">Webs</tm:company></tm:entity>, Inc.</p><p><tm:entity><tm:company Extension="Inc" value="webs">Webs.com</tm:company></tm:entity>(formerly <tm:entity><tm:company value="freewebs">Freewebs</tm:company></tm:entity>), is a Social Media company
comprising both social publishing and social applications. The
company creates social publishing properties and social
applications that allow people around the world to tell their
stories and to connect in a vibrant, fun and dynamic way. <tm:entity><tm:company Extension="Inc" value="webs">Webs.com</tm:company></tm:entity> properties include:<br/>
-- <tm:entity><tm:company value="freewebs">Freewebs.com</tm:company></tm:entity>, the world's leading social publishing product,
which has</p><p>helped create over 20 million websites with the most robust,
most</p>
<p>intuitive and most open site building tool available;</p>
<ul>
<li><tm:entity><tm:company value="pagii">Pagii.com</tm:company></tm:entity>, a breakthrough social publishing network that
redefines page creation, social interaction and self expression;
and</li><li>SGN <a href="http://www.socialgn.com" target="_new">(http://www.socialgn.com</a>), the <tm:entity><tm:company value="social gaming network">Social Gaming Network</tm:company></tm:entity>, a
leading gaming application developer for social networks like
Facebook, creator of renowned strategy game WarBook, as well as
Street Race, also included Super Snake, Blocky and the recently
acquired FightClub as part of its growing library.</li></ul>
<p><tm:entity><tm:company Extension="Inc" value="webs">Webs.com</tm:company></tm:entity> is an independent company headquartered in Silver
Spring, <tm:entity><tm:location><tm:country location_country="United States of America"><tm:place>Maryland</tm:place></tm:country></tm:location></tm:entity> with offices in <tm:entity><tm:location><tm:country location_country="United States of America"><tm:place>San Francisco</tm:place></tm:country></tm:location></tm:entity> and <tm:entity><tm:location><tm:country location_country="United States of America"><tm:place>New York
City</tm:place></tm:country></tm:location></tm:entity>.</p></body>
</html>


</doc>

