<doc xmlns:tm="http://www.temis.com/annotations/1.1/">
<metadata><aboutcompany value="beaworld"/><releaselocation value="shanghai"/><data_source value="prnews"/><source value="bea systems, inc."/><processing_date>2008-01-21T18:24:00</processing_date><date>2007-12-12T04:01:00</date><quote symbol="NASDAQ:BEAS" src-company="bea systems" company="BEA Systems, Inc." date="2007-12-12" price="15.86"/></metadata>
<title>BEA Announces AquaLogic Service Bus 3.0 to Enable Enterprise-Wide SOA Deployments
</title>
<html>
<head>
<meta name="generator" content="HTML Tidy for Windows (vers 14 February 2006), see www.w3.org"/>
<!-- #BeginEditable "doctitle" -->
<title>BEA Announces AquaLogic Service Bus 3.0 to Enable
Enterprise-Wide SOA Deployments</title>
</head>
<body>
<p>BEA AquaLogic Service Bus 3.0 Can Help Organizations Achieve
Faster ROI with Easy-to-use, Code-free and Configuration-based
Service Integration; Designed to Scale to Enterprise-wide SOA
Deployments that Involve Building</p>
<p>Composite, Cross-domain Applications</p>
<p>Core News Facts: 1. With the release of BEA AquaLogic(R) Service
Bus 3.0, BEA delivers a comprehensive enterprise service bus (ESB)
that is designed to improve the integration process for
enterprise-wide service-oriented architecture (SOA)</p><p>deployments.</p>
<p>2. BEA AquaLogic Service Bus 3.0 is a comprehensive,
light-weight SOA backbone designed to help IT organizations create
configuration-driven and reusable service components, service
enable existing legacy applications</p>
<p>and quickly build new SOA-based applications for enabling
enterprise</p>
<p>agility. 3. BEA AquaLogic Service Bus 3.0 offers new features
and customer benefits such as an enterprise-wide service network
comprising multiple SOA domains,</p>
<p>enhanced embedded management and quality of service, optimized
native</p>
<p>transports for leading enterprise resource planning and packaged
applications, integrated unified design environment for SOA and
business process management and seamless integration with the BEA
SOA Governance</p><p>solution.</p>
<p><tm:entity><tm:location><tm:country location_country="China"><tm:place>SHANGHAI</tm:place></tm:country></tm:location></tm:entity>, <tm:entity><tm:location><tm:country><tm:place>China</tm:place></tm:country></tm:location></tm:entity>, <tm:entity><tm:time_expression><tm:relative_time Day="12" Month="Dec." value="dec. 12">Dec. 12</tm:relative_time></tm:time_expression></tm:entity> /PRNewswire-FirstCall/ -- BEAWorld --
<tm:entity><tm:company Domain="IT" Extension="Inc" value="bea systems">BEA Systems</tm:company></tm:entity>, Inc. (<tm:entity><tm:stockindex value="nasdaq">Nasdaq</tm:stockindex></tm:entity>: <a class="small" href="http://studio-5.financialcontent.com/prnews?Page=Quote&amp;Ticker=BEAS" onclick="var s=s_gi(s_account); var hd1 = document.getElementById('headline'); s.tl(this,'o',getLinkName('Company Sanpshot'));">BEAS</a>), a world leader in enterprise infrastructure software,
today announced the release of BEA AquaLogic(R) Service Bus 3.0, a
comprehensive enterprise service bus (ESB) that is designed to
improve the integration process for enterprise-wide
service-oriented architecture (SOA) deployments. The solution is an
SOA integration platform designed to connect, mediate and manage
interactions between heterogeneous services, legacy applications
and multiple ESB instances across an enterprise-wide service
network.</p>
<p>"The same factors that lead a large company to acquire
heterogeneous applications (differing requirements) also cause them
to organize SOA initiatives into different domains -- a typical
epicenter being a business unit. Initially, more than 90% of SOA interactions are confined within a single SOA domain. However as
organizations develop a robust service portfolio the proportion of
interdomain interactions increases as services are used in
composite applications developed in other business units and to
automate business processes that span organizational boundaries.
Multiple requirements arise as service use increases. Performance
must continue to meet expectations, QoS must be assured and
appropriate service level-agreements, established. Also,
organizations must ensure that they effectively manage a rapidly
growing portfolio of diverse assets (e.g., services, policies,
business processes) and publicize the availability of these
assets," said <tm:entity><tm:person Family_Name="Thompson" First_Name="Jess" Gender="Male" role="Person" value="jess thompson">Jess Thompson</tm:person></tm:entity>, research <tm:entity><tm:function FunctionCategory="Board" role="Has_Function" value="vice president">vice president</tm:function></tm:entity>, <tm:entity><tm:company Domain="IT" role="Who" value="gartner research">Gartner
Research</tm:company></tm:entity>. "This will require organizations to effectively manage a
portfolio of diverse assets (e.g., services, policies, business
processes) and publicize the availability of these assets.
Moreover, as the use of and dependence on services grows so do the
requirements for dependable service level agreements and effective
governance."</p><p>For organizations that adopted SOA to align IT initiatives with
business strategies to compete <tm:entity><tm:time_expression><tm:relative_time value="in today">in today</tm:relative_time></tm:time_expression></tm:entity>'s business environment, ESB
technology acts as the essential link between business processes
and services to help enterprises rapidly change with ever-evolving
business needs. BEA AquaLogic Service Bus 3.0 is designed to be a
comprehensive, light-weight SOA backbone to help IT organizations
create configuration-driven and reusable service components,
service enable legacy applications and quickly build new SOA-based
applications for enabling enterprise agility.</p>
<p>"Whether an organization is looking to undertake its first SOA project or to augment its legacy applications, the new integration
and scalability features in the latest version of BEA AquaLogic
Service Bus can help unlock business value from siloed applications
and give organizations a competitive edge through a more agile
infrastructure," said <tm:entity><tm:person Family_Name="Tran" First_Name="Thanh" Gender="Male" role="Person" value="thanh tran">Thanh Tran</tm:person></tm:entity>, <tm:entity><tm:function FunctionCategory="Board" role="Has_Function" value="senior vice president">senior vice president</tm:function></tm:entity> of
<tm:entity><tm:company><tm:potential_company role="Who" value="aqualogic">AquaLogic</tm:potential_company></tm:company></tm:entity> products for <tm:entity><tm:company Domain="IT" Extension="Inc" value="bea systems">BEA Systems</tm:company></tm:entity>. "As a result, organizations may
increase time-to-market, lower total cost of ownership and improve
ROI."</p><p>BEA AquaLogic Service Bus 3.0 enhances BEA WorkSpace 360
degrees(TM) by providing configuration-driven service integration
with plug-ins to the BEA WorkSpace 360 degrees unified design
environment. Businesses may benefit from faster release cycles due
to ease-of-use, quicker time-to-market and increased developer
productivity.</p>
<p>BEA AquaLogic Service Bus 3.0 is also designed to serve as the
backbone for a flexible, reusable well-governed service network
that allows enterprises to help build dynamic business
applications.<br/></p>
<p>New features and key customer benefits include:</p>
<ul>
<li>Enterprise-wide service network comprising multiple SOA domains
-- BEA AquaLogic Service Bus mediates and provides
location-independent access to services across an enterprise-wide
service network spanning multiple SOA domains. BEA AquaLogic
Service Bus 3.0 leverages services distributed across multiple SOA
domains to build high-value composite applications.</li>
<li>Enhanced embedded management and quality of service (QoS) --
BEA AquaLogic Service Bus offers optimized runtime, optimized
connectivity to other BEA AquaLogic products and embedded
management capabilities to provide policy-based load balancing,
throttling and service pooling. These capabilities may enhance the
performance, scalability and QoS for the SOA.</li><li>BEA SmartConnect-- BEA AquaLogic Service Bus provides
optimized native transports for leading ERP and packaged
applications that, together with connectivity to WebsphereMQ and
WebSphere application server-based applications, can enable IT to
build composite applications by leveraging the SOA-enabled, as well
as non-SOA legacy assets. Unlike typical adaptors, BEA SmartConnect not only can connect and leverage non-SOA legacy assets, but it can
also help manage them by propagating security and transaction
credentials.</li>
<li>Unified SOA and BPM -- BEA AquaLogic Service Bus delivers
out-of-the-box integration with BEA AquaLogic BPM Suite which can
help achieve greater alignment between IT services with business
processes. BEA AquaLogic Service Bus provides an integrated unified
design environment so that organizations may leverage service
components to participate in composite, multi-domain business
processes.</li>
<li>ESB and SOA Governance -- BEA AquaLogic Services Bus, when
implemented with BEA SOA Governance products, is designed to
deliver end-to-end visibility and control across the entire service
network. BEA AquaLogic Service Bus can provide out-of-the-box
seamless integration with BEA AquaLogic(R) Registry Repository and
BEA AquaLogic SOA Management as part of the BEA SOA Governance solution. BEA AquaLogic Service Bus is designed with built-in
capabilities for service virtualization, WS-Security and
enforcement of policies around throttling and service pooling.
These capabilities are leveraged within the BEA SOA Governance solution and may enable better control of services across the
enterprise-wide service network comprising multiple SOA domains to
enable consistent QoS, control and visibility.</li>
</ul>
<p>Availability</p>
<p>BEA AquaLogic Service Bus 3.0 will be available <tm:entity><tm:time_expression><tm:relative_time value="in q1">in Q1</tm:relative_time></tm:time_expression></tm:entity> of 2008.
For more information on BEA AquaLogic Service Bus 3.0, please visit
<a href="http://www.bea.com/framework.jsp?CNT=index.htm&amp;FP=/content/products/aqualog" target="_new">http://www.bea.com/framework.jsp?CNT=index.htm&amp;FP=/content/products/aqualog</a>
ic/ service_bus/.</p>
<p>About BEAWorld</p>
<p>BEAWorld is the premier event for SOA thought leadership and
takes place in three strategic world markets spanning the <tm:entity><tm:location><tm:country><tm:place>Americas</tm:place></tm:country></tm:location></tm:entity>,
<tm:entity><tm:location><tm:country><tm:place>Europe</tm:place></tm:country></tm:location></tm:entity> and <tm:entity><tm:location><tm:country><tm:place>Asia</tm:place></tm:country></tm:location></tm:entity>. The conference is designed to provide critical
insights, hands-on instruction, best-practice strategies and
opportunities for interaction with like-minded professionals,
industry leaders, visionaries and <tm:entity><tm:function FunctionCategory="Other" value="expert">expert</tm:function></tm:entity> practitioners.</p>
<p>In addition to highlighting the innovation and tangible business
results BEA customers have achieved, BEAWorld is the place to find
the latest information on BEA infrastructure technologies including
BEA Tuxedo(R), BEA WebLogic(R) and BEA AquaLogic(R). <tm:entity><tm:time_expression><tm:relative_time value="this year">This year</tm:relative_time></tm:time_expression></tm:entity>'s
event will also include a Solutions Showcase, exhibiting the latest
and most innovative developments from the extensive BEA partner
community.</p><p>The third of three worldwide events is scheduled to be held in
<tm:entity><tm:location><tm:country location_country="China"><tm:place>Shanghai</tm:place></tm:country></tm:location></tm:entity>(<tm:entity><tm:time_expression><tm:relative_time Day="12, 13" Month="Dec." value="dec. 12-13">Dec. 12-13</tm:relative_time></tm:time_expression></tm:entity>). The first event was held in <tm:entity><tm:location><tm:country location_country="United States of America"><tm:place>San Francisco</tm:place></tm:country></tm:location></tm:entity>(<tm:entity><tm:time_expression><tm:relative_time Day="10, 12" Month="Sept." value="sept. 10-12">Sept. 10-12</tm:relative_time></tm:time_expression></tm:entity>), and the second event was held in <tm:entity><tm:location><tm:country location_country="Spain"><tm:place>Barcelona</tm:place></tm:country></tm:location></tm:entity>(<tm:entity><tm:time_expression><tm:relative_time Day="2, 4" Month="Oct." value="oct. 2-4">Oct.
2-4</tm:relative_time></tm:time_expression></tm:entity>).</p><p>About BEA</p>
<p><tm:entity><tm:company Domain="IT" Extension="Inc" value="bea systems">BEA Systems</tm:company></tm:entity>, Inc. is a world leader in enterprise infrastructure
software. Information about how BEA is enabling customers to
transform their business by building a Liquid Enterprise(TM) can be
found at <tm:entity><tm:company value="bea">bea.com</tm:company></tm:entity>.</p><p>Copyright 1995-2007, <tm:entity><tm:company Domain="IT" Extension="Inc" value="bea systems">BEA Systems</tm:company></tm:entity>, Inc. All rights reserved. BEA,
BEA AquaLogic, BEA eLink, BEA WebLogic, BEA WebLogic Portal, BEA
WebLogic Server, <tm:entity><tm:company value="connectera">Connectera</tm:company></tm:entity>, <tm:entity><tm:company Domain="IT" value="compoze software">Compoze Software</tm:company></tm:entity>, <tm:entity><tm:company value="jolt">Jolt</tm:company></tm:entity>, <tm:entity><tm:company value="joltbeans">JoltBeans</tm:company></tm:entity>,
<tm:entity><tm:company value="jrockit">JRockit</tm:company></tm:entity>, <tm:entity><tm:company value="steelthread">SteelThread</tm:company></tm:entity>, Think Liquid, Top End, Tuxedo, and WebLogic are registered trademarks of <tm:entity><tm:company Domain="IT" Extension="Inc" value="bea systems">BEA Systems</tm:company></tm:entity>, Inc. BEA Blended
Application Development, BEA Blended Development Model, BEA Blended
Strategy, BEA Builder, BEA Guardian, BEA <tm:entity><tm:function FunctionCategory="Board" value="manager">Manager</tm:function></tm:entity>, BEA MessageQ, BEA
microService Architecture, BEA SOA 360, BEA Workshop, BEA WorkSpace 360, Signature Editor, Signature Engine, Signature Patterns,
Support Patterns, Arch2Arch, Arch2Arch <tm:entity><tm:function FunctionCategory="Other" value="advisor">Advisor</tm:function></tm:entity>, Dev2Dev, Dev2Dev
Dispatch, Exec2Exec, Exec2Exec Voice, IT2IT, IT2IT Insight,
Business LiquidITy, and Liquid Thinker are trademarks of <tm:entity><tm:company Domain="IT" Extension="Inc" value="bea systems">BEA
Systems</tm:company></tm:entity>, Inc. BEA Mission Critical Support, BEA Mission Critical Support Continuum, BEA SOA Self Assessment, and Fluid Framework are
service marks of <tm:entity><tm:company Domain="IT" Extension="Inc" value="bea systems">BEA Systems</tm:company></tm:entity>, Inc. All other company and product
names may be the subject of intellectual property rights reserved
by third parties. All other trademarks are the property of their
respective companies.</p></body>
</html>


</doc>

