<doc xmlns:tm="http://www.temis.com/annotations/1.1/">
<metadata><aboutcompany value="beaworld"/><releaselocation value="shanghai"/><data_source value="prnews"/><source value="bea systems, inc."/><processing_date>2008-01-21T18:24:29</processing_date><date>2007-12-12T04:01:00</date><quote symbol="NASDAQ:BEAS" src-company="bea systems" company="BEA Systems, Inc." date="2007-12-12" price="15.86"/><quote symbol="NASDAQ:FORR" src-company="forrester research" company="Forrester Research, Inc." date="2007-12-12" price="26.74"/></metadata>
<title>BEA Guardian Raises Competitive Bar in Application Server Market
</title>
<html>
<head>
<meta name="generator" content="HTML Tidy for Windows (vers 14 February 2006), see www.w3.org"/>
<!-- #BeginEditable "doctitle" -->
<title>BEA Guardian Raises Competitive Bar in Application Server
Market</title>
</head>
<body>
<p>Only Vendor Offering Pre-emptive Support Technology; Guardian
Now Available</p>
<p>Free Of Charge</p>
<p>Core News Facts:</p>
<p>1. BEA Guardian(TM) delivers features for performance and
reliability</p>
<p>assurance that can ensure the uptime of the world's most
critical</p>
<p>applications. A pre-emptive support technology, BEA Guardian can
help</p>
<p>customers prevent problems and systems outages. 2. BEA Guardian is designed to prevent application server problems such as</p>
<p>human configuration error, software quality or missing patches.
For</p>
<p>customers who have already installed the technology, BEA
Guardian has deflected more than 4,700 potential customer issues
and has helped reduce</p>
<p>worldwide average case closure time by 88 percent. 3. BEA
Guardian 1.1, available <tm:entity><tm:time_expression><tm:exact_time Year="2008" value="spring 2008">spring 2008</tm:exact_time></tm:time_expression></tm:entity>, will be bundled with future
BEA WebLogic Server(R) releases so that enterprises can increase
system uptime</p><p>through an integrated solution.</p>
<p><tm:entity><tm:location><tm:country location_country="China"><tm:place>SHANGHAI</tm:place></tm:country></tm:location></tm:entity>, <tm:entity><tm:location><tm:country><tm:place>China</tm:place></tm:country></tm:location></tm:entity>, <tm:entity><tm:time_expression><tm:relative_time Day="12" Month="Dec." value="dec. 12">Dec. 12</tm:relative_time></tm:time_expression></tm:entity> /PRNewswire-FirstCall/ -- BEAWorld --
<tm:entity><tm:company Domain="IT" Extension="Inc" value="bea systems">BEA Systems</tm:company></tm:entity>, Inc. (<tm:entity><tm:stockindex value="nasdaq">Nasdaq</tm:stockindex></tm:entity>: <a class="small" href="http://studio-5.financialcontent.com/prnews?Page=Quote&amp;Ticker=BEAS" onclick="var s=s_gi(s_account); var hd1 = document.getElementById('headline'); s.tl(this,'o',getLinkName('Company Sanpshot'));">BEAS</a>), a world leader in enterprise infrastructure software,
today announced that its popular BEA Guardian(TM) 1.0 product is
now available free of charge to all BEA customers. The powerful BEA
Guardian technology is designed to scan an environment and
eliminate potential problems or incompatibilities before they can
occur. As the only vendor that offers pre-emptive support for
application servers, BEA has used Guardian to solidify the
company's leadership position and to meet its goal of reliable
uptime for mission-critical systems. BEA Guardian 1.1, which will
launch <tm:entity><tm:time_expression><tm:relative_time value="next spring">next spring</tm:relative_time></tm:time_expression></tm:entity>, will be available free of charge and will be
bundled with upcoming BEA WebLogic Server(R) releases to protect
business continuity in enterprise environments and raise the bar
for comprehensive support. This release removes the financial
deployment barriers for all customers and reflects BEA's commitment
to helping ensure that our customers' most critical applications
and systems are performing at their peak.</p><p>"BEA recognizes that pre-emptive support is no longer an option,
but a necessity," said <tm:entity><tm:person Family_Name="Gai" First_Name="David" Gender="Male" role="Person" value="david gai">David Gai</tm:person></tm:entity>, <tm:entity><tm:function FunctionCategory="Board" role="Has_Function" value="executive vice president">executive vice president</tm:function></tm:entity> of
worldwide services for <tm:entity><tm:company Domain="IT" Extension="Inc" role="Who" value="bea systems">BEA Systems</tm:company></tm:entity>. "Enterprises simply must
identify potential problems because doing so is critical to prevent
systems outages from occurring. As the only application server
vendor offering pre-emptive support technology, BEA remains
committed to providing unprecedented levels of support value and
long-term investment protection for its customers, and that is why
we've decided to make BEA Guardian available to all of our support
customers."</p>
<p>According to <tm:entity><tm:company Domain="Pharma" value="forrester research">Forrester Research</tm:company></tm:entity>, the primary causes of downtime
are: human configuration error (40%), software quality (30%) and
missing patches (20%). BEA Guardian excels at preventing these
types of application server problems and pre-empting problems
before they happen. For customers who have already deployed the
technology, BEA Guardian has deflected more than 4,700 potential
technical issues and has helped reduce its users' worldwide average
case closure time by 88 percent.</p>
<p>Bundling BEA Guardian 1.1 with future BEA WebLogic Server releases marks the integration of BEA Guardian into the foundation
of BEA's technology stack.<br/>
Future bundled releases will:</p>
<ul>
<li>Incorporate the BEA Guardian agent into BEA WebLogic Server,
making it easier to install BEA Guardian into production
environments.</li>
<li>Allow customers to quickly deploy and enable the BEA Guardian agent through the BEA WebLogic Server Console.</li>
<li>Let users launch BEA Guardian from the BEA WebLogic Server Console so they can evaluate their domain changes from one
administration screen.</li>
<li>Integrate BEA Guardian and the BEA Smart Update Tool to allow
customers to apply patches from BEA Guardian. "We believe bundling
BEA Guardian with BEA WebLogic Server will raise the bar on
application server uptime and revolutionize how software support is
delivered," said <tm:entity><tm:person Family_Name="Clearkin" First_Name="Terry" Gender="Male" role="Person" value="terry clearkin">Terry Clearkin</tm:person></tm:entity>, <tm:entity><tm:function FunctionCategory="Board" role="Has_Function" value="senior vice president and general manager">senior vice president and general
manager</tm:function></tm:entity> of worldwide support for <tm:entity><tm:company Domain="IT" Extension="Inc" value="bea systems">BEA Systems</tm:company></tm:entity>. "Traditional
knowledge management, the type that forces the customer to invest
time, effort and resources in identifying issues their vendor
already knows about, will be replaced. It isn't necessary to invest
that level of management anymore because BEA Guardian can get there
first."</li>
</ul>
<p>Availability</p>
<p>BEA Guardian 1.0 is available today for download. BEA Guardian 1.1 will be available <tm:entity><tm:time_expression><tm:exact_time Year="2008" value="in spring 2008">in spring 2008</tm:exact_time></tm:time_expression></tm:entity>. The BEA Guardian 1.1 / BEA
WebLogic Server bundles will be available second <tm:entity><tm:time_expression><tm:exact_time Year="2008" value="half of 2008">half of 2008</tm:exact_time></tm:time_expression></tm:entity>. For
more information, please visit <a href="http://www.bea.com/support/guardian" target="_new">http://www.bea.com/support/guardian</a>.</p><p>About BEAWorld</p>
<p>BEAWorld is the premier event for SOA thought leadership and
takes place in three strategic world markets spanning the <tm:entity><tm:location><tm:country><tm:place>Americas</tm:place></tm:country></tm:location></tm:entity>,
<tm:entity><tm:location><tm:country><tm:place>Europe</tm:place></tm:country></tm:location></tm:entity> and <tm:entity><tm:location><tm:country><tm:place>Asia</tm:place></tm:country></tm:location></tm:entity>. The conference is designed to provide critical
insights, hands-on instruction, best-practice strategies and
opportunities for interaction with like-minded professionals,
industry leaders, visionaries and <tm:entity><tm:function FunctionCategory="Other" value="expert">expert</tm:function></tm:entity> practitioners.</p>
<p>In addition to highlighting the innovation and tangible business
results BEA customers have achieved, BEAWorld is the place to find
the latest information on BEA infrastructure technologies including
BEA Tuxedo(R), BEA WebLogic(R) and BEA AquaLogic(R). <tm:entity><tm:time_expression><tm:relative_time value="this year">This year</tm:relative_time></tm:time_expression></tm:entity>'s
event will also include a Solutions Showcase, exhibiting the latest
and most innovative developments from the extensive BEA partner
community.</p><p>The third of three worldwide events is scheduled to be held in
<tm:entity><tm:location><tm:country location_country="China"><tm:place>Shanghai</tm:place></tm:country></tm:location></tm:entity>(<tm:entity><tm:time_expression><tm:relative_time Day="12, 13" Month="Dec." value="dec. 12-13">Dec. 12-13</tm:relative_time></tm:time_expression></tm:entity>). The first event was held in <tm:entity><tm:location><tm:country location_country="United States of America"><tm:place>San Francisco</tm:place></tm:country></tm:location></tm:entity>(<tm:entity><tm:time_expression><tm:relative_time Day="10, 12" Month="Sept." value="sept. 10-12">Sept. 10-12</tm:relative_time></tm:time_expression></tm:entity>), and the second event was held in <tm:entity><tm:location><tm:country location_country="Spain"><tm:place>Barcelona</tm:place></tm:country></tm:location></tm:entity>(<tm:entity><tm:time_expression><tm:relative_time Day="2, 4" Month="Oct." value="oct. 2-4">Oct.
2-4</tm:relative_time></tm:time_expression></tm:entity>).</p><p>About BEA</p>
<p><tm:entity><tm:company Domain="IT" Extension="Inc" value="bea systems">BEA Systems</tm:company></tm:entity>, Inc. is a world leader in enterprise infrastructure
software. Information about how BEA helps customers build a Liquid
Enterprise(TM) that transforms their business can be found at
<tm:entity><tm:company value="bea">bea.com</tm:company></tm:entity>.</p><p>Legal Notice Regarding Forward-Looking Statements</p>
<p>Some of the statements in this press release are
forward-looking, including the statements regarding BEA Guardian 1.1, its scheduled release date, availability at no cost, bundling
with other BEA products and its features and benefits, including
providing unprecedented levels of support value and long-term
investment protection for its customers. Actual results could
differ materially from those expressed in any forward-looking
statements. Risks and uncertainties that could cause results to
differ materially include risks associated with: any unforeseen
changes in the technology, standards or marketplace for enterprise
information integration software; the timing of a recovery from any
economic and IT industry downturn; any unforeseen technical
difficulties related to the development BEA's solutions; and any
software errors related to BEA's solutions. Readers should also
refer to the risk disclosures set forth in BEA's 10-Q <tm:entity><tm:time_expression><tm:duration To="October 31 , 2007" value="for the quarter ended october 31 , 2007">for the
quarter ended October 31, 2007</tm:duration></tm:time_expression></tm:entity> as filed with the SEC and subsequent
reports filed thereafter by BEA from time-to-time with the SEC. The
forward-looking statements contained in this release are made as of
the date hereof, and BEA does not assume any obligation to update
such statements nor the reasons why actual results could differ
materially from those projected in such statements.</p>
<p>Copyright 1995-2007, <tm:entity><tm:company Domain="IT" Extension="Inc" value="bea systems">BEA Systems</tm:company></tm:entity>, Inc. All rights reserved. BEA,
BEA AquaLogic, BEA eLink, BEA WebLogic, BEA WebLogic Portal, BEA
WebLogic Server, <tm:entity><tm:company value="connectera">Connectera</tm:company></tm:entity>, <tm:entity><tm:company Domain="IT" value="compoze software">Compoze Software</tm:company></tm:entity>, <tm:entity><tm:company value="jolt">Jolt</tm:company></tm:entity>, <tm:entity><tm:company value="joltbeans">JoltBeans</tm:company></tm:entity>,
<tm:entity><tm:company value="jrockit">JRockit</tm:company></tm:entity>, <tm:entity><tm:company value="steelthread">SteelThread</tm:company></tm:entity>, Think Liquid, Top End, Tuxedo, and WebLogic are registered trademarks of <tm:entity><tm:company Domain="IT" Extension="Inc" value="bea systems">BEA Systems</tm:company></tm:entity>, Inc. BEA Blended
Application Development, BEA Blended Development Model, BEA Blended
Strategy, BEA Builder, BEA Guardian, BEA <tm:entity><tm:function FunctionCategory="Board" value="manager">Manager</tm:function></tm:entity>, BEA MessageQ, BEA
microService Architecture, BEA SOA 360, BEA Workshop, BEA WorkSpace 360, Signature Editor, Signature Engine, Signature Patterns,
Support Patterns, Arch2Arch, Arch2Arch <tm:entity><tm:function FunctionCategory="Other" value="advisor">Advisor</tm:function></tm:entity>, Dev2Dev, Dev2Dev
Dispatch, Exec2Exec, Exec2Exec Voice, IT2IT, IT2IT Insight,
Business LiquidITy, and Liquid Thinker are trademarks of <tm:entity><tm:company Domain="IT" Extension="Inc" value="bea systems">BEA
Systems</tm:company></tm:entity>, Inc. BEA Mission Critical Support, BEA Mission Critical Support Continuum, BEA SOA Self Assessment, and Fluid Framework are
service marks of <tm:entity><tm:company Domain="IT" Extension="Inc" value="bea systems">BEA Systems</tm:company></tm:entity>, Inc. All other company and product
names may be the subject of intellectual property rights reserved
by third parties. All other trademarks are the property of their
respective companies.</p></body>
</html>


</doc>

