<doc xmlns:tm="http://www.temis.com/annotations/1.1/">
<metadata>
<aboutcompany value="greycon ltd."/>
<releaselocation value="london"/>
<data_source value="prnews"/>
<source value="greycon ltd."/>
<processing_date>2008-01-21T18:20:00</processing_date>
<date>2007-12-12T15:27:00</date>
</metadata>
<title>Multi-threaded Optimisation Comes to Greycon
</title>
<html>
<head>
<meta name="generator" content="HTML Tidy for Windows (vers 14 February 2006), see www.w3.org"/>
<!-- #BeginEditable "doctitle" -->
<title>Multi-threaded Optimisation Comes to <tm:entity><tm:company Extension="Ltd" value="greycon">Greycon</tm:company></tm:entity></title></head>
<body>
<p>Enhanced <tm:entity><tm:company value="d opt">D-Opt</tm:company></tm:entity> algorithm helps manufacturers save time and
money</p>
<p><tm:entity><tm:location><tm:country location_country="UnitedKingdom"><tm:place>LONDON</tm:place></tm:country></tm:location></tm:entity>, <tm:entity><tm:time_expression><tm:relative_time Day="12" Month="Dec." value="dec. 12">Dec. 12</tm:relative_time></tm:time_expression></tm:entity> /PRNewswire/ -- <tm:entity><tm:company Extension="Ltd" value="greycon">Greycon</tm:company></tm:entity> Ltd., specialists in
optimised production planning and scheduling, today announced the
availability of multi- threaded optimisation technology as part of
its offering. The <tm:entity><tm:company value="d opt">D-Opt</tm:company></tm:entity> algorithm is now capable of utilising
multiple cores in order to speed up the convergence of the
algorithm.</p>
<p><tm:entity><tm:company value="d opt">D-Opt</tm:company></tm:entity> is a patent-pending production cycle optimisation solution
designed specifically for large-scale, complex scheduling
optimisation in the manufacturing industry. By adopting the
multi-threaded optimisation technology, <tm:entity><tm:company value="d opt">D-Opt</tm:company></tm:entity> customers can now
test, process and execute multiple production cycle related
scenarios in parallel, saving time and money. To view the
impressive results on a Cost Ratio Evolution graph, please visit
<a href="http://www.greycon.com/news/NewsDetails.php?Doc=20071212" target="_new">http://www.greycon.com/news/NewsDetails.php?Doc=20071212</a>.</p>
<p>Commenting on the development, one of the two architects,
<tm:entity><tm:person Family_Name="Olivera" First_Name="Alfredo" Gender="Male" value="alfredo olivera">Alfredo Olivera</tm:person></tm:entity> said: "It is the target of any optimisation
algorithm, regardless of its complexity or its platform, to deliver
optimised results within two minutes. Frankly, the single-threaded
<tm:entity><tm:company value="d opt">D-Opt</tm:company></tm:entity> algorithm was taking longer than that in some cases. On the
other hand, twin-core processors are standard nowadays and
quad-core processors start at less than $300. So we decided to take
advantage of these chips and the results have been very encouraging
so far". <tm:entity><tm:person Family_Name="Kereki" First_Name="Alejandro" Gender="Male" value="alejandro friss de kereki">Alejandro Friss de Kereki</tm:person></tm:entity>, the other architect added: "The
ability of the algorithm to converge faster translates into
real-world benefits for our customers, because they are able to try
more scenarios in the same amount of time. We have seen instances
where in the same elapsed time the savings generated amount to many
<tm:entity><tm:money_expression><tm:money Amount="thousands" Currency="Dollar" value="thousands of dollars">thousands of dollars</tm:money></tm:money_expression></tm:entity> compared to the single-threaded version".</p>
<p>The new algorithm will be available as a standard upgrade to
existing customers and is due to be released <tm:entity><tm:time_expression><tm:exact_time Month="January" Year="2008" value="in january 2008">in January 2008</tm:exact_time></tm:time_expression></tm:entity>.</p><p>About <tm:entity><tm:company Extension="Ltd" value="greycon">Greycon</tm:company></tm:entity> Ltd.</p>
<p><tm:entity><tm:company Extension="Ltd" value="greycon">Greycon</tm:company></tm:entity> Ltd. <a href="http://www.greycon.com" target="_new">(http://www.greycon.com</a>) are global specialists in
optimised production planning and scheduling, with offices in
<tm:entity><tm:location><tm:country><tm:place>England</tm:place></tm:country></tm:location></tm:entity>, <tm:entity><tm:location><tm:country><tm:place>USA</tm:place></tm:country></tm:location></tm:entity>, <tm:entity><tm:location><tm:country><tm:place>Canada</tm:place></tm:country></tm:location></tm:entity> and <tm:entity><tm:location><tm:country><tm:place>Uruguay</tm:place></tm:country></tm:location></tm:entity>. <tm:entity><tm:company Extension="Ltd" value="greycon">Greycon</tm:company></tm:entity> customers, concentrated
in the paper, printing, film and nonwovens industries, span the
globe with more than 400 plants using its products and services.
<tm:entity><tm:company Extension="Ltd" value="greycon">Greycon</tm:company></tm:entity> originates from the <tm:entity><tm:company Domain="IT" Extension="Group" value="industrial systems">Industrial Systems</tm:company></tm:entity> Group of <tm:entity><tm:organisation Domain="Educational" value="imperial college">Imperial
College</tm:organisation></tm:entity> of the <tm:entity><tm:organisation Domain="Educational" value="university of london">University of London</tm:organisation></tm:entity>, where one of its <tm:entity><tm:function FunctionCategory="Board" value="founders and current ceo">founders and
current CEO</tm:function></tm:entity> developed the first version of the company's flagship
product X- Trim. Today, <tm:entity><tm:company Extension="Ltd" value="greycon">Greycon</tm:company></tm:entity> has increased their product
portfolio to include software and services supporting customers
throughout the supply chain.</p>
</body>
</html>


</doc>

