<doc xmlns:tm="http://www.temis.com/annotations/1.1/">
<metadata>
<aboutcompany value="misys plc"/>
<releaselocation value="london"/>
<data_source value="prnews"/>
<source value="misys plc"/>
<processing_date>2008-01-21T18:14:40</processing_date>
<date>2007-12-17T06:15:00</date>
<quote symbol="BIT:UBI" src-company="ubi banca" company="UBI Banca" date="2007-12-17" price=""/><quote symbol="CVE:BPU" src-company="bpu" company="BOSS POWER CORP" date="2007-12-17" price=""/></metadata>
<title><tm:entity><tm:company Domain="Financial" value="ubi banca">UBI Banca</tm:company></tm:entity> Chooses Misys <tm:entity><tm:person Family_Name="Plus" First_Name="Midas" Gender="Male" value="midas plus">Midas Plus</tm:person></tm:entity> and TI Plus to Support the Consolidation of its International Banking Network
</title>
<html>
<head>
<meta name="generator" content="HTML Tidy for Windows (vers 14 February 2006), see www.w3.org"/>
<!-- #BeginEditable "doctitle" -->
<title><tm:entity><tm:company Domain="Financial" value="ubi banca">UBI Banca</tm:company></tm:entity> Chooses <tm:entity><tm:person Family_Name="Misys" First_Name="Midas" Gender="Male" value="misys midas">Misys</tm:person></tm:entity> <tm:entity><tm:person Family_Name="Plus" First_Name="Midas" Gender="Male" value="midas plus">Midas Plus</tm:person></tm:entity> and TI Plus to Support
the Consolidation of its International Banking Network</title>
</head>
<body>
<p><tm:entity><tm:location><tm:country location_country="UnitedKingdom"><tm:place>LONDON</tm:place></tm:country></tm:location></tm:entity>, <tm:entity><tm:time_expression><tm:relative_time Day="17" Month="December" value="december 17">December 17</tm:relative_time></tm:time_expression></tm:entity> /PRNewswire-FirstCall/ -- <tm:entity><tm:company Extension="Plc" value="misys">Misys</tm:company></tm:entity> plc (<tm:entity><tm:stockindex value="ftse">FTSE</tm:stockindex></tm:entity>:
<tm:entity><tm:companyticker value="msy l">MSY.L</tm:companyticker></tm:entity>), the global application software and services company, today
announces that it had been selected by <tm:entity><tm:company Domain="Financial" value="ubi banca">UBI Banca</tm:company></tm:entity> International to
help consolidate its international business. The <tm:entity><tm:person Family_Name="Misys" First_Name="Midas" Gender="Male" value="misys midas">Misys</tm:person></tm:entity> solution
will enable the bank to improve efficiencies and business
management across the group and ensure a consistent level of
service to customers in <tm:entity><tm:location><tm:country location_country="Luxembourg"><tm:place>Luxembourg</tm:place></tm:country></tm:location></tm:entity>, <tm:entity><tm:location><tm:country><tm:place>Spain</tm:place></tm:country></tm:location></tm:entity> and <tm:entity><tm:location><tm:country><tm:place>Germany</tm:place></tm:country></tm:location></tm:entity>.</p><p>The Italian bank, which was recently formed as a result of the
merger between <tm:entity><tm:company role="Who" value="bpu">BPU</tm:company></tm:entity> and <tm:entity><tm:company Domain="Financial" role="Who" value="banca lombarda">Banca Lombarda</tm:company></tm:entity>, is re-designing its
international operations to increase market coverage and enhance
the service it provides its customers. The Luxembourg office will
be the cornerstone of the network, where <tm:entity><tm:person Family_Name="Misys" First_Name="Midas" Gender="Male" value="misys midas">Misys</tm:person></tm:entity>' integrated solution
of <tm:entity><tm:person Family_Name="Misys" First_Name="Midas" Gender="Male" value="misys midas">Misys Midas</tm:person></tm:entity> Plus with Global Processing and Misys TI Plus, will
be implemented and rolled out across the rest of the <tm:entity><tm:organisation Domain="Governmental" value="european union">EU</tm:organisation></tm:entity> branches.
This will allow the bank to have a single technical infrastructure
and IT team for managing the business across multiple countries and
regulatory environments.</p>
<p>As <tm:entity><tm:person Family_Name="Amato" First_Name="Massimo" Gender="Male" role="Person" value="massimo amato">Massimo Amato</tm:person></tm:entity>, <tm:entity><tm:function FunctionCategory="Board" role="Has_Function" value="managing director">Managing Director</tm:function></tm:entity> of <tm:entity><tm:company Domain="Financial" role="Who" value="ubi banca">UBI Banca</tm:company></tm:entity> International,
explains, "The <tm:entity><tm:person Family_Name="Misys" First_Name="Midas" Gender="Male" value="misys midas">Misys</tm:person></tm:entity> solution enables us to streamline operations
across the group and deliver enhanced services from centres of core
competency. For example, there will be a centre of excellence in
<tm:entity><tm:location><tm:country location_country="Luxembourg"><tm:place>Luxembourg</tm:place></tm:country></tm:location></tm:entity> for the Private Banking and Financial engineering
business, whereas the expertise for trade finance could be in <tm:entity><tm:location><tm:country><tm:place>Spain</tm:place></tm:country></tm:location></tm:entity> or in <tm:entity><tm:location><tm:country><tm:place>Germany</tm:place></tm:country></tm:location></tm:entity>. This way, we maximise assets and skills within the
group. The challenge is being able to adopt a controlled, low risk
approach to the consolidation process and <tm:entity><tm:person Family_Name="Misys" First_Name="Midas" Gender="Male" value="misys midas">Misys</tm:person></tm:entity> demonstrated its
capability to deliver in this area."</p>
<p>With the <tm:entity><tm:person Family_Name="Misys" First_Name="Midas" Gender="Male" value="misys midas">Misys</tm:person></tm:entity> solution, <tm:entity><tm:company Domain="Financial" value="ubi banca">UBI Banca</tm:company></tm:entity> International will implement
common practices across the group and take advantage of the
enhanced functions it delivers, such as improved workflows and
better access to data. The bank will have the ability to take a
central, consolidated view of risk throughout the organisation and
have the information to drive more informed decision-making and
business management. The multiple infrastructures and core systems
across the international offices will be replaced by the centrally
located <tm:entity><tm:person Family_Name="Misys" First_Name="Midas" Gender="Male" value="misys midas">Misys</tm:person></tm:entity> <tm:entity><tm:person Family_Name="Plus" First_Name="Midas" Gender="Male" value="midas plus">Midas Plus</tm:person></tm:entity>.</p><p><tm:entity><tm:person Family_Name="Schuenemann" First_Name="Claus" Gender="Male" role="Person" value="claus schuenemann">Claus Schuenemann</tm:person></tm:entity>, <tm:entity><tm:function FunctionCategory="Board" role="Has_Function" value="head">Head</tm:function></tm:entity> of <tm:entity><tm:company><tm:potential_company role="Who" value="sales">Sales</tm:potential_company></tm:company></tm:entity> for <tm:entity><tm:location><tm:country><tm:place>Europe</tm:place></tm:country></tm:location></tm:entity>, <tm:entity><tm:company Domain="Financial" role="Who" value="misys banking">Misys Banking</tm:company></tm:entity>,
adds, "Many banks today are looking to consolidate their technology
operations and centralise their IT operations. <tm:entity><tm:person Family_Name="Misys" First_Name="Midas" Gender="Male" value="misys midas">Misys</tm:person></tm:entity> is the only
vendor that provides a complete answer to banks' Global Processing
needs. With 49 banks now using <tm:entity><tm:company Domain="Pharma" value="midas">Midas</tm:company></tm:entity> Plus, 15 of which are using
Global Processing to run multiple sites, <tm:entity><tm:person Family_Name="Misys" First_Name="Midas" Gender="Male" value="misys midas">Misys</tm:person></tm:entity> is delivering
results for customers through proven systems and professional
services expertise."</p>
<p>The multiple phases of the project will be rolled out <tm:entity><tm:time_expression><tm:duration value="over the next 18 months">over the
next 18 months</tm:duration></tm:time_expression></tm:entity> and the global processing model will give <tm:entity><tm:company Domain="Financial" value="ubi banca">UBI Banca</tm:company></tm:entity> International the ability to easily deploy more group entities
whenever required.</p>
<p>About <tm:entity><tm:company Extension="Plc" value="misys">Misys</tm:company></tm:entity> plc</p>
<p><tm:entity><tm:company Extension="Plc" value="misys">Misys</tm:company></tm:entity> plc (<tm:entity><tm:stockindex value="ftse">FTSE</tm:stockindex></tm:entity>: <tm:entity><tm:companyticker value="msy l">MSY.L</tm:companyticker></tm:entity>), provides integrated, comprehensive
solutions that deliver significant results to organisations in the
financial services and healthcare industries. We maximise value for
our customers by combining our deep knowledge of their business
with our commitment to their success.</p><p>In banking and treasury &amp; capital markets, <tm:entity><tm:company Extension="Plc" value="misys">Misys</tm:company></tm:entity> is a market
leader, with over 1,200 customers, including all of the world's top
50 banks. In healthcare, <tm:entity><tm:company Extension="Plc" value="misys">Misys</tm:company></tm:entity> is a market leader, serving more
than 100,000 physicians in 18,000 practice locations and 600 home
care providers. <tm:entity><tm:company><tm:potential_company role="Who" value="misys">Misys</tm:potential_company></tm:company></tm:entity> employs around 4,500 people who serve
customers in more than 120 countries.</p>
<p>We aspire to be the world's best application software and
services company, delivering results for the most important
industries in the world.<br/>
<tm:entity><tm:person Family_Name="Misys" First_Name="Midas" Gender="Male" value="misys midas">Misys</tm:person></tm:entity>: Experience, Solutions, Results</p><p>Contact us today, visit: <a href="http://www.misys.com" target="_new">http://www.misys.com</a></p><p>For further information please contact</p>
<p><tm:entity><tm:person Family_Name="Taylor" First_Name="Edward" Gender="Male" value="edward taylor">Edward Taylor</tm:person></tm:entity></p><p><tm:entity><tm:function FunctionCategory="Board" value="global head of public relations">Global Head of Public Relations</tm:function></tm:entity></p><p><tm:entity><tm:company Domain="Financial" value="misys banking">Misys Banking</tm:company></tm:entity></p><p><tm:entity><tm:phone_number value="+44 ( 0 ) 208-486-1661">+44(0)208-486-1661</tm:phone_number></tm:entity></p><p><a href="mailto:edward.taylor@misys.com"><tm:entity><tm:email value="edward.taylor@misys.com">edward.taylor@misys.com</tm:email></tm:entity></a></p><p><tm:entity><tm:person Family_Name="Mathews" First_Name="Sebastian" Gender="Male" value="sebastian mathews">Sebastian Mathews</tm:person></tm:entity></p><p>Financial Dynamics</p>
<p><tm:entity><tm:phone_number value="+44 ( 0 ) 207-269-158">+44(0)207-269-158</tm:phone_number></tm:entity></p><p>sebastian.mathews@fdcom</p>
</body>
</html>


</doc>

