<doc xmlns:tm="http://www.temis.com/annotations/1.1/">
<metadata><releaselocation value="portland"/><data_source value="prnews"/><source value="parco wireless"/><processing_date>2008-01-21T17:56:50</processing_date><date>2007-12-18T09:00:00</date><quote symbol="NASDAQ:MSFT" src-company="microsoft" company="Microsoft Corporation" date="2007-12-18" price="34.74"/><quote symbol="NASDAQ:SYMX" src-company="symx" company="Synthesis Energy Systems, Inc." date="2007-12-18" price="11.00"/></metadata>
<title><tm:entity><tm:location><tm:country><tm:place>US</tm:place></tm:country></tm:location></tm:entity> Firm Goes Where GPS Can't with Indoor Location System
</title>
<html>
<head>
<meta name="generator" content="HTML Tidy for Windows (vers 14 February 2006), see www.w3.org"/>
<!-- #BeginEditable "doctitle" -->
<title><tm:entity><tm:location><tm:country><tm:place>US</tm:place></tm:country></tm:location></tm:entity> Firm Goes Where GPS Can't with Indoor Location
System</title>
</head>
<body>
<p>PORTLAND, Maine, Dec. 18 /PRNewswire/ -- Parco Merged <tm:entity><tm:company Extension="Corp" value="media">Media</tm:company></tm:entity> Corp. announced today the official launch of its "Pennies Per Tag
Day System Bundles." Initially there are two system bundles which
focus in serving the proximity location needs of both business and
healthcare. Daily rental rates vary from eight to fourteen cents
per tag day. The low costs enable a facility to recognize rapid
returns on investment.</p>
<p>Scott Cohen, the <tm:entity><tm:function FunctionCategory="Board" value="president">president</tm:function></tm:entity> of <tm:entity><tm:company><tm:potential_company role="Who" value="parco">Parco</tm:potential_company></tm:company></tm:entity> says, "These systems are
focused on helping the facility leverage its existing investment in
structured cabling and local area network products." The new system
hardware uses existing network cabling thus dramatically reducing
the infrastructure costs.</p>
<p>"This exceptionally low tag rental rate has enabled us to widely
distribute RFID tracking solutions to our customers," says <tm:entity><tm:person Family_Name="Uettwiller" First_Name="Mrs" Gender="Female" value="donna uettwiller">Donna
Uettwiller</tm:person></tm:entity> of <tm:entity><tm:company Domain="IT" value="trax technologies">Trax Technologies</tm:company></tm:entity>, a Parco reseller. "Currently we're
in stealth mode with a specific customer. They are enthusiastic
with the initial results. If we stay on track, we could surpass one
hundred thousand deployed tags <tm:entity><tm:time_expression><tm:duration To="early 2009" Year="2009" value="by early 2009">by early 2009</tm:duration></tm:time_expression></tm:entity>." Features of the
Precis product including the high tag capacity and frequent reads
available using the UWB components are very attractive in the
supply chain and logistics businesses.</p><p>The '<tm:entity><tm:money_expression><tm:money Amount="8" Currency="Cents" value="8 cents">8 Cents</tm:money></tm:money_expression></tm:entity> Per Tag Day' package includes 750 Precis asset tags
and the '14 Cents Per Tag Day' package includes 1,000 Precis asset
tags plus 24 SDP Ports. Both systems include up to 45 Precis
Readers, POE injectors, <tm:entity><tm:company Domain="IT" role="Who" value="parco software">Parco Software</tm:company></tm:entity> Site License, product
warranty, patch cables, installation, support, training and asset
tracking software. The SDP ports are used to provide precision
location in certain parts of the facility. The systems include all
but the network cabling, network switches/hubs, <tm:entity><tm:company Domain="IT" value="microsoft">Microsoft</tm:company></tm:entity> SQL
Database and servers (a <tm:entity><tm:company Domain="IT" value="microsoft">Microsoft</tm:company></tm:entity> server OS is required.) Customers
can customize the system with additional components.</p>
<p>Purchasers of the packages will have a choice of several 'lite'
asset tracking software packages available from <tm:entity><tm:location><tm:country location_country="United States of America"><tm:place>Phoenix</tm:place></tm:country></tm:location></tm:entity> Data
Systems, American <tm:entity><tm:company Extension="Group" value="biomedical">Biomedical</tm:company></tm:entity> Group, <tm:entity><tm:company value="sysgen">Sysgen</tm:company></tm:entity>, <tm:entity><tm:company Location_Continent="Europe" value="bean counter">Bean Counter</tm:company></tm:entity> Europe,
<tm:entity><tm:company value="skyline connections">Skyline Connections</tm:company></tm:entity> and <tm:entity><tm:company value="symx">SYMX</tm:company></tm:entity>.</p><p>"The real question for those contemplating a purchase of a RFID
system today is -- what have you got to lose with a Precis rental?
We're talking about a low annual rental commitment. Overall it is
not a lot of risk for a <tm:entity><tm:function FunctionCategory="Board" value="manager">manager</tm:function></tm:entity> to take," concludes Cohen.</p>
<p>For more information call 877-754-8535 or visit</p>
<p><a href="http://buynow.parcowireless.com/category_s/40.htm" target="_new">http://buynow.parcowireless.com/category_s/40.htm</a>.</p>
</body>
</html>


</doc>

