<doc xmlns:tm="http://www.temis.com/annotations/1.1/">
<metadata>
<aboutcompany value="misys plc"/>
<releaselocation value="london"/>
<data_source value="prnews"/>
<source value="misys plc"/>
<processing_date>2008-01-21T18:23:47</processing_date>
<date>2007-12-12T07:08:00</date>
<quote symbol="SAO:SANB3" src-company="banespa" company="Santander Banespa SA" date="2007-12-12" price=""/></metadata>
<title><tm:entity><tm:company Domain="Financial" value="banco itau implements misys equation">Banco Itau Implements Misys Equation</tm:company></tm:entity> in <tm:entity><tm:location><tm:country><tm:place>Japan</tm:place></tm:country></tm:location></tm:entity> to Provide Customers With Enhanced Banking Services
</title>
<html>
<head>
<meta name="generator" content="HTML Tidy for Windows (vers 14 February 2006), see www.w3.org"/>
<!-- #BeginEditable "doctitle" -->
<title><tm:entity><tm:company Domain="Financial" value="banco itau implements misys equation">Banco Itau Implements Misys Equation</tm:company></tm:entity> in <tm:entity><tm:location><tm:country><tm:place>Japan</tm:place></tm:country></tm:location></tm:entity> to Provide
Customers With Enhanced Banking Services</title>
</head>
<body>
<p><tm:entity><tm:location><tm:country location_country="UnitedKingdom"><tm:place>LONDON</tm:place></tm:country></tm:location></tm:entity>, <tm:entity><tm:time_expression><tm:relative_time Day="12" Month="December" value="december 12">December 12</tm:relative_time></tm:time_expression></tm:entity> /PRNewswire-FirstCall/ -- <tm:entity><tm:company Extension="Plc" value="misys">Misys</tm:company></tm:entity> plc (<tm:entity><tm:stockindex value="ftse">FTSE</tm:stockindex></tm:entity>:
<tm:entity><tm:companyticker value="msy l">MSY.L</tm:companyticker></tm:entity>), the global application software and services company, today
announces that <tm:entity><tm:company Domain="Financial" value="banco itau">Banco Itau</tm:company></tm:entity> has migrated <tm:entity><tm:company Domain="Financial" value="banespa">Banespa</tm:company></tm:entity>'s customers with
Misys Equation in its Japanese operations. <tm:entity><tm:company Domain="Financial" value="banco itau">Banco Itau</tm:company></tm:entity> also use
<tm:entity><tm:company Extension="Plc" value="misys">Misys</tm:company></tm:entity>' core banking solution, <tm:entity><tm:company Domain="Pharma" value="midas">Midas</tm:company></tm:entity>, for its American and offshore
operations.</p><p>Following the acquisition of the customers of <tm:entity><tm:company Domain="Financial" value="banespa">Banespa</tm:company></tm:entity>(<tm:entity><tm:company Domain="Financial" value="banco do estado de sao paulo">Banco do
Estado de Sao Paulo</tm:company></tm:entity>) <tm:entity><tm:company Extension="Branch" Location_Continent="Asia" Location_Country="Japan" value="tokyo">Tokyo</tm:company></tm:entity> Branch <tm:entity><tm:time_expression><tm:exact_time Year="2006" value="at the end of 2006">at the end of 2006</tm:exact_time></tm:time_expression></tm:entity>, <tm:entity><tm:company Domain="Financial" value="banco itau">Banco Itau</tm:company></tm:entity> immediately needed to manage the increase in the volume of deposits
and remittances the additional operations brought in <tm:entity><tm:location><tm:country><tm:place>Japan</tm:place></tm:country></tm:location></tm:entity>. All
<tm:entity><tm:company Domain="Financial" role="Who" value="banespa">Banespa</tm:company></tm:entity>'s customer records and information from the Tokyo
operations were transferred across to <tm:company><tm:potential_company><tm:actor_ci_guessed role="Who" value="misys equation">Misys Equation</tm:actor_ci_guessed></tm:potential_company></tm:company>.</p><p><tm:entity><tm:company Domain="Financial" value="banco itau">Banco Itau</tm:company></tm:entity>'s internal technical team was supported by the
professional services staff from <tm:entity><tm:company Extension="Plc" value="misys">Misys</tm:company></tm:entity> and programs were developed
on top of Misys Equation's APIs to apply the customer data online.
The solution from <tm:entity><tm:company Extension="Plc" value="misys">Misys</tm:company></tm:entity> supports double byte names and addresses,
so it was possible to transfer Japanese characters as well.</p>
<p><tm:entity><tm:person Family_Name="Takata" Gender="Male" Title="M" value="mr takata">Mr. Takata</tm:person></tm:entity>, Kazutoshi, <tm:entity><tm:function FunctionCategory="Board" value="general manager">General Manager</tm:function></tm:entity> <tm:entity><tm:location><tm:country><tm:place>Japan</tm:place></tm:country></tm:location></tm:entity>, <tm:entity><tm:company Domain="Financial" value="banco itau">Banco Itau</tm:company></tm:entity>,
comments, "As with <tm:entity><tm:company Extension="Holding" value="itau">Itau</tm:company></tm:entity>'s business, <tm:entity><tm:company Domain="Financial" value="banespa">Banespa</tm:company></tm:entity> has also built a strong
base of customers in <tm:entity><tm:location><tm:country><tm:place>Japan</tm:place></tm:country></tm:location></tm:entity> <tm:entity><tm:time_expression><tm:duration value="over the last 30 years ,">over the last 30 years,</tm:duration></tm:time_expression></tm:entity> comprising both
Brazilians as well as other Latin American nationals living in the
country. Our Japanese-Brazilian operations have been supported by
Misys Equation, from the tellers in the front office, through the
operations centre to the back office processing. The rapid
implementation of the additional customer accounts in <tm:entity><tm:location><tm:country><tm:place>Japan</tm:place></tm:country></tm:location></tm:entity> will
enable us to be efficient and streamline our whole operations so
that we can serve our customers better both in <tm:entity><tm:location><tm:country><tm:place>Brazil</tm:place></tm:country></tm:location></tm:entity> and in
<tm:entity><tm:location><tm:country><tm:place>Japan</tm:place></tm:country></tm:location></tm:entity>."</p><p><tm:entity><tm:person Family_Name="Briody" First_Name="Dermot" Gender="Male" role="Person" value="dermot briody">Dermot Briody</tm:person></tm:entity>, <tm:entity><tm:function FunctionCategory="Board" role="Has_Function" value="head">Head</tm:function></tm:entity> of <tm:entity><tm:company role="Who" value="sales">Sales</tm:company></tm:entity> <tm:entity><tm:location><tm:country><tm:place>Asia</tm:place></tm:country></tm:location></tm:entity>, <tm:entity><tm:company Domain="Financial" role="Who" value="misys banking">Misys Banking</tm:company></tm:entity>, adds, "Misys
Equation is a perfect solution for this type of sudden increase in
customer transactions and volumes. We have more than 30 years of
experience in helping banks like <tm:entity><tm:company Domain="Financial" value="banco itau">Banco Itau</tm:company></tm:entity> to improve the services
they provide to their customers and in accelerating the
responsiveness to the needs of the consumer."</p>
<p>About <tm:entity><tm:company Extension="Plc" value="misys">Misys</tm:company></tm:entity> plc</p>
<p><tm:entity><tm:company Extension="Plc" value="misys">Misys</tm:company></tm:entity> plc (<tm:entity><tm:stockindex value="ftse">FTSE</tm:stockindex></tm:entity>: <tm:entity><tm:companyticker value="msy l">MSY.L</tm:companyticker></tm:entity>), provides integrated, comprehensive
solutions that deliver significant results to organisations in the
financial services and healthcare industries. We maximise value for
our customers by combining our deep knowledge of their business
with our commitment to their success.</p><p>In banking and treasury &amp; capital markets, <tm:entity><tm:company Extension="Plc" value="misys">Misys</tm:company></tm:entity> is a market
leader, with over 1,200 customers, including all of the world's top
50 banks. In healthcare, <tm:entity><tm:company Extension="Plc" value="misys">Misys</tm:company></tm:entity> is a market leader, serving more
than 100,000 physicians in 18,000 practice locations and 600 home
care providers. <tm:entity><tm:company><tm:potential_company role="Who" value="misys">Misys</tm:potential_company></tm:company></tm:entity> employs around 4,500 people who serve
customers in more than 120 countries.</p>
<p>We aspire to be the world's best application software and
services company, delivering results for the most important
industries in the world.</p>
<p><tm:entity><tm:company Extension="Plc" value="misys">Misys</tm:company></tm:entity>: experience, solutions, results</p><p>Contact us today, visit: <a href="http://www.misys.com" target="_new">http://www.misys.com</a></p><p>About <tm:entity><tm:company Extension="Holding" value="itau">Itau</tm:company></tm:entity></p><p><tm:entity><tm:company Extension="Holding" value="itau">Itau</tm:company></tm:entity> Holding has a considerable overseas presence through
strategically located facilities in the <tm:entity><tm:location><tm:country><tm:place>Americas</tm:place></tm:country></tm:location></tm:entity>, <tm:entity><tm:location><tm:country><tm:place>Europe</tm:place></tm:country></tm:location></tm:entity> and <tm:entity><tm:location><tm:country><tm:place>Asia</tm:place></tm:country></tm:location></tm:entity>,
providing valuable synergies in trade finance, placing eurobonds,
offering sophisticated financial transactions and in private
banking activities through <tm:entity><tm:company Domain="Financial" value="banco itau europa luxembourg">Banco Itau Europa Luxembourg</tm:company></tm:entity>. <tm:entity><tm:time_expression><tm:exact_time Year="2006" value="at the end of 2006">At the end
of 2006</tm:exact_time></tm:time_expression></tm:entity>, consolidated investments abroad totaled <tm:entity><tm:money_expression><tm:money Amount="3.6 billion" Currency="Dollar" value="us$3.6 billion">US$3.6 billion</tm:money></tm:money_expression></tm:entity>,
including non-financial activities. The <tm:entity><tm:company Domain="Financial" value="banco itau">Banco Itau</tm:company></tm:entity> branch in <tm:entity><tm:location><tm:country location_country="Japan"><tm:place>Tokyo</tm:place></tm:country></tm:location></tm:entity> has been consolidating its presence within the Brazilian community
in <tm:entity><tm:location><tm:country><tm:place>Japan</tm:place></tm:country></tm:location></tm:entity>. As part of its ongoing efforts to provide better
services, <tm:entity><tm:company Domain="Financial" value="banco itau">Banco Itau</tm:company></tm:entity> customers can conduct internet banking
transactions 24 hours a day, seven days a week, in addition to
using Bankfone Itau <tm:entity><tm:location><tm:country><tm:place>Japan</tm:place></tm:country></tm:location></tm:entity>, making it unique among Brazilian banks
operating in that country.</p><p>Throughout its history, <tm:entity><tm:company Extension="Holding" value="itau">Itau</tm:company></tm:entity> has combined consistent financial
performance with attitudes that encourage ethics and transparency
in the relationship with customers, employees, shareholders and
community, in the search for joint solutions for social and
environmental problems. In line with these values, <tm:entity><tm:company Extension="Holding" value="itau">Itau</tm:company></tm:entity> was the
first Brazilian company to join the AccountAbility, an
international organization established <tm:entity><tm:time_expression><tm:exact_time Year="1995" value="in 1995">in 1995</tm:exact_time></tm:time_expression></tm:entity> to promote
innovation and the spread of socially responsible practices. Among
the initiatives of AccountAbility deserves highlight the AA1000, a
set of guidelines relating to ethics and social responsibility
subject to external audit. <tm:entity><tm:company Extension="Holding" value="itau">Itau</tm:company></tm:entity> was one of the first Brazilian
companies to adopt the AA1000.</p>
<p><tm:entity><tm:company Extension="Holding" value="itau">Itau</tm:company></tm:entity> is also recognized internationally. <tm:entity><tm:time_expression><tm:relative_time value="in 2007 , the eighth year">In 2007, the eighth
year</tm:relative_time></tm:time_expression></tm:entity> running, integrates the <tm:entity><tm:stockindex value="dow jones">Dow Jones</tm:stockindex></tm:entity> Sustainability World Index
(DJSI World). It is the only Latin American bank that participates
in the index since its creation. Recently, the bank received five
AAA+ ratings, the highest possible, in corporate governance, social
responsibility, sustainability, transparency and ethics from the
sustainability rating agency Management &amp; Excellence. In
<tm:entity><tm:location><tm:country><tm:place>Brazil</tm:place></tm:country></tm:location></tm:entity>, <tm:entity><tm:company Extension="Holding" value="itau">Itau</tm:company></tm:entity> participates in the Corporate <tm:entity><tm:company Extension="Corporate" value="sustainability index">Sustainability Index</tm:company></tm:entity> of
<tm:entity><tm:stockindex value="bovespa">Bovespa</tm:stockindex></tm:entity>. It was also the first foreign bank with negotiations on
the <tm:entity><tm:organisation Domain="Financial" value="new york stock exchange">New York Stock Exchange</tm:organisation></tm:entity> to meet the requirements of
Sarbanes-Oxley.<br/></p>
<p>For further information please contact</p>
<p><tm:entity><tm:person Family_Name="Taylor" First_Name="Edward" Gender="Male" value="edward taylor">Edward Taylor</tm:person></tm:entity></p><p><tm:entity><tm:function FunctionCategory="Board" value="global head of public relations">Global Head of Public Relations</tm:function></tm:entity></p><p><tm:entity><tm:company Domain="Financial" value="misys banking">Misys Banking</tm:company></tm:entity></p><p><tm:entity><tm:phone_number value="+44 ( 0 ) 208-486-1661">+44(0)208-486-1661</tm:phone_number></tm:entity></p><p><a href="mailto:edward.taylor@misys.com"><tm:entity><tm:email value="edward.taylor@misys.com">edward.taylor@misys.com</tm:email></tm:entity></a></p><p><tm:entity><tm:person Family_Name="Parker" First_Name="Caroline" Gender="Female" value="caroline parker">Caroline Parker</tm:person></tm:entity></p><p>Financial Dynamics</p>
<p><tm:entity><tm:phone_number value="+44 ( 0 ) 207-269-7295">+44(0)207-269-7295</tm:phone_number></tm:entity></p><p><a href="mailto:caroline.parker@fd.com"><tm:entity><tm:email value="caroline.parker@fd.com">caroline.parker@fd.com</tm:email></tm:entity></a></p><p><tm:entity><tm:company Domain="Financial" value="banco itau">Banco Itau</tm:company></tm:entity>'s Press Office</p><p>+55-11-5019-8880/8881</p>
<p><a href="mailto:imprensa@itau.com.br"><tm:entity><tm:email value="imprensa@itau.com.br">imprensa@itau.com.br</tm:email></tm:entity></a></p></body>
</html>


</doc>

