<doc xmlns:tm="http://www.temis.com/annotations/1.1/">
<metadata><aboutcompany value="infor erp sx.enterprise"/><releaselocation value="atlanta"/><data_source value="prnews"/><source value="infor"/><processing_date>2008-01-21T17:56:44</processing_date><date>2007-12-18T09:00:00</date><quote symbol="HKG:3323" src-company="national building materials" company="China National Building Material Co. Ltd" date="2007-12-18" price=""/></metadata>
<title><tm:entity><tm:company Domain="IT" Extension="Distributor" value="national building materials">National Building Materials</tm:company></tm:entity> Distributor Upgrades With Infor
</title>
<html>
<head>
<meta name="generator" content="HTML Tidy for Windows (vers 14 February 2006), see www.w3.org"/>
<!-- #BeginEditable "doctitle" -->
<title><tm:entity><tm:company Domain="IT" Extension="Distributor" value="national building materials">National Building Materials</tm:company></tm:entity> Distributor Upgrades With
<tm:entity><tm:company><tm:potential_company role="Who" value="infor">Infor</tm:potential_company></tm:company></tm:entity></title></head>
<body>
<p>Lower Total Cost of Ownership Key Factor in Huttig's Decision to
Stop</p>
<p>Migration to Competing ERP Platform</p>
<p><tm:entity><tm:location><tm:country location_country="United States of America"><tm:place>ATLANTA</tm:place></tm:country></tm:location></tm:entity>, <tm:entity><tm:time_expression><tm:relative_time Day="18" Month="Dec." value="dec. 18">Dec. 18</tm:relative_time></tm:time_expression></tm:entity> /PRNewswire/ -- <tm:entity><tm:company><tm:potential_company role="Who" value="infor">Infor</tm:potential_company></tm:company></tm:entity> today announced that
Huttig Building Products, Inc. (<tm:entity><tm:stockindex value="nyse">NYSE</tm:stockindex></tm:entity>: <a class="small" href="http://studio-5.financialcontent.com/prnews?Page=Quote&amp;Ticker=HBP" onclick="var s=s_gi(s_account); var hd1 = document.getElementById('headline'); s.tl(this,'o',getLinkName('Company Sanpshot'));">HBP</a>), a leading domestic distributor of millwork, building
materials and wood products, has ceased its implementation of a
competing ERP system and instead upgraded to the latest version of
Infor ERP SX.enterprise, an ERP solution for distributors and
wholesalers.</p>
<p>The built-in business-specific capabilities, lower total cost of
ownership, scalability of Infor ERP SX.enterprise, and <tm:entity><tm:company><tm:potential_company role="Who" value="infor">Infor</tm:potential_company></tm:company></tm:entity>'s
domain expertise in the distribution market were strong factors in
Huttig's decision to reinvest in its <tm:entity><tm:company><tm:potential_company role="Who" value="infor">Infor</tm:potential_company></tm:company></tm:entity> solution. Huttig is
benefiting from several new capabilities through Infor ERP
SX.enterprise, including consolidated invoicing, streamlined order
entry processes and tally functionality.</p>
<p>"After implementing <tm:entity><tm:time_expression><tm:relative_time value="in just nine months">in just nine months</tm:relative_time></tm:time_expression></tm:entity>, we are now benefiting
from the enhanced capabilities of our upgraded SX.enterprise
solution, the lower total cost of ownership and deep distribution
experience provided by <tm:entity><tm:company><tm:potential_company role="Who" value="infor">Infor</tm:potential_company></tm:company></tm:entity>," said <tm:entity><tm:person Family_Name="Vrabely" First_Name="Jon" Gender="Male" role="Person" value="jon vrabely">Jon Vrabely</tm:person></tm:entity>, <tm:entity><tm:function FunctionCategory="Board" role="Has_Function" value="chief executive officer">CEO</tm:function></tm:entity> of <tm:entity><tm:company><tm:potential_company role="Who" value="huttig">Huttig</tm:potential_company></tm:company></tm:entity>.</p><p>"The building materials distribution industry is fiercely
competitive and companies need every available tool to gain an
upper hand," said <tm:entity><tm:person Family_Name="Zylka" First_Name="Thad" Gender="Male" role="Person" value="thad zylka">Thad Zylka</tm:person></tm:entity>, <tm:entity><tm:function FunctionCategory="Board" role="Has_Function" value="vice president">vice president</tm:function></tm:entity> of <tm:entity><tm:company><tm:potential_company role="Who" value="infor">Infor</tm:potential_company></tm:company></tm:entity>'s
<tm:entity><tm:company value="distribution">Distribution</tm:company></tm:entity> and <tm:entity><tm:company Extension="Group" value="supply chain">Supply Chain</tm:company></tm:entity> Group. "Enterprising companies like
Huttig can quickly achieve a competitive advantage through the
rapid implementation cycle of Infor ERP SX.enterprise, as well as
from <tm:entity><tm:company><tm:potential_company role="Who" value="infor">Infor</tm:potential_company></tm:company></tm:entity>'s rich understanding of the industry."</p><p>About Infor ERP SX.enterprise</p>
<p>Infor ERP SX.enterprise, a feature-rich solution with an easy to
use interface, provides companies with more than 40 configurable
modules from which to choose, including advanced order processing
with contact and activity management, integrated eCommerce
storefront and catalog capability and an extensive data warehouse
reporting tool to monitor success. Some of the best known
distributors in the world use SX.enterprise to manage complex
products, improve inventory accuracy, manage demand forecasting,
and simplify resource scheduling.</p>
<p>About Huttig</p>
<p>Huttig Building Products, Inc., currently <tm:entity><tm:time_expression><tm:relative_time value="in its 122nd year">in its 122nd year</tm:relative_time></tm:time_expression></tm:entity> of
business, is one of the largest domestic distributors of millwork,
building materials and wood products used principally in new
residential construction and in home improvement, remodeling and
repair work. Huttig distributes its products through 36
distribution centers serving 44 states. The Company's wholesale
distribution centers sell principally to building materials
<tm:entity><tm:function FunctionCategory="Other" value="dealers">dealers</tm:function></tm:entity>, national buying groups, home centers and industrial users,
including makers of manufactured homes.</p><p>About <tm:entity><tm:company><tm:potential_company role="Who" value="infor">Infor</tm:potential_company></tm:company></tm:entity></p><p><tm:entity><tm:company><tm:potential_company role="Who" value="infor">Infor</tm:potential_company></tm:company></tm:entity> delivers business-specific software to enterprising
organizations. With experience built in, <tm:entity><tm:company><tm:potential_company role="Who" value="infor">Infor</tm:potential_company></tm:company></tm:entity>'s solutions enable
businesses of all sizes to be more enterprising and adapt to the
rapid changes of a global marketplace. With more than 70,000
customers, <tm:entity><tm:company><tm:potential_company role="Who" value="infor">Infor</tm:potential_company></tm:company></tm:entity> is changing what businesses expect from an
enterprise software provider. For additional information, visit
<a href="http://www.infor.com" target="_new">http://www.infor.com</a>.<br/></p><p>For more information, please contact:</p>
<p><tm:entity><tm:person Family_Name="Baker" First_Name="Sylvia" Gender="Female" value="sylvia baker">Sylvia Baker</tm:person></tm:entity></p><p>Wunderkind Public Relations</p>
<p>(404) 601-3660 x 114</p>
<p><a href="mailto:sbaker@wunderkindpr.com"><tm:entity><tm:email value="sbaker@wunderkindpr.com">sbaker@wunderkindpr.com</tm:email></tm:entity></a></p></body>
</html>


</doc>

