<doc xmlns:tm="http://www.temis.com/annotations/1.1/">
<metadata>
<aboutcompany value="demandtec"/>
<releaselocation value="san carlos"/>
<data_source value="prnews"/>
<source value="demandtec, inc."/>
<processing_date>2008-01-21T18:14:41</processing_date>
<date>2007-12-17T01:01:00</date>
<quote symbol="NASDAQ:DMAN" src-company="demandtec" company="DemandTec, Inc." date="2007-12-17" price="14.68"/><quote symbol="NYSE:AAP" src-company="advance auto parts" company="Advance Auto Parts, Inc." date="2007-12-17" price="37.80"/><quote symbol="NYSE:BBY" src-company="best buy" company="Best Buy Co., Inc." date="2007-12-17" price="51.14"/><quote symbol="TYO:3337" src-company="circle k stores" company="Circle K Sunkus Co., Ltd." date="2007-12-17" price=""/><quote symbol="TUN:MNP" src-company="monoprix" company="Monoprix" date="2007-12-17" price=""/><quote symbol="NYSE:SWY" src-company="safeway" company="Safeway Inc." date="2007-12-17" price="35.26"/></metadata>
<title>DemandTec Voted Among Software Industry's Best by Leading Retailers
</title>
<html>
<head>
<meta name="generator" content="HTML Tidy for Windows (vers 14 February 2006), see www.w3.org"/>
<!-- #BeginEditable "doctitle" -->
<title><tm:entity><tm:company Extension="Inc" value="demandtec">DemandTec</tm:company></tm:entity> Voted Among Software Industry's Best by Leading
Retailers</title>
</head>
<body>
<p>Company garners seven top ten scores in RIS Leaderboard
Survey</p>
<p><tm:entity><tm:location><tm:country location_country="Philippines"><tm:place>SAN CARLOS</tm:place></tm:country></tm:location></tm:entity>, <tm:entity><tm:location><tm:country location_country="United States of America"><tm:place>Calif.</tm:place></tm:country></tm:location></tm:entity>, <tm:entity><tm:time_expression><tm:relative_time Day="17" Month="Dec." value="dec. 17">Dec. 17</tm:relative_time></tm:time_expression></tm:entity> /PRNewswire-FirstCall/ -- <tm:entity><tm:company Extension="Inc" value="demandtec">DemandTec</tm:company></tm:entity>,
Inc. (<tm:entity><tm:stockindex value="nasdaq">Nasdaq</tm:stockindex></tm:entity>: <a class="small" href="http://studio-5.financialcontent.com/prnews?Page=Quote&amp;Ticker=DMAN" onclick="var s=s_gi(s_account); var hd1 = document.getElementById('headline'); s.tl(this,'o',getLinkName('Company Sanpshot'));">DMAN</a>), a leading provider of on-demand optimization solutions
for retailers and consumer products companies, has earned top marks
in multiple categories from the prestigious <tm:entity><tm:media><tm:newspaper value="ris news">RIS News</tm:newspaper></tm:media></tm:entity> <tm:entity><tm:company value="leaderboard">Leaderboard</tm:company></tm:entity> retailer survey for the fifth consecutive year.</p>
<p>In results published by <tm:entity><tm:media><tm:newspaper value="ris news">RIS News</tm:newspaper></tm:media></tm:entity>, <tm:entity><tm:company Extension="Inc" value="demandtec">DemandTec</tm:company></tm:entity> earned top ten
honors in seven categories, including Customer Satisfaction,
Technology Innovation, Quality of Service, Quality of Support, and
Leaders in Recommendation (measuring how strongly retailers
recommend vendors to other retailers). <tm:entity><tm:company Extension="Inc" value="demandtec">DemandTec</tm:company></tm:entity> also garnered the
third highest overall score in "Targeted Solutions," a subset of
focused vendors among the top 45 software vendors ranked. The score
reflects high customer satisfaction ratings across <tm:entity><tm:company Extension="Inc" value="demandtec">DemandTec</tm:company></tm:entity>'s
retail customer base.</p><p>"Nothing beats a recommendation from a peer who has purchased
and used something you want to buy," said <tm:entity><tm:person Family_Name="Skorupa" First_Name="Joe" Gender="Male" value="joe skorupa">Joe Skorupa</tm:person></tm:entity>, <tm:entity><tm:media><tm:newspaper value="ris news">RIS News</tm:newspaper></tm:media></tm:entity> group editor-in-chief, discussing <tm:entity><tm:time_expression><tm:relative_time value="this year">this year</tm:relative_time></tm:time_expression></tm:entity>'s honorees. "<tm:entity><tm:company Extension="Inc" value="demandtec">DemandTec</tm:company></tm:entity> is a leader among targeted solutions providers <tm:entity><tm:time_expression><tm:relative_time value="in this year">in this year</tm:relative_time></tm:time_expression></tm:entity>'s
Software <tm:entity><tm:company value="leaderboard">Leaderboard</tm:company></tm:entity> survey due to strong support, service and
satisfaction scores."</p>
<p>According to <tm:entity><tm:media><tm:newspaper value="ris news">RIS News</tm:newspaper></tm:media></tm:entity>, its <tm:entity><tm:company value="leaderboard">Leaderboard</tm:company></tm:entity> rankings are modeled
after other leading user comparison ratings. The rankings published
<tm:entity><tm:time_expression><tm:exact_time Year="2007" value="in the 2007">in the 2007</tm:exact_time></tm:time_expression></tm:entity> Software <tm:entity><tm:company value="leaderboard">Leaderboard</tm:company></tm:entity> represent performance metrics and
satisfaction with vendors as voted by 236 retailers across multiple
retail segments.</p>
<p>"We're certainly proud that the retail community continues to
recognize our company in this prestigious survey," said <tm:entity><tm:person Family_Name="Fishback" First_Name="Dan" Gender="Male" role="Person" value="dan fishback">Dan
Fishback</tm:person></tm:entity>, <tm:entity><tm:function FunctionCategory="Board" role="Has_Function" value="president and ceo">president and CEO</tm:function></tm:entity> of <tm:entity><tm:company><tm:potential_company role="Who" value="demandtec">DemandTec</tm:potential_company></tm:company></tm:entity>. "Every customer expects
and deserves the highest quality solutions and service that support
their competitiveness and success. These <tm:entity><tm:company value="leaderboard">Leaderboard</tm:company></tm:entity> rankings stand
as additional validation of our ongoing focus on delivering
industry-leading results year in and year out."<br/></p>
<p>Summary of <tm:entity><tm:company Extension="Inc" value="demandtec">DemandTec</tm:company></tm:entity>'s 2007 Leaderboard Results</p><p>Out of the top 45 retail software vendors, <tm:entity><tm:company Extension="Inc" value="demandtec">DemandTec</tm:company></tm:entity> ranked:</p>
<ul>
<li>#3 Overall Score among "Targeted Solutions"</li>
<li>#6 in Leaders in Recommendation</li>
<li>#6 in Quality of Support</li>
<li>#7 in Quality of Service</li>
<li>#7 in Customer Satisfaction</li>
<li>#7 in Technology Innovation</li>
<li>#9 in Leaders in Grocery</li>
</ul>
<p>About <tm:entity><tm:company Extension="Inc" value="demandtec">DemandTec</tm:company></tm:entity></p><p><tm:entity><tm:company Extension="Inc" value="demandtec">DemandTec</tm:company></tm:entity>'s suite of on-demand applications empowers retailers
and consumer products companies to optimize strategic decisions and
collaborate in order to achieve their revenue, profitability and
sales volume objectives. <tm:entity><tm:company Extension="Inc" value="demandtec">DemandTec</tm:company></tm:entity>(<tm:entity><tm:stockindex value="nasdaq">Nasdaq</tm:stockindex></tm:entity>: <a class="small" href="http://studio-5.financialcontent.com/prnews?Page=Quote&amp;Ticker=DMAN" onclick="var s=s_gi(s_account); var hd1 = document.getElementById('headline'); s.tl(this,'o',getLinkName('Company Sanpshot'));">DMAN</a>) customers include leading retailers such as <tm:entity><tm:company Domain="Automotive" value="advance auto parts">Advance Auto
Parts</tm:company></tm:entity>, <tm:entity><tm:company Domain="ConsumerGoods" value="best buy">Best Buy</tm:company></tm:entity>, <tm:entity><tm:company Domain="Energy, ConsumerGood" value="circle k stores">Circle K Stores</tm:company></tm:entity>, <tm:entity><tm:company Domain="ConsumerGoods" Location_Continent="America" value="delhaize">Delhaize</tm:company></tm:entity> America, <tm:entity><tm:company value="giant carlisle">Giant-Carlisle</tm:company></tm:entity>,
<tm:entity><tm:company Extension="Co" value="h e b grocery">H-E-B Grocery</tm:company></tm:entity> Co., <tm:entity><tm:company value="monoprix">Monoprix</tm:company></tm:entity> and <tm:entity><tm:company Domain="ConsumerGoods" value="safeway">Safeway</tm:company></tm:entity>, as well as more than 100
consumer products companies. <tm:entity><tm:company Extension="Inc" value="demandtec">DemandTec</tm:company></tm:entity> has managed more than one
million trade promotion deals between retailers and their
manufacturer partners. For more information, please visit <a href="http://www.demandtec.com" target="_new">http://www.demandtec.com</a></p>
<p><tm:entity><tm:location><tm:country><tm:place>DemandTec Safe Harbor</tm:place></tm:country></tm:location></tm:entity></p><p>This press release contains forward-looking statements regarding
<tm:entity><tm:company Extension="Inc" value="demandtec">DemandTec</tm:company></tm:entity>'s expectations, hopes, plans, intentions or strategies,
including statements about the growth of its business. These
forward-looking statements involve risks and uncertainties, as well
as assumptions that, if they do not fully materialize or prove
incorrect, could cause our results to differ materially from those
expressed or implied by such forward-looking statements. The risks
and uncertainties include those described in <tm:entity><tm:company Extension="Inc" value="demandtec">DemandTec</tm:company></tm:entity>'s documents
filed with or furnished to the Securities and <tm:entity><tm:organisation value="exchange commission">Exchange Commission</tm:organisation></tm:entity>.
All forward-looking statements in this press release are based on
information available to <tm:entity><tm:company Extension="Inc" value="demandtec">DemandTec</tm:company></tm:entity> as of the date hereof, and
<tm:entity><tm:company Extension="Inc" value="demandtec">DemandTec</tm:company></tm:entity> assumes no obligation to update these forward-looking
statements.</p>
<p><tm:entity><tm:company Extension="Inc" value="demandtec">DemandTec</tm:company></tm:entity> and the <tm:entity><tm:company Extension="Inc" value="demandtec">DemandTec</tm:company></tm:entity> logo are registered trademarks of
<tm:entity><tm:company Extension="Inc" value="demandtec">DemandTec</tm:company></tm:entity>, Inc. All other trademarks are the property of their
<tm:entity><tm:function FunctionCategory="Board" value="respective owners">respective owners</tm:function></tm:entity>.</p></body>
</html>


</doc>

