<doc xmlns:tm="http://www.temis.com/annotations/1.1/">
<metadata><aboutcompany value="motorola"/><data_source value="prnews"/><source value="motorola, inc."/><processing_date>2008-01-21T18:22:41</processing_date><date>2007-12-12T09:00:00</date><quote symbol="NASDAQ:MSFT" src-company="microsoft" company="Microsoft Corporation" date="2007-12-12" price="34.47"/><quote symbol="NYSE:FO" src-company="fortune" company="Fortune Brands, Inc." date="2007-12-12" price="75.46"/><quote symbol="NYSE:MOT" src-company="motorola" company="Motorola, Inc." date="2007-12-12" price="16.19"/><quote symbol="PINK:RFDL" src-company="rfid" company="RFID LTD" date="2007-12-12" price="0.012"/></metadata>
<title><tm:entity><tm:company Domain="IT" Extension="Inc, Ventures" value="motorola">Motorola</tm:company></tm:entity> and <tm:entity><tm:company value="intelleflex">Intelleflex</tm:company></tm:entity> Announce Strategic Relationship in Extended Capability RFID; <tm:entity><tm:company Domain="IT" Extension="Inc, Ventures" value="motorola">Motorola</tm:company></tm:entity> Ventures Co-Leads Series <tm:entity><tm:company Domain="Financial" value="c investment">C Investment</tm:company></tm:entity> in <tm:entity><tm:company value="intelleflex">Intelleflex</tm:company></tm:entity></title>
<html>
<head>
<meta name="generator" content="HTML Tidy for Windows (vers 14 February 2006), see www.w3.org"/>
<!-- #BeginEditable "doctitle" -->
<title><tm:entity><tm:company Domain="IT" Extension="Inc, Ventures" value="motorola">Motorola</tm:company></tm:entity> and <tm:entity><tm:company value="intelleflex">Intelleflex</tm:company></tm:entity> Announce Strategic Relationship in
Extended Capability <tm:entity><tm:company value="rfid">RFID</tm:company></tm:entity>; <tm:entity><tm:company Domain="IT" Extension="Inc, Ventures" value="motorola">Motorola</tm:company></tm:entity> Ventures Co-Leads Series <tm:entity><tm:company Domain="Financial" value="c investment">C
Investment</tm:company></tm:entity> in <tm:entity><tm:company value="intelleflex">Intelleflex</tm:company></tm:entity></title></head>
<body>
<p>HOLTSVILLE, <tm:entity><tm:location><tm:country location_country="United States of America"><tm:place>N.Y.</tm:place></tm:country></tm:location></tm:entity> and <tm:location><tm:country location_country="Cuba"><tm:place>SANTA CLARA</tm:place></tm:country></tm:location>, <tm:location><tm:country location_country="United States of America"><tm:place>Calif.</tm:place></tm:country></tm:location>, <tm:entity><tm:time_expression><tm:relative_time Day="12" Month="Dec." value="dec. 12">Dec. 12</tm:relative_time></tm:time_expression></tm:entity> /PRNewswire-FirstCall/ -- <tm:entity><tm:company Domain="IT" Extension="Inc, Ventures" value="motorola">Motorola</tm:company></tm:entity>, Inc. (<tm:entity><tm:stockindex value="nyse">NYSE</tm:stockindex></tm:entity>: <a class="small" href="http://studio-5.financialcontent.com/prnews?Page=Quote&amp;Ticker=MOT" onclick="var s=s_gi(s_account); var hd1 = document.getElementById('headline'); s.tl(this,'o',getLinkName('Company Sanpshot'));">MOT</a>), today announced a strategic relationship between the <tm:entity><tm:company value="rfid">RFID</tm:company></tm:entity> division of the Enterprise Mobility business, and <tm:entity><tm:company value="intelleflex">Intelleflex</tm:company></tm:entity>, The
<tm:entity><tm:company Extension="Co" value="intelligent rfid platform">Intelligent RFID Platform</tm:company></tm:entity> Company, to deliver best-in-class
Extended Capability <tm:entity><tm:company value="rfid">RFID</tm:company></tm:entity> solutions. The companies will undertake
cooperative development activities, combining their respective
technologies to create new product platforms to be offered by both
companies, enabling each to deliver a powerful set of new <tm:entity><tm:company value="rfid">RFID</tm:company></tm:entity> solutions to customers worldwide. In addition, <tm:entity><tm:company Domain="IT" Extension="Inc, Ventures" value="motorola">Motorola</tm:company></tm:entity> Ventures,
the strategic venture capital arm of <tm:entity><tm:company Domain="IT" Extension="Inc, Ventures" role="Who" value="motorola">Motorola</tm:company></tm:entity>, invested in the
Series C financing round in <tm:company><tm:potential_company><tm:actor_ci_guessed role="Whom" value="intelleflex">Intelleflex</tm:actor_ci_guessed></tm:potential_company></tm:company>along with new investor
<tm:entity><tm:company Extension="Ventures" value="arcapita">Arcapita</tm:company></tm:entity> Ventures.</p>
<p>"Many of the most important emerging applications of RFID
technology depend upon extended capability solutions, with features
such as large user memory, long range operation, advanced security
architectures, robust performance in difficult RF environments and
sensors for environmental data capture of items like temperature
exposure," commented <tm:entity><tm:person Family_Name="Sanders" First_Name="Bob" Gender="Male" role="Person" value="bob sanders">Bob Sanders</tm:person></tm:entity>, <tm:entity><tm:function FunctionCategory="Board" role="Has_Function" value="vice president and general manager of advanced data capture">vice president and general
manager of Advanced Data Capture</tm:function></tm:entity>, Motorola Enterprise Mobility
Solutions. "By delivering these types of solutions, we will be able
to better serve our customers in markets like cold-chain
distribution and asset tracking. We chose to partner with
<tm:entity><tm:company value="intelleflex">Intelleflex</tm:company></tm:entity> because they have established themselves as the
technology leader in this product category."</p>
<p>Over the past several years, <tm:entity><tm:company><tm:potential_company role="Who" value="rfid">RFID</tm:potential_company></tm:company></tm:entity> focus has shifted to closed
loop applications, where individual business entities invest in
technology to solution a targeted business problem. Many of these
issues, such as high-value asset tracking, yard management, cold
supply chain and parts maintenance require the features and
performance of an extended capability <tm:entity><tm:company value="rfid">RFID</tm:company></tm:entity> platform.</p>
<p>"We are very excited about new business opportunities that will
be enabled as a result of this relationship," said <tm:entity><tm:person Family_Name="Lowry" First_Name="Mike" Gender="Male" role="Person" value="mike lowry">Mike Lowry</tm:person></tm:entity>,
<tm:entity><tm:function FunctionCategory="Board" role="Has_Function" value="president">President</tm:function></tm:entity> of Lowry Computer Products. "The combination of
<tm:entity><tm:company Domain="IT" Extension="Inc, Ventures" value="motorola">Motorola</tm:company></tm:entity>'s <tm:entity><tm:company value="rfid">RFID</tm:company></tm:entity> leadership and <tm:entity><tm:company value="intelleflex">Intelleflex</tm:company></tm:entity>' breakthrough extended
capability RFID technology is compelling. It will allow us to
deliver powerful new solutions to our current and future customers
in automotive, food and drug, electronics, government, healthcare
and other industry sectors."</p><p><tm:entity><tm:company Domain="IT" Extension="Inc, Ventures" role="Who" value="motorola">Motorola</tm:company></tm:entity> and <tm:entity><tm:company role="Who" value="intelleflex">Intelleflex</tm:company></tm:entity> have commenced joint development work
that will result in the release of new extended capability RFID
products, by both companies, <tm:entity><tm:time_expression><tm:exact_time Year="2008" value="in 2008">in 2008</tm:exact_time></tm:time_expression></tm:entity>.</p><p>As part of the strategic relationship, <tm:entity><tm:company Domain="IT" Extension="Inc, Ventures" role="Who" value="motorola">Motorola</tm:company></tm:entity> Ventures co-led
the Intelleflex Series C investment round with <tm:entity><tm:company Extension="Ventures" role="Whom" value="arcapita">Arcapita</tm:company></tm:entity> Ventures.
Existing <tm:entity><tm:company value="intelleflex">Intelleflex</tm:company></tm:entity> investors <tm:entity><tm:company Extension="Ventures" value="morgenthaler">Morgenthaler</tm:company></tm:entity> Ventures, <tm:entity><tm:company value="woodside fund">Woodside
Fund</tm:company></tm:entity>, <tm:entity><tm:company Extension="Ventures" value="alloy">Alloy</tm:company></tm:entity> Ventures and <tm:entity><tm:company Extension="Partners" value="selby venture">Selby Venture</tm:company></tm:entity> Partners also
participated.</p>
<p>"<tm:entity><tm:company value="rfid">RFID</tm:company></tm:entity> continues to be a compelling technology and companies
understand the security and efficiencies it brings to the
infrastructure," said Reese Schroeder, <tm:entity><tm:function FunctionCategory="Board" value="managing director">managing director</tm:function></tm:entity>, <tm:entity><tm:company Domain="IT" Extension="Inc, Ventures" value="motorola">Motorola</tm:company></tm:entity> Ventures. "<tm:entity><tm:company value="intelleflex">Intelleflex</tm:company></tm:entity>' technology represents a new breed of <tm:entity><tm:company value="rfid">RFID</tm:company></tm:entity> solutions that focus on extended capability in applications and
<tm:entity><tm:company Domain="IT" Extension="Inc, Ventures" role="Who" value="motorola">Motorola</tm:company></tm:entity> Ventures believes that, given the growing variety of
business challenges which RFID can help address, these solutions
show a clear path to a return on investment. We look forward to
this relationship and further extending <tm:entity><tm:company value="rfid">RFID</tm:company></tm:entity> throughout multiple
industries."</p>
<p><tm:entity><tm:person Family_Name="Bravman" First_Name="Richard" Gender="Male" role="Person" value="richard bravman">Richard Bravman</tm:person></tm:entity>, <tm:company><tm:potential_company><tm:actor_ci_guessed role="Who" value="intelleflex">Intelleflex</tm:actor_ci_guessed></tm:potential_company></tm:company><tm:entity><tm:function FunctionCategory="Board" role="Has_Function" value="chairman president and ceo">chairman, president and CEO</tm:function></tm:entity> said,
"We are delighted to enter into this relationship with <tm:entity><tm:company Domain="IT" Extension="Inc, Ventures" value="motorola">Motorola</tm:company></tm:entity>, a
recognized leader in <tm:entity><tm:company value="rfid">RFID</tm:company></tm:entity> and enterprise mobility. By combining our
extended capability technologies and experience with <tm:entity><tm:company Domain="IT" Extension="Inc, Ventures" value="motorola">Motorola</tm:company></tm:entity>'s
innovative and complementary mobility and <tm:entity><tm:company value="rfid">RFID</tm:company></tm:entity> technologies, both
companies will be able to deliver more powerful and comprehensive
solutions to a greater number of customers worldwide."</p>
<p>About <tm:entity><tm:company Domain="IT" Extension="Inc, Ventures" value="motorola">Motorola</tm:company></tm:entity></p><p><tm:entity><tm:company Domain="IT" Extension="Inc, Ventures" value="motorola">Motorola</tm:company></tm:entity> is known around the world for innovation and leadership
in wireless and broadband communications. Inspired by our vision of
seamless mobility, the people of <tm:entity><tm:company Domain="IT" Extension="Inc, Ventures" value="motorola">Motorola</tm:company></tm:entity> are committed to helping
you connect simply and seamlessly to the people, information, and
entertainment that you want and need. We do this by designing and
delivering "must have" products, "must do" experiences and powerful
networks -- along with a full complement of support services. A
<tm:entity><tm:company value="fortune">Fortune</tm:company></tm:entity> 100 company with global presence and impact, <tm:entity><tm:company Domain="IT" Extension="Inc, Ventures" role="Who" value="motorola">Motorola</tm:company></tm:entity> had
sales of US $42.8 billion in 2006. For more information about our
company, our people and our innovations, please visit <a href="http://www.Motorola.com" target="_new">http://www.Motorola.com</a>.</p>
<p>About <tm:entity><tm:company value="intelleflex">Intelleflex</tm:company></tm:entity></p><p><tm:entity><tm:company value="intelleflex">Intelleflex</tm:company></tm:entity> is the leader in <tm:entity><tm:company value="extended capability rfid">Extended Capability RFID</tm:company></tm:entity> solutions,
products and technologies. Our Intelligent RFID Platform,
comprising high performance multi-protocol tags and readers,
enables solutions for asset tracking, vehicle / yard management,
manufacturing WIP control, supply chain automation, parts
maintenance, access control and other applications. It features
range, reliability, memory capacity and security far beyond
standard passive <tm:entity><tm:company value="rfid">RFID</tm:company></tm:entity>, and at a fraction of the cost of active. For
more information, please visit <a href="http://www.intelleflex.com" target="_new">http://www.intelleflex.com</a>.</p><p><tm:entity><tm:company Domain="IT" Extension="Inc, Ventures" value="motorola">MOTOROLA</tm:company></tm:entity> and the Stylized M Logo are registered in the <tm:entity><tm:location><tm:country><tm:place>US</tm:place></tm:country></tm:location></tm:entity> Patent
&amp; Trademark Office. <tm:entity><tm:company Domain="IT" Extension="Corporation" value="microsoft">Microsoft</tm:company></tm:entity> and <tm:entity><tm:company value="windows">Windows</tm:company></tm:entity> are registered
trademarks of <tm:entity><tm:company Domain="IT" Extension="Corporation" value="microsoft">Microsoft</tm:company></tm:entity> Corporation. All other product or service
names are the property of their <tm:entity><tm:function FunctionCategory="Board" value="respective owners">respective owners</tm:function></tm:entity>. (<tm:entity><tm:company><tm:abbreviation value="c">C</tm:abbreviation></tm:company></tm:entity>) <tm:entity><tm:company Domain="IT" Extension="Inc, Ventures" value="motorola">Motorola</tm:company></tm:entity>,
Inc. 2007. All rights reserved.</p></body>
</html>


</doc>

