<doc xmlns:tm="http://www.temis.com/annotations/1.1/">
<metadata>
<aboutcompany value="nexus is"/>
<releaselocation value="valencia"/>
<data_source value="prnews"/>
<source value="nexus is, inc."/>
<processing_date>2008-01-21T17:51:15</processing_date>
<date>2007-12-19T01:00:00</date>
<quote symbol="NASDAQ:CSCO" src-company="cisco" company="Cisco Systems, Inc." date="2007-12-19" price="28.19"/><quote symbol="NASDAQ:MSFT" src-company="microsoft" company="Microsoft Corporation" date="2007-12-19" price="34.79"/><quote symbol="NASDAQ:BEST" src-company="best" company="Shiner International, Inc." date="2007-12-19" price="6.30"/><quote symbol="NYSE:CA" src-company="ca" company="CA, Inc." date="2007-12-19" price="25.51"/><quote symbol="OSL:NEXUS" src-company="nexus" company="Nexus Floating Production Ltd." date="2007-12-19" price=""/><quote symbol="NASDAQ:UMPQ" src-company="umpqua holdings" company="Umpqua Holdings Corporation" date="2007-12-19" price="14.74"/><quote symbol="OTC:YORK" src-company="york" company="York Research Corp." date="2007-12-19" price="0.003"/></metadata>
<title>Nexus IS Contributes Key Technology to <tm:entity><tm:company Domain="Financial" value="umpqua bank">Umpqua Bank</tm:company></tm:entity>'s Innovation Lab in <tm:entity><tm:location><tm:country location_country="United States of America"><tm:place>Portland</tm:place></tm:country></tm:location></tm:entity>, <tm:entity><tm:location><tm:country location_country="United States of America"><tm:place>Oregon</tm:place></tm:country></tm:location></tm:entity></title>
<html>
<head>
<meta name="generator" content="HTML Tidy for Windows (vers 14 February 2006), see www.w3.org"/>
<!-- #BeginEditable "doctitle" -->
<title>Nexus IS Contributes Key Technology to <tm:entity><tm:company Domain="Financial" value="umpqua bank">Umpqua Bank</tm:company></tm:entity>'s
Innovation Lab in <tm:entity><tm:location><tm:country location_country="United States of America"><tm:place>Portland</tm:place></tm:country></tm:location></tm:entity>, <tm:entity><tm:location><tm:country location_country="United States of America"><tm:place>Oregon</tm:place></tm:country></tm:location></tm:entity></title></head>
<body>
<p><tm:entity><tm:location><tm:country location_country="Spain"><tm:place>VALENCIA</tm:place></tm:country></tm:location></tm:entity>, <tm:entity><tm:location><tm:country location_country="United States of America"><tm:place>Calif.</tm:place></tm:country></tm:location></tm:entity>, <tm:entity><tm:time_expression><tm:relative_time Day="19" Month="Dec." value="dec. 19">Dec. 19</tm:relative_time></tm:time_expression></tm:entity> /PRNewswire/ -- Nexus IS, Inc.
announced today that it played a significant role in the
development and deployment of a new collaborative technology
featured in <tm:entity><tm:company Domain="Financial" value="umpqua bank">Umpqua Bank</tm:company></tm:entity>'s latest store concept, the Innovation Lab,
located in <tm:entity><tm:location><tm:country location_country="United States of America"><tm:place>Portland</tm:place></tm:country></tm:location></tm:entity>, <tm:entity><tm:location><tm:country location_country="United States of America"><tm:place>Oregon</tm:place></tm:country></tm:location></tm:entity>'s <tm:entity><tm:location><tm:country><tm:place>South Waterfront neighborhood</tm:place></tm:country></tm:location></tm:entity>. The
lab's "Ask an <tm:entity><tm:function FunctionCategory="Other" value="expert">Expert</tm:function></tm:entity>" activity, was made possible by Nexus IS, Inc.
technology using <tm:entity><tm:company Domain="IT" value="cisco">Cisco</tm:company></tm:entity>'s Unified MeetingPlace solution to connect
customers with <tm:entity><tm:function FunctionCategory="Other" value="face-to-face experts">face-to-face experts</tm:function></tm:entity> on a wide range of financial
topics at any time.</p>
<p>Nexus IS, Inc. designed, configured, deployed, and tuned the
<tm:entity><tm:company Domain="IT" value="cisco">Cisco</tm:company></tm:entity> Unified MeetingPlace application in order for <tm:entity><tm:company Domain="Financial" value="umpqua bank">Umpqua Bank</tm:company></tm:entity> to
provide an innovative way for its customers to conduct face-to-face
meetings with <tm:entity><tm:function FunctionCategory="Other" value="financial experts regardless">financial experts regardless</tm:function></tm:entity> of locale.</p>
<p>"We are very excited to be working with <tm:entity><tm:company Domain="Financial" value="umpqua bank">Umpqua Bank</tm:company></tm:entity>," stated <tm:entity><tm:person Family_Name="Jensen" First_Name="Jon" Gender="Male" role="Person" value="jon jensen">Jon
Jensen</tm:person></tm:entity>, Nexus IS <tm:entity><tm:function FunctionCategory="Board" role="Has_Function" value="chief executive officer">CEO</tm:function></tm:entity>. "Companies like Umpqua separate themselves by
offering their customers innovative ways of offering information to
them. We are proud that <tm:entity><tm:company Domain="Financial" value="umpqua bank">Umpqua Bank</tm:company></tm:entity> looked to Nexus IS for a
significant part of its 'Ask and <tm:entity><tm:function FunctionCategory="Other" value="expert">Expert</tm:function></tm:entity>' technology. We anticipate
a successful relationship with <tm:entity><tm:company Domain="Financial" value="umpqua bank">Umpqua Bank</tm:company></tm:entity> in the future."</p>
<p>"Umpqua has built its reputation around transforming the
customer experience and the Innovation Lab is no exception.
Technology companies such as Nexus IS played a key role in defining
the space to be far more than what consumers expect from a banking
experience," <tm:entity><tm:person Family_Name="Davis" First_Name="Ray" Gender="Male" role="Person" value="ray davis">Ray Davis</tm:person></tm:entity>, <tm:entity><tm:function FunctionCategory="Board" role="Has_Function" value="president and ceo">president and CEO</tm:function></tm:entity> of <tm:entity><tm:company Domain="Financial" role="Who" value="umpqua bank">Umpqua Bank</tm:company></tm:entity>.</p><p>Nexus IS, Inc is pleased to be a part of a visionary consumer
offering from <tm:entity><tm:company Domain="Financial" value="umpqua bank">Umpqua Bank</tm:company></tm:entity> and dedicated to offering new ways for
<tm:entity><tm:company Domain="Financial" value="umpqua bank">Umpqua Bank</tm:company></tm:entity> to harness technology to create community.</p>
<p>The Innovation Lab is located at 3606 SW Bond Ave., in <tm:entity><tm:location><tm:country location_country="United States of America"><tm:place>Portland</tm:place></tm:country></tm:location></tm:entity>,
<tm:entity><tm:location><tm:country location_country="United States of America"><tm:place>Ore.</tm:place></tm:country></tm:location></tm:entity> Visit <a href="http://www.umpqualab.com" target="_new">http://www.umpqualab.com</a>for more information.</p>
<p>About Nexus IS</p>
<p>Nexus IS, Inc., headquartered in <tm:entity><tm:location><tm:country location_country="Spain"><tm:place>Valencia</tm:place></tm:country></tm:location></tm:entity>, <tm:entity><tm:company value="ca">CA</tm:company></tm:entity>, is a leading
national full-service provider of unified communications solutions.
As a <tm:entity><tm:company Domain="IT" value="cisco gold">Cisco Gold</tm:company></tm:entity> Certified Partner, Nexus IS also holds
specialization certifications in IP Communications, Wireless, and
VPN/Security; and is an Advanced Technology Partner for
TelePresence, <tm:entity><tm:organisation value="unified contact center">Unified Contact Center</tm:organisation></tm:entity> and MeetingPlace collaboration
technologies. Strategically partnered with technology industry
leaders <tm:entity><tm:company Domain="IT" value="cisco systems">Cisco Systems</tm:company></tm:entity>, <tm:entity><tm:company Domain="IT" value="nec">NEC</tm:company></tm:entity> Unified Solutions and <tm:entity><tm:company Domain="IT" value="microsoft">Microsoft</tm:company></tm:entity>, <tm:entity><tm:company value="nexus">Nexus</tm:company></tm:entity> IS offers an extensive list of integrated Voice, Video, Data and
Convergence solutions throughout the <tm:entity><tm:location><tm:country><tm:place>United States</tm:place></tm:country></tm:location></tm:entity>. For more
information, visit the Nexus IS website at <a href="http://www.nexusis.com" target="_new">http://www.nexusis.com</a>.</p><p>About <tm:entity><tm:company Domain="Financial" value="umpqua bank">Umpqua Bank</tm:company></tm:entity></p><p><tm:entity><tm:company Domain="Financial" value="umpqua bank">Umpqua Bank</tm:company></tm:entity>, headquartered in <tm:entity><tm:company value="roseburg">Roseburg</tm:company></tm:entity>, <tm:entity><tm:company value="ore">Ore.</tm:company></tm:entity>, is a subsidiary of
<tm:entity><tm:company Extension="Corporation" value="umpqua holdings">Umpqua Holdings</tm:company></tm:entity> Corporation (<tm:entity><tm:stockindex value="nasdaq">Nasdaq</tm:stockindex></tm:entity>: <a class="small" href="http://studio-5.financialcontent.com/prnews?Page=Quote&amp;Ticker=UMPQ" onclick="var s=s_gi(s_account); var hd1 = document.getElementById('headline'); s.tl(this,'o',getLinkName('Company Sanpshot'));">UMPQ</a>) and has 147 locations between Napa, <tm:entity><tm:location><tm:country location_country="United States of America"><tm:place>Calif.</tm:place></tm:country></tm:location></tm:entity> and <tm:entity><tm:location><tm:country location_country="Switzerland"><tm:place>Bellevue</tm:place></tm:country></tm:location></tm:entity>,
<tm:entity><tm:location><tm:country location_country="United States of America"><tm:place>Wash.</tm:place></tm:country></tm:location></tm:entity>, along the <tm:entity><tm:location><tm:country location_country="United States of America"><tm:place>Oregon</tm:place></tm:country></tm:location></tm:entity> and Northern <tm:entity><tm:location><tm:country location_country="United States of America"><tm:place>California</tm:place></tm:country></tm:location></tm:entity> Coast and in
Central <tm:entity><tm:location><tm:country location_country="United States of America"><tm:place>Oregon</tm:place></tm:country></tm:location></tm:entity>. <tm:entity><tm:company Domain="Financial" value="umpqua bank">Umpqua Bank</tm:company></tm:entity> has been recognized for its innovative
customer experience and banking strategy by national publications
including the <tm:entity><tm:media><tm:newspaper Location_Country="UnitedStates" value="wall street journal">Wall Street Journal</tm:newspaper></tm:media></tm:entity>, <tm:entity><tm:media><tm:newspaper Location_Country="UnitedStates" value="new york times">New York Times</tm:newspaper></tm:media></tm:entity>, <tm:entity><tm:media><tm:newspaper Location_Country="UnitedStates" value="businessweek">BusinessWeek</tm:newspaper></tm:media></tm:entity>,
<tm:entity><tm:company Domain="IT" value="fast company">Fast Company</tm:company></tm:entity> and <tm:entity><tm:media><tm:television value="cnbc">CNBC</tm:television></tm:media></tm:entity>. The company also ranked 34th on Fortune
Magazine's 2007 list of the country's "100 <tm:entity><tm:company Extension="Companies" value="best">Best</tm:company></tm:entity> Companies To Work
For." Umpqua Holdings also owns retail brokerage subsidiary Strand,
Atkinson, Williams &amp; <tm:entity><tm:company Extension="Inc" Location_Continent="Europe" Location_Country="UnitedKingdom" value="york">York</tm:company></tm:entity> Inc., which has locations in <tm:entity><tm:company Domain="Financial" value="umpqua bank">Umpqua
Bank</tm:company></tm:entity> stores and in dedicated offices throughout <tm:entity><tm:location><tm:country location_country="United States of America"><tm:place>Oregon</tm:place></tm:country></tm:location></tm:entity> and
<tm:entity><tm:company Domain="Transportation" Location_Continent="America" Location_Country="UnitedStates" value="southwest">Southwest</tm:company></tm:entity> Washington. <tm:entity><tm:company Domain="Financial" value="umpqua bank">Umpqua Bank</tm:company></tm:entity>'s Private Client Services
Division provides tailored financial services and products to
individual customers. <tm:entity><tm:company Extension="Corporation" value="umpqua holdings">Umpqua Holdings</tm:company></tm:entity> Corporation is headquartered
in <tm:entity><tm:location><tm:country location_country="United States of America"><tm:place>Portland</tm:place></tm:country></tm:location></tm:entity>, <tm:entity><tm:location><tm:country location_country="United States of America"><tm:place>Ore.</tm:place></tm:country></tm:location></tm:entity> For more information, visit <a href="http://www.umpquabank.com" target="_new">http://www.umpquabank.com</a>.</p>
</body>
</html>


</doc>

