<doc xmlns:tm="http://www.temis.com/annotations/1.1/">
<metadata>
<aboutcompany value="playfirst, inc."/>
<releaselocation value="san francisco"/>
<data_source value="prnews"/>
<source value="playfirst, inc."/>
<processing_date>2008-01-21T17:51:38</processing_date>
<date>2007-12-19T10:35:00</date>
<quote symbol="NASDAQ:CSCO" src-company="cisco" company="Cisco Systems, Inc." date="2007-12-19" price="28.19"/><quote symbol="NASDAQ:SYMC" src-company="symantec" company="Symantec Corporation" date="2007-12-19" price="16.13"/><quote symbol="NASDAQ:INTC" src-company="intel" company="Intel Corporation" date="2007-12-19" price="26.19"/><quote symbol="NYSE:DCM" src-company="dcm" company="NTT DoCoMo, Inc. (ADR)" date="2007-12-19" price=""/><quote symbol="NYSE:NYT" src-company="new york times" company="The New York Times Company" date="2007-12-19" price="17.01"/><quote symbol="NYSE:JCI" src-company="jci" company="Johnson Controls, Inc." date="2007-12-19" price="35.90"/><quote symbol="NYSE:PGP" src-company="pgp" company="PIMCO Global StocksPLUS &amp; Income Fund" date="2007-12-19" price=""/><quote symbol="TSE:RIM" src-company="rim" company="Research In Motion Limited" date="2007-12-19" price=""/></metadata>
<title>PlayFirst Raises <tm:entity><tm:money_expression><tm:money Amount="16.5 million" Currency="Dollar" value="$16.5 million">$16.5 Million</tm:money></tm:money_expression></tm:entity> in Series C Financing
</title>
<html>
<head>
<meta name="generator" content="HTML Tidy for Windows (vers 14 February 2006), see www.w3.org"/>
<!-- #BeginEditable "doctitle" -->
<title><tm:entity><tm:company Extension="Inc" value="playfirst">PlayFirst</tm:company></tm:entity> Raises <tm:entity><tm:money_expression><tm:money Amount="16.5 million" Currency="Dollar" value="$16.5 million">$16.5 Million</tm:money></tm:money_expression></tm:entity> in Series C Financing</title>
</head>
<body>
<p>DCM Joins Mayfield, <tm:entity><tm:company Extension="Ventures" value="trinity">Trinity</tm:company></tm:entity> and <tm:entity><tm:location><tm:country><tm:place>Rustic Canyon</tm:place></tm:country></tm:location></tm:entity> to Fund Leading
Casual Games</p>
<p>Publisher</p>
<p><tm:location><tm:country location_country="United States of America"><tm:place>SAN FRANCISCO</tm:place></tm:country></tm:location>, <tm:entity><tm:time_expression><tm:relative_time Day="19" Month="Dec." value="dec. 19">Dec. 19</tm:relative_time></tm:time_expression></tm:entity> /PRNewswire/ -- <tm:entity><tm:company Extension="Inc" value="playfirst">PlayFirst</tm:company></tm:entity>, Inc., a
leading publisher of casual games, today announced that it has
raised <tm:entity><tm:money_expression><tm:money Amount="16.5 million" Currency="Dollar" value="$16.5 million">$16.5 million</tm:money></tm:money_expression></tm:entity> in its Series C financing round led by DCM.
Existing investors, including <tm:entity><tm:company value="mayfield fund">Mayfield Fund</tm:company></tm:entity>, <tm:entity><tm:company Extension="Ventures" value="trinity">Trinity</tm:company></tm:entity> Ventures and
<tm:entity><tm:location><tm:country><tm:place>Rustic Canyon</tm:place></tm:country></tm:location></tm:entity> Partners, also participated in the round. Previously,
<tm:entity><tm:company Extension="Inc" value="playfirst">PlayFirst</tm:company></tm:entity> raised a total of $10 million in its Series A and B
rounds, bringing the current total of venture capital raised to
$26.5 million.</p>
<p>(Logo: <a href="http://www.newscom.com/cgi-bin/prnh/20051004/SFTU029LOGO" target="_new">http://www.newscom.com/cgi-bin/prnh/20051004/SFTU029LOGO</a>)</p>
<p>"Since its founding <tm:entity><tm:time_expression><tm:exact_time Year="2004" value="in 2004">in 2004</tm:exact_time></tm:time_expression></tm:entity>, <tm:entity><tm:company Extension="Inc" value="playfirst">PlayFirst</tm:company></tm:entity> has been a driving force
in the explosive casual games industry," said <tm:entity><tm:person Family_Name="Moran" First_Name="Peter" Gender="Undefined Gender" value="peter moran">Peter Moran</tm:person></tm:entity>, general
partner, DCM. "The company's initial success with microtransactions
<tm:entity><tm:time_expression><tm:relative_time value="this year">this year</tm:relative_time></tm:time_expression></tm:entity> has demonstrated that <tm:entity><tm:company Extension="Inc" value="playfirst">PlayFirst</tm:company></tm:entity> is among the smartest,
savviest and most visionary companies in casual games. With a
number of immediate opportunities to expand on its new business
model -- and their ability to create strong intellectual property
like Diner Dash(R) -- <tm:entity><tm:company Extension="Inc" value="playfirst">PlayFirst</tm:company></tm:entity> is in position to continue its
leadership role in this dynamic space."</p>
<p><tm:entity><tm:company Extension="Inc" value="playfirst">PlayFirst</tm:company></tm:entity> plans to use the funding to accelerate both web and
game development and to satisfy the increasing and ever-evolving
demand for high-quality casual game experiences. Based on the
initial success from new business models and new brands including
Chocolatier(R), Dream Chronicles(TM) and Wedding Dash(TM),
PlayFirst will continue to expand and shape the casual games
market.</p>
<p>"<tm:entity><tm:company Extension="Inc" value="playfirst">PlayFirst</tm:company></tm:entity> has a history of breaking new ground and with our
introduction of virtual goods into Diner Dash we continued that
trend <tm:entity><tm:time_expression><tm:exact_time Year="2007" value="in 2007">in 2007</tm:exact_time></tm:time_expression></tm:entity>," said <tm:entity><tm:person Family_Name="Welch" First_Name="John" Gender="Male" role="Person" value="john welch">John Welch</tm:person></tm:entity>, <tm:entity><tm:function FunctionCategory="Board" role="Has_Function" value="ceo and president">CEO and president</tm:function></tm:entity>, <tm:entity><tm:company><tm:potential_company role="Who" value="playfirst">PlayFirst</tm:potential_company></tm:company></tm:entity>. "We
are thrilled to have the backing of <tm:entity><tm:company><tm:potential_company role="Who" value="dcm">DCM</tm:potential_company></tm:company></tm:entity> and the continued support
of our existing investment partners to help us grow the casual
games industry into the mass-market, highly profitable business
that industry insiders and analysts expect it will be."</p>
<p>According to <tm:entity><tm:function FunctionCategory="Other" value="analyst">analyst</tm:function></tm:entity> firm <tm:entity><tm:company value="dfc intelligence">DFC Intelligence</tm:company></tm:entity>, the casual
games/online games market is expected to reach $2.2 billion <tm:entity><tm:time_expression><tm:duration Year="2012" value="by 2012">by
2012</tm:duration></tm:time_expression></tm:entity>. <tm:entity><tm:person Family_Name="Cole" First_Name="David" Gender="Male" value="david cole">David Cole</tm:person></tm:entity>, <tm:entity><tm:function FunctionCategory="Other" value="analyst">analyst</tm:function></tm:entity>, <tm:entity><tm:company value="dfc intelligence">DFC Intelligence</tm:company></tm:entity>, said, "Innovative
companies willing to diversify platforms, create quality content,
move beyond the <tm:entity><tm:money_expression><tm:money Amount="20" Currency="Dollar" value="$20">$20</tm:money></tm:money_expression></tm:entity> business model and introduce innovations like
microtransactions to casual games will continue to drive this
industry forward."</p>
<p>For more information about <tm:entity><tm:company Extension="Inc" value="playfirst">PlayFirst</tm:company></tm:entity> please visit <a href="http://www.playfirst.com" target="_new">http://www.playfirst.com</a>. For more information about the
Diner Dash franchise please visit <a href="http://www.dinerdash.com" target="_new">http://www.dinerdash.com</a>.</p>
<p>About <tm:entity><tm:company Extension="Inc" value="playfirst">PlayFirst</tm:company></tm:entity>, Inc.</p><p><tm:entity><tm:company Extension="Inc" value="playfirst">PlayFirst</tm:company></tm:entity> is a leading publisher focused on creating shared
casual game experiences around lasting original brands. Committed
to building casual game play rich in story and character, <tm:entity><tm:company Extension="Inc" value="playfirst">PlayFirst</tm:company></tm:entity> works with talented internal and external developers to bring mass
market games to multiple platforms, including PC, Mac, mobile,
handheld and console. The company's portfolio includes the
world-renowned Diner Dash(R) franchise, as well as top-selling
games such as Wedding Dash(TM), Chocolatier(R), and Dream
Chronicles(TM). Founded in 2004, PlayFirst is funded by Mayfield
Fund, Trinity Ventures, Rustic Canyon Partners and DCM. For more
information visit <a href="http://www.playfirst.com" target="_new">http://www.playfirst.com</a>and <a href="http://www.dinerdash.com" target="_new">http://www.dinerdash.com</a>.</p>
<p>About DCM</p>
<p><tm:entity><tm:company value="dcm">DCM</tm:company></tm:entity> is an early stage venture capital firm supporting
entrepreneurs building world-class technology companies. The firm's
partners manage <tm:entity><tm:money_expression><tm:money Amount="1.6 billion" Currency="Dollar" value="us$1.6 billion">US$1.6 billion</tm:money></tm:money_expression></tm:entity> and have funded leading technology
companies including 2Wire, 51job, @Motion (Openwave), <tm:entity><tm:company value="about">About.com</tm:company></tm:entity>(The <tm:entity><tm:company Domain="Media" Extension="Co" value="new york times">New York Times</tm:company></tm:entity> Co.), All About, <tm:entity><tm:location><tm:country location_country="PuertoRico"><tm:place>Arroyo</tm:place></tm:country></tm:location></tm:entity>(<tm:entity><tm:company Domain="IT" value="cisco">Cisco</tm:company></tm:entity>), Clearwire,
Dang Dang, eDreams (TA), Foundry Networks, HireRight, Internap,
IPivot (<tm:entity><tm:company Domain="IT" value="intel">Intel</tm:company></tm:entity>), <tm:entity><tm:company value="jci">JCI</tm:company></tm:entity>, <tm:entity><tm:company Domain="IT" value="neopath networks">Neopath Networks</tm:company></tm:entity>(<tm:entity><tm:company Domain="IT" value="cisco">Cisco</tm:company></tm:entity>), Neutral Tandem,
nQuire (<tm:entity><tm:company Domain="IT" value="siebel">Siebel</tm:company></tm:entity>), <tm:entity><tm:company Extension="Corporation" value="pgp">PGP</tm:company></tm:entity> Corporation, <tm:entity><tm:company Domain="IT" value="recourse technologies">Recourse Technologies</tm:company></tm:entity>(<tm:entity><tm:company Domain="IT" value="symantec">Symantec</tm:company></tm:entity>),
Sigmatel, SMIC, Sling Media (EchoStar), <tm:entity><tm:company Domain="Pharma" value="trion">Trion</tm:company></tm:entity> <tm:entity><tm:media><tm:television value="world network">World Network</tm:television></tm:media></tm:entity>, Inc.,
and Vimicro. DCM offers hands-on operational guidance and access to
an extensive network of resources, including close relationships
with many of the Pacific <tm:entity><tm:company Location_Undefined="Pacific" value="rim">Rim</tm:company></tm:entity>'s leading companies and investors. For
more information, please visit DCM's website at <a href="http://www.dcm.com" target="_new">http://www.dcm.com</a>.</p><p><tm:entity><tm:company Extension="Inc" value="playfirst">PlayFirst</tm:company></tm:entity>, the <tm:entity><tm:company Extension="Inc" value="playfirst">PlayFirst</tm:company></tm:entity> logo, Diner Dash, Chocolatier, Dream
Chronicles and Wedding Dash are trademarks of <tm:entity><tm:company Extension="Inc" value="playfirst">PlayFirst</tm:company></tm:entity>, Inc.
<tm:entity><tm:company Extension="Inc" value="playfirst">PlayFirst</tm:company></tm:entity>, the <tm:entity><tm:company Extension="Inc" value="playfirst">PlayFirst</tm:company></tm:entity> logo, Diner Dash and Chocolatier are
registered trademarks in the <tm:entity><tm:location><tm:country><tm:place>U.S.</tm:place></tm:country></tm:location></tm:entity></p></body>
</html>


</doc>

