<doc xmlns:tm="http://www.temis.com/annotations/1.1/">
<metadata>
<aboutcompany value="food logistics -- food logistics is the only publication"/>
<releaselocation value="farmingdale"/>
<data_source value="prnews"/>
<source value="robocom systems international"/>
<processing_date>2008-01-21T18:20:02</processing_date>
<date>2007-12-12T14:41:00</date>
<quote symbol="OTC:RIMS" src-company="robocom systems" company="Robocom Systems Int'l Inc" date="2007-12-12" price="0.20"/><quote symbol="LON:CPG" src-company="cpg" company="Compass Group plc" date="2007-12-12" price=""/></metadata>
<title>Food Logistics Names <tm:entity><tm:company Domain="IT" value="robocom systems">Robocom Systems</tm:company></tm:entity> International to the <tm:entity><tm:money_expression><tm:money Amount="100" Currency="Florin" value="fl100">FL100</tm:money></tm:money_expression></tm:entity> List of Top Technology Providers
</title>
<html>
<head>
<meta name="generator" content="HTML Tidy for Windows (vers 14 February 2006), see www.w3.org"/>
<!-- #BeginEditable "doctitle" -->
<title>Food Logistics Names <tm:entity><tm:company Domain="IT" value="robocom systems">Robocom Systems</tm:company></tm:entity> International to the
<tm:entity><tm:money_expression><tm:money Amount="100" Currency="Florin" value="fl100">FL100</tm:money></tm:money_expression></tm:entity> List of Top Technology Providers</title>
</head>
<body>
<p>FARMINGDALE, <tm:entity><tm:location><tm:country location_country="United States of America"><tm:place>N.Y.</tm:place></tm:country></tm:location></tm:entity>, <tm:entity><tm:time_expression><tm:relative_time Day="12" Month="Dec." value="dec. 12">Dec. 12</tm:relative_time></tm:time_expression></tm:entity> /PRNewswire-FirstCall/ -- <tm:entity><tm:company Domain="IT" value="robocom systems">Robocom
Systems</tm:company></tm:entity> <tm:entity><tm:company value="international">International</tm:company></tm:entity>, a global provider of Supply Chain <tm:entity><tm:company Domain="IT" value="execution software">Execution
Software</tm:company></tm:entity> today announced that the company has again been selected
by Food Logistics to the <tm:entity><tm:money_expression><tm:money Amount="100" Currency="Florin" value="fl100">FL100</tm:money></tm:money_expression></tm:entity>.</p><p>The <tm:entity><tm:money_expression><tm:money Amount="2007, 100" Currency="Florin" value="2007 fl100">2007 FL100</tm:money></tm:money_expression></tm:entity> are technology solution and service providers
that are helping food, beverage and <tm:entity><tm:company role="Who" value="cpg">CPG</tm:company></tm:entity> companies gain a
competitive logistical advantage. The goal with the "100" is to
highlight a broad range of solutions and services targeted at the
food industry, addressing the needs of companies of varying sizes
and assisting in the transformation of the diverse mix of the
functions that make up the food supply chain.</p>
<p>"Our readers turn to Food Logistics to learn about new solutions
for improving productivity and reducing costs throughout their
operations," explained <tm:entity><tm:person Family_Name="Doherty" First_Name="Katherine" Gender="Female" value="katherine doherty">Katherine Doherty</tm:person></tm:entity>, editor of Food Logistics.
"The <tm:entity><tm:function FunctionCategory="Board" value="corporate executives and on-site managers">corporate executives and on-site managers</tm:function></tm:entity> who rely on the
magazine want to know what solutions are available to help them
reach their business goals. The <tm:entity><tm:money_expression><tm:money Amount="100" Currency="Florin" value="fl100">FL100</tm:money></tm:money_expression></tm:entity> is a resource of solution
providers that cater to the food industry," said <tm:entity><tm:person Family_Name="Doherty" First_Name="Katherine" Gender="Female" value="katherine doherty">Doherty</tm:person></tm:entity>. "These
companies offer products and services that specifically focus on
the unique needs of the industry."</p><p><tm:entity><tm:person Family_Name="Radcliffe" First_Name="Fred" Gender="Male" role="Person" value="fred radcliffe">Fred Radcliffe</tm:person></tm:entity>, <tm:entity><tm:function FunctionCategory="Board" role="Has_Function" value="president">President</tm:function></tm:entity> of <tm:entity><tm:company><tm:potential_company role="Who" value="robocom">Robocom</tm:potential_company></tm:company></tm:entity> said, "We are pleased to
have been recognized by <tm:entity><tm:company value="food logistics">Food Logistics</tm:company></tm:entity> as one of the top technology
providers to the food industry. Our mission is to bring solutions
that improve every facet of inventory performance to the food
companies that have chosen <tm:entity><tm:company><tm:potential_company role="Who" value="robocom">Robocom</tm:potential_company></tm:company></tm:entity> for their Supply Chain Execution
Software. This award from Food Logistics validates the success of
our efforts"</p>
<p>About Food Logistics -- Food Logistics is the only publication
exclusively dedicated to covering the movement of product and
information throughout all channels of the supply chain-from farm
to fork. Food Logistics serves the information needs of food,
beverage and consumer packaged goods <tm:entity><tm:function FunctionCategory="Board" value="executives">executives</tm:function></tm:entity> involved in
warehousing, transportation and information technology, as well as
third-party and refrigerated service providers. Through our print
and online products, we provide news, trends and best practices
that help more than 20,000 grocery and foodservice suppliers,
distributors and retailers make better business decisions. On the
web at <a href="http://www.foodlogistics.com" target="_new">http://www.foodlogistics.com</a>.</p><p>About <tm:entity><tm:company><tm:potential_company role="Who" value="robocom">Robocom</tm:potential_company></tm:company></tm:entity>-- <tm:entity><tm:company><tm:potential_company role="Who" value="robocom">Robocom</tm:potential_company></tm:company></tm:entity> has helped companies adapt to changing
requirements and achieve supply chain excellence <tm:entity><tm:time_expression><tm:duration Year="1982" value="since 1982">since 1982</tm:duration></tm:time_expression></tm:entity>. Our
solutions reduce costs, increase productivity and inventory
visibility, and improve customer satisfaction throughout your
entire supply chain. Unique to our approach is the high level of
personalization our customers achieve without the burdensome cost
of customization. Whether your requirements include an RFID enabled
Warehouse Management System, <tm:entity><tm:company Domain="Pharma" value="engineered labor">Engineered Labor</tm:company></tm:entity> Standards or Event
Notification, your project will be delivered on time and on budget.
<a href="http://www.robocom.com" target="_new">http://www.robocom.com</a></p></body>
</html>


</doc>

