<doc xmlns:tm="http://www.temis.com/annotations/1.1/">
<metadata><aboutcompany value="mobile posse"/><releaselocation value="mclean"/><data_source value="prnews"/><source value="mobile posse inc.,"/><processing_date>2008-01-21T18:16:53</processing_date><date>2007-12-13T14:10:00</date><quote symbol="NYSE:COF" src-company="capital one" company="Capital One Financial Corp." date="2007-12-13" price="48.61"/><quote symbol="NASDAQ:XMSR" src-company="xm satellite radio" company="XM Satellite Radio Holdings Inc." date="2007-12-13" price="13.99"/><quote symbol="NYSE:PCS" src-company="metropcs" company="MetroPCS Communications, Inc." date="2007-12-13" price="17.17"/></metadata>
<title>Mobile Posse Secures <tm:entity><tm:money_expression><tm:money Amount="10 million" Currency="Dollar" value="$10 million">$10 Million</tm:money></tm:money_expression></tm:entity> in Venture Capital Funding
</title>
<html>
<head>
<meta name="generator" content="HTML Tidy for Windows (vers 14 February 2006), see www.w3.org"/>
<!-- #BeginEditable "doctitle" -->
<title>Mobile Posse Secures <tm:entity><tm:money_expression><tm:money Amount="10 million" Currency="Dollar" value="$10 million">$10 Million</tm:money></tm:money_expression></tm:entity> in Venture Capital
Funding</title>
</head>
<body>
<p>Second Round Investors Include <tm:entity><tm:company Domain="Financial" value="softbank capital">Softbank Capital</tm:company></tm:entity>, <tm:entity><tm:company Extension="Ventures" value="court square">Court Square</tm:company></tm:entity> Ventures and</p>
<p><tm:entity><tm:company Domain="Financial" Location_Continent="America" Location_Country="UnitedStates" value="columbia capital">Columbia Capital</tm:company></tm:entity></p><p>MCLEAN, Va., <tm:entity><tm:time_expression><tm:relative_time Day="13" Month="Dec." value="dec. 13">Dec. 13</tm:relative_time></tm:time_expression></tm:entity> /PRNewswire/ -- <tm:entity><tm:company Extension="Inc" value="mobile posse">Mobile Posse</tm:company></tm:entity> Inc., a
leading mobile content and advertising solution provider, announced
today that it has raised <tm:entity><tm:money_expression><tm:money Amount="10 million" Currency="Dollar" value="$10 million">$10 million</tm:money></tm:money_expression></tm:entity> in series B equity financing.
New investor <tm:entity><tm:company Domain="Financial" value="softbank capital">Softbank Capital</tm:company></tm:entity> led the round, which also included
<tm:entity><tm:company Extension="Ventures" value="court square">Court Square</tm:company></tm:entity> Ventures, <tm:entity><tm:company Domain="Financial" Location_Continent="America" Location_Country="UnitedStates" value="columbia capital">Columbia Capital</tm:company></tm:entity>, and individual
investors.</p><p>The new funding will facilitate commercial implementation with
additional carriers as well as expand the depth and breadth of
Mobile <tm:entity><tm:company value="posse">Posse</tm:company></tm:entity>'s advertising sales division.</p><p>Mobile <tm:entity><tm:company value="posse">Posse</tm:company></tm:entity> is a leading mobile advertising solution provider
and the first to bring idle screen interactive content delivery to
<tm:entity><tm:location><tm:country><tm:place>North America</tm:place></tm:country></tm:location></tm:entity>. The platform provides the most effective mode of
delivery for mobile content and interactive promotions that enable
subscribers to receive relevant content at various intervals of
their choosing. By delivering a personalized and targeted
relationship with consumers, Mobile Posse allows marketers to
radically enhance reach, targeting and qualified conversion rates
in a convenient, cost- effective manner. The company recently
announced its first commercial rollout with a regional US carrier
and is currently engaged in many highly successful carrier
trials.</p><p>"This is an exciting stage in our company's development. We are
continuously receiving confirmation from the marketplace that we
have created a mobile advertising solution that can deliver results
today," said <tm:entity><tm:person Family_Name="Jackson" First_Name="Jon" Gender="Male" role="Person" value="jon jackson">Jon Jackson</tm:person></tm:entity>, <tm:entity><tm:function FunctionCategory="Board" role="Has_Function" value="founder and ceo of mobile posse">Founder and CEO of Mobile Posse</tm:function></tm:entity>. "We are
thrilled at this vote of confidence from such top tier investors as
we embark on this next stage in the company's growth."</p><p><tm:entity><tm:person Family_Name="Murray" First_Name="Steve" Gender="Male" value="steve murray">Steve Murray</tm:person></tm:entity>, Partner at <tm:entity><tm:company Domain="Financial" value="softbank capital">Softbank Capital</tm:company></tm:entity>, noted that "Mobile
Posse has been able to effectively deliver valuable content and
promotions to mobile users in an easy to use fashion. The consumer
response, as evidenced by click-through rates, has been remarkably
positive as compared with other forms of interactive mediums like
the Internet. Ultimately, success in this market will be about the
consumers' desire to deeply engage and early returns from Mobile
Posse are very encouraging."</p><p>"With its seasoned management team, innovative technology and
astute understanding of all its audiences including carriers,
<tm:entity><tm:function FunctionCategory="Other" value="advertisers">advertisers</tm:function></tm:entity> and consumers, we believe Mobile Posse has all of the
elements needed to succeed in this space. This new funding will
allow the company to manage ongoing trials and market the solution
to a larger audience," said <tm:entity><tm:person Family_Name="Holden" First_Name="Chris" Gender="Male" value="chris holden">Chris Holden</tm:person></tm:entity>, General Partner at <tm:entity><tm:company Extension="Ventures" value="court square">Court
Square</tm:company></tm:entity> Ventures</p>
<p>"Mobile Posse's technology is very appealing for carriers,
especially because trials have indicated that offering the idle
screen solution not only drives higher ARPU but also increases
subscriber loyalty," said Harry Hopper, Partner at <tm:entity><tm:company Domain="Financial" Location_Continent="America" Location_Country="UnitedStates" value="columbia capital">Columbia
Capital</tm:company></tm:entity>. "We're confident that Mobile Posse's current market
traction will continue."</p><p>Early stage investors in the company include <tm:entity><tm:person Family_Name="Davies" First_Name="Jack" Gender="Male" role="Person" value="jack davies">Jack Davies</tm:person></tm:entity>,
<tm:entity><tm:function FunctionCategory="Board" role="Has_Function" value="founder">Founder</tm:function></tm:entity> of <tm:entity><tm:company><tm:normalized_name Domain="Media" role="Who" value="aol">AOL</tm:normalized_name></tm:company></tm:entity> International, who continues to play an active role
in the company's strategic direction; <tm:entity><tm:person Family_Name="Morris" First_Name="Nigel" Gender="Undefined Gender" role="Person" value="nigel morris">Nigel Morris</tm:person></tm:entity>, <tm:entity><tm:function FunctionCategory="Board" role="Has_Function" value="co-founder and former coo">Co-Founder and
former COO</tm:function></tm:entity> of <tm:entity><tm:company Domain="Financial" role="Who" value="capital one">Capital One</tm:company></tm:entity>; and <tm:entity><tm:person Family_Name="Leonsis" First_Name="Ted" Gender="Male" role="Person" value="ted leonsis">Ted Leonsis</tm:person></tm:entity>, <tm:entity><tm:function FunctionCategory="Board" role="Has_Function" value="vice chairman emeritus">Vice Chairman Emeritus</tm:function></tm:entity> of <tm:entity><tm:company><tm:normalized_name Domain="Media" role="Who" value="aol">AOL</tm:normalized_name></tm:company></tm:entity>. <tm:entity><tm:person Family_Name="Davies" First_Name="Jack" Gender="Male" role="Person" value="jack davies">Davies</tm:person></tm:entity> said, "We are very pleased with the progress that
Mobile Posse has made <tm:entity><tm:time_expression><tm:duration value="within the last year">within the last year</tm:duration></tm:time_expression></tm:entity>. Building on these
accomplishments, we look forward to working with our new partners
and accelerating growth."</p><p>About Mobile Posse</p>
<p><tm:entity><tm:company Extension="Inc" value="mobile posse">Mobile Posse</tm:company></tm:entity>, Inc. is a privately-held mobile advertising
solution provider based in McLean, VA. Using proprietary
patents-pending software, Mobile Posse allows marketers to
radically enhance reach and conversion rates in a convenient and
cost-effective manner while strengthening relationships with the
consumer and carriers. Mobile <tm:entity><tm:company value="posse">Posse</tm:company></tm:entity> is the first company to rollout
and deliver idle screen insertion advertisements in partnership
with a U.S. carrier. For more information, please visit <a href="http://www.mobileposse.com" target="_new">http://www.mobileposse.com</a>.</p>
<p>About <tm:entity><tm:company Domain="Financial" value="softbank capital">SoftBank Capital</tm:company></tm:entity></p><p><tm:entity><tm:company Domain="Financial" value="softbank capital">SoftBank Capital</tm:company></tm:entity> is an independent venture capital firm focused
on high- growth technology-based businesses benefiting from the
rapid deployment and adoption of broadband and mobile technologies.
With principal offices in <tm:entity><tm:location><tm:country location_country="United States of America"><tm:place>Boston</tm:place></tm:country></tm:location></tm:entity> and <tm:entity><tm:location><tm:country location_country="United States of America"><tm:place>New York</tm:place></tm:country></tm:location></tm:entity>, <tm:entity><tm:company Domain="Financial" role="Who" value="softbank capital">SoftBank Capital</tm:company></tm:entity> brings a unique combination of experience in operations,
technology, strategy, corporate finance, new media and
international markets to its portfolio investments. For more about
<tm:entity><tm:company Domain="Financial" value="softbank capital">SoftBank Capital</tm:company></tm:entity> see <a href="http://www.softbank.com" target="_new">http://www.softbank.com</a>.</p><p>About <tm:entity><tm:company Extension="Ventures" value="court square">Court Square</tm:company></tm:entity> Ventures</p>
<p><tm:entity><tm:company Extension="Ventures" role="Who" value="court square">Court Square</tm:company></tm:entity> Ventures is a venture capital firm that invests in
early- stage communications, information technology, and media
companies, with a particular interest in points of convergence
between these industries. The firm's deep understanding of its
three target sectors stems from the partners' 60 years of operating
and investing experience in these areas. Court Square uses this
base of experience to support young companies executing the
critical transitions from pre-revenue to first sales and
accelerating growth. Court Square seeks to establish close
partnership with passionate, committed entrepreneurs and
like-minded co-investors. The principals bring a broad national
network of target sector contacts to bear in helping portfolio
companies source customers, find strategic partners, and recruit
key personnel. For more information, visit <a href="http://www.courtsquareventures.com" target="_new">http://www.courtsquareventures.com</a>.</p>
<p>About <tm:entity><tm:company Domain="Financial" Location_Continent="America" Location_Country="UnitedStates" value="columbia capital">Columbia Capital</tm:company></tm:entity></p><p><tm:entity><tm:company Domain="Financial" Location_Continent="America" Location_Country="UnitedStates" value="columbia capital">Columbia Capital</tm:company></tm:entity> is a venture capital firm specializing in the
communications, media and information technology industries.
Founded <tm:entity><tm:time_expression><tm:exact_time Year="1989" role="Context" value="in 1989">in 1989</tm:exact_time></tm:time_expression></tm:entity>, <tm:entity><tm:company Domain="Financial" Location_Continent="America" Location_Country="UnitedStates" role="Who" value="columbia capital">Columbia Capital</tm:company></tm:entity> has helped establish more than
100 early stage ventures and currently manages more than $2 billion
in capital. <tm:entity><tm:company Domain="Financial" Location_Continent="America" Location_Country="UnitedStates" value="columbia capital">Columbia Capital</tm:company></tm:entity> has been an active participant in the
wireless communications industry since its formative period nearly
<tm:entity><tm:time_expression><tm:relative_time value="20 years ago">20 years ago</tm:relative_time></tm:time_expression></tm:entity>. In the wireless communications and media categories
specifically, <tm:entity><tm:company Domain="Financial" Location_Continent="America" Location_Country="UnitedStates" value="columbia capital">Columbia Capital</tm:company></tm:entity> has been a founding investor in such
notable successes as <tm:entity><tm:company Domain="Media" value="xm satellite radio">XM Satellite Radio</tm:company></tm:entity>, <tm:entity><tm:company Domain="IT, TeleCommunication" value="nextel communications">Nextel Communications</tm:company></tm:entity>, <tm:entity><tm:company Domain="TeleCommunication" value="wnp communications">WNP
Communications</tm:company></tm:entity>, Advanced <tm:entity><tm:company Domain="TeleCommunication" value="radio telecom">Radio Telecom</tm:company></tm:entity>, <tm:entity><tm:company Domain="TeleCommunication" value="neoworld communications">NeoWorld Communications</tm:company></tm:entity>,
and Digital Television Services. <tm:entity><tm:company Domain="Financial" Location_Continent="America" Location_Country="UnitedStates" value="columbia capital">Columbia Capital</tm:company></tm:entity> has also helped
establish numerous other successful wireless service providers
including <tm:entity><tm:company value="metropcs">MetroPCS</tm:company></tm:entity>, <tm:entity><tm:company Extension="Ventures" value="mobile satellite">Mobile Satellite</tm:company></tm:entity> Ventures, <tm:entity><tm:company value="revol">Revol</tm:company></tm:entity> Wireless,
Coral Wireless, and WCS Wireless. For more information, visit
<tm:entity><tm:company Domain="Financial" Location_Continent="America" Location_Country="UnitedStates" value="columbia capital">Columbia Capital</tm:company></tm:entity> at <a href="http://www.colcap.com" target="_new">http://www.colcap.com</a>.</p></body>
</html>


</doc>

