<doc xmlns:tm="http://www.temis.com/annotations/1.1/">
<metadata><aboutcompany value="gigamedia"/><data_source value="prnews"/><source value="gigamedia limited"/><processing_date>2008-01-21T18:16:04</processing_date><date>2007-12-14T05:15:00</date><quote symbol="NASDAQ:GIGM" src-company="gigamedia" company="GigaMedia Limited" date="2007-12-14" price="18.22"/><quote symbol="SEO:036570" src-company="ncsoft" company="NCsoft Corporation" date="2007-12-14" price=""/><quote symbol="KDQ:035420" src-company="nhn" company="NHN Corporation" date="2007-12-14" price=""/></metadata>
<title>GigaMedia Makes Strategic Investment in Powerful New Game Studio Neostorm
</title>
<html>
<head>
<meta name="generator" content="HTML Tidy for Windows (vers 14 February 2006), see www.w3.org"/>
<!-- #BeginEditable "doctitle" -->
<title>GigaMedia Makes Strategic Investment in Powerful New Game
Studio <tm:entity><tm:company value="neostorm">Neostorm</tm:company></tm:entity></title></head>
<body>
<p>New 'Roll-Up' One of Largest Casual Studios in <tm:entity><tm:location><tm:country><tm:place>Korea</tm:place></tm:country></tm:location></tm:entity></p><p><tm:entity><tm:location><tm:country location_country="Taiwan"><tm:place>TAIPEI</tm:place></tm:country></tm:location></tm:entity>, <tm:location><tm:country><tm:place>Taiwan</tm:place></tm:country></tm:location>, <tm:entity><tm:time_expression><tm:relative_time Day="14" Month="Dec." role="Context" value="dec. 14">Dec. 14</tm:relative_time></tm:time_expression></tm:entity>/Xinhua-PRNewswire-FirstCall/ --
<tm:entity><tm:company Extension="Limited" role="Who" value="gigamedia">GigaMedia</tm:company></tm:entity> Limited ("GigaMedia" or the "Company"; <tm:entity><tm:stockindex role="Context_Entity" value="nasdaq">Nasdaq</tm:stockindex></tm:entity>: GIGM)
announced today a strategic partnership with and investment in
leading game development studio <tm:entity><tm:company Extension="Limited" value="neostorm holdings">Neostorm Holdings</tm:company></tm:entity> Limited
("<tm:entity><tm:company value="neostorm">Neostorm</tm:company></tm:entity>").</p><p><tm:entity><tm:company value="neostorm">Neostorm</tm:company></tm:entity> is one of the largest independent game developers in
<tm:location><tm:country><tm:place>South Korea</tm:place></tm:country></tm:location>. The company was originally formed by the merger of
four separate online games studios, creating a powerful full-range
company with extensive technology, development and production
capabilities. <tm:entity><tm:company value="neostorm">Neostorm</tm:company></tm:entity> focuses on the enormous casual games market
targeting the "medium-core" gamer. <tm:entity><tm:company value="neostorm">Neostorm</tm:company></tm:entity> has a top-tier
management and development team composed of experienced
professionals with strong track records at leading game companies,
including <tm:entity><tm:company Extension="Corporation" value="ncsoft">NCsoft</tm:company></tm:entity> Corporation, <tm:entity><tm:company Extension="Corporation" value="nexon">Nexon</tm:company></tm:entity> Corporation and <tm:entity><tm:company Extension="Corporation" value="nhn">NHN</tm:company></tm:entity> Corporation.</p>
<p>"<tm:entity><tm:company value="neostorm">Neostorm</tm:company></tm:entity> is a game development powerhouse," stated <tm:company><tm:potential_company><tm:actor_ci_guessed role="Who" value="gigamedia">GigaMedia</tm:actor_ci_guessed></tm:potential_company></tm:company>
<tm:entity><tm:function FunctionCategory="Board" role="Has_Function" value="president">President</tm:function></tm:entity> <tm:entity><tm:person Family_Name="Hui" First_Name="Thomas" Gender="Male" role="Person" value="thomas hui">Thomas Hui</tm:person></tm:entity>. "We are very excited to partner with them and
continue strengthening our portfolio of world-class entertainment
content."</p><p>"With unparalleled reach and an extensive network of strong
strategic partners, <tm:company><tm:potential_company><tm:actor_ci_guessed role="Whom" value="gigamedia">GigaMedia</tm:actor_ci_guessed></tm:potential_company></tm:company> brings to bear tremendous resources,"
stated <tm:entity><tm:function FunctionCategory="Board" role="Has_Function" value="chief executive officer">Chief Executive Officer</tm:function></tm:entity> <tm:entity><tm:person Family_Name="Kim" First_Name="Chris" Gender="Male" role="Person" value="chris kim">Chris Kim</tm:person></tm:entity> of <tm:entity><tm:company><tm:potential_company role="Who" value="neostorm">Neostorm</tm:potential_company></tm:company></tm:entity>. "Together, we
are positioned to capture enormous regional opportunities in online
games."</p><p>The agreement strengthens GigaMedia's ability to develop and
source popular online games and distribute them throughout the
region.</p>
<p>"We are rapidly building an exciting regional online
entertainment business with strong competitive advantages and
operating synergies," <tm:entity><tm:function FunctionCategory="Board" role="Has_Function" value="stated president">stated President</tm:function></tm:entity> <tm:entity><tm:person Family_Name="Hui" First_Name="Thomas" Gender="Male" role="Person" value="thomas hui">Thomas Hui</tm:person></tm:entity>. "<tm:entity><tm:company value="neostorm">Neostorm</tm:company></tm:entity> is an
outstanding partner whose games will help fuel strong long-term
growth."</p>
<p>Pursuant to the terms of the strategic partnership with
<tm:entity><tm:company><tm:potential_company role="Whom" value="neostorm">Neostorm</tm:potential_company></tm:company></tm:entity>, <tm:company><tm:potential_company><tm:actor_ci_guessed role="Whom" value="gigamedia">GigaMedia</tm:actor_ci_guessed></tm:potential_company></tm:company>has made an investment and obtained board
representation, options for additional investment, and certain
strategic rights.</p>
<p>Currently, <tm:entity><tm:company value="neostorm">Neostorm</tm:company></tm:entity> has four online casual titles under
development with launch dates for three of them expected <tm:entity><tm:time_expression><tm:exact_time Year="2008" value="in 2008">in
2008</tm:exact_time></tm:time_expression></tm:entity>.</p><p>About GigaMedia</p>
<p><tm:entity><tm:company Extension="Limited" value="gigamedia">GigaMedia</tm:company></tm:entity> Limited (<tm:location><tm:country><tm:place>Singapore</tm:place></tm:country></tm:location> registration number: 199905474H) is
a major provider of online entertainment software and services.
<tm:company><tm:potential_company><tm:actor_ci_guessed role="Who" value="gigamedia">GigaMedia</tm:actor_ci_guessed></tm:potential_company></tm:company> develops and licenses software for online gaming.
GigaMedia also operates online games businesses including FunTown,
a leading Asian casual games portal and the world's largest online
MahJong game site in terms of revenue, and <tm:entity><tm:company value="t2cn">T2CN</tm:company></tm:entity>, a leading online
casual sports game operator in <tm:location><tm:country><tm:place>China</tm:place></tm:country></tm:location>. More information on GigaMedia
can be obtained from <a href="http://www.gigamedia.com.tw" target="_new">http://www.gigamedia.com.tw</a>.</p>
<p>About <tm:entity><tm:company Extension="Limited" value="neostorm holdings">Neostorm Holdings</tm:company></tm:entity> Limited</p>
<p><tm:entity><tm:company Extension="Limited" role="Who" value="neostorm holdings">Neostorm Holdings</tm:company></tm:entity> Limited was founded in <tm:entity><tm:location><tm:country location_country="SouthKorea"><tm:place>Seoul</tm:place></tm:country></tm:location></tm:entity>, <tm:entity><tm:location><tm:country><tm:place>Korea</tm:place></tm:country></tm:location></tm:entity> <tm:entity><tm:time_expression><tm:exact_time Year="2007" role="Context" value="in 2007">in 2007</tm:exact_time></tm:time_expression></tm:entity> by
merging four previously independent game development studios into
one, creating one of the largest independent game development
companies in <tm:location><tm:country><tm:place>South Korea</tm:place></tm:country></tm:location>. <tm:entity><tm:company value="neostorm">Neostorm</tm:company></tm:entity> is currently working on four
medium-core casual game titles, three of which expect to launch <tm:entity><tm:time_expression><tm:exact_time Year="2008" value="in 2008">in
2008</tm:exact_time></tm:time_expression></tm:entity>.</p><p>The statements included above and elsewhere in this press
release that are not historical in nature are "forward-looking
statements" within the meaning of the "safe harbor" provisions of
the Private Securities Litigation Reform Act of 1995. GigaMedia
cautions readers that forward-looking statements are based on the
Company's current expectations and involve a number of risks and
uncertainties. Actual results may differ materially from those
contained in such forward-looking statements. Information as to
certain factors that could cause actual results to vary can be
found in GigaMedia's Annual Report on Form <tm:entity><tm:money_expression><tm:money Amount="20-" Currency="Franc" value="20-f">20-F</tm:money></tm:money_expression></tm:entity> filed with the
<tm:entity><tm:location><tm:country><tm:place>United States</tm:place></tm:country></tm:location></tm:entity> Securities and <tm:entity><tm:organisation value="exchange commission">Exchange Commission</tm:organisation></tm:entity> <tm:entity><tm:time_expression><tm:exact_time Month="June" Year="2007" value="in june 2007">in June
2007</tm:exact_time></tm:time_expression></tm:entity>.<br/></p><p>For further information contact:</p>
<p><tm:entity><tm:person Family_Name="Miller" First_Name="Brad" Gender="Male" role="Person" value="brad miller">Brad Miller</tm:person></tm:entity>, <tm:entity><tm:function FunctionCategory="Board" role="Has_Function" value="investor relations director">Investor Relations Director</tm:function></tm:entity></p><p>Tel: +886-2-2656-8016</p>
<p>Email: <a href="mailto:brad.miller@gigamedia.com.tw"><tm:entity><tm:email value="brad.miller@gigamedia.com.tw">brad.miller@gigamedia.com.tw</tm:email></tm:entity></a></p></body>
</html>


</doc>

