<doc xmlns:tm="http://www.temis.com/annotations/1.1/">
<metadata>
<aboutcompany value="rainmaker"/>
<releaselocation value="campbell"/>
<data_source value="prnews"/>
<source value="rainmaker systems, inc."/>
<processing_date>2008-01-21T17:57:35</processing_date>
<date>2007-12-18T07:30:00</date>
<quote symbol="NASDAQ:RMKR" src-company="rainmaker systems" company="Rainmaker Systems, Inc." date="2007-12-18" price="6.23"/></metadata>
<title>Rainmaker Named Exclusive Teleservices Provider by Existing Global Network Computing Client
</title>
<html>
<head>
<meta name="generator" content="HTML Tidy for Windows (vers 14 February 2006), see www.w3.org"/>
<!-- #BeginEditable "doctitle" -->
<title>Rainmaker Named Exclusive Teleservices Provider by Existing
Global Network Computing Client</title>
</head>
<body>
<p>Successful global response management program results in
expanded, two-year</p>
<p>lead development contract extension</p>
<p>CAMPBELL, <tm:entity><tm:location><tm:country location_country="United States of America"><tm:place>Calif.</tm:place></tm:country></tm:location></tm:entity>, <tm:entity><tm:time_expression><tm:relative_time Day="18" Month="Dec." value="dec. 18">Dec. 18</tm:relative_time></tm:time_expression></tm:entity> /PRNewswire-FirstCall/ -- <tm:entity><tm:company Extension="Inc" value="rainmaker systems">Rainmaker
Systems</tm:company></tm:entity>, Inc. (<tm:entity><tm:stockindex value="nasdaq">Nasdaq</tm:stockindex></tm:entity>: <a class="small" href="http://studio-5.financialcontent.com/prnews?Page=Quote&amp;Ticker=RMKR" onclick="var s=s_gi(s_account); var hd1 = document.getElementById('headline'); s.tl(this,'o',getLinkName('Company Sanpshot'));">RMKR</a>), a leading provider of sales and marketing solutions
combining hosted application software and execution services, today
announced that one of its Fortune 500 global network computing
clients has named <tm:entity><tm:company value="rainmaker">Rainmaker</tm:company></tm:entity> as their exclusive teleservices
provider. Rainmaker was awarded the two-year contract extension
based on the success of the pilot program for lead development
services it has had in place with this Client <tm:entity><tm:time_expression><tm:duration value="over the past year">over the past
year</tm:duration></tm:time_expression></tm:entity>.</p><p>Under the terms of the expanded agreement, Rainmaker will deploy
its proprietary LeadWorks(TM) platform throughout the Client's
entire global footprint to identify, generate, nurture and manage
leads from multiple sources, including for the first time the
Client's installed customer base. Rainmaker will create, manage and
deliver web and phone based sales services in select territories,
and will continue to expand globally to drive incremental top line
revenue to the Client's sales organization.</p>
<p>Rainmaker will work together with the Client's worldwide field
sales <tm:entity><tm:function FunctionCategory="Board" value="account managers">account managers</tm:function></tm:entity> and resellers across the Client's full range
of products, including systems, storage, software and new service
contracts, and will be responsible for cross-sell and up-sell
campaigns to existing customers.</p>
<p>"Rainmaker clearly demonstrated that we are the only vendor with
the depth of experience and fully-integrated capability to
consolidate the Client's telesales strategy on a worldwide basis,"
said <tm:entity><tm:person Family_Name="Silton" First_Name="Michael" Gender="Male" value="michael silton">Michael Silton</tm:person></tm:entity>, Rainmaker's <tm:entity><tm:function FunctionCategory="Board" value="chief executive officer">CEO</tm:function></tm:entity>. "Our Client recognized our
ability to leverage their internal resources and drive incremental
growth at a lower cost than otherwise would have been possible. We
are pleased they have awarded us this significant piece of their
global business."</p><p>About Rainmaker</p>
<p><tm:entity><tm:company Extension="Inc" value="rainmaker systems">Rainmaker Systems</tm:company></tm:entity>, Inc. delivers sales and marketing solutions,
combining hosted application software and execution services
designed to drive more revenue for our clients. Our Revenue
Delivery Platform(SM) combines proprietary, on-demand application
software and advanced analytics with specialized sales and
marketing execution services. Rainmaker clients include large
enterprises in a range of industries, including computer hardware
and software, telecommunications, and financial services
industries. For more information visit <a href="http://www.rmkr.com" target="_new">http://www.rmkr.com</a>or call
800-631-1545.</p>
<p>NOTE: Rainmaker Systems, the Rainmaker logo, Sunset Direct and
Contract Renewals Plus are registered with the <tm:entity><tm:location><tm:country><tm:place>U.S.</tm:place></tm:country></tm:location></tm:entity> Patent and
Trademark Office. All other service marks or trademarks are the
property of their <tm:entity><tm:function FunctionCategory="Board" value="respective owners">respective owners</tm:function></tm:entity>.</p><p>This press release contains forward-looking statements regarding
future events. These forward-looking statements are based on
information available to Rainmaker as of this date and they assume
no obligation to update any such forward-looking statements. These
statements are not guarantees of future performance, and actual
results could differ materially from current expectations. Among
the important factors which could cause actual results to differ
materially from those in the forward-looking statements are general
market conditions, unfavorable economic conditions, our ability to
execute our business strategy, our ability to integrate
acquisitions without disruption to our business, the effectiveness
of our sales team and approach, our ability to target, analyze and
forecast the revenue to be derived from a client and the costs
associated with providing services to that client, the date during
the course of a calendar year that a new client is acquired, the
length of the integration cycle for new clients and the timing of
revenues and costs associated therewith, our client concentration
given that we are currently dependent on a few significant client
relationships, potential competition in the marketplace, the
ability to retain and attract employees, market acceptance of our
service programs and pricing options, our ability to maintain our
existing technology platform and to deploy new technology, our
ability to sign new clients and control expenses, the possibility
of the discontinuation and/or realignment of some client
relationships, and the financial condition of our clients'
businesses, and other factors detailed in the Company's filings
with the Securities and <tm:entity><tm:organisation value="exchange commission">Exchange Commission</tm:organisation></tm:entity>, including our filings
on Forms 10-K and 10-Q.</p></body>
</html>


</doc>

