<doc xmlns:tm="http://www.temis.com/annotations/1.1/">
<metadata><aboutcompany value="baxl technologies"/><releaselocation value="bethel"/><data_source value="prnews"/><source value="baxl technologies, inc."/><processing_date>2008-01-21T17:51:25</processing_date><date>2007-12-19T10:54:00</date><quote symbol="LON:CARE" src-company="care" company="CareCapital Group Plc" date="2007-12-19" price="9.00"/><quote symbol="NYSE:MTU" src-company="mtu" company="Mitsubishi UFJ Financial Group Inc (ADR)" date="2007-12-19" price=""/><quote symbol="NYSE:MDU" src-company="mdu" company="MDU Resources Group, Inc." date="2007-12-19" price="27.23"/></metadata>
<title><tm:entity><tm:company Domain="IT" Extension="Inc, Partners" value="baxl technologies">BAXL Technologies</tm:company></tm:entity> Partners With Epikinonia at <tm:entity><tm:organisation Domain="Health" value="maternity clinic">Maternity Clinic</tm:organisation></tm:entity> in <tm:entity><tm:location><tm:country location_country="Greece"><tm:place>Athens</tm:place></tm:country></tm:location></tm:entity>, <tm:entity><tm:location><tm:country><tm:place>Greece</tm:place></tm:country></tm:location></tm:entity></title>
<html>
<head>
<meta name="generator" content="HTML Tidy for Windows (vers 14 February 2006), see www.w3.org"/>
<!-- #BeginEditable "doctitle" -->
<title><tm:entity><tm:company Domain="IT" Extension="Inc, Partners" value="baxl technologies">BAXL Technologies</tm:company></tm:entity> Partners With <tm:entity><tm:company Extension="Ltd" value="epikinonia">Epikinonia</tm:company></tm:entity> at <tm:entity><tm:organisation Domain="Health" value="maternity clinic">Maternity
Clinic</tm:organisation></tm:entity> in <tm:entity><tm:location><tm:country location_country="Greece"><tm:place>Athens</tm:place></tm:country></tm:location></tm:entity>, <tm:entity><tm:location><tm:country><tm:place>Greece</tm:place></tm:country></tm:location></tm:entity></title></head>
<body>
<p>Combines Internet with VoD for <tm:entity><tm:company Domain="Media" value="in room on demand entertainment">In-Room On-Demand Entertainment</tm:company></tm:entity> and</p>
<p>Education</p>
<p>BETHEL, Conn., <tm:entity><tm:time_expression><tm:relative_time Day="19" Month="Dec." value="dec. 19">Dec. 19</tm:relative_time></tm:time_expression></tm:entity> /PRNewswire-FirstCall/ -- <tm:entity><tm:company Domain="IT" Extension="Inc, Partners" value="baxl technologies">BAXL
Technologies</tm:company></tm:entity> Inc (OTC <tm:entity><tm:media><tm:newspaper value="bulletin board">Bulletin Board</tm:newspaper></tm:media></tm:entity>: BXLH), the leading technology
solutions provider that enables the transmission of voice, data and
video over existing wiring, has partnered with Athens-based
<tm:entity><tm:company Extension="Ltd" value="epikinonia">Epikinonia</tm:company></tm:entity> Ltd. (<tm:entity><tm:company><tm:abbreviation value="epi">EPI</tm:abbreviation></tm:company></tm:entity>) to provide hospital bedside services
including high speed Internet access (HSIA) and video on demand
(VoD) in-room entertainment at the <tm:entity><tm:organisation Domain="Health" value="iaso clinic">IASO Clinic</tm:organisation></tm:entity> located in
<tm:entity><tm:location><tm:country location_country="Greece"><tm:place>Athens</tm:place></tm:country></tm:location></tm:entity>.</p><p><tm:entity><tm:person Family_Name="Bottazzi" First_Name="Gus" Gender="Male" role="Person" value="gus bottazzi">Gus Bottazzi</tm:person></tm:entity>, <tm:entity><tm:function FunctionCategory="Board" role="Has_Function" value="chief executive officer">CEO</tm:function></tm:entity> of <tm:entity><tm:company Domain="IT" Extension="Inc, Partners" role="Who" value="baxl technologies">BAXL Technologies</tm:company></tm:entity> said, "The <tm:entity><tm:organisation Domain="Health" value="iaso clinic">IASO Clinic</tm:organisation></tm:entity> was looking for an advanced technology to improve facility
management, add soft-sell advertising revenues, and upgrade the
patient experience. <tm:entity><tm:person Family_Name="Baxl" First_Name="Rudy Barrio, Jeffrey Romano" Gender="Female, Undefined Gender" value="caron baxl">BAXL</tm:person></tm:entity> products delivered the perfect
infrastructure to layer the initial solution as well as the
capacity for the clinic's planned future upgrades of on-site
security, maternity web cams and voice over IP. The European
healthcare market has always looked to be on the cutting edge and
<tm:entity><tm:person Family_Name="Baxl" First_Name="Rudy Barrio, Jeffrey Romano" Gender="Female, Undefined Gender" value="caron baxl">BAXL</tm:person></tm:entity> is facilitating their progression."</p>
<p>The <tm:entity><tm:organisation Domain="Health" value="iaso clinic">IASO Clinic</tm:organisation></tm:entity> is one of the largest and most advanced
maternity clinics in <tm:entity><tm:location><tm:country><tm:place>Europe</tm:place></tm:country></tm:location></tm:entity>, with over 13,500 inpatient deliveries
annually. It operates one of the most sophisticated Neonatal
Intensive <tm:entity><tm:company value="care">Care</tm:company></tm:entity> units in the World, as well as one of the largest
cardiotocography units in <tm:entity><tm:location><tm:country><tm:place>Europe</tm:place></tm:country></tm:location></tm:entity>. Each of the <tm:entity><tm:organisation Domain="Health" value="iaso clinic">IASO Clinic</tm:organisation></tm:entity>'s 100
rooms will be outfitted with <tm:entity><tm:person Family_Name="Baxl" First_Name="Rudy Barrio, Jeffrey Romano" Gender="Female, Undefined Gender" value="caron baxl">BAXL</tm:person></tm:entity>'s HSIA as well as a VoD system.
Apart from the obvious in-room entertainment uses, the clinic will
also use the system to introduce expecting and new mothers to
infant care through a series of videos played over the VoD
system.</p><p>Partnering with <tm:entity><tm:company><tm:abbreviation value="epi">EPI</tm:abbreviation></tm:company></tm:entity> enables <tm:entity><tm:person Family_Name="Baxl" First_Name="Rudy Barrio, Jeffrey Romano" Gender="Female, Undefined Gender" value="caron baxl">BAXL</tm:person></tm:entity> to broaden its reach into the
<tm:entity><tm:location><tm:country><tm:place>Mediterranean region</tm:place></tm:country></tm:location></tm:entity> of <tm:entity><tm:location><tm:country><tm:place>Europe</tm:place></tm:country></tm:location></tm:entity>. <tm:entity><tm:company><tm:abbreviation value="epi">EPI</tm:abbreviation></tm:company></tm:entity>, headquartered in <tm:entity><tm:location><tm:country><tm:place>Greece</tm:place></tm:country></tm:location></tm:entity>, is a
broadband systems integrator servicing the hospitality, health
care, government and multi-tenant unit (<tm:entity><tm:company value="mtu">MTU</tm:company></tm:entity>) / multi-density unit
(<tm:entity><tm:company value="mdu">MDU</tm:company></tm:entity>) markets.</p><p><tm:entity><tm:person Family_Name="Moutzouris" First_Name="Tasos" role="Person" value="tasos moutzouris">Tasos Moutzouris</tm:person></tm:entity>, <tm:entity><tm:function FunctionCategory="Board" role="Has_Function" value="managing director">Managing Director</tm:function></tm:entity> of <tm:entity><tm:company Extension="Ltd" role="Who" value="epikinonia">Epikinonia</tm:company></tm:entity> Ltd said,
"Greek health care has always had an eye toward innovation. Clinics
are looking to educate their patients, track patients and personnel
within the facility, and manage records and prescriptions through
the same infrastructure being used for HSIA and entertainment video
services. <tm:entity><tm:person Family_Name="Baxl" First_Name="Rudy Barrio, Jeffrey Romano" Gender="Female, Undefined Gender" value="caron baxl">BAXL</tm:person></tm:entity> has the most innovative products to accomplish this
in the market today."</p>
<p>About <tm:entity><tm:company Domain="IT" Extension="Inc, Partners" value="baxl technologies">BAXL Technologies</tm:company></tm:entity></p><p><tm:entity><tm:company Domain="IT" Extension="Inc, Partners" value="baxl technologies">BAXL Technologies</tm:company></tm:entity>, Inc. is a solutions provider enabling the
reliable delivery of wired and wireless broadband applications
including voice, video and data, over any existing wiring. <tm:entity><tm:person Family_Name="Baxl" First_Name="Rudy Barrio, Jeffrey Romano" Gender="Female, Undefined Gender" value="caron baxl">BAXL</tm:person></tm:entity>'s
customers include many of the world's leading hotels, as well as
multiple tenant properties and is marketed and sold through
telecom, cable, satellite and technology providers. For more
information please visit <a href="http://www.baxl.net" target="_new">http://www.baxl.net</a>.</p><p>About <tm:entity><tm:company Extension="Ltd" value="epikinonia">Epikinonia</tm:company></tm:entity> Ltd.</p>
<p><tm:entity><tm:company Extension="Ltd" value="epikinonia">Epikinonia</tm:company></tm:entity>(<tm:entity><tm:company><tm:abbreviation value="epi">EPI</tm:abbreviation></tm:company></tm:entity>), headquartered in <tm:entity><tm:location><tm:country><tm:place>Greece</tm:place></tm:country></tm:location></tm:entity>, specializes in full
system integration including: Software Development; Integrated
Solutions with Wired, Wireless, Satellite Networks; Integrated
Solutions for modern infrastructure Hotels, Hospitals, Large
Buildings, to access the Internet, IPTV, <tm:entity><tm:company><tm:normalized_name Domain="Pharma" value="bristol-myers squibb">BMS</tm:normalized_name></tm:company></tm:entity>, and Signage; IP
Surveillance, image analysis, and performance statistics. For more
information please visit <a href="http://www.epi.com.gr" target="_new">http://www.epi.com.gr</a>.<br/></p><p>Contact:</p>
<p><tm:entity><tm:person Family_Name="Baxl" First_Name="Rudy Barrio, Jeffrey Romano" Gender="Female, Undefined Gender" value="caron baxl"><tm:entity><tm:person Family_Name="Baxl" First_Name="Rudy Barrio, Jeffrey Romano" Gender="Female, Undefined Gender" value="caron baxl">Allen &amp; Caron BAXL</tm:person></tm:entity></tm:person></tm:entity> Technologies</p>
<p>(212) 691-8087 (203) 730-1791</p>
<p><tm:entity><tm:person Family_Name="Barrio" First_Name="Rudy" Gender="Male" value="rudy barrio">Rudy Barrio</tm:person></tm:entity>(<tm:entity><tm:location><tm:country><tm:place>US</tm:place></tm:country></tm:location></tm:entity> Investors) Media Contact:</p>
<p><a href="mailto:r.barrio@allencaron.com"><tm:entity><tm:email value="r.barrio@allencaron.com">r.barrio@allencaron.com</tm:email></tm:entity></a><tm:entity><tm:person Family_Name="Romano" First_Name="Jeffrey" Gender="Male" value="jeffrey romano">Jeffrey Romano</tm:person></tm:entity></p><p><tm:entity><tm:function FunctionCategory="Board" value="director">Director</tm:function></tm:entity> of Marketing</p>
<p><tm:entity><tm:person Family_Name="Kennedy" First_Name="Brian" Gender="Male" value="brian kennedy">Brian Kennedy</tm:person></tm:entity>(<tm:entity><tm:company Domain="Media" Location_Continent="America" Location_Country="UnitedStates" value="us media">US Media</tm:company></tm:entity>) <a href="mailto:jromano@baxl.net"><tm:entity><tm:email value="jromano@baxl.net">jromano@baxl.net</tm:email></tm:entity></a></p><p><a href="mailto:brian@allencaron.com"><tm:entity><tm:email value="brian@allencaron.com">brian@allencaron.com</tm:email></tm:entity></a></p></body>
</html>


</doc>

