<doc xmlns:tm="http://www.temis.com/annotations/1.1/">
<metadata>
<aboutcompany value="ariel way, inc."/>
<releaselocation value="vienna"/>
<data_source value="prnews"/>
<source value="ariel way, inc."/>
<processing_date>2008-01-21T17:55:48</processing_date>
<date>2007-12-18T09:30:00</date>
<quote symbol="OTC:AWYI" src-company="ariel way" company="Ariel Way Inc." date="2007-12-18" price="0.0032"/></metadata>
<title><tm:entity><tm:company Extension="Inc., Inc" value="ariel way">Ariel Way</tm:company></tm:entity>, Inc. Signs MOU With Noventri
</title><html>
<head>
<meta name="generator" content="HTML Tidy for Windows (vers 14 February 2006), see www.w3.org"/>
<!-- #BeginEditable "doctitle" -->
<title><tm:entity><tm:company Extension="Inc., Inc" value="ariel way">Ariel Way</tm:company></tm:entity>, Inc. Signs MOU With Noventri</title></head>
<body>
<p><tm:entity><tm:location><tm:country location_country="Austria"><tm:place>VIENNA</tm:place></tm:country></tm:location></tm:entity>, Va., <tm:entity><tm:time_expression><tm:relative_time Day="18" Month="Dec." role="Context" value="dec. 18">Dec. 18</tm:relative_time></tm:time_expression></tm:entity> /PRNewswire-FirstCall/ -- <tm:entity><tm:company Extension="Inc., Inc" role="Who" value="ariel way">Ariel Way</tm:company></tm:entity>, Inc.
(OTC <tm:entity><tm:media><tm:newspaper role="Context_Entity" value="bulletin board">Bulletin Board</tm:newspaper></tm:media></tm:entity>: AWYI) announced today that the Company has
signed a Memorandum of Understanding with <tm:entity><tm:company Extension="Inc, Inc." role="Whom" value="noventri">Noventri</tm:company></tm:entity>, Inc., a
<tm:entity><tm:location><tm:country location_country="United States of America"><tm:place>Maryland</tm:place></tm:country></tm:location></tm:entity> based "one-stop- shop" company for digital signage turnkey
solutions, which include consultation, technology, software,
content creation and management <a href="http://www.noventri.com" target="_new">(http://www.noventri.com</a>). Per the agreement,
Noventri will become a strategic partner to <tm:entity><tm:person Family_Name="Way" First_Name="Ariel" Gender="Male" value="ariel way">Ariel Way</tm:person></tm:entity> and also form
part of its management team, and will make available Noventri's top
professionals to work hand-in-hand with <tm:entity><tm:person Family_Name="Way" First_Name="Ariel" Gender="Male" role="Person" value="ariel way">Ariel Way</tm:person></tm:entity>'s <tm:entity><tm:function FunctionCategory="Board" role="Has_Function" value="executives">executives</tm:function></tm:entity> in
many of the areas identified in <tm:entity><tm:person Family_Name="Way" First_Name="Ariel" Gender="Male" value="ariel way">Ariel Way</tm:person></tm:entity>'s Digital Signage
Business Plan.</p><p><tm:entity><tm:person Family_Name="Dunhem" First_Name="Arne" Gender="Male" role="Person" value="arne dunhem">Arne Dunhem</tm:person></tm:entity>, <tm:entity><tm:person Family_Name="Way" First_Name="Ariel" Gender="Male" role="Person" value="ariel way">Ariel Way</tm:person></tm:entity> <tm:entity><tm:function FunctionCategory="Board" role="Has_Function" value="president and ceo">president and CEO</tm:function></tm:entity>, said, "We are excited
with the prospect of having Noventri as a strategic partner and to
have <tm:entity><tm:person Family_Name="Linetsky" First_Name="David" Gender="Male" value="david linetsky">David Linetsky</tm:person></tm:entity>'s team of highly skilled professionals, with
<tm:entity><tm:person Family_Name="Colella" First_Name="Massimo" Gender="Male" value="massimo colella">Massimo Colella</tm:person></tm:entity> as the leader, to be part of our team. They have
<tm:entity><tm:time_expression><tm:duration value="over more than five years">over more than five years</tm:duration></tm:time_expression></tm:entity> successfully provided advanced dynamic
digital signage solutions to many well known customers and
locations and has the hands-on experience that we need for our
strategy of building a state-of-the-art highly secure Digital
Signage Network."</p>
<p><tm:entity><tm:person Family_Name="Linetsky" First_Name="David" Gender="Male" role="Person" value="david linetsky">David Linetsky</tm:person></tm:entity>, <tm:entity><tm:function FunctionCategory="Board" role="Has_Function" value="chief executive officer">CEO</tm:function></tm:entity> of <tm:entity><tm:company><tm:potential_company role="Who" value="noventri">Noventri</tm:potential_company></tm:company></tm:entity>, said, "We are looking forward
to working with Arne and his team to support <tm:entity><tm:person Family_Name="Way" First_Name="Ariel" Gender="Male" value="ariel way">Ariel Way</tm:person></tm:entity>'s strategy.
We believe that we can provide significant experience to <tm:entity><tm:person Family_Name="Way" First_Name="Ariel" Gender="Male" value="ariel way">Ariel
Way</tm:person></tm:entity>'s management team and are excited about actively supporting the
Digital Signage activities."</p><p>Noventri has designed, developed and installed dynamic digital
signage systems at locations like Delaware Park; <tm:entity><tm:location><tm:country><tm:place>Marriott Inner
Harbor</tm:place></tm:country></tm:location></tm:entity>, <tm:cityorprovince><tm:america><tm:unitedstates Location_Continent="America" Location_Country="UnitedStates" value="baltimore">Baltimore</tm:unitedstates></tm:america></tm:cityorprovince>; <tm:entity><tm:person Family_Name="Town, Races" First_Name="Charles" Gender="Male" value="charles town races">Charles Town Races</tm:person></tm:entity> and Slots, <tm:cityorprovince><tm:america><tm:unitedstates Location_Continent="America" Location_Country="UnitedStates" value="west virginia">West Virginia</tm:unitedstates></tm:america></tm:cityorprovince>;
<tm:entity><tm:organisation Extension="Science" value="maryland science center">Maryland Science Center</tm:organisation></tm:entity>, <tm:cityorprovince><tm:america><tm:unitedstates Location_Continent="America" Location_Country="UnitedStates" value="baltimore">Baltimore</tm:unitedstates></tm:america></tm:cityorprovince>; Camden Yards, <tm:cityorprovince><tm:america><tm:unitedstates Location_Continent="America" Location_Country="UnitedStates" value="baltimore">Baltimore</tm:unitedstates></tm:america></tm:cityorprovince>;
Newseum, <tm:cityorprovince><tm:america><tm:unitedstates Location_Continent="America" Location_Country="UnitedStates" value="washington d c">Washington D.C.</tm:unitedstates></tm:america></tm:cityorprovince>; Baltimore Convention Center; <tm:entity><tm:organisation Domain="Educational" value="university of maryland">University
of Maryland</tm:organisation></tm:entity>; Penn State University; and Trump Marina, <tm:entity><tm:location><tm:country><tm:place>Atlantic</tm:place></tm:country></tm:location></tm:entity> City.</p>
<p>About <tm:entity><tm:company Extension="Inc., Inc" value="ariel way">Ariel Way</tm:company></tm:entity>, Inc.</p><p><tm:entity><tm:company Extension="Inc., Inc" value="ariel way">Ariel Way</tm:company></tm:entity>, Inc., a Florida corporation ("<tm:entity><tm:person Family_Name="Way" First_Name="Ariel" Gender="Male" value="ariel way">Ariel Way</tm:person></tm:entity>" or the
"Company"), is a technology and services company for highly secure
global communications, multimedia and digital signage solutions and
technologies. The Company is focused on developing innovative and
secure technologies, acquiring and growing profitable advanced
technology companies and global communications service providers
and creating strategic alliances with companies in complementary
product lines and service industries.</p><p>More information about <tm:entity><tm:person Family_Name="Way" First_Name="Ariel" Gender="Male" value="ariel way">Ariel Way</tm:person></tm:entity> can be found on the web at
<a href="http://www.arielway.com" target="_new">http://www.arielway.com</a>.</p><p>About <tm:entity><tm:company Extension="Inc, Inc." value="noventri">Noventri</tm:company></tm:entity>, Inc.</p><p><tm:entity><tm:company Extension="Inc, Inc." value="noventri">Noventri</tm:company></tm:entity>, a division of <tm:entity><tm:company Domain="TeleCommunication" Extension="Corp" value="specialized communications">Specialized Communications</tm:company></tm:entity> Corp., has
been a leader in sales, service, and installation of Dynamic
Digital Signage <tm:entity><tm:time_expression><tm:duration Year="2004" value="since 2004">since 2004</tm:duration></tm:time_expression></tm:entity>. Dynamic Digital Signage is an
economical and easy-to-use media that can be updated locally or
remotely as often as needed. Noventri Digital Signage supports
multiple zones capable of displaying content not limited to live
video feeds, streaming updates and static displays alone or in
combination. A single player also supports multiple High-Definition
Plasma or LED displays. <tm:entity><tm:person Family_Name="Linetsky" First_Name="David" Gender="Male" role="Person" value="david linetsky">David Linetsky</tm:person></tm:entity> is <tm:entity><tm:function FunctionCategory="Board" role="Has_Function" value="president">President</tm:function></tm:entity>. 20940 Twin
Springs Drive, Smithsburg, <tm:entity><tm:function FunctionCategory="Board" value="medical doctor">MD</tm:function></tm:entity> 21783- 1510. Website: <a href="http://www.Noventri.com" target="_new">http://www.Noventri.com</a></p>
<p>Forward-Looking Statements: Certain of the statements contained
herein may be, within the meaning of the federal securities laws,
"forward-looking statements," which are subject to risks and
uncertainties that could cause actual results to differ materially
from those described in the forward- looking statements. Such
forward-looking statements involve known and unknown risks,
uncertainties and other factors that may cause the actual results,
performance or achievements of the Company to be materially
different from any future results, performance or achievements
expressed or implied by such forward-looking statements. See the
Company's Form 10-KSB <tm:entity><tm:time_expression><tm:duration To="September 30 , 2006" value="for the fiscal year ended september 30 , 2006">for the fiscal year ended September 30, 2006</tm:duration></tm:time_expression></tm:entity> for a discussion of such risks, uncertainties and other factors.
Any forward-looking statements are made pursuant to the Private
Securities Litigation Reform Act of 1995 and, as such, speak only
as of the date made. These forward-looking statements are based on
management's expectations as of the date hereof, and the Company
does not undertake any responsibility to update any of these
statements in the future.</p>
</body>
</html>


</doc>

