<doc xmlns:tm="http://www.temis.com/annotations/1.1/">
<metadata><aboutcompany value="iqs"/><releaselocation value="cleveland"/><data_source value="prnews"/><source value="iqs, inc."/><processing_date>2008-01-21T18:07:51</processing_date><date>2007-12-17T16:24:00</date></metadata>
<title>IQS Donates Quality Management Software to <tm:entity><tm:company Extension="International" value="family health">Family Health</tm:company></tm:entity> International
</title>
<html>
<head>
<meta name="generator" content="HTML Tidy for Windows (vers 14 February 2006), see www.w3.org"/>
<!-- #BeginEditable "doctitle" -->
<title><tm:entity><tm:company value="iqs">IQS</tm:company></tm:entity> Donates Quality Management Software to <tm:entity><tm:company Extension="International" value="family health">Family Health</tm:company></tm:entity> International</title>
</head>
<body>
<p><tm:entity><tm:company value="iqs">IQS</tm:company></tm:entity> To Automate Supplier Scorecard Management and Lab
Accreditation</p>
<p>Procedures</p>
<p><tm:entity><tm:location><tm:country location_country="United States of America"><tm:place>CLEVELAND</tm:place></tm:country></tm:location></tm:entity>, <tm:entity><tm:time_expression><tm:relative_time Day="17" Month="Dec." value="dec. 17">Dec. 17</tm:relative_time></tm:time_expression></tm:entity> /PRNewswire/ -- <tm:entity><tm:company value="iqs">IQS</tm:company></tm:entity>, the leading provider of
Enterprise Quality and Compliance Management Software, announced
today that it has donated over <tm:entity><tm:money_expression><tm:money Amount="71,000" Currency="Dollar" value="$71,000">$71,000</tm:money></tm:money_expression></tm:entity> in software to <tm:entity><tm:company Extension="International" value="family health">Family Health</tm:company></tm:entity> International (<tm:entity><tm:companyticker value="fhi">FHI</tm:companyticker></tm:entity>) a non- profit organization whose mission is to
improve lives worldwide through research, education, and services
in family health. <tm:entity><tm:companyticker value="fhi">FHI</tm:companyticker></tm:entity> will leverage <tm:entity><tm:company value="iqs">IQS</tm:company></tm:entity> to monitor the quality of
products for global donor programs, automate costly lab
accreditation procedures for ISO 17025, and ensure efficient lab
operations.</p>
<p><tm:entity><tm:companyticker value="fhi">FHI</tm:companyticker></tm:entity> monitors products and services from a variety of global
suppliers, including major pharmaceutical companies and medical
device manufacturers, all over the globe. <tm:entity><tm:companyticker value="fhi">FHI</tm:companyticker></tm:entity>'s disparate systems
and manual processes for managing supplier quality and generating
supplier scorecards had become laborious and costly. <tm:entity><tm:company value="iqs">IQS</tm:company></tm:entity> was able
centralize and provide real-time insight into supplier quality and
to automate scorecard management. The automation provides up-to-
the-second information on supplier on-time deliveries, <tm:entity><tm:company value="iqs">IQS</tm:company></tm:entity> has
helped <tm:entity><tm:companyticker value="fhi">FHI</tm:companyticker></tm:entity> make quality information available to management in
real-time to make better business decisions - keeping quality
products flowing to their program sites.</p>
<p>"<tm:entity><tm:companyticker value="fhi">FHI</tm:companyticker></tm:entity> faces the same challenges as for-profit companies," states
<tm:entity><tm:person Family_Name="Hamel" First_Name="Steve" Gender="Male" role="Person" value="steve hamel">Steve Hamel</tm:person></tm:entity>, <tm:entity><tm:function FunctionCategory="Political, Board" role="Has_Function" value="deputy director of product quality and compliance">Deputy Director of Product Quality and Compliance</tm:function></tm:entity> at
<tm:entity><tm:company><tm:potential_company role="Who" value="fhi">FHI</tm:potential_company></tm:company></tm:entity>. "We needed a way to monitor the quality of products from
pharmaceutical companies and other suppliers, and to ensure
world-class lab operations. The <tm:entity><tm:company value="iqs">IQS</tm:company></tm:entity> software will help in both
areas, including the automation of accreditation procedures for
adhering to ISO17025, an international standard that specifies the
general requirements for the competence to carry out tests and/or
calibrations."</p>
<p><tm:entity><tm:company value="iqs">IQS</tm:company></tm:entity>' quality management model is built to accommodate the
highest compliance standards in industries including automotive,
aerospace and medical device manufacturing. <tm:entity><tm:company value="iqs">IQS</tm:company></tm:entity> clients can expect
to greatly reduce audit preparation times and costs, and to have
complete and correct data readily available for any reporting
need.</p>
<p>"<tm:entity><tm:company value="iqs">IQS</tm:company></tm:entity> is pleased to partner with <tm:entity><tm:companyticker value="fhi">FHI</tm:companyticker></tm:entity> in support of their global
healthcare effort," stated <tm:entity><tm:person Family_Name="Cachat" First_Name="John, M" Gender="Male" role="Person" value="john m cachat">John M. Cachat</tm:person></tm:entity>, <tm:entity><tm:function FunctionCategory="Board" role="Has_Function" value="chairman and founder">Chairman and Founder</tm:function></tm:entity> of
<tm:entity><tm:company><tm:potential_company role="Who" value="iqs">IQS</tm:potential_company></tm:company></tm:entity>. "<tm:entity><tm:companyticker value="fhi">FHI</tm:companyticker></tm:entity>'s mission is one that requires coordinated support from
all areas of their organization, including supply chain partners
and internal operations. <tm:entity><tm:company value="iqs">IQS</tm:company></tm:entity> assists <tm:entity><tm:companyticker value="fhi">FHI</tm:companyticker></tm:entity> with achieving their
mission more efficiently so that funds can be spent on improving or
creating new programs to help those in need."</p>
<p>In addition to <tm:entity><tm:company value="iqs">IQS</tm:company></tm:entity>, <tm:entity><tm:companyticker value="fhi">FHI</tm:companyticker></tm:entity> receives numerous contracts and awards
from other respected sources including the <tm:entity><tm:organisation value="united states agency for international development">United States Agency for
International Development</tm:organisation></tm:entity>(<tm:entity><tm:organisation><tm:abbreviation value="usaid">USAID</tm:abbreviation></tm:organisation></tm:entity>) and the <tm:entity><tm:person Family_Name="Gates" First_Name="Bill, Melinda" Gender="Male, Female" value="melinda gates"><tm:entity><tm:person Family_Name="Gates" First_Name="Bill, Melinda" Gender="Male, Female" value="melinda gates">Bill &amp; Melinda Gates</tm:person></tm:entity></tm:person></tm:entity> Foundation, to support their programs worldwide.</p>
<p>About <tm:entity><tm:company value="iqs">IQS</tm:company></tm:entity></p><p>The <tm:entity><tm:company value="iqs">IQS</tm:company></tm:entity> software helps companies reduce costs by improving
quality. Since its inception <tm:entity><tm:time_expression><tm:exact_time Year="1988" value="in 1988">in 1988</tm:exact_time></tm:time_expression></tm:entity>, <tm:entity><tm:company value="iqs">IQS</tm:company></tm:entity> has been a leading
provider of enterprise quality and compliance management software
to the manufacturing sector. Considered by industry analysts to
occupy a leadership position within the market, <tm:entity><tm:company value="iqs">IQS</tm:company></tm:entity>' solution
comprehensively manages all of the activities necessary to meet the
complete set of regulatory and customer requirements across the
enterprise and extended supply chain. For more information, please
visit <a href="http://www.iqs.com" target="_new">http://www.iqs.com</a>.</p><p>About <tm:entity><tm:company Extension="International" value="family health">Family Health</tm:company></tm:entity> International</p>
<p><tm:entity><tm:time_expression><tm:duration Year="1971" value="since 1971">Since 1971</tm:duration></tm:time_expression></tm:entity>, <tm:entity><tm:company Extension="International" value="family health">Family Health</tm:company></tm:entity> International has been at the
forefront of public health research, prevention, care and treatment
in the developing world. <tm:entity><tm:companyticker value="fhi">FHI</tm:companyticker></tm:entity> delivers services and conducts
research in HIV/AIDS, other infectious diseases, and reproductive
health to improve the lives and well- being of some of the world's
most vulnerable people. In support of this mission, <tm:entity><tm:companyticker value="fhi">FHI</tm:companyticker></tm:entity> provides
quality assurance services for donor agencies around the world. FHI
has a staff of more than 1,800 and offices in 40 countries.</p>
</body>
</html>


</doc>

