<doc xmlns:tm="http://www.temis.com/annotations/1.1/">
<metadata><aboutcompany value="avaya"/><releaselocation value="basking ridge"/><data_source value="prnews"/><source value="avaya"/><processing_date>2008-01-21T18:23:07</processing_date><date>2007-12-12T08:00:00</date></metadata>
<title><tm:entity><tm:company Domain="IT" value="avaya">Avaya</tm:company></tm:entity> Enables Small and Medium Businesses with Intelligent Communications for Non-Stop Productivity and Secure Telecommuting
</title>
<html>
<head>
<meta name="generator" content="HTML Tidy for Windows (vers 14 February 2006), see www.w3.org"/>
<!-- #BeginEditable "doctitle" -->
<title><tm:entity><tm:company Domain="IT" value="avaya">Avaya</tm:company></tm:entity> Enables Small and Medium Businesses with Intelligent
Communications for Non-Stop Productivity and Secure
Telecommuting</title>
</head>
<body>
<p><tm:entity><tm:location><tm:country><tm:place>BASKING RIDGE</tm:place></tm:country></tm:location></tm:entity>, <tm:entity><tm:location><tm:country location_country="United States of America"><tm:place>N.J.</tm:place></tm:country></tm:location></tm:entity>, <tm:entity><tm:time_expression><tm:relative_time Day="12" Month="Dec." value="dec. 12">Dec. 12</tm:relative_time></tm:time_expression></tm:entity> /PRNewswire-FirstCall/ -- Small
companies that need to ensure business doesn't stop when employees
can't physically make it into the office can do so now with a new,
inexpensive and easy-to-use telecommuter application from <tm:entity><tm:company Domain="IT" value="avaya">Avaya</tm:company></tm:entity>, a
leading global provider of business communications applications,
systems and services.</p><p><tm:entity><tm:company Extension="Limited" value="informe">Informe</tm:company></tm:entity> Limited, a communications systems provider in the <tm:entity><tm:location><tm:country><tm:place>U.K.</tm:place></tm:country></tm:location></tm:entity>,
is among the customers using the new "telecommuter mode" software
enhancement that <tm:entity><tm:company Domain="IT" value="avaya">Avaya</tm:company></tm:entity> has added to its <tm:entity><tm:company Domain="IT" value="avaya">Avaya</tm:company></tm:entity> IP Office portfolio
for small and medium businesses (SMBs). <tm:entity><tm:company Domain="IT" value="avaya">Avaya</tm:company></tm:entity> IP Office is a
complete SMB solution for telephony, messaging, networking,
conferencing and customer management.</p>
<p>"With 10 employees, we have a lean, busy and mobile workforce,
and we must be able to communicate efficiently and professionally
with our customers -- that's a key factor in our success," said
Edward Hobson, director, Informe. "The telecommuter mode gives any
of our workers access to our headquarters system wherever they are
in the world with just a basic Internet connection. They can make
and receive calls using any land-line or mobile phone with the same
IP Office features they get in their office, such as conferencing.
They can also record and store their calls, just as they usually do
at headquarters. As a result, our business runs smoothly wherever
our employees are located, and our customers still receive
top-notch service."</p>
<p>Rather than route calls over the Internet where voice quality
may not be guaranteed, the telecommuter mode feature sends calls
over the public switched telephone network to and from a remote
phone, such as a home or mobile phone. From their desktop or laptop
PC, users can transfer calls and use speed dial, call history log,
account codes and other features typically available only at their
headquarters work location.</p>
<p><tm:entity><tm:company Domain="IT" value="avaya">Avaya</tm:company></tm:entity> also introduced new virtual private network (VPN) software
for IP Office. The capability is designed for full-time remote
employees who require the same secure and reliable access as their
headquarters network and are using an <tm:entity><tm:company Domain="IT" value="avaya">Avaya</tm:company></tm:entity> IP-enabled phone. No
remote VPN gateway is required at the remote location.</p>
<p><tm:entity><tm:company Extension="L L C" value="j tech sales">J. Tech Sales</tm:company></tm:entity> L.L.C., a specialty chemicals distributor based in
<tm:entity><tm:location><tm:country><tm:place>Boca</tm:place></tm:country></tm:location></tm:entity> Raton, Fla., relies on the VPN capability of IP Office to help
keep its highly mobile sales organization connected with customers,
headquarters, and a network of nine warehouses. CPT of South
<tm:entity><tm:location><tm:country location_country="United States of America"><tm:place>Florida</tm:place></tm:country></tm:location></tm:entity>, a certified <tm:entity><tm:company Domain="IT" value="avaya">Avaya</tm:company></tm:entity> reseller, sold the IP Office to J.
Tech.</p>
<p>"For us, the human touch in customer service -- and being
reachable anywhere, anytime -- is a key competitive differentiator
when you're serving multibillion-dollar clients," said Barry
Tannenbaum, executive vice president, J. Tech Sales. "<tm:entity><tm:company Domain="IT" value="avaya">Avaya</tm:company></tm:entity>'s
built-in remote capability enables us to provide that all-important
personal touch. I can take my IP phone home or anywhere and plug it
into any connection, and so can my salespeople, so customer calls
are seamlessly routed directly to us. Or I can use the 'mobile
twinning' feature, which bridges the call and caller ID information
from the incoming office line directly to my mobile phone on the
second ring, so I know exactly how to answer."</p><p>An IP Office solution provides converged communications for <tm:entity><tm:location><tm:country location_country="United States of America"><tm:place>New
York City-</tm:place></tm:country></tm:location></tm:entity> based <tm:entity><tm:company Extension="Trading" value="pipeline">Pipeline</tm:company></tm:entity> Trading <tm:entity><tm:company Extension="Llc" value="systems">Systems</tm:company></tm:entity> LLC, which specializes in
large-block electronic stock trading. Pipeline has deployed <tm:entity><tm:company Domain="IT" value="avaya">Avaya</tm:company></tm:entity> IP phones with VPN capability to key support personnel as a
component of their disaster recovery plan.</p>
<p>"Business continuity is of paramount importance to us and to our
clients, and the VPN capability will ensure we can support our
growing user community," said <tm:entity><tm:person Family_Name="Aniello" First_Name="Vincent" value="vincent aniello">Vincent Aniello</tm:person></tm:entity>, Pipeline's <tm:entity><tm:function FunctionCategory="Board" value="director of network">director
of network</tm:function></tm:entity> operations. "With <tm:entity><tm:company Domain="IT" value="avaya">Avaya</tm:company></tm:entity> IP phones and built-in VPN, our
employees can dial internal extensions and have all the functions
of our headquarters system. They can also forward incoming service
calls to our support organization so they can quickly address any
issues. Plus, it's easy to set up. When a user plugs in the IP
phone at home, the VPN feature launches automatically." <tm:entity><tm:company Extension="Inc" value="optima communication systems">Optima
Communication Systems</tm:company></tm:entity>, Inc. is Pipeline's <tm:entity><tm:company Domain="IT" value="avaya">Avaya</tm:company></tm:entity> certified
reseller.</p>
<p><tm:entity><tm:company Domain="IT" value="avaya">Avaya</tm:company></tm:entity> IP Office also now features a new T1 interface card
designed to help small companies reduce their calling expenses. If
a firm's service provider offers fractional services, businesses
can match the number of channels enabled on IP Office with the
number of channels from the provider, for a substantial upfront
savings.</p>
<p>Software development company <tm:entity><tm:company Domain="IT" value="high plains information systems">High Plains Information Systems</tm:company></tm:entity> relies on IP Office for its communications needs. "We're using the
new T1 interface card to save money on our voice lines," said <tm:entity><tm:person Family_Name="Feagin" First_Name="Kasey" Gender="Undefined Gender" role="Person" value="kasey feagin">Kasey
Feagin</tm:person></tm:entity>, <tm:entity><tm:function FunctionCategory="Board" role="Has_Function" value="vice president">vice president</tm:function></tm:entity>, product development, High Plains. "We've
already seen impressive cost savings." High Plains' IP Office was
configured by Imagine Technologies, an <tm:entity><tm:company Domain="IT" value="avaya">Avaya</tm:company></tm:entity> certified
reseller.</p>
<p><tm:entity><tm:company Domain="IT" value="avaya">Avaya</tm:company></tm:entity> also has improved maintenance capabilities within the
System Status Application that enables technicians to play back
previously recorded call logs without disrupting or interrupting
other IP Office functions. As a result, problems can be solved more
quickly with minimal downtime.</p>
<p>Wireless handsets for IP Office introduced; resellers can sign
up for free Web-based training on <tm:entity><tm:company Domain="IT" value="avaya">Avaya</tm:company></tm:entity> portfolio for businesses of
all sizes</p>
<p><tm:entity><tm:company Domain="IT" value="avaya">Avaya</tm:company></tm:entity> also introduced new 3641 and 3645 model IP wireless
handsets for IP Office. "Our support staff has been using the <tm:entity><tm:company Domain="IT" value="avaya">Avaya</tm:company></tm:entity> wireless handsets to provide a higher level of customer service,"
said <tm:entity><tm:person Family_Name="Gunzelman" First_Name="Kristian" Gender="Male" role="Person" value="kristian gunzelman">Kristian Gunzelman</tm:person></tm:entity>, <tm:entity><tm:function FunctionCategory="Board" role="Has_Function" value="chief innovation officer">chief innovation officer</tm:function></tm:entity>, <tm:entity><tm:company role="Who" value="g&amp;c">G&amp;C</tm:company></tm:entity> Interconnects, a <tm:entity><tm:function FunctionCategory="Board" value="certified member">certified member</tm:function></tm:entity> of the <tm:entity><tm:company Domain="IT" value="avaya businesspartner">Avaya BusinessPartner</tm:company></tm:entity> program and a home technology provider in <tm:entity><tm:location><tm:country location_country="United States of America"><tm:place>Cincinnati</tm:place></tm:country></tm:location></tm:entity>, <tm:entity><tm:location><tm:country location_country="United States of America"><tm:place>Ohio</tm:place></tm:country></tm:location></tm:entity>. "Now,
when customers call with a question about their installation,
technicians can leave their desk with phone in hand to look at a
working test- bed system and describe things more clearly and
accurately. We're very pleased with the speakerphone capability on
the 3645, and we're happy with the battery life. They can easily
survive an entire business day without a problem."</p><p><tm:entity><tm:company Domain="IT" value="avaya">Avaya</tm:company></tm:entity> is now offering free-of-charge Web-based training to all
registered <tm:entity><tm:company Domain="IT" value="avaya businesspartners">Avaya BusinessPartners</tm:company></tm:entity> worldwide. The training is
offered through <tm:entity><tm:company Domain="IT" value="avaya">Avaya</tm:company></tm:entity> University and is designed to help enable
resellers to provide better service to their customers. The
training encompasses product sales, design, implementation and
support for <tm:entity><tm:company Domain="IT" value="avaya">Avaya</tm:company></tm:entity> IP Office release 4.1 and <tm:entity><tm:company Domain="IT" value="avaya">Avaya</tm:company></tm:entity>'s entire
portfolio for small to large businesses.</p><p>About <tm:entity><tm:company Domain="IT" value="avaya">Avaya</tm:company></tm:entity></p><p><tm:entity><tm:company Domain="IT" value="avaya">Avaya</tm:company></tm:entity> delivers Intelligent Communications solutions that help
companies transform their businesses to achieve marketplace
advantage. More than 1 million businesses worldwide, including more
than 90 percent of the FORTUNE 500(R), use <tm:entity><tm:company Domain="IT" value="avaya">Avaya</tm:company></tm:entity> solutions for IP
Telephony, Unified Communications, Contact Centers and
Communications-Enabled Business Processes. <tm:entity><tm:company Domain="IT" Extension="Services" value="avaya global">Avaya Global</tm:company></tm:entity> Services
provides comprehensive service and support for companies, small to
large. For more information visit the <tm:entity><tm:company Domain="IT" value="avaya">Avaya</tm:company></tm:entity> Web site: <a href="http://www.avaya.com" target="_new">http://www.avaya.com</a>.</p>
</body>
</html>


</doc>

