<doc xmlns:tm="http://www.temis.com/annotations/1.1/">
<metadata><releaselocation value="menlo park"/><data_source value="prnews"/><source value="reputationdefender, inc."/><processing_date>2008-01-21T17:52:08</processing_date><date>2007-12-19T09:30:00</date></metadata>
<title>'Digital Housecleaning' Hot <tm:entity><tm:time_expression><tm:exact_time Year="2008" value="for 2008">for 2008</tm:exact_time></tm:time_expression></tm:entity>, Report Leading <tm:entity><tm:function FunctionCategory="Other" value="experts in the guardian unlimited">Experts in The Guardian Unlimited</tm:function></tm:entity></title>
<html>
<head>
<meta name="generator" content="HTML Tidy for Windows (vers 14 February 2006), see www.w3.org"/>
<!-- #BeginEditable "doctitle" -->
<title>'Digital Housecleaning' Hot <tm:entity><tm:time_expression><tm:exact_time Year="2008" value="for 2008">for 2008</tm:exact_time></tm:time_expression></tm:entity>, Report Leading <tm:entity><tm:function FunctionCategory="Other" value="experts in the guardian unlimited">Experts
in The Guardian Unlimited</tm:function></tm:entity></title></head>
<body>
<p>The <tm:entity><tm:company Extension="Inc" value="guardian unlimited names reputationdefender">Guardian Unlimited Names ReputationDefender</tm:company></tm:entity>, Inc. as
'American Firm' to</p><p>Watch<br/></p>
<p><tm:entity><tm:location><tm:country><tm:place>MENLO PARK</tm:place></tm:country></tm:location></tm:entity>, <tm:entity><tm:location><tm:country location_country="United States of America"><tm:place>Calif.</tm:place></tm:country></tm:location></tm:entity>, <tm:entity><tm:time_expression><tm:relative_time Day="19" Month="Dec." value="dec. 19">Dec. 19</tm:relative_time></tm:time_expression></tm:entity> /PRNewswire/ --</p>
<p>WHO:</p>
<p>The Guardian Unlimited recently featured leading <tm:entity><tm:function FunctionCategory="Other" value="experts">experts</tm:function></tm:entity> who
touted</p>
<p>"Digital Housecleaning" as one of the top ten trends <tm:entity><tm:time_expression><tm:exact_time Year="2008" value="for 2008">for 2008</tm:exact_time></tm:time_expression></tm:entity> and The</p>
<p>Guardian Unlimited named <tm:entity><tm:company Extension="Inc., Inc" value="reputationdefender">ReputationDefender</tm:company></tm:entity>, Inc., the leading
end-to-end</p><p>online privacy, security and identity management solutions
provider, as</p>
<p>the "American firm" to watch.</p>
<p>WHAT:</p>
<p>As reported in The Guardian Unlimited, "One consequence of the
matrix of</p>
<p>social networking sites such as Facebook and Second Life that
are</p>
<p>colonising the web is that our private selves are soon going to
be on</p>
<p>display as never before. In an age of "digital individualism",
in which</p>
<p>many of us work so hard to create and customise our identities
on the net,</p>
<p>it is ironic that all this information ends up stored on an
anonymous bank</p>
<p>of computer servers, to be cooled by some bored warehouse
caretaker."</p>
<p><tm:entity><tm:function FunctionCategory="Board" role="Has_Function" value="ceo and founder">CEO and Founder</tm:function></tm:entity> <tm:entity><tm:person Family_Name="Fertik" First_Name="Michael" Gender="Male" role="Person" value="michael fertik">Michael Fertik</tm:person></tm:entity>, of <tm:entity><tm:company Extension="Inc., Inc" role="Who" value="reputationdefender">ReputationDefender</tm:company></tm:entity>, Inc.,
adds</p><p>"Carelessness, momentary mistakes in judgment, and malice can
end up</p>
<p>living forever on the Internet. The web is a giant tattoo
parlor, where</p>
<p>damage inflicted in a hot second can be permanent in the absence
of strong</p>
<p>corrective action. It is important not to let the web turn into
a personal</p>
<p>albatross around your neck. Individuals must proactively ensure
that their</p>
<p>digital house is clean of unwelcome or invasive content."</p>
<p>"Companies will spring up like <tm:entity><tm:company value="reputation defender">Reputation Defender</tm:company></tm:entity>, an American
firm that</p><p>promises to search out and destroy all inaccurate,
inappropriate, hurtful</p>
<p>and slanderous information that exists on its clients," The
Guardian</p>
<p>Unlimited states.</p>
<p>CONTACT:</p>
<p>Honeya Ordoubadi</p>
<p><tm:entity><tm:company Extension="Inc., Inc" value="reputationdefender">ReputationDefender</tm:company></tm:entity>, Inc.</p><p>Phone <tm:entity><tm:phone_number value="650-206-2707">650-206-2707</tm:phone_number></tm:entity></p><p>Email <a href="mailto:info@ReputationDefender.com"><tm:entity><tm:email value="info@reputationdefender.com">info@ReputationDefender.com</tm:email></tm:entity></a></p><p>Web <a href="http://www.reputationdefender.com" target="_new">http://www.reputationdefender.com</a><tm:entity><tm:function FunctionCategory="Other" value="available topic expert">Available Topic
Expert</tm:function></tm:entity>(s): For information on the <tm:entity><tm:function FunctionCategory="Other" value="listed expert">listed expert</tm:function></tm:entity>(s), click
appropriate link. <tm:entity><tm:person Family_Name="Fertik" First_Name="Michael" Gender="Male" value="michael fertik">Michael Fertik</tm:person></tm:entity><a href="http://profnet.prnewswire.com/Subscriber/ExpertProfile.aspx?ei=70033" target="_new">http://profnet.prnewswire.com/Subscriber/ExpertProfile.aspx?ei=70033</a></p>
</body>
</html>


</doc>

