<doc xmlns:tm="http://www.temis.com/annotations/1.1/">
<metadata><aboutcompany value="fix8"/><releaselocation value="los angeles"/><data_source value="prnews"/><source value="fix8"/><processing_date>2008-01-21T17:54:59</processing_date><date>2007-12-18T10:05:00</date><quote symbol="AMEX:MSN" src-company="msn" company="Emerson Radio Corp." date="2007-12-18" price="1.27"/><quote symbol="AMEX:AIM" src-company="aim" company="Aerosonic Corporation" date="2007-12-18" price="4.60"/></metadata>
<title>FIX8 Unveils Premium Webcam Animation Download, Introduces New Cast of Virtual Characters
</title>
<html>
<head>
<meta name="generator" content="HTML Tidy for Windows (vers 14 February 2006), see www.w3.org"/>
<!-- #BeginEditable "doctitle" -->
<title>FIX8 Unveils Premium Webcam Animation Download, Introduces
New Cast of Virtual Characters</title>
</head>
<body>
<p>Creator of User-Generated Reality Also Launches New Website,
Simplified</p>
<p>Download Process</p>
<p><tm:entity><tm:location><tm:country location_country="United States of America"><tm:place>LOS ANGELES</tm:place></tm:country></tm:location></tm:entity>, <tm:entity><tm:time_expression><tm:relative_time Day="18" Month="Dec." value="dec. 18">Dec. 18</tm:relative_time></tm:time_expression></tm:entity> /PRNewswire/ -- <tm:entity><tm:company value="fix8">FIX8</tm:company></tm:entity>, a new media company
that provides rich, interactive media tools for user-generated
content, today unveiled its premium software, which is now
available for download at <a href="http://www.FIX8.com" target="_new">http://www.FIX8.com</a>. Today, the company also launches
its new website featuring a simplified software download process
and fun new videos, avatars.</p><p>(Photo: <a href="http://www.newscom.com/cgi-bin/prnh/20071218/LATU075" target="_new">http://www.newscom.com/cgi-bin/prnh/20071218/LATU075</a>)</p>
<p>(Logo: <a href="http://www.newscom.com/cgi-bin/prnh/20071016/LATU082LOGO" target="_new">http://www.newscom.com/cgi-bin/prnh/20071016/LATU082LOGO</a>)</p>
<p>FIX8's latest creation builds on the success of its free
software download that is spreading virally among friends, blogs
and video sharing sites. The premium version (for a limited time
offer of $9.95) features a colorful cast of 65 virtual characters,
over 140 accessories and advanced high-resolution video record
options. FIX8 Premium is the tool of choice to take animated
user-generated content (UGC) and live video chats via webcam to an
entirely new level. The download process is simple and
hassle-free.</p>
<p>"FIX8's free software introduces a new world of user-generated
reality allowing users to be anyone they want to be with virtual
costumes, props and unique avatar creation," said <tm:entity><tm:person Family_Name="Tang" First_Name="Linh, Duy" Gender="Undefined Gender, Male" role="Person" value="linh duy tang">Linh Duy Tang</tm:person></tm:entity>,
<tm:entity><tm:function FunctionCategory="Board" role="Has_Function" value="president and ceo">president and CEO</tm:function></tm:entity> of <tm:entity><tm:company><tm:potential_company role="Who" value="fix8">FIX8</tm:potential_company></tm:company></tm:entity>. "Imagine FIX8's free software on
steroids plus a super-sized selection of creative characters and
accessories and you have our premium download!"</p><p>FIX8's groundbreaking virtual communications software maps the
facial expressions and gestures of its users in real-time with the
use of any webcam. Users can choose from avatars, creative
"dress-up" accessories, flash and more to create rich, interactive
virtually-animated videos for live chats and sharing across social
pages, blogs or with friends.</p>
<p>FIX8 software works across IM services including <tm:entity><tm:company value="msn">MSN</tm:company></tm:entity>, <tm:entity><tm:company><tm:normalized_name Domain="IT" value="yahoo">Yahoo</tm:normalized_name></tm:company></tm:entity>, <tm:entity><tm:company value="aim">AIM</tm:company></tm:entity> and <tm:entity><tm:company value="skype">Skype</tm:company></tm:entity>. FIX8-animated videos can also be saved and posted across
Facebook, <tm:entity><tm:company value="myspace">MySpace</tm:company></tm:entity> and <tm:entity><tm:company Domain="IT" value="youtube">YouTube</tm:company></tm:entity>. Users can let their imagination run
wild with FIX8's personal avatar creator. The premium service
offers a universe of options from new virtual environments and
accessories to powerful unique avatar creation tools!</p><p>"All you need is a PC, webcam and creative spirit. We invite our
users to share their unique creations with other visitors using the
new premium service. We look forward to seeing what they come up
with! This is just the beginning! Look for even more robust and
interactive features in future upcoming releases," added Tang.</p>
<p>About FIX8</p>
<p><tm:entity><tm:company value="fix8">FIX8</tm:company></tm:entity> is a new media company that blends Internet, television and
mobile platforms with rich, live streaming animated video creation,
editing and sharing capabilities. FIX8 is a FREE, fun, creative new
way of communicating and inspired AuditionsTV, a powerful platform
for broadcasting high quality, real-time media to support
interactive TV. FIX8 was recently named one of Launch: <tm:entity><tm:location><tm:country><tm:place>Silicon
Valley</tm:place></tm:country></tm:location></tm:entity>'s "Top 30 Tech Innovators 2007." Developed in response to
rapid growth in video sharing, social networking and user-generated
content, FIX8 is the future of rich interactive communication.
Headquartered in <tm:entity><tm:location><tm:country location_country="United States of America"><tm:place>Los Angeles</tm:place></tm:country></tm:location></tm:entity>, FIX8 has offices in <tm:entity><tm:location><tm:country><tm:place>China</tm:place></tm:country></tm:location></tm:entity> and
<tm:location><tm:country><tm:place>Vietnam</tm:place></tm:country></tm:location>. <tm:entity><tm:company value="fix8">FIX8</tm:company></tm:entity> is a division of <tm:entity><tm:company Extension="Inc" value="mobinex">Mobinex</tm:company></tm:entity>, Inc. Cr8 -- Rel8 --
Communic8. Download at <a href="http://www.FIX8.com" target="_new">http://www.FIX8.com</a>.</p></body>
</html>


</doc>

