<doc xmlns:tm="http://www.temis.com/annotations/1.1/">
<metadata><aboutcompany value="scientific games"/><releaselocation value="new york"/><data_source value="prnews"/><source value="scientific games corporation"/><processing_date>2008-01-21T18:13:19</processing_date><date>2007-12-17T09:31:00</date><quote symbol="NASDAQ:SGMS" src-company="scientific games" company="Scientific Games Corp." date="2007-12-17" price="31.84"/><quote symbol="NASDAQ:ATEA" src-company="astea international" company="Astea International Inc." date="2007-12-17" price="5.78"/></metadata>
<title>Scientific Games to Launch Smart Services Management System
</title>
<html>
<head>
<meta name="generator" content="HTML Tidy for Windows (vers 14 February 2006), see www.w3.org"/>
<!-- #BeginEditable "doctitle" -->
<title>Scientific Games to Launch Smart Services Management
System</title>
</head>
<body>
<p><tm:location><tm:country location_country="United States of America"><tm:place>NEW YORK</tm:place></tm:country></tm:location>, <tm:entity><tm:time_expression><tm:relative_time Day="17" Month="Dec." value="dec. 17">Dec. 17</tm:relative_time></tm:time_expression></tm:entity> /PRNewswire-FirstCall/ -- <tm:entity><tm:company Extension="Corporation" value="scientific games">Scientific Games</tm:company></tm:entity>(<tm:entity><tm:stockindex value="nasdaq">Nasdaq</tm:stockindex></tm:entity>: <tm:entity><tm:companyticker company="Scientific Games Corp" value="NASDAQ:SGMS">SGMS</tm:companyticker></tm:entity>) is proud to announce its new Smart Services
Management System, a strategic field service automation and dynamic
dispatching technology system. Smart Services integrates Global
Positioning Satellite (GPS)-enabled mobile handheld devices with an
automated route management and dispatching system to more
efficiently deliver enhanced services to Lottery retailers.
Scientific Games will enable over 300 of its field service
technicians with Smart Services over the next several months in
support of more than 50,000 Lottery retailers across <tm:entity><tm:location><tm:country><tm:place>North
America</tm:place></tm:country></tm:location></tm:entity>.</p><p>The system was developed through a partnership with Astea
International Inc. (<tm:entity><tm:stockindex value="nasdaq">Nasdaq</tm:stockindex></tm:entity>: <a class="small" href="http://studio-5.financialcontent.com/prnews?Page=Quote&amp;Ticker=ATEA" onclick="var s=s_gi(s_account); var hd1 = document.getElementById('headline'); s.tl(this,'o',getLinkName('Company Sanpshot'));">ATEA</a>), the leader in service lifecycle management solutions,
and will greatly improve the efficiency of field service in the
lottery industry using the latest state of the art technology.</p>
<p>"Scientific Games is committed to taking a leadership role in
the technological development of the lottery systems business. We
plan to continue delivering best practices to our customers that
will improve their overall performance. The Smart Service System is
a positive step forward, raising service levels and standardizing
our processes company-wide," said <tm:entity><tm:person Family_Name="Chambrello" First_Name="Michael" Gender="Male" role="Person" value="michael chambrello">Michael Chambrello</tm:person></tm:entity>, <tm:entity><tm:function FunctionCategory="Board" role="Has_Function" value="president and coo of scientific games">President and
COO of Scientific Games</tm:function></tm:entity>.</p><p><tm:entity><tm:person Family_Name="Bergreen" First_Name="Zack" role="Person" value="zack bergreen">Zack Bergreen</tm:person></tm:entity>, <tm:entity><tm:function FunctionCategory="Board" role="Has_Function" value="ceo and chairman">CEO and Chairman</tm:function></tm:entity> of <tm:entity><tm:company Extension="Inc." role="Who" value="astea international">Astea International</tm:company></tm:entity>, Inc.
added, "Strategic technology companies are embracing service to
boost customer retention and satisfaction levels and our end-to-end
service lifecycle management solution is providing the tools they
need for these essential functions. We are very pleased to be
working closely with Scientific Games on delivering an integrated
enterprise solution."<br/>Scientific Games selected Astea for three key reasons:</p>
<div style="margin-left: 2em">-- Its enterprise-class mobile
capabilities -- Its flexible, robust platform that manages the
end-to-end service lifecycle -- Its scalability, which optimizes
service resources, and provides standardized practices to support
key business improvement initiatives and fast deployment.
"Achieving the highest levels of customer satisfaction is the goal
of the Service Management organization," said <tm:entity><tm:person Family_Name="Douglas" First_Name="David" Gender="Male" role="Person" value="david douglas">David Douglas</tm:person></tm:entity>, <tm:entity><tm:function FunctionCategory="Board" role="Has_Function" value="senior director of service management">Senior
Director of Service Management</tm:function></tm:entity>. "Astea is helping Scientific Games
achieve this goal by giving our field service technicians real time
information allowing each and every in-store visit with a Lottery
retailer to be effective, timely and maximize opportunities for
continued Lottery sales."</div><p>About Scientific Games</p>
<p><tm:entity><tm:company Extension="Corporation" value="scientific games">Scientific Games</tm:company></tm:entity> Corporation is the leading integrated supplier
of instant tickets, systems and services to lotteries worldwide, a
leading supplier of fixed odds betting terminals and systems,
Amusement and Skill with Prize betting terminals, interactive
sports betting terminals and systems, and wagering systems and
services to pari-mutuel operators. It is also a licensed
pari-mutuel gaming operator in <tm:entity><tm:location><tm:country location_country="United States of America"><tm:place>Connecticut</tm:place></tm:country></tm:location></tm:entity>, <tm:location><tm:country location_country="United States of America"><tm:place>Maine</tm:place></tm:country></tm:location>and the
<tm:entity><tm:location><tm:country><tm:place>Netherlands</tm:place></tm:country></tm:location></tm:entity> and is a leading supplier of prepaid phone cards to
telephone companies. Scientific Games' customers are in the <tm:entity><tm:location><tm:country><tm:place>United
States</tm:place></tm:country></tm:location></tm:entity> and more than 60 other countries. For more information about
Scientific Games, please visit our web site at <a href="http://www.scientificgames.com" target="_new">http://www.scientificgames.com</a>.</p>
<p>Forward-Looking Statements</p>
<p>In this press release the Company makes "forward-looking
statements" within the meaning of the <tm:entity><tm:location><tm:country><tm:place>U.S.</tm:place></tm:country></tm:location></tm:entity> Private Securities
Litigation Reform Act of 1995. Forward- looking statements describe
future expectations, plans, results or strategies and can often be
identified by the use of terminology such as "may"," "will,"
"estimate," "intend," "continue," "believe," "expect,"
"anticipate," "could," "potential," "opportunity," or similar
terminology. These statements are based upon management's current
expectations, assumptions and estimates and are not guarantees of
future results or performance. Actual outcomes may differ
materially from those projected in these statements due to a
variety of risks and uncertainties and other factors, including,
among other things: competition; material adverse changes in
economic and industry conditions in the Company's markets;
technological change; retention and renewal of existing contracts
and entry into new contracts; availability and adequacy of cash
flow to satisfy obligations and indebtedness or future needs;
protection of intellectual property; security and integrity of
software and systems; laws and government regulation, including
those relating to gaming licenses, permits and operations;
inability to identify, complete and integrate future acquisitions;
seasonality; dependence on suppliers and manufacturers; factors
associated with foreign operations; dependence on key personnel;
failure to perform on contracts; resolution of pending or future
litigation; labor matters; and stock price volatility. Additional
information regarding risks and uncertainties and other factors
that could cause actual results to differ materially from those
contemplated in forward-looking statements is included from time to
time in the Company's filings with the Security and <tm:entity><tm:organisation value="exchange commission">Exchange
Commission</tm:organisation></tm:entity>, including the Company's most recent Annual Report on
Form 10-K. Forward-looking statements speak only as of the date
they are made, and except for the Company's ongoing obligations
under the <tm:entity><tm:location><tm:country><tm:place>U.S.</tm:place></tm:country></tm:location></tm:entity> federal securities laws, the Company undertakes no
obligation to publicly update any forward-looking statements
whether as a result of new information, future events or
otherwise.<br/></p>
<p>Company Contact:</p>
<p>Investor Relations</p>
<p>Scientific Games</p>
<p>212-754-2233</p>
</body>
</html>


</doc>

