<doc xmlns:tm="http://www.temis.com/annotations/1.1/">
<metadata><aboutcompany value="elearning!"/><releaselocation value="madison"/><data_source value="prnews"/><source value="sonic foundry inc."/><processing_date>2008-01-21T17:54:26</processing_date><date>2007-12-18T11:34:00</date><quote symbol="NYSE:FO" src-company="fortune" company="Fortune Brands, Inc." date="2007-12-18" price="73.96"/><quote symbol="NASDAQ:SOFO" src-company="sonic foundry ( r )" company="Sonic Foundry, Inc." date="2007-12-18" price="1.31"/></metadata>
<title><tm:entity><tm:company Extension="Foundry" value="sonic">Sonic</tm:company></tm:entity> Foundry Named Finalist in Best of 2007 Elearning! Awards
</title>
<html>
<head>
<meta name="generator" content="HTML Tidy for Windows (vers 14 February 2006), see www.w3.org"/>
<!-- #BeginEditable "doctitle" -->
<title><tm:entity><tm:company Extension="Foundry" value="sonic">Sonic</tm:company></tm:entity> Foundry Named Finalist in Best of 2007 <tm:entity><tm:company><tm:potential_company role="Who" value="elearning">Elearning</tm:potential_company></tm:company></tm:entity>!
Awards</title></head>
<body>
<p><tm:entity><tm:company value="mediasite">Mediasite</tm:company></tm:entity> by <tm:entity><tm:company Extension="Foundry" value="sonic">Sonic</tm:company></tm:entity> Foundry singled out for best presentation
tool</p>
<p><tm:entity><tm:location><tm:country location_country="United States of America"><tm:place>MADISON</tm:place></tm:country></tm:location></tm:entity>, <tm:entity><tm:location><tm:country location_country="United States of America"><tm:place>Wis.</tm:place></tm:country></tm:location></tm:entity>, <tm:entity><tm:time_expression><tm:relative_time Day="18" Month="Dec." value="dec. 18">Dec. 18</tm:relative_time></tm:time_expression></tm:entity> /PRNewswire-FirstCall/ -- <tm:entity><tm:company Extension="Inc" value="sonic foundry ( r )">Sonic
Foundry(R)</tm:company></tm:entity> Inc. (<tm:entity><tm:stockindex value="nasdaq">Nasdaq</tm:stockindex></tm:entity>: <a class="small" href="http://studio-5.financialcontent.com/prnews?Page=Quote&amp;Ticker=SOFO" onclick="var s=s_gi(s_account); var hd1 = document.getElementById('headline'); s.tl(this,'o',getLinkName('Company Sanpshot'));">SOFO</a>), a leader in automated rich media communications
technology, is pleased to announce the company's Mediasite(R)
webcasting and content management solution is a finalist in the
Best of 2007 <tm:entity><tm:company><tm:potential_company role="Who" value="elearning">Elearning</tm:potential_company></tm:company></tm:entity>! Awards in the Best Presentation Tool
category.</p><p>"The Best of <tm:entity><tm:company><tm:potential_company role="Who" value="elearning">Elearning</tm:potential_company></tm:company></tm:entity>! Awards are unlike any hosted in this
market. Every brand and product was reader nominated, and the
finalists are the leading vote earners from each product category,"
said <tm:entity><tm:person Family_Name="Roche" First_Name="Jerry" Gender="Male" role="Person" value="jerry roche">Jerry Roche</tm:person></tm:entity>, <tm:entity><tm:function FunctionCategory="Board" role="Has_Function" value="editorial director">editorial director</tm:function></tm:entity> of <tm:entity><tm:company><tm:potential_company role="Who" value="elearning">Elearning</tm:potential_company></tm:company></tm:entity>! Magazine. "More
than 50 percent of e-learning professionals rely on word of mouth
and referrals as a source of product information. This awards
program provides a venue for adopters to share what brands and
solutions really work for them."</p><p>Blending sophisticated presentation capture technology with
unprecedented ease of use, <tm:entity><tm:company value="mediasite">Mediasite</tm:company></tm:entity> is the market leader for
recording, distributing, managing and searching online knowledge.
"The face of e-learning and how organizations deliver information,
training and online education is changing, and e-learning
professionals choose and recommend <tm:entity><tm:company value="mediasite">Mediasite</tm:company></tm:entity> to be the right
solution to create and share their institutional knowledge," said
<tm:entity><tm:person Family_Name="Buinevicius" First_Name="Rimas" role="Person" value="rimas buinevicius">Rimas Buinevicius</tm:person></tm:entity>, <tm:entity><tm:function FunctionCategory="Board" role="Has_Function" value="chairman and ceo">chairman and CEO</tm:function></tm:entity> of <tm:entity><tm:company Extension="Foundry" role="Who" value="sonic">Sonic</tm:company></tm:entity> Foundry. "We are
extremely honored to be recognized as one of the best presentation
tools for e-learning, and look forward to continuing to provide the
industry-leading webcasting platform."</p>
<p><tm:entity><tm:company value="mediasite">Mediasite</tm:company></tm:entity> will be featured <tm:entity><tm:time_expression><tm:relative_time value="in the winter">in the winter</tm:relative_time></tm:time_expression></tm:entity> edition of <tm:entity><tm:company><tm:potential_company role="Who" value="elearning">Elearning</tm:potential_company></tm:company></tm:entity>!
Magazine published <tm:entity><tm:time_expression><tm:exact_time Month="January" Year="2008" value="in january 2008">in January 2008</tm:exact_time></tm:time_expression></tm:entity>, along with the finalists and
winners of each product category.</p><p>About <tm:entity><tm:company><tm:potential_company role="Who" value="elearning">Elearning</tm:potential_company></tm:company></tm:entity>!</p><p><tm:entity><tm:company><tm:potential_company role="Who" value="elearning">Elearning</tm:potential_company></tm:company></tm:entity>! Magazine, e-zine, <tm:entity><tm:company><tm:potential_company role="Who" value="elearning">Elearning</tm:potential_company></tm:company></tm:entity>! E-News, <tm:entity><tm:company><tm:potential_company role="Who" value="elearning">Elearning</tm:potential_company></tm:company></tm:entity>!
Alert, <tm:entity><tm:company><tm:potential_company role="Who" value="elearning">Elearning</tm:potential_company></tm:company></tm:entity>! Virtual Trade Show and website are produced by
<tm:entity><tm:company Domain="Media" Extension="Co" value="b2b media">B2B Media</tm:company></tm:entity> Company, a privately held trade publishing and electronic
media company. <tm:entity><tm:company><tm:potential_company role="Who" value="elearning">Elearning</tm:potential_company></tm:company></tm:entity>! brands are produced by <tm:entity><tm:company Domain="Media" Extension="Co" value="b2b media">B2B Media</tm:company></tm:entity> Company's trade publishing unit. To learn more, visit <a href="http://www.elearning.b2bmediaco.com" target="_new">http://www.elearning.b2bmediaco.com</a>.</p>
<p>About <tm:entity><tm:company Extension="Inc" value="sonic foundry ( r )">Sonic Foundry(R)</tm:company></tm:entity>, Inc.</p><p>Founded <tm:entity><tm:time_expression><tm:exact_time Year="1991" value="in 1991">in 1991</tm:exact_time></tm:time_expression></tm:entity>, <tm:entity><tm:company Extension="Foundry" value="sonic">Sonic</tm:company></tm:entity> Foundry (<tm:entity><tm:stockindex value="nasdaq">Nasdaq</tm:stockindex></tm:entity>: <a class="small" href="http://studio-5.financialcontent.com/prnews?Page=Quote&amp;Ticker=SOFO" onclick="var s=s_gi(s_account); var hd1 = document.getElementById('headline'); s.tl(this,'o',getLinkName('Company Sanpshot'));">SOFO</a>) is a technology leader in the emerging rich media
communications marketplace, providing enterprise solutions and
services that link an information-driven world. <tm:entity><tm:company Extension="Foundry" value="sonic">Sonic</tm:company></tm:entity> Foundry is
named on <tm:entity><tm:company Domain="Media" role="Who" value="ziff davis media">Ziff Davis Media</tm:company></tm:entity>'s Baseline list of the top ten
fastest-growing software companies with sales under $150 million
and named one of <tm:entity><tm:company><tm:normalized_name Domain="Financial" value="deloitte">Deloitte</tm:normalized_name></tm:company></tm:entity>'s Technology Fast 500 companies. Voted
Best Webcasting Platform and Best Webcasting Appliance in the
Streaming Media Readers' <tm:entity><tm:company value="choice awards">Choice Awards</tm:company></tm:entity>, the company's solutions are
trusted by education institutions, <tm:entity><tm:company value="fortune">Fortune</tm:company></tm:entity> 500 companies and
government agencies for a variety of critical communication needs.
<tm:entity><tm:company Extension="Foundry" value="sonic">Sonic</tm:company></tm:entity> Foundry is changing the way organizations communicate via the
web and how people around the globe receive vital information
needed for work, professional advancement, safety and education.
<tm:entity><tm:company Extension="Foundry" value="sonic">Sonic</tm:company></tm:entity> Foundry is based in <tm:entity><tm:location><tm:country location_country="United States of America"><tm:place>Madison</tm:place></tm:country></tm:location></tm:entity>, <tm:location><tm:country location_country="United States of America"><tm:place>Wisconsin</tm:place></tm:country></tm:location>. For more information
about <tm:entity><tm:company Extension="Foundry" value="sonic">Sonic</tm:company></tm:entity> Foundry and <tm:entity><tm:company value="mediasite">Mediasite</tm:company></tm:entity>, visit <a href="http://www.sonicfoundry.com" target="_new">http://www.sonicfoundry.com</a>.</p></body>
</html>


</doc>

