<doc xmlns:tm="http://www.temis.com/annotations/1.1/">
<metadata><aboutcompany value="accel-kkr"/><releaselocation value="menlo park"/><data_source value="prnews"/><source value="accel-kkr"/><processing_date>2008-01-21T17:56:06</processing_date><date>2007-12-18T09:00:00</date><quote symbol="NYSE:SVU" src-company="supervalu" company="SUPERVALU INC." date="2007-12-18" price="37.18"/><quote symbol="NYSE:KR" src-company="kroger" company="The Kroger Co." date="2007-12-18" price="26.17"/><quote symbol="NYSE:SYY" src-company="sysco" company="SYSCO Corporation" date="2007-12-18" price="31.60"/><quote symbol="NYSE:KFT" src-company="kraft foods" company="Kraft Foods Inc." date="2007-12-18" price="33.05"/></metadata>
<title>Accel-KKR Acquires Majority Equity Stake in iTradeNetwork Inc.
</title>
<html>
<head>
<meta name="generator" content="HTML Tidy for Windows (vers 14 February 2006), see www.w3.org"/>
<!-- #BeginEditable "doctitle" -->
<title>Accel-KKR Acquires Majority Equity Stake in iTradeNetwork
Inc.</title>
</head>
<body>
<p><tm:entity><tm:location><tm:country><tm:place>MENLO PARK</tm:place></tm:country></tm:location></tm:entity>, <tm:entity><tm:location><tm:country location_country="United States of America"><tm:place>Calif.</tm:place></tm:country></tm:location></tm:entity> and <tm:entity><tm:location><tm:country><tm:place>PLEASANTON</tm:place></tm:country></tm:location></tm:entity>, <tm:entity><tm:location><tm:country location_country="United States of America"><tm:place>Calif.</tm:place></tm:country></tm:location></tm:entity>, <tm:entity><tm:time_expression><tm:relative_time Day="18" Month="Dec." value="dec. 18">Dec. 18</tm:relative_time></tm:time_expression></tm:entity> /PRNewswire/
-- Accel- KKR, a technology focused private equity investment firm,
today announced the acquisition of a majority equity stake in
iTradeNetwork, Inc., a privately- held leading provider of
on-demand software solutions to the food industry, with the
company's management and employees and <tm:entity><tm:company Extension="Partners" value="abry">ABRY</tm:company></tm:entity> Partners, a
Boston-based private equity firm, holding the balance of the
company's equity. The transaction builds upon Accel-KKR's existing
ownership position. Financial terms of the transaction were not
disclosed.</p>
<p>Founded <tm:entity><tm:time_expression><tm:exact_time Year="1999" value="in 1999">in 1999</tm:exact_time></tm:time_expression></tm:entity>, iTradeNetwork provides subscription-based
hosted software solutions to the food industry that facilitate
transactions between retail grocers, restaurant chain operators,
foodservice distributors and their respective suppliers. Reflecting
its robust growth since its founding, iTradeNetwork has over 4,500
trading partners that use its solutions, including companies such
as <tm:entity><tm:company Domain="ConsumerGoods" value="supervalu">SuperValu</tm:company></tm:entity>, <tm:entity><tm:company value="kroger">Kroger</tm:company></tm:entity>, <tm:entity><tm:company Domain="IT" value="sysco">Sysco</tm:company></tm:entity>, <tm:entity><tm:company value="kraft foods">Kraft Foods</tm:company></tm:entity> and <tm:entity><tm:company value="cargill">Cargill</tm:company></tm:entity>. In aggregate,
iTradeNetwork's customers transact nearly <tm:entity><tm:money_expression><tm:money Amount="200 billion" Currency="Dollar" value="$200 billion">$200 billion</tm:money></tm:money_expression></tm:entity> in trading
volume annually through the company's software solutions.</p>
<p>Under the terms of the transaction, <tm:entity><tm:person Family_Name="Bonavito" First_Name="Robert" Gender="Male" role="Person" value="robert bonavito">Robert Bonavito</tm:person></tm:entity>, <tm:entity><tm:function FunctionCategory="Board" role="Has_Function" value="founder and chief executive officer">Founder and
Chief Executive Officer</tm:function></tm:entity> of iTradeNetwork, will continue to serve in
his current role along with the rest of his executive management
team.</p>
<p><tm:entity><tm:person Family_Name="Bonavito" First_Name="Robert" Gender="Male" role="Person" value="robert bonavito">Robert Bonavito</tm:person></tm:entity>, <tm:entity><tm:function FunctionCategory="Board" role="Has_Function" value="founder and ceo">Founder and CEO</tm:function></tm:entity> of iTradeNetwork, said, "<tm:entity><tm:time_expression><tm:duration value="over the past eight years ,">Over
the past eight years,</tm:duration></tm:time_expression></tm:entity> we have built a leading position in providing
collaborative workflow software solutions to the food industry.
<tm:entity><tm:company><tm:potential_company role="Who" value="accel-kkr">Accel-KKR</tm:potential_company></tm:company></tm:entity>'s investment is both a reflection of our tremendous
progress, as well as a vote of confidence in our strong continued
potential for growth. We have found in Accel-KKR a number of key
attributes that we felt were essential in an equity partner to help
accelerate the future growth of the company."</p><p><tm:entity><tm:person Family_Name="Barnds" First_Name="Tom" Gender="Male" role="Person" value="tom barnds">Tom Barnds</tm:person></tm:entity>, <tm:entity><tm:function FunctionCategory="Board" role="Has_Function" value="managing director">Managing Director</tm:function></tm:entity> of <tm:entity><tm:company><tm:potential_company role="Who" value="accel-kkr">Accel-KKR</tm:potential_company></tm:company></tm:entity> said, "We are
delighted to be increasing our investment in a business that is
well-positioned for continued growth and market leadership.
iTradeNetwork's scale, financial strength, impressive customer
base, and differentiated service offerings provide it with
significant advantages in a fragmented market. Its seasoned
management team has demonstrated its ability to grow the business
profitably, while providing the company's value proposition across
the retail grocery and foodservice markets by successfully serving
companies of all sizes throughout the industry."</p>
<p>About Accel-KKR</p>
<p>Accel-KKR is a technology-focused private equity firm that
invests primarily in technology business with $15 million to $150
million in revenue that are well positioned for top-line and
bottom-line growth. At the core of <tm:entity><tm:company><tm:potential_company role="Who" value="accel-kkr">Accel-KKR</tm:potential_company></tm:company></tm:entity>'s investment strategy
is a commitment to developing strong partnerships with the
management teams of its portfolio companies and a focus on building
value through the contribution of unique financial, strategic,
technical, and operational resources. Accel-KKR has a particular
focus on the following transactions: Recapitalizations of
family-owned or closely-held private companies, divisional buyouts
of larger companies, and going private transactions. For more
information please visit <a href="http://www.accel-kkr.com" target="_new">http://www.accel-kkr.com</a>.</p><p>About iTradeNetwork</p>
<p>iTradeNetwork is a privately held technology leader in <tm:entity><tm:company value="on demand e business">On-Demand
E- Business</tm:company></tm:entity> solutions for the food industry. The <tm:entity><tm:media><tm:television value="itn">ITN</tm:television></tm:media></tm:entity> suite of
products include: Order Management System (<tm:entity><tm:organisation Domain="Health" value="oms">OMS</tm:organisation></tm:entity>), Logistics,
Contract and Rebate Management (CaRMA), Promotional-Planning,
Demand Forecast, VMI, Trade Spend Optimization, Financial Services
and Content, as well as low cost integration to customers legacy
systems. 16 of the top 20 North American Retailers and most leading
<tm:entity><tm:company value="foodservice">Foodservice</tm:company></tm:entity> companies are utilizing iTradeNetwork's e-business
solutions with over 4,500 trading partners/customers.</p>
<p>Contact: <tm:entity><tm:person Family_Name="Kuo" First_Name="Joseph" Gender="Male" value="joseph kuo">Joseph Kuo</tm:person></tm:entity><br/></p><p><tm:entity><tm:company Extension="And Company" value="kekst">Kekst</tm:company></tm:entity> and Company</p>
<p>212-521-4800</p>
</body>
</html>


</doc>

