<doc xmlns:tm="http://www.temis.com/annotations/1.1/">
<metadata>
<aboutcompany value="delphis software"/>
<releaselocation value="fresno"/>
<data_source value="prnews"/>
<source value="delphis software"/>
<processing_date>2008-01-21T18:21:21</processing_date>
<date>2007-12-12T10:00:00</date>
<quote symbol="NYSE:LUB" src-company="luby" company="Luby's, Inc." date="2007-12-12" price="10.90"/><quote symbol="PINK:AROS" src-company="aros" company="ANOTEROS INC" date="2007-12-12" price=""/></metadata>
<title>Luby's Selects <tm:entity><tm:company Domain="IT" value="delphis software">Delphis Software</tm:company></tm:entity> to Provide Advanced Call Center Application
</title>
<html>
<head>
<meta name="generator" content="HTML Tidy for Windows (vers 14 February 2006), see www.w3.org"/>
<!-- #BeginEditable "doctitle" -->
<title><tm:entity><tm:company value="luby">Luby</tm:company></tm:entity>'s Selects <tm:entity><tm:company Domain="IT" value="delphis software">Delphis Software</tm:company></tm:entity> to Provide Advanced Call
Center Application</title>
</head>
<body>
<p><tm:entity><tm:company value="luby">Luby</tm:company></tm:entity>'s cafeteria chain adopts Delphis Software application to
streamline</p><p>its in-house centralized call center and food fulfillment
operation</p>
<p><tm:location><tm:country location_country="United States of America"><tm:place>FRESNO</tm:place></tm:country></tm:location>, <tm:location><tm:country location_country="United States of America"><tm:place>Calif.</tm:place></tm:country></tm:location>, <tm:entity><tm:time_expression><tm:relative_time Day="12" Month="Dec." value="dec. 12">Dec. 12</tm:relative_time></tm:time_expression></tm:entity> /PRNewswire/ -- <tm:entity><tm:company Domain="IT" value="delphis software">Delphis Software</tm:company></tm:entity>, a
leader in providing online ordering technology and centralized call
center applications to the restaurant industry, announces its
successful implementation of the <tm:entity><tm:company value="aros">AROS</tm:company></tm:entity> call center application for
<tm:entity><tm:location><tm:country location_country="United States of America"><tm:place>San Antonio</tm:place></tm:country></tm:location></tm:entity> based cafeteria chain <tm:entity><tm:company value="luby">Luby</tm:company></tm:entity>'s, Inc.</p><p><tm:entity><tm:company value="luby">Luby</tm:company></tm:entity>'s operates a large-scale, centralized call center where
customers of its more than 125 restaurant locations may place
orders for fulfillment at any of its cafeterias. <tm:entity><tm:company value="luby">Luby</tm:company></tm:entity>'s basic goal
was to increase efficiency of the call center, especially during
the holiday season. Many thousands of orders transit daily though
the call center during peak periods. Orders needed immediate and
seamless transmission to the specific restaurant location where
customers would pick up orders. Automated daily reporting to senior
staff and local restaurant management was also critical.</p><p><tm:entity><tm:company Domain="IT" value="delphis software">Delphis Software</tm:company></tm:entity> engineered an application where call center
operators would utilize Delphis' AROS system to take and transmit
customer orders to the restaurant. Intrinsic zip code resolution
capability in <tm:entity><tm:company value="aros">AROS</tm:company></tm:entity> eliminated the burden from operators of
determining restaurant routing. <tm:entity><tm:company value="aros">AROS</tm:company></tm:entity> also tracked inventory and
alerted operators and management of out-of-stock conditions at any
particular location. While taking several thousand of daily orders,
<tm:entity><tm:company value="aros">AROS</tm:company></tm:entity> increased efficiency of <tm:entity><tm:company value="luby">Luby</tm:company></tm:entity>'s call center by 300% over
operations <tm:entity><tm:time_expression><tm:duration From="the previous year" value="from the previous year">from the previous year</tm:duration></tm:time_expression></tm:entity>. <tm:entity><tm:company Domain="IT" value="delphis software">Delphis Software</tm:company></tm:entity>'s system
provided management with the necessary tools and reports to
effectively monitor and control the call center.</p><p>"<tm:entity><tm:company value="luby">Luby</tm:company></tm:entity>'s was seeking a qualified company with experience in
developing complex solutions under tight deadlines," said <tm:entity><tm:person Family_Name="Barrow" First_Name="Steve" Gender="Male" role="Person" value="steve barrow">Steve
Barrow</tm:person></tm:entity>, <tm:entity><tm:function FunctionCategory="Board" role="Has_Function" value="vice president of information systems">Vice President of Information Systems</tm:function></tm:entity> for <tm:entity><tm:company><tm:potential_company role="Who" value="luby">Luby</tm:potential_company></tm:company></tm:entity>'s. "We
selected Delphis and have been pleased with their responsiveness
and attention to detail. Their management, <tm:entity><tm:function FunctionCategory="Other" value="engineers">engineers</tm:function></tm:entity> and
technicians were committed to our project. The application was
deployed on time and immediately benefited our operation. We are
currently exploring adding <tm:entity><tm:company Domain="IT" value="delphis software">Delphis Software</tm:company></tm:entity>'s online ordering
application."</p><p>"It was especially rewarding to successfully <tm:entity><tm:function FunctionCategory="Other" value="engineer">engineer</tm:function></tm:entity> this
advanced solution for <tm:entity><tm:company value="luby">Luby</tm:company></tm:entity>'s," said Neil Higgins, a <tm:entity><tm:function FunctionCategory="Board" role="Has_Function" value="senior vice president">senior Vice
President</tm:function></tm:entity> of <tm:entity><tm:company Domain="IT" role="Who" value="delphis software">Delphis Software</tm:company></tm:entity>. "<tm:entity><tm:company value="luby">Luby</tm:company></tm:entity>'s call center is extensive,
has multiple work shifts and is very dynamic, which required the
crafting of an aggressive technical application. Our <tm:entity><tm:function FunctionCategory="Other" value="engineers">engineers</tm:function></tm:entity> were
able to meet a difficult task and deployment timeline. We are
honored that <tm:entity><tm:company value="luby">Luby</tm:company></tm:entity>'s put its trust in <tm:entity><tm:company Domain="IT" value="delphis software">Delphis Software</tm:company></tm:entity> and look
forward to a long relationship."</p>
<p>About <tm:entity><tm:company Domain="IT" value="delphis software">Delphis Software</tm:company></tm:entity></p><p><tm:entity><tm:company Domain="IT" value="delphis software">Delphis Software</tm:company></tm:entity>(<a href="http://www.DelphisSoftware.com" target="_new">http://www.DelphisSoftware.com</a>) is a leader in
providing online ordering technology and centralized call center
applications to the restaurant industry. Offering unmatched
cutting-edge solutions, <tm:entity><tm:company Domain="IT" value="delphis software">Delphis Software</tm:company></tm:entity>'s applications have been
deployed in over 11,000 sites across the <tm:entity><tm:location><tm:country><tm:place>US</tm:place></tm:country></tm:location></tm:entity>, <tm:location><tm:country><tm:place>Canada</tm:place></tm:country></tm:location>, and <tm:location><tm:country><tm:place>Mexico</tm:place></tm:country></tm:location>.
Founded <tm:entity><tm:time_expression><tm:exact_time Year="2001" value="in 2001">in 2001</tm:exact_time></tm:time_expression></tm:entity>, the company is headquartered in <tm:location><tm:country location_country="United States of America"><tm:place>Fresno</tm:place></tm:country></tm:location>, <tm:location><tm:country location_country="United States of America"><tm:place>California</tm:place></tm:country></tm:location>with regional offices and network operations centers throughout the
<tm:entity><tm:location><tm:country><tm:place>United States</tm:place></tm:country></tm:location></tm:entity>.</p><p>About <tm:entity><tm:company value="luby">Luby</tm:company></tm:entity>'s, Inc</p><p><tm:entity><tm:location><tm:country location_country="United States of America"><tm:place>San Antonio</tm:place></tm:country></tm:location></tm:entity>, <tm:location><tm:country location_country="United States of America"><tm:place>Texas</tm:place></tm:country></tm:location>based <tm:entity><tm:company value="luby">Luby</tm:company></tm:entity>'s, Inc (<a href="http://www.lubys.com" target="_new">http://www.lubys.com</a>) has
a historic past that dates back 60 years. With more than 125
locations, <tm:entity><tm:company value="luby">Luby</tm:company></tm:entity>'s has forged a unique relationship with its
customers. The emotional connection <tm:entity><tm:company value="luby">Luby</tm:company></tm:entity>'s has with its diners is
unlike any other restaurant company in <tm:entity><tm:location><tm:country><tm:place>America</tm:place></tm:country></tm:location></tm:entity>. <tm:entity><tm:company value="luby">Luby</tm:company></tm:entity>'s success is
due, in part, to consistently serving good food at reasonable
prices. Giving back to the communities is one of <tm:entity><tm:company value="luby">Luby</tm:company></tm:entity>'s core
values. In many markets, the <tm:entity><tm:company value="luby">Luby</tm:company></tm:entity>'s restaurant serves as an
essential part of the community as a central gathering place for
charitable groups to meet, or a rallying point where people come
together in times of crisis. <tm:entity><tm:company value="luby">Luby</tm:company></tm:entity>'s always strives for ways to give
back and be involved in the community.</p></body>
</html>


</doc>

