<doc xmlns:tm="http://www.temis.com/annotations/1.1/">
<metadata><aboutcompany value="v2k international, inc."/><releaselocation value="lakewood"/><data_source value="prnews"/><source value="v2k international, inc."/><processing_date>2008-01-21T17:56:30</processing_date><date>2007-12-18T09:00:00</date><quote symbol="NYSE:MHK" src-company="mohawk" company="Mohawk Industries, Inc." date="2007-12-18" price="75.08"/><quote symbol="OTC:VTOK" src-company="v2k international" company="V2K INTL INC" date="2007-12-18" price="0.35"/></metadata>
<title><tm:entity><tm:function FunctionCategory="Board" value="former senior vice president">Former Senior Vice President</tm:function></tm:entity> at <tm:entity><tm:company Domain="Energy" Extension="Industries" value="mohawk">Mohawk</tm:company></tm:entity> Industries Joins V2K as <tm:entity><tm:function FunctionCategory="Other" value="consultant">Consultant</tm:function></tm:entity></title>
<html>
<head>
<meta name="generator" content="HTML Tidy for Windows (vers 14 February 2006), see www.w3.org"/>
<!-- #BeginEditable "doctitle" -->
<title><tm:entity><tm:function FunctionCategory="Board" value="former senior vice president">Former Senior Vice President</tm:function></tm:entity> at <tm:entity><tm:company Domain="Energy" Extension="Industries" value="mohawk">Mohawk</tm:company></tm:entity> Industries Joins V2K
as <tm:entity><tm:function FunctionCategory="Other" value="consultant">Consultant</tm:function></tm:entity></title></head>
<body>
<p><tm:entity><tm:location><tm:country location_country="United States of America"><tm:place>LAKEWOOD</tm:place></tm:country></tm:location></tm:entity>, <tm:entity><tm:location><tm:country location_country="United States of America"><tm:place>Colo.</tm:place></tm:country></tm:location></tm:entity>, <tm:entity><tm:time_expression><tm:relative_time Day="18" Month="Dec." value="dec. 18">Dec. 18</tm:relative_time></tm:time_expression></tm:entity> /PRNewswire-FirstCall/ -- <tm:entity><tm:company Extension="Inc" value="v2k international">V2K
International</tm:company></tm:entity>, Inc. (OTC <tm:entity><tm:media><tm:newspaper value="bulletin board">Bulletin Board</tm:newspaper></tm:media></tm:entity>: VTOK), a software
development company which owns and operates a leading window
fashion franchise business, announced today that <tm:entity><tm:person Family_Name="Ed" First_Name="Williams" Gender="Male" Title="M" value="mr ed williams">Mr. Ed Williams</tm:person></tm:entity> has joined V2K in a consulting capacity to head up its kiosk sales
and marketing strategy.</p>
<p><tm:entity><tm:person Family_Name="Williams" Gender="Male" Title="M, Mr" role="Person" value="mr williams">Mr. Williams</tm:person></tm:entity> retired <tm:entity><tm:time_expression><tm:exact_time Month="August" Year="2006" role="Context" value="in august 2006">in August 2006</tm:exact_time></tm:time_expression></tm:entity> from <tm:entity><tm:company Domain="Energy" Extension="Industries" role="Who" value="mohawk">Mohawk</tm:company></tm:entity> Industries as
the <tm:entity><tm:function FunctionCategory="Board" role="Has_Function" value="senior vice president of marketing">Senior Vice President of Marketing</tm:function></tm:entity>, a position he had held
<tm:entity><tm:time_expression><tm:duration Year="1996" value="since 1996">since 1996</tm:duration></tm:time_expression></tm:entity>. <tm:entity><tm:person Family_Name="Williams" Gender="Male" Title="M, Mr" value="mr williams">Mr. Williams</tm:person></tm:entity> joined <tm:entity><tm:company Domain="Energy" Extension="Industries" value="mohawk">Mohawk</tm:company></tm:entity> when <tm:entity><tm:company Domain="Energy" Extension="Industries" value="mohawk">Mohawk</tm:company></tm:entity> purchased <tm:entity><tm:company value="galaxy carpet mill">Galaxy
Carpet Mill</tm:company></tm:entity>, a company of which <tm:entity><tm:person Family_Name="Williams" Gender="Male" Title="M, Mr" role="Person" value="mr williams">Mr. Williams</tm:person></tm:entity> had been <tm:entity><tm:function FunctionCategory="Board" role="Has_Function" value="president and coo">President and
COO</tm:function></tm:entity> <tm:entity><tm:time_expression><tm:duration Year="1986" role="Context" value="since 1986">since 1986</tm:duration></tm:time_expression></tm:entity>. <tm:entity><tm:person Family_Name="Williams" Gender="Male" Title="M, Mr" value="mr williams">Mr. Williams</tm:person></tm:entity>' career in the flooring industry spans
<tm:entity><tm:time_expression><tm:duration value="over 4 decades">over 4 decades</tm:duration></tm:time_expression></tm:entity>. During his tenure with <tm:entity><tm:company Domain="Energy" Extension="Industries" value="mohawk">Mohawk</tm:company></tm:entity>, <tm:entity><tm:person Family_Name="Williams" Gender="Male" Title="M, Mr" value="mr williams">Mr. Williams</tm:person></tm:entity> administered strategies and implemented and coordinated
communications to unify over a dozen brands into <tm:entity><tm:company Domain="Energy" Extension="Industries" value="mohawk">Mohawk</tm:company></tm:entity>'s family.
He also oversaw advertising and marketing agendas, and was an
active advocate of complete and thorough training.</p><p>"We are delighted to have <tm:entity><tm:person Family_Name="Williams" Gender="Male" Title="M, Mr" value="mr williams">Mr. Williams</tm:person></tm:entity> aboard," said <tm:entity><tm:person Family_Name="Yosha" First_Name="Vic" Gender="Undefined Gender" role="Person" value="vic yosha">Vic Yosha</tm:person></tm:entity>,
<tm:entity><tm:function FunctionCategory="Board" role="Has_Function" value="president ceo">President &amp; CEO</tm:function></tm:entity> of <tm:entity><tm:company><tm:potential_company role="Who" value="v2k">V2K</tm:potential_company></tm:company></tm:entity>. "His perceptive marketing sense and
intuitive strategies will enhance V2K's ability to penetrate an
estimated 16,000 major retail locations that we've identified as
viable prospects for our kiosk sales and marketing strategies. <tm:entity><tm:person Family_Name="Williams" Gender="Male" Title="M, Mr" value="mr williams">Mr.
Williams</tm:person></tm:entity>' expansive background will also be invaluable as we pursue
software license agreements with manufacturers, distributors and
retailers in the home decor arena."</p><p>About <tm:entity><tm:company Extension="Inc" value="v2k international">V2K International</tm:company></tm:entity>, Inc.</p><p>Through its wholly-owned subsidiary, V2K Technology, V2K
develops and licenses proprietary software that is designed to be
used in the commercial and home decor markets. Almost anything can
be done to the interior of a room utilizing its software. In a
three dimensional view, where everything is 100% to scale, the user
can add, adjust, color and texture walls, windows, doors, ceilings
and floors, and then drag and drop items from a library of products
into the scene. V2K Technology licenses a version of the software
for custom window treatments to another wholly-owned subsidiary,
<tm:entity><tm:company role="Whom" value="v2k window fashions">V2K Window Fashions</tm:company></tm:entity>, which operates the franchise system, V2K
Window Decor &amp; More. Using the technology as the centerpiece of
a franchise offering, V2K Window Fashions sells and supports
franchises in the window fashion industry. V2K currently has
approximately 180 franchisees, operating in 39 states the <tm:entity><tm:location><tm:country location_country="Canada"><tm:place>Canadian
provinces</tm:place></tm:country></tm:location></tm:entity> of <tm:entity><tm:location><tm:country location_country="Canada"><tm:place>Alberta</tm:place></tm:country></tm:location></tm:entity> and <tm:entity><tm:location><tm:country location_country="Canada"><tm:place>Manitoba</tm:place></tm:country></tm:location></tm:entity>, and <tm:entity><tm:location><tm:country><tm:place>Aruba</tm:place></tm:country></tm:location></tm:entity>.</p><p>Forward Looking Statement Notice: This press release includes
"forward-looking statements" as defined by the Securities and
<tm:entity><tm:organisation value="exchange commission">Exchange Commission</tm:organisation></tm:entity>(the "SEC"). All statements, other than
statements of historical fact, included in the press release that
address activities, events or developments that the company
believes or anticipates will or may occur in the future are
forward-looking statements. These statements are based on certain
assumptions made based on experience, expected future developments
and other factors the company believes are appropriate under the
circumstances. Such statements are subject to a number of
assumptions, risks and uncertainties, many of which are beyond the
control of the company and may not materialize. Investors are
cautioned that any such statements are not guarantees of future
performance. The contents of this release should be considered in
conjunction with the warnings, risk factors and cautionary
statements contained in the company's recent filings with the SEC,
including its Quarterly Report on Form 10-QSB. Furthermore, the
company does not intend (and is not obligated) to update publicly
any forward-looking statements, except as required by law.</p>
</body>
</html>


</doc>

