<doc xmlns:tm="http://www.temis.com/annotations/1.1/">
<metadata>
<aboutcompany value="novell"/>
<releaselocation value="waltham"/>
<data_source value="prnews"/>
<source value="novell, inc."/>
<processing_date>2008-01-21T18:21:49</processing_date>
<date>2007-12-12T09:30:00</date>
<quote symbol="NASDAQ:NOVL" src-company="novell" company="Novell, Inc." date="2007-12-12" price="7.11"/><quote symbol="NYSE:ODP" src-company="office depot" company="Office Depot, Inc." date="2007-12-12" price="15.04"/></metadata>
<title><tm:entity><tm:company Domain="ConsumerGoods" value="office depot taps">Office Depot Taps</tm:company></tm:entity> SUSE Linux Enterprise Server from <tm:entity><tm:company Domain="IT" value="novell">Novell</tm:company></tm:entity> to Reduce Information Technology Complexity and Control Costs
</title>
<html>
<head>
<meta name="generator" content="HTML Tidy for Windows (vers 14 February 2006), see www.w3.org"/>
<!-- #BeginEditable "doctitle" -->
<title><tm:entity><tm:company Domain="ConsumerGoods" value="office depot taps">Office Depot Taps</tm:company></tm:entity> SUSE Linux Enterprise Server from <tm:entity><tm:company Domain="IT" value="novell">Novell</tm:company></tm:entity> to Reduce Information Technology Complexity and Control
Costs</title>
</head>
<body>
<p>WALTHAM, Mass., <tm:entity><tm:time_expression><tm:relative_time Day="12" Month="Dec." value="dec. 12">Dec. 12</tm:relative_time></tm:time_expression></tm:entity> /PRNewswire-FirstCall/ -- <tm:entity><tm:company Domain="IT" value="novell">Novell</tm:company></tm:entity> today
announced that <tm:entity><tm:company Domain="ConsumerGoods" value="office depot">Office Depot</tm:company></tm:entity>(<tm:entity><tm:stockindex value="nyse">NYSE</tm:stockindex></tm:entity>: <a class="small" href="http://studio-5.financialcontent.com/prnews?Page=Quote&amp;Ticker=ODP" onclick="var s=s_gi(s_account); var hd1 = document.getElementById('headline'); s.tl(this,'o',getLinkName('Company Sanpshot'));">ODP</a>), a leading global provider of office products and
services, has chosen SUSE(R) Linux Enterprise Server as a core
operating platform for the company's global servers. The goal of
the standardization is to reduce complexity and control costs while
maintaining superior stability and performance for <tm:entity><tm:company Domain="ConsumerGoods" value="office depot">Office Depot</tm:company></tm:entity>'s
end-user applications.</p><p>"SUSE Linux Enterprise Server has been an excellent investment
for <tm:entity><tm:company Domain="ConsumerGoods" value="office depot">Office Depot</tm:company></tm:entity> and is the cornerstone of our global Linux
strategy," said <tm:entity><tm:person Family_Name="Toews" First_Name="Tim" Gender="Male" role="Person" value="tim toews">Tim Toews</tm:person></tm:entity>, <tm:entity><tm:function FunctionCategory="Board" role="Has_Function" value="senior vice president and cio">senior vice president and CIO</tm:function></tm:entity> of <tm:entity><tm:company Domain="ConsumerGoods" role="Who" value="office depot">Office
Depot</tm:company></tm:entity>. "As a global retailer, it is critical for <tm:entity><tm:company Domain="ConsumerGoods" value="office depot">Office Depot</tm:company></tm:entity> to
partner with a vendor like <tm:entity><tm:company Domain="IT" value="novell">Novell</tm:company></tm:entity> that can provide consistent
enterprise-wide support."</p>
<p>With customers in 43 countries, <tm:entity><tm:company Domain="ConsumerGoods" value="office depot">Office Depot</tm:company></tm:entity> has grown its
global business both organically and through acquisitions. As a
result, the company runs applications on a variety of platforms
including Solaris*, Windows*, Linux*, z/OS and i5/OS*. To reduce
complexity and control costs, the company selected SUSE Linux
Enterprise Server to standardize its IT environment as much as
possible. Moving to an open platform that runs on commodity
hardware has helped <tm:entity><tm:company Domain="ConsumerGoods" value="office depot">Office Depot</tm:company></tm:entity> to continue to reduce its
hardware, power and cooling costs. In addition, <tm:entity><tm:company Domain="ConsumerGoods" value="office depot">Office Depot</tm:company></tm:entity> has
saved by moving some of its global ERP applications to run on SUSE
Linux Enterprise Server.</p>
<p><tm:entity><tm:person Family_Name="Levy" First_Name="Roger" Gender="Male" role="Person" value="roger levy">Roger Levy</tm:person></tm:entity>, <tm:entity><tm:company Domain="IT" role="Who" value="novell">Novell</tm:company></tm:entity> <tm:entity><tm:function FunctionCategory="Board" role="Has_Function" value="senior vice president and general manager of open platform solutions">senior vice president and general manager of
Open Platform Solutions</tm:function></tm:entity>, said, "<tm:entity><tm:company Domain="ConsumerGoods" value="office depot">Office Depot</tm:company></tm:entity> is taking advantage of
the flexibility of Linux, running several mission-critical
workloads on SUSE Linux Enterprise Server, including databases,
middleware and applications. Moving to SUSE Linux Enterprise has
helped <tm:entity><tm:company Domain="ConsumerGoods" value="office depot">Office Depot</tm:company></tm:entity> maintain the security and stability necessary
for a global business that operates around the clock."</p>
<p>The next-generation platform for the open enterprise, SUSE Linux
Enterprise is the best-engineered and most interoperable platform
for mission-critical computing, from the desktop to the data
center. For more information on SUSE Linux Enterprise offerings
from Novell(R), visit <a href="http://www.novell.com/linux" target="_new">http://www.novell.com/linux</a>. For more on how customers
around the globe are leveraging <tm:entity><tm:company Domain="IT" value="novell">Novell</tm:company></tm:entity> solutions, visit <a href="http://www.novell.com/success" target="_new">http://www.novell.com/success</a>.</p>
<p>About <tm:entity><tm:company Domain="IT" value="novell">Novell</tm:company></tm:entity></p><p><tm:entity><tm:company Domain="IT" value="novell">Novell</tm:company></tm:entity>, Inc. (<tm:entity><tm:stockindex value="nasdaq">Nasdaq</tm:stockindex></tm:entity>: <a class="small" href="http://studio-5.financialcontent.com/prnews?Page=Quote&amp;Ticker=NOVL" onclick="var s=s_gi(s_account); var hd1 = document.getElementById('headline'); s.tl(this,'o',getLinkName('Company Sanpshot'));">NOVL</a>) delivers infrastructure software for the Open Enterprise.
<tm:entity><tm:company Domain="IT" value="novell">Novell</tm:company></tm:entity> is a leader in desktop to data center operating systems
based on Linux and the software required to secure and manage mixed
IT environments. <tm:entity><tm:company Domain="IT" value="novell">Novell</tm:company></tm:entity> helps customers around the world minimize
cost, complexity and risk, allowing them to focus on innovation and
growth. For more information, visit <a href="http://www.novell.com" target="_new">http://www.novell.com</a>.</p><p>About <tm:entity><tm:company Domain="ConsumerGoods" value="office depot">Office Depot</tm:company></tm:entity></p><p><tm:entity><tm:company Domain="ConsumerGoods" value="office depot">Office Depot</tm:company></tm:entity> provides more office products and services to more
customers in more countries than any other company.</p>
<p>Incorporated <tm:entity><tm:time_expression><tm:exact_time Year="1986" role="Context, Context" value="in 1986">in 1986</tm:exact_time></tm:time_expression></tm:entity> and headquartered in <tm:entity><tm:location><tm:country><tm:place>Delray Beach</tm:place></tm:country></tm:location></tm:entity>, <tm:entity><tm:location><tm:country location_country="United States of America"><tm:place>Fla.</tm:place></tm:country></tm:location></tm:entity>,
<tm:entity><tm:company Domain="ConsumerGoods" role="Who, Who" value="office depot"><tm:entity><tm:company Domain="ConsumerGoods" role="Who, Who" value="office depot">Office Depot</tm:company></tm:entity></tm:company></tm:entity> has annual sales of approximately $15.5 billion, and
employs approximately 52,000 associates around the world.
Currently, the Company sells to customers directly or through
affiliates in 43 countries.</p>
<p><tm:entity><tm:company Domain="ConsumerGoods" value="office depot">Office Depot</tm:company></tm:entity> is a leader in every distribution channel -- from
retail stores and contract delivery to catalogs and e-commerce. <tm:entity><tm:time_expression><tm:exact_time role="Context" value="2007">As
of September 29, 2007</tm:exact_time></tm:time_expression></tm:entity>, <tm:entity><tm:company Domain="ConsumerGoods" role="Who" value="office depot">Office Depot</tm:company></tm:entity> had 1,212 retail stores in
<tm:entity><tm:location><tm:country><tm:place>North America</tm:place></tm:country></tm:location></tm:entity> and another 384 stores, either company-owned,
licensed or franchised, in other parts of the world. <tm:entity><tm:company Domain="ConsumerGoods" value="office depot">Office Depot</tm:company></tm:entity> serves a wide range of customers through a dedicated sales force,
telephone <tm:entity><tm:function FunctionCategory="Board" value="account managers">account managers</tm:function></tm:entity>, direct mail offerings, and multiple web
sites. With $4.8 billion in online sales during the last twelve
months, the Company is also one of the world's largest e-commerce
retailers.</p><p><tm:entity><tm:company Domain="ConsumerGoods" value="office depot">Office Depot</tm:company></tm:entity>'s common stock is listed on the <tm:entity><tm:organisation Domain="Financial" value="new york stock exchange">New York Stock
Exchange</tm:organisation></tm:entity> under the symbol ODP and is included in the <tm:entity><tm:stockindex value="s p 500">S&amp;P 500</tm:stockindex></tm:entity> Index. Additional press information can be found at: <a href="http://mediarelations.officedepot.com" target="_new">http://mediarelations.officedepot.com</a>.</p>
<p><tm:entity><tm:company Domain="IT" value="novell">Novell</tm:company></tm:entity> and SUSE are registered trademarks of <tm:entity><tm:company Domain="IT" value="novell">Novell</tm:company></tm:entity>, Inc. in the
<tm:entity><tm:location><tm:country><tm:place>United States</tm:place></tm:country></tm:location></tm:entity> and other countries. *Linux is a registered trademark
of <tm:entity><tm:person Family_Name="Torvalds" First_Name="Linus" Gender="Male" value="linus torvalds">Linus Torvalds</tm:person></tm:entity>. All other third-party trademarks are the
property of their <tm:entity><tm:function FunctionCategory="Board" value="respective owners">respective owners</tm:function></tm:entity>.</p></body>
</html>


</doc>

