<doc xmlns:tm="http://www.temis.com/annotations/1.1/">
<metadata><aboutcompany value="asempra technologies, inc."/><releaselocation value="santa clara"/><data_source value="prnews"/><source value="asempra technologies, inc."/><processing_date>2008-01-21T17:56:13</processing_date><date>2007-12-18T09:00:00</date><quote symbol="NASDAQ:MSFT" src-company="microsoft" company="Microsoft Corporation" date="2007-12-18" price="34.74"/></metadata>
<title><tm:entity><tm:company Domain="IT" Extension="Inc" value="asempra technologies">Asempra Technologies</tm:company></tm:entity>' Business Continuity Server 2.6 Delivers 30 Second Restore of SQL Server Data
</title><html>
<head>
<meta name="generator" content="HTML Tidy for Windows (vers 14 February 2006), see www.w3.org"/>
<!-- #BeginEditable "doctitle" -->
<title><tm:entity><tm:company Domain="IT" Extension="Inc" value="asempra technologies">Asempra Technologies</tm:company></tm:entity>' Business Continuity Server 2.6
Delivers 30 Second Restore of SQL Server Data</title></head>
<body>
<p>Latest Features Reduce Overall Storage Requirements and Enhance
IT</p>
<p>Management Functionality</p>
<p><tm:entity><tm:location><tm:country location_country="Cuba"><tm:place>SANTA CLARA</tm:place></tm:country></tm:location></tm:entity>, <tm:entity><tm:location><tm:country location_country="United States of America"><tm:place>Calif.</tm:place></tm:country></tm:location></tm:entity>, <tm:entity><tm:time_expression><tm:relative_time Day="18" Month="Dec." value="dec. 18">Dec. 18</tm:relative_time></tm:time_expression></tm:entity> /PRNewswire/ -- <tm:entity><tm:company Domain="IT" Extension="Inc" value="asempra technologies">Asempra
Technologies</tm:company></tm:entity>, a leading provider of continuous availability
solutions for Windows applications and data, today announced the
latest version of its award-winning Business Continuity Server(TM)
(BCS). The BCS version 2.6 incorporates enhanced support for SQL
servers, thin provisioning capabilities to minimize storage
requirements, and several developments to help customers better
manage their fast-growing demand for continuous availability and
data protection.</p><p>(Logo: <a href="http://www.newscom.com/cgi-bin/prnh/20050928/SFW002LOGO" target="_new">http://www.newscom.com/cgi-bin/prnh/20050928/SFW002LOGO</a>)</p>
<p>"<tm:entity><tm:company><tm:potential_company role="Who" value="asempra">Asempra</tm:potential_company></tm:company></tm:entity>'s BCS 2.6 release guarantees that we're able to serve
our customers at any time by restoring SQL server data within 30
seconds after any storage failure." said <tm:entity><tm:person Family_Name="Kruger" First_Name="Derek" Gender="Male" value="derek kruger">Derek Kruger</tm:person></tm:entity>, IT &amp;
<tm:entity><tm:function FunctionCategory="Other" value="communications supervisor">Communications Supervisor</tm:function></tm:entity> for City of <tm:entity><tm:location><tm:country><tm:place>Safford</tm:place></tm:country></tm:location></tm:entity>, <tm:entity><tm:location><tm:country location_country="United States of America"><tm:place>Arizona</tm:place></tm:country></tm:location></tm:entity>, municipal
government. "Today, we use the Asempra BCS to protect our Exchange,
SQL, and Windows File Servers, and since our deployment we've been
able to recover employee data in seconds, not hours or days. We are
looking forward to implementing the enhanced SQL capabilities in
version 2.6. With the new off-host processing feature we will be
able to do more effective testing of our SQL infrastructure before
we go live with changes to the database."</p><p><tm:entity><tm:company><tm:potential_company role="Who" value="asempra">Asempra</tm:potential_company></tm:company></tm:entity>'s BCS solution protects SQL, Exchange, and Windows File
Server applications and data through a patented approach that
captures and indexes all data events, creating a virtualized data
store that allows instantaneous recovery of any point in time.
Using <tm:entity><tm:company><tm:potential_company role="Who" value="asempra">Asempra</tm:potential_company></tm:company></tm:entity>'s virtualized recovery and data protection technology
(Virtual On-Demand Recovery (TM)), Exchange and SQL can be
available as fast as 30 seconds after a storage failure. The BCS
allows <tm:entity><tm:function FunctionCategory="Board" value="it administrators">IT administrators</tm:function></tm:entity> to "roll back the clock" so that
applications and their data are immediately available at any point
in time just as they were before outages caused by storage
failures, human error, virus outbreaks, or even a datacenter fire.
The BCS delivers complete, uncorrupted data at all times,
eliminating the need for multiple, costly manual recoveries that
are frequently required when relying on traditional backup and
restore technologies.</p>
<p>"BCS 2.6 extends further <tm:entity><tm:company><tm:potential_company role="Who" value="asempra">Asempra</tm:potential_company></tm:company></tm:entity>'s commitment to the
mid-market's critical need for an all-in-one continuous
availability solution," said <tm:entity><tm:person Family_Name="Gysin" First_Name="Gary" role="Person" value="gary gysin">Gary Gysin</tm:person></tm:entity>, <tm:entity><tm:function FunctionCategory="Board" role="Has_Function" value="chief executive officer">CEO</tm:function></tm:entity> at <tm:entity><tm:company><tm:potential_company role="Who" value="asempra">Asempra</tm:potential_company></tm:company></tm:entity>. "With 2.6,
we have delivered to our reseller partners and end users the
advanced features, such as thin provisioning, additional third
party compatibility, and superior SQL support, they need to keep
their Windows applications and data continuously available with
near-zero data loss and 100% uptime."</p><p>The BCS solution combines next-generation storage technologies
into an all-in-one solution tailored to mid-market needs. The BCS
incorporates real-time continuous data protection (CDP),
application failover, snapshot, replication, disk-based backup, and
seamless tape backup integration to ensure business data is always
available, 24x7. Bringing together multiple technologies into an
all-in-one, easy-to-use solution is dramatically more
cost-effective, and easier to manage for mid-size companies with
limited IT resources.</p>
<p>Additional BCS 2.6 Benefits</p>
<p>With BCS 2.6, customers can reduce their overall storage
requirements and more easily manage their BCS storage environment.
Thin provisioning for BCS connected storage allows customers to
define long data retention periods for each protected data set,
without having the actual physical storage for that retention
period. All BCS protected data sets draw upon storage from a
centralized BCS attached storage pool, minimizing the initial
storage purchase and simplifying storage management. As users
identify more data sets to protect, or deploy additional server
infrastructure needing protection, the BCS thin provisioning
capabilities ensure an easy, non-disruptive process to add BCS
attached storage -- in the background, transparent to the protected
data sets.</p>
<p>The 2.6 release incorporates several enhancements that extend
the BCS' performance lead even further. "In-file" de-duplication
reduces network bandwidth and storage utilization, providing
substantial advantage over traditional block-based data protection
products that often must send the entire file after every change.
BCS 2.6 has also added cluster load-balancing and storage
multi-path support to ensure system availability and manageability
in demanding environments.</p>
<p>Additional third-party support gives customers more choices in
connecting the BCS to storage and backup infrastructures. Support
for <tm:entity><tm:company value="storvault">Storvault</tm:company></tm:entity>, <tm:entity><tm:company Domain="IT" value="lefthand networks">Lefthand Networks</tm:company></tm:entity>, and HP All-in-One combine the BCS
with the benefits of cost-effective and interoperable iSCSI storage
networks. Seamless integration with tape backup infrastructures is
extended in BCS 2.6, adding support for CA ARCserve tape backup in
addition to other leading storage infrastructures. With the
extension of its tape backup support, the BCS continues to add
value by helping eliminate backup windows on <tm:entity><tm:company><tm:potential_company role="Who" value="asempra">Asempra</tm:potential_company></tm:company></tm:entity> protected
server environments.</p>
<p>"We see <tm:entity><tm:company><tm:potential_company role="Who" value="asempra">Asempra</tm:potential_company></tm:company></tm:entity>'s latest announcement as further proof that they
understand our mid-market customers", said <tm:entity><tm:person Family_Name="Quinn" First_Name="John" Gender="Male" value="john quinn">John Quinn</tm:person></tm:entity>, Technology
and Architecture Leader at Merrimac Solutions, an <tm:entity><tm:company><tm:potential_company role="Who" value="asempra">Asempra</tm:potential_company></tm:company></tm:entity> authorized reseller. "As a beta site, we found BCS 2.6 to be a very
robust and strong expansion of <tm:entity><tm:company><tm:potential_company role="Who" value="asempra">Asempra</tm:potential_company></tm:company></tm:entity>'s product line. BCS 2.6
allows us to offer a complete solution to protect core mid-market
IT services -- Exchange email, Windows files and SQL databases --
so that applications and data are always available. <tm:entity><tm:company><tm:potential_company role="Who" value="asempra">Asempra</tm:potential_company></tm:company></tm:entity>'s
approach to continuous availability and data protection is
resonating strongly with our mid-market customers."</p><p>Pricing and Availability</p>
<p>BCS 2.6 is available immediately through <tm:entity><tm:company><tm:potential_company role="Who" value="asempra">Asempra</tm:potential_company></tm:company></tm:entity>'s partners and
resellers listed at the company website. Pricing for the <tm:entity><tm:company><tm:potential_company role="Who" value="bcs">BCS</tm:potential_company></tm:company></tm:entity> starts
with a base configuration of only <tm:entity><tm:money_expression><tm:money Amount="15,000" Currency="Dollar" value="$15,000">$15,000</tm:money></tm:money_expression></tm:entity>, including the BCS server
appliance hardware.</p><p>About <tm:entity><tm:company Domain="IT" Extension="Inc" value="asempra technologies">Asempra Technologies</tm:company></tm:entity>, Inc.</p><p><tm:entity><tm:company Domain="IT" Extension="Inc" value="asempra technologies">Asempra Technologies</tm:company></tm:entity> is a leading provider of continuous
availability solutions for Windows applications and data. Named as
a "Best of Connections 2007" Finalist <tm:entity><tm:time_expression><tm:exact_time Month="October" Year="2007" value="in october 2007">in October 2007</tm:exact_time></tm:time_expression></tm:entity>, ranked as an
"Outstanding Choice" by ByteandSwitch <tm:entity><tm:time_expression><tm:exact_time Month="September" Year="2007" value="in september 2007">in September 2007</tm:exact_time></tm:time_expression></tm:entity>, and
selected as a "Top Ten Start-up to Watch" <tm:entity><tm:time_expression><tm:exact_time Month="September" Year="2006" value="in september 2006">in September 2006</tm:exact_time></tm:time_expression></tm:entity> by
ByteandSwitch, <tm:entity><tm:company><tm:potential_company role="Who" value="asempra">Asempra</tm:potential_company></tm:company></tm:entity>'s Business Continuity Server (TM) enables
application availability and data recovery in seconds or minutes,
from any location, at any point-in-time. The BCS solves many
critical concerns of small to medium sized businesses, providing
continuous availability, data protection, disaster recovery,
business continuity, and recovery management in one easy to use
solution. Tightly integrated with <tm:entity><tm:company Domain="IT" value="microsoft">Microsoft</tm:company></tm:entity> Exchange, SQL and
Windows File Server platforms, the BCS allows companies to leverage
existing infrastructure and reduce management complexity while
providing near zero data loss. <tm:entity><tm:company><tm:potential_company role="Who" value="asempra">Asempra</tm:potential_company></tm:company></tm:entity> is headquartered at 3200
<tm:entity><tm:person Family_Name="Drive" First_Name="Patrick, Henry" Gender="Male" value="patrick henry drive">Patrick Henry Drive</tm:person></tm:entity>, Santa Clara, California 95054. For more
information, please call 408.215.5800 or visit <a href="http://www.asempra.com" target="_new">http://www.asempra.com</a></p><p>Asempra Business Continuity Server and Virtual On Demand
Recovery are trademarks of <tm:entity><tm:company><tm:potential_company role="Who" value="asempra">Asempra</tm:potential_company></tm:company></tm:entity>. All other trademarks are
property of their <tm:entity><tm:function FunctionCategory="Board" value="respective owners">respective owners</tm:function></tm:entity>. All <tm:entity><tm:company><tm:potential_company role="Who" value="asempra">Asempra</tm:potential_company></tm:company></tm:entity> news releases
(financial, acquisitions, manufacturing, products, technology,
etc.) are issued exclusively by <tm:entity><tm:media><tm:newspaper Location_Country="UnitedStates" value="pr newswire">PR Newswire</tm:newspaper></tm:media></tm:entity> and are immediately
thereafter posted on the company's external website, <a href="http://www.asempra.com" target="_new">http://www.asempra.com</a>.</p>
</body>
</html>


</doc>

