<doc xmlns:tm="http://www.temis.com/annotations/1.1/">
<metadata><aboutcompany value="nec electronics america, inc."/><releaselocation value="santa clara"/><data_source value="prnews"/><source value="nec electronics america, inc."/><processing_date>2008-01-21T18:19:39</processing_date><date>2007-12-12T16:17:00</date><quote symbol="OTC:MPEG" src-company="mpeg" company="InnovaCom, Inc." date="2007-12-12" price="0.0001"/><quote symbol="NYSE:DCS" src-company="dcs" company="Dreman/Claymore Dividend &amp; Income Fund" date="2007-12-12" price=""/></metadata>
<title><tm:entity><tm:company Domain="IT" Extension="Corporation, Inc" Location_Continent="America" value="nec electronics">NEC Electronics</tm:company></tm:entity> America Integrates Analog Copy Protection From <tm:entity><tm:company Domain="IT" value="dwight cavendish systems">Dwight Cavendish Systems</tm:company></tm:entity> Into EMMA-Based MPEG Decoder Devices
</title>
<html>
<head>
<meta name="generator" content="HTML Tidy for Windows (vers 14 February 2006), see www.w3.org"/>
<!-- #BeginEditable "doctitle" -->
<title><tm:entity><tm:company Domain="IT" Extension="Corporation, Inc" Location_Continent="America" value="nec electronics">NEC Electronics</tm:company></tm:entity> America Integrates Analog Copy Protection
From <tm:entity><tm:company Domain="IT" value="dwight cavendish systems">Dwight Cavendish Systems</tm:company></tm:entity> Into EMMA-Based MPEG Decoder
Devices</title>
</head>
<body>
<p><tm:entity><tm:location><tm:country location_country="Cuba"><tm:place>SANTA CLARA</tm:place></tm:country></tm:location></tm:entity>, <tm:entity><tm:location><tm:country location_country="United States of America"><tm:place>Calif.</tm:place></tm:country></tm:location></tm:entity>, <tm:entity><tm:time_expression><tm:relative_time Day="12" Month="Dec." value="dec. 12">Dec. 12</tm:relative_time></tm:time_expression></tm:entity> /PRNewswire/ -- <tm:entity><tm:company Domain="IT" Extension="Corporation, Inc" Location_Continent="America" value="nec electronics">NEC Electronics</tm:company></tm:entity> America, Inc. today announced that analog copy protection with
patented copy protection strategies from <tm:entity><tm:company Domain="IT" value="dwight cavendish systems">Dwight Cavendish Systems</tm:company></tm:entity>(<tm:entity><tm:company><tm:abbreviation value="dcs">DCS</tm:abbreviation></tm:company></tm:entity>) has been integrated into <tm:entity><tm:company Domain="IT" Extension="Corporation, Inc" Location_Continent="America" value="nec electronics">NEC Electronics</tm:company></tm:entity>' Enhanced MultiMedia
Architecture(TM) (EMMA(TM))-based <tm:entity><tm:company value="mpeg">MPEG</tm:company></tm:entity> decoders, which deliver
digital video data in a system on chip (SoC) designed for the
digital video broadcasting (DVB), satellite, terrestrial, cable and
IP, including digital video recorder (DVR), markets. With this new
addition, designers now have a choice of analog copy protection in
off-the-shelf solutions from <tm:entity><tm:company Domain="IT" Extension="Corporation, Inc" Location_Continent="America" value="nec electronics">NEC Electronics</tm:company></tm:entity>.</p><p>The first EMMA-based device to integrate <tm:entity><tm:company><tm:abbreviation value="dcs">DCS</tm:abbreviation></tm:company></tm:entity> analog copy
protection is the EMMA2SE/P(TM) (part number uPD61142) MPEG2 DVR
device, which processes standard definition (SD) audio-video (AV)
data and incorporates advanced on-chip security features to protect
and ensure the integrity of that data.</p>
<p><tm:entity><tm:company><tm:abbreviation value="dcs">DCS</tm:abbreviation></tm:company></tm:entity> offers its analog copy protection royalty-free to <tm:entity><tm:company value="mpeg">MPEG</tm:company></tm:entity> device manufacturers and set-top box (<tm:entity><tm:media><tm:television value="stb">STB</tm:television></tm:media></tm:entity>) makers.</p><p>"We have an excellent relationship with the <tm:entity><tm:company Domain="IT" Extension="Corporation, Inc" Location_Continent="America" value="nec electronics">NEC Electronics</tm:company></tm:entity> team
and have enjoyed working with them on these implementations. They
immediately understood our mission to bring flexibility, straight
talking and partnership to this aspect of content protection," says
<tm:entity><tm:person Family_Name="Abdin" First_Name="Mazen" Gender="Male" role="Person" value="mazen abdin">Mazen Abdin</tm:person></tm:entity>, <tm:entity><tm:function FunctionCategory="Board" role="Has_Function" value="chief executive officer">CEO</tm:function></tm:entity> of <tm:entity><tm:company Extension="Ltd." role="Who" value="dcs">DCS</tm:company></tm:entity> Ltd. "They immediately saw the benefits in
terms of improved security, ease of implementation and a
cooperative business model. Serious Pay TV players may now obtain
the security required at lower cost and greater convenience."</p>
<p>"With an increasing amount of information being shared through
cable and satellite delivery systems, and the growing popularity of
digital set-top boxes, we saw a need to add additional analog copy
security options to our EMMA-based devices," said <tm:entity><tm:person Family_Name="Nakazawa" First_Name="Kats" role="Person" value="kats nakazawa">Kats Nakazawa</tm:person></tm:entity>,
<tm:entity><tm:function FunctionCategory="Board" role="Has_Function" value="general manager">general manager</tm:function></tm:entity>, digital consumer and connectivity strategic
business unit, <tm:entity><tm:company Domain="IT" Extension="Corporation, Inc" Location_Continent="America" value="nec electronics">NEC Electronics</tm:company></tm:entity> America. "With the <tm:entity><tm:company><tm:abbreviation value="dcs">DCS</tm:abbreviation></tm:company></tm:entity> solution, we
are now able to provide our customers with the security they
demand, without adding additional costs or royalty fees."</p>
<p><tm:entity><tm:company Domain="IT" Extension="Corporation, Inc" Location_Continent="America" value="nec electronics">NEC Electronics</tm:company></tm:entity>' Digital AV Offerings</p><p>Since introducing the world's first system LSI chip for digital
broadcast <tm:entity><tm:company value="stbs">STBs</tm:company></tm:entity> <tm:entity><tm:time_expression><tm:exact_time Year="1998" value="in 1998">in 1998</tm:exact_time></tm:time_expression></tm:entity>, <tm:entity><tm:company Domain="IT" Extension="Corporation, Inc" Location_Continent="America" value="nec electronics">NEC Electronics</tm:company></tm:entity> has launched numerous
market-leading devices based on its EMMA platform. With a current
lineup of 13 devices for <tm:entity><tm:company value="stbs">STBs</tm:company></tm:entity>, the company has a promising roadmap
of innovative solutions and aims to reach US$800 million in
EMMA-based sales by 2010. More information about <tm:entity><tm:company Domain="IT" Extension="Corporation, Inc" Location_Continent="America" value="nec electronics">NEC Electronics</tm:company></tm:entity> America's digital AV lineup can be found at <a href="http://www.am.necel.com/digital_av/" target="_new">http://www.am.necel.com/digital_av/</a>.</p>
<p><tm:entity><tm:company Domain="IT" value="dwight cavendish systems">Dwight Cavendish Systems</tm:company></tm:entity>(<a href="http://www.dwightcav.com" target="_new">http://www.dwightcav.com</a>) designs and develops
proprietary copy protection technologies, specializing in
addressing the vulnerability of piracy of analog outputs in
consumer electronic devices. <tm:entity><tm:company><tm:abbreviation value="dcs">DCS</tm:abbreviation></tm:company></tm:entity>' patented technology inhibits the
unlicensed recording of copyrighted content, specifically feature
films, through analog proprietary copy protection technologies.
Typically <tm:entity><tm:company><tm:potential_company role="Who" value="dcs">DCS</tm:potential_company></tm:company></tm:entity>' products are licensed to prevent unauthorized
copying of movies either on DVDs or through video-on-demand.</p><p>About <tm:entity><tm:company Domain="IT" Extension="Corporation, Inc" Location_Continent="America" value="nec electronics">NEC Electronics</tm:company></tm:entity> America, Inc.</p>
<p><tm:entity><tm:company Domain="IT" Extension="Corporation, Inc" Location_Continent="America" value="nec electronics">NEC Electronics</tm:company></tm:entity> America, Inc., headquartered in <tm:entity><tm:location><tm:country location_country="Cuba"><tm:place>Santa Clara</tm:place></tm:country></tm:location></tm:entity>,
<tm:entity><tm:location><tm:country location_country="United States of America"><tm:place>California</tm:place></tm:country></tm:location></tm:entity>, is a wholly owned subsidiary of <tm:entity><tm:company Domain="IT" Extension="Corporation, Inc" Location_Continent="America" value="nec electronics">NEC Electronics</tm:company></tm:entity> Corporation (<tm:entity><tm:companyticker value="tse">TSE</tm:companyticker></tm:entity>: 6723), a leading provider of semiconductor
products encompassing advanced technology solutions for the
broadband and communications markets; system solutions for the
mobile, PC, automotive and digital consumer markets; and
multi-market solutions for a wide range of customer applications.
<tm:entity><tm:company Domain="IT" Extension="Corporation, Inc" Location_Continent="America" value="nec electronics">NEC Electronics</tm:company></tm:entity> America offers local manufacturing in <tm:entity><tm:location><tm:country><tm:place>Roseville</tm:place></tm:country></tm:location></tm:entity>,
<tm:entity><tm:location><tm:country location_country="United States of America"><tm:place>California</tm:place></tm:country></tm:location></tm:entity>, and the global manufacturing capabilities of its parent
company. In the <tm:entity><tm:location><tm:country><tm:place>Americas</tm:place></tm:country></tm:location></tm:entity>, <tm:entity><tm:company Domain="IT" Extension="Corporation, Inc" Location_Continent="America" value="nec electronics">NEC Electronics</tm:company></tm:entity> America markets and sells
industrial-type, active-matrix LCD modules from <tm:entity><tm:company Domain="IT" Extension="Ltd" value="nec lcd technologies">NEC LCD
Technologies</tm:company></tm:entity>, Ltd., a global leader in innovative display
technologies. More information about the products offered by <tm:entity><tm:company Domain="IT" Extension="Corporation, Inc" Location_Continent="America" value="nec electronics">NEC
Electronics</tm:company></tm:entity> America can be found at <a href="http://www.am.necel.com" target="_new">http://www.am.necel.com</a>.</p>
<p><tm:entity><tm:company Domain="IT" Extension="Corporation, Inc" Location_Continent="America" value="nec electronics">NEC Electronics</tm:company></tm:entity> is either a trademark or registered trademark of
<tm:entity><tm:company Domain="IT" Extension="Corporation, Inc" Location_Continent="America" value="nec electronics">NEC Electronics</tm:company></tm:entity> Corporation in the <tm:entity><tm:location><tm:country><tm:place>United States</tm:place></tm:country></tm:location></tm:entity> and/or other
countries. Other product or brand names are trademarks or
registered trademarks of their respective holders.</p>
</body>
</html>


</doc>

