<doc xmlns:tm="http://www.temis.com/annotations/1.1/">
<metadata>
<aboutcompany value="beaworld"/>
<releaselocation value="shanghai"/>
<data_source value="prnews"/>
<source value="bea systems, inc."/>
<processing_date>2008-01-21T18:24:31</processing_date>
<date>2007-12-12T04:01:00</date>
<quote symbol="LON:TIME" src-company="time" company="Timestrip plc" date="2007-12-12" price=""/><quote symbol="NASDAQ:BEAS" src-company="bea systems" company="BEA Systems, Inc." date="2007-12-12" price="15.86"/></metadata>
<title>BEA Simplifies and Accelerates Event-Driven Application Development With Powerful New Tooling
</title>
<html>
<head>
<meta name="generator" content="HTML Tidy for Windows (vers 14 February 2006), see www.w3.org"/>
<!-- #BeginEditable "doctitle" -->
<title>BEA Simplifies and Accelerates Event-Driven Application
Development With Powerful New Tooling</title>
</head>
<body>
<p>WebLogic Event Server Now Supports Open Source Eclipse
Environment</p>
<p>Core News Facts</p>
<p>1. BEA makes the benefits of event computing accessible to
mainstream enterprise software developers through powerful new
tooling capabilities.</p>
<p>2. WebLogic Event Server now provides developers with an
Eclipse-based</p>
<p>environment for rapid coding, testing, and deployment of
event-driven</p>
<p>applications and SOA services. 3. BEA entered the event
computing market in May 2007 with the launch of WebLogic Event
Server, the first and only Java application server designed</p>
<p>for enterprise event-driven solutions.</p>
<p><tm:entity><tm:location><tm:country location_country="China"><tm:place>SHANGHAI</tm:place></tm:country></tm:location></tm:entity>, <tm:entity><tm:location><tm:country><tm:place>China</tm:place></tm:country></tm:location></tm:entity>, <tm:entity><tm:time_expression><tm:relative_time Day="12" Month="Dec." value="dec. 12">Dec. 12</tm:relative_time></tm:time_expression></tm:entity> /PRNewswire-FirstCall/ -- BEAWorld --
<tm:entity><tm:company Domain="IT" Extension="Inc" value="bea systems">BEA Systems</tm:company></tm:entity>, Inc. (<tm:entity><tm:stockindex value="nasdaq">Nasdaq</tm:stockindex></tm:entity>: <a class="small" href="http://studio-5.financialcontent.com/prnews?Page=Quote&amp;Ticker=BEAS" onclick="var s=s_gi(s_account); var hd1 = document.getElementById('headline'); s.tl(this,'o',getLinkName('Company Sanpshot'));">BEAS</a>), a world leader in enterprise infrastructure software,
today announced that it is furthering its lead in event computing
for enterprise IT with powerful new development tools geared
towards Eclipse-based environments. The new tools are designed to
enable Eclipse developers to rapidly code, test and deploy
event-driven applications and SOA services. Event computing, an
architectural approach aimed at enabling real-time intelligent
response to large volumes of disparate data, has long been
exclusive to only the most sophisticated IT shops. BEA's
WebLogic(R) Event Server, the first and only Java application
server with native event processing capabilities, launched a new
era of Java event computing <tm:entity><tm:time_expression><tm:relative_time value="earlier this year">earlier this year</tm:relative_time></tm:time_expression></tm:entity>, and the
newly-announced Eclipse-based tooling represents another
significant step forward.</p><p>Event computing entails processing of numerous, potentially
high-volume streams of data and using rules to discern patterns in
and describe responses to that data. With the appropriate
structures for representing event data, mechanisms for handling
streams, and an engine for processing pattern rules, extreme scale
and complexity can be managed much more easily than with other
methods. Only WebLogic Event Server provides these capabilities
within the context of a general-purpose, ultra-reliable Java
container. The new tooling is designed to make this even easier for
the mainstream Java developer with application wizards and
templates, intelligent code syntax support, and deployment
automation.</p>
<p>Event computing is an important extension to service-oriented
architecture (SOA). By extending SOA's typical request-response
paradigm with event computing's "publish-and-subscribe" messaging
approach, event-driven SOA can allow many applications to achieve
much faster response times along with greater scalability and
adaptability. By judiciously event-enabling components within an
existing <tm:entity><tm:company><tm:potential_company role="Who" value="soa">SOA</tm:potential_company></tm:company></tm:entity> solution, enterprises can preserve existing
investments while achieving significant incremental benefit. And
when combined with WebLogic(R) Real <tm:entity><tm:company Domain="Media" value="time">Time</tm:company></tm:entity>, <tm:entity><tm:company value="weblogic">WebLogic</tm:company></tm:entity> Event Server can
support the most demanding performance requirements with
microsecond-scale latency.</p>
<p>"Providing customers with innovative solutions is a key priority
for us," said <tm:entity><tm:person Family_Name="Durrill" First_Name="Gwen" Gender="Male" role="Person" value="gwen durrill">Gwen Durrill</tm:person></tm:entity>, <tm:entity><tm:function FunctionCategory="Board" role="Has_Function" value="unit executive">Unit Executive</tm:function></tm:entity> for BEA WebLogic Time and Event Driven Products at <tm:entity><tm:company Domain="IT" Extension="Inc" value="bea systems">BEA Systems</tm:company></tm:entity>, Inc. "The market for
event-driven technologies is exploding, and we are excited to be
the leader in bringing event computing to the mainstream enterprise
developer using Java and Eclipse."</p><p>Availability</p>
<p>BEA Weblogic Event Server with new Eclipse-based tooling support
is available now. To download the server, please visit <a href="http://www.bea.com/framework.jsp?CNT=index.htm&amp;FP=/content/products/weblogi" target="_new">http://www.bea.com/framework.jsp?CNT=index.htm&amp;FP=/content/products/weblogi</a>
c/e vent_server/. For installation instructions for the Event
Server Development Environment for Eclipse visit <a href="http://dev2devclub.bea.com/updates/wlevs-tools/2.0" target="_new">http://dev2devclub.bea.com/updates/wlevs-tools/2.0</a>. For
more information on the product, please visit <a href="http://www.bea.com/eventserver" target="_new">http://www.bea.com/eventserver</a>.</p>
<p>About BEAWorld</p>
<p>BEAWorld is the premier event for SOA thought leadership and
takes place in three strategic world markets spanning the <tm:entity><tm:location><tm:country><tm:place>Americas</tm:place></tm:country></tm:location></tm:entity>,
<tm:entity><tm:location><tm:country><tm:place>Europe</tm:place></tm:country></tm:location></tm:entity> and <tm:entity><tm:location><tm:country><tm:place>Asia</tm:place></tm:country></tm:location></tm:entity>. The conference is designed to provide critical
insights, hands-on instruction, best-practice strategies and
opportunities for interaction with like-minded professionals,
industry leaders, visionaries and <tm:entity><tm:function FunctionCategory="Other" value="expert">expert</tm:function></tm:entity> practitioners.</p>
<p>In addition to highlighting the innovation and tangible business
results BEA customers have achieved, BEAWorld is the place to find
the latest information on BEA infrastructure technologies including
BEA Tuxedo(R), BEA WebLogic(R) and BEA AquaLogic(R) <tm:entity><tm:time_expression><tm:relative_time value="this year">This year</tm:relative_time></tm:time_expression></tm:entity>'s
event will also include a Solutions Showcase, exhibiting the latest
and most innovative developments from the extensive BEA partner
community.</p><p>The last of three worldwide events is scheduled to be held in
<tm:entity><tm:location><tm:country location_country="China"><tm:place>Shanghai</tm:place></tm:country></tm:location></tm:entity>(<tm:entity><tm:time_expression><tm:relative_time Day="12, 13" Month="Dec." value="dec. 12-13">Dec. 12-13</tm:relative_time></tm:time_expression></tm:entity>). The first two events were held in the
following cities: <tm:entity><tm:location><tm:country location_country="United States of America"><tm:place>San Francisco</tm:place></tm:country></tm:location></tm:entity>(<tm:entity><tm:time_expression><tm:relative_time Day="10, 12" Month="Sept." value="sept. 10-12">Sept. 10-12</tm:relative_time></tm:time_expression></tm:entity>) and <tm:entity><tm:location><tm:country location_country="Spain"><tm:place>Barcelona</tm:place></tm:country></tm:location></tm:entity>(<tm:entity><tm:time_expression><tm:relative_time Day="2, 4" Month="Oct." value="oct. 2-4">Oct.
2-4</tm:relative_time></tm:time_expression></tm:entity>).</p><p>About BEA</p>
<p><tm:entity><tm:company Domain="IT" Extension="Inc" value="bea systems">BEA Systems</tm:company></tm:entity>, Inc. (<tm:entity><tm:stockindex value="nasdaq">NASDAQ</tm:stockindex></tm:entity>: <a class="small" href="http://studio-5.financialcontent.com/prnews?Page=Quote&amp;Ticker=BEAS" onclick="var s=s_gi(s_account); var hd1 = document.getElementById('headline'); s.tl(this,'o',getLinkName('Company Sanpshot'));">BEAS</a>) is a world leader in enterprise infrastructure software.
Information about how BEA is enabling customers to transform their
business by building a Liquid Enterprise(TM) can be found at
<a href="http://www.bea.com" target="_new">http://www.bea.com</a>.</p><p>Copyright 1995-2007, <tm:entity><tm:company Domain="IT" Extension="Inc" value="bea systems">BEA Systems</tm:company></tm:entity>, Inc. All rights reserved. BEA,
BEA AquaLogic, BEA eLink, BEA WebLogic, BEA WebLogic Portal, BEA
WebLogic Server, <tm:entity><tm:company value="connectera">Connectera</tm:company></tm:entity>, <tm:entity><tm:company Domain="IT" value="compoze software">Compoze Software</tm:company></tm:entity>, <tm:entity><tm:company value="jolt">Jolt</tm:company></tm:entity>, <tm:entity><tm:company value="joltbeans">JoltBeans</tm:company></tm:entity>,
<tm:entity><tm:company value="jrockit">JRockit</tm:company></tm:entity>, <tm:entity><tm:company value="steelthread">SteelThread</tm:company></tm:entity>, Think Liquid, Top End, Tuxedo, and WebLogic are registered trademarks of <tm:entity><tm:company Domain="IT" Extension="Inc" value="bea systems">BEA Systems</tm:company></tm:entity>, Inc. BEA Blended
Application Development, BEA Blended Development Model, BEA Blended
Strategy, BEA Builder, BEA Guardian, BEA <tm:entity><tm:function FunctionCategory="Board" value="manager">Manager</tm:function></tm:entity>, BEA MessageQ, BEA
microService Architecture, BEA SOA 360, BEA Workshop, BEA WorkSpace 360, Signature Editor, Signature Engine, Signature Patterns,
Support Patterns, Arch2Arch, Arch2Arch <tm:entity><tm:function FunctionCategory="Other" value="advisor">Advisor</tm:function></tm:entity>, Dev2Dev, Dev2Dev
Dispatch, Exec2Exec, Exec2Exec Voice, IT2IT, IT2IT Insight,
Business LiquidITy, and Liquid Thinker are trademarks of <tm:entity><tm:company Domain="IT" Extension="Inc" value="bea systems">BEA
Systems</tm:company></tm:entity>, Inc. BEA Mission Critical Support, BEA Mission Critical Support Continuum, BEA SOA Self Assessment, and Fluid Framework are
service marks of <tm:entity><tm:company Domain="IT" Extension="Inc" value="bea systems">BEA Systems</tm:company></tm:entity>, Inc. All other company and product
names may be the subject of intellectual property rights reserved
by third parties. All other trademarks are the property of their
respective companies.</p></body>
</html>


</doc>

