<doc xmlns:tm="http://www.temis.com/annotations/1.1/">
<metadata><aboutcompany value="geoeye"/><releaselocation value="dulles"/><data_source value="prnews"/><source value="geoeye, inc."/><processing_date>2008-01-21T18:14:58</processing_date><date>2007-12-14T17:00:00</date><quote symbol="NYSE:LMT" src-company="lockheed martin" company="Lockheed Martin Corporation" date="2007-12-14" price="109.29"/><quote symbol="NASDAQ:GEOY" src-company="geoeye" company="GeoEye Inc." date="2007-12-14" price="31.00"/></metadata>
<title>GeoEye Obtains 2008 Insurance for Its IKONOS Satellite
</title>
<html>
<head>
<meta name="generator" content="HTML Tidy for Windows (vers 14 February 2006), see www.w3.org"/>
<!-- #BeginEditable "doctitle" -->
<title><tm:entity><tm:company Extension="Inc" value="geoeye">GeoEye</tm:company></tm:entity> Obtains 2008 Insurance for Its IKONOS
Satellite</title>
</head>
<body>
<p>New Technical Analysis Suggests Extended Mission Duration</p>
<p>DULLES, Va., <tm:entity><tm:time_expression><tm:relative_time Day="14" Month="Dec." value="dec. 14">Dec. 14</tm:relative_time></tm:time_expression></tm:entity> /PRNewswire-FirstCall/ -- <tm:entity><tm:company Extension="Inc" value="geoeye">GeoEye</tm:company></tm:entity>, Inc.
(<tm:entity><tm:stockindex value="nasdaq">Nasdaq</tm:stockindex></tm:entity>: <tm:entity><tm:companyticker company="GeoEye, Inc." value="NASDAQ:GEOY">GEOY</tm:companyticker></tm:entity>), a premier provider of satellite, aerial and
geospatial information, announced today that it has secured
insurance in the amount of $20 million on its IKONOS satellite <tm:entity><tm:time_expression><tm:exact_time Year="2008" value="for 2008">for
2008</tm:exact_time></tm:time_expression></tm:entity> with terms comparable to those it had <tm:entity><tm:time_expression><tm:exact_time Year="2007" value="for 2007">for 2007</tm:exact_time></tm:time_expression></tm:entity>. This was
facilitated by a new analysis, performed by <tm:entity><tm:company Domain="Transportation" Extension="Corporation" value="lockheed martin">Lockheed Martin</tm:company></tm:entity> Corporation, on the life expectancy of its IKONOS high-resolution
Earth-imaging satellite. The company now estimates IKONOS may
continue to meet mission requirements into <tm:entity><tm:time_expression><tm:relative_time value="the next decade">the next decade</tm:relative_time></tm:time_expression></tm:entity>.</p><p>(Logo: <a href="http://www.newscom.com/cgi-bin/prnh/20060112/DCTH008LOGO" target="_new">http://www.newscom.com/cgi-bin/prnh/20060112/DCTH008LOGO</a>)</p>
<p>The satellite was built and launched into a low Earth orbit by
Lockheed Martin in 1999. At the time of launch it was estimated
that the satellite would be operational <tm:entity><tm:time_expression><tm:relative_time value="for a period of five to seven years">for a period of five to
seven years</tm:relative_time></tm:time_expression></tm:entity>. Later, based on operational data, it was estimated
that IKONOS would remain operational until the mid-2008 timeframe.
However, this new study resulted in an estimated life expectancy
into the 2010 timeframe.</p><p><tm:entity><tm:person Family_Name="Schuster" First_Name="Bill" Gender="Male" role="Person" value="bill schuster">Bill Schuster</tm:person></tm:entity>, <tm:entity><tm:function FunctionCategory="Board" role="Has_Function" value="chief operating officer">chief operating officer</tm:function></tm:entity> said, "IKONOS continues
to perform almost flawlessly in terms of quantity and quality of
imagery that it collects. Earlier analyses on life expectancy were
conservative and used a number of simplifying assumptions. We asked
<tm:entity><tm:company Domain="Transportation" Extension="Corporation" value="lockheed martin">Lockheed Martin</tm:company></tm:entity> to conduct another study. Previous ones indicated
that space-based radiation posed the most immediate threat, so this
new analysis was focused on what impact radiation has had on
IKONOS' components. The results show that radiation is no longer a
near-term life-limiting factor."</p>
<p>While other unknown factors could cause IKONOS to cease
functioning, there is enough fuel on board to last an additional
eight years and the satellite's batteries are performing well.</p>
<p>The review was undertaken by <tm:entity><tm:company Domain="Transportation, IT" value="lockheed martin commercial space systems">Lockheed Martin Commercial Space
Systems</tm:company></tm:entity>(<tm:entity><tm:company><tm:abbreviation value="lmcss">LMCSS</tm:abbreviation></tm:company></tm:entity>) Specialty <tm:entity><tm:organisation value="engineering organization">Engineering Organization</tm:organisation></tm:entity>(<tm:entity><tm:organisation><tm:abbreviation value="newtown">Newtown</tm:abbreviation></tm:organisation></tm:entity>, Pa.)
and completed <tm:entity><tm:time_expression><tm:exact_time Month="November" Year="2007" value="in mid-november 2007">in mid-November 2007</tm:exact_time></tm:time_expression></tm:entity>. <tm:entity><tm:person Family_Name="Herschitz" First_Name="Roman" Title="Dr" value="dr roman herschitz">Dr. Roman Herschitz</tm:person></tm:entity>, <tm:entity><tm:person Family_Name="Likar" First_Name="Justin" Gender="Male" value="justin likar">Justin
Likar</tm:person></tm:entity> and <tm:entity><tm:person Family_Name="Audrey" First_Name="Esteban" Gender="Male" value="audrey esteban">Audrey Esteban</tm:person></tm:entity>, all <tm:entity><tm:function FunctionCategory="Other" value="engineers">engineers</tm:function></tm:entity> at the <tm:entity><tm:organisation value="specialty engineering organization">Specialty
Engineering Organization</tm:organisation></tm:entity>, performed this latest analysis.</p><p><tm:entity><tm:person Family_Name="Likar" First_Name="Justin" Gender="Male" value="justin likar">Likar</tm:person></tm:entity>, a space radiation <tm:entity><tm:function FunctionCategory="Other" value="engineer">engineer</tm:function></tm:entity>, said, "The high fidelity
analyses performed by <tm:entity><tm:company><tm:abbreviation value="lmcss">LMCSS</tm:abbreviation></tm:company></tm:entity> were conducted using proven analytical
tools and eight years of on-orbit data. Analyses showed that the
on-orbit ionizing radiation environment is comparatively less than
anticipated. As a result -- and barring other life limiting effects
-- the satellite should not anticipate any ionizing radiation
induced degradation affecting operations or imaging performance
into <tm:entity><tm:time_expression><tm:relative_time value="the next decade">the next decade</tm:relative_time></tm:time_expression></tm:entity>."</p><p><tm:entity><tm:person Family_Name="Inspace" First_Name="Willis" Gender="Undefined Gender" value="willis inspace">Willis Inspace</tm:person></tm:entity> was the insurance broker.</p>
<p>About <tm:entity><tm:company Extension="Inc" value="geoeye">GeoEye</tm:company></tm:entity></p><p><tm:entity><tm:company Extension="Inc" role="Who" value="geoeye">GeoEye</tm:company></tm:entity> is the premier provider of geospatial information,
imagery and solutions for the national security community,
strategic partners, resellers and commercial customers to help them
better map, measure and monitor the world. <tm:entity><tm:company Extension="Inc" value="geoeye">GeoEye</tm:company></tm:entity> operates a
constellation of Earth imaging satellites, mapping aircraft and has
an international network of ground stations, a robust imagery
archive, and advanced geospatial imagery processing capabilities.
The launch of GeoEye-1 is slated <tm:entity><tm:time_expression><tm:exact_time Month="April" Year="2008" value="for april 2008">for April 2008</tm:exact_time></tm:time_expression></tm:entity> from Vandenberg <tm:entity><tm:organisation Domain="Governmental" value="air force">Air
Force</tm:organisation></tm:entity> Base in <tm:location><tm:country location_country="United States of America"><tm:place>California</tm:place></tm:country></tm:location>. GeoEye-1 will be the world's highest
resolution and most accurate commercial imaging satellite. <tm:entity><tm:company Extension="Inc" value="geoeye">GeoEye</tm:company></tm:entity> is a public company listed on the <tm:entity><tm:stockindex value="nasdaq">Nasdaq</tm:stockindex></tm:entity> stock exchange under the
symbol <tm:entity><tm:companyticker company="GeoEye, Inc." value="NASDAQ:GEOY">GEOY</tm:companyticker></tm:entity>. <tm:entity><tm:company Extension="Inc" value="geoeye">GeoEye</tm:company></tm:entity> provides support to academic institutions and
non-governmental organizations through the <tm:entity><tm:organisation value="geoeye foundation">GeoEye Foundation</tm:organisation></tm:entity>.
Headquartered in Dulles, <tm:entity><tm:location><tm:country location_country="United States of America"><tm:place>Virginia</tm:place></tm:country></tm:location></tm:entity>, <tm:entity><tm:company Extension="Inc" value="geoeye">GeoEye</tm:company></tm:entity> maintains a comprehensive
Quality Management System (QMS), and has achieved company-wide ISO
accreditation. For more information, visit <a href="http://www.geoeye.com" target="_new">http://www.geoeye.com</a>.</p>
<p><tm:entity><tm:location><tm:country><tm:place>Safe Harbor</tm:place></tm:country></tm:location></tm:entity> Statement Under the Private Securities Litigation
Reform Act of 1995</p>
<p>This release contains forward-looking statements within the
meaning of Section 27A of the <tm:entity><tm:company value="securities act">Securities Act</tm:company></tm:entity> and <tm:entity><tm:company Domain="Financial" value="securities exchange act">Securities
Exchange Act</tm:company></tm:entity> of 1934, as amended. These forward-looking statements
involve known and unknown risks and uncertainties. <tm:entity><tm:company Extension="Inc" value="geoeye">GeoEye</tm:company></tm:entity>'s actual
financial and operational results could differ materially from
those anticipated. Additional information regarding these risk
factors and uncertainties is described more fully in the Company's
SEC filings. A copy of all SEC filings may be obtained from the
SEC's EDGAR web site, <a href="http://www.sec.gov" target="_new">http://www.sec.gov,</a>or by contacting: <tm:entity><tm:person Family_Name="Warren" First_Name="William, L" Gender="Male" role="Person" value="william l warren">William L. Warren</tm:person></tm:entity>,
<tm:entity><tm:function FunctionCategory="Board" role="Has_Function" value="senior vice president">Senior Vice President</tm:function></tm:entity>, General Counsel and <tm:entity><tm:function FunctionCategory="Political" value="secretary">Secretary</tm:function></tm:entity>, at
703-480-5672.</p></body>
</html>


</doc>

