<doc xmlns:tm="http://www.temis.com/annotations/1.1/">
<metadata><aboutcompany value="microstrategy"/><releaselocation value="mclean"/><data_source value="prnews"/><source value="microstrategy incorporated"/><processing_date>2008-01-21T17:52:33</processing_date><date>2007-12-19T09:00:00</date><quote symbol="NASDAQ:MSFT" src-company="microsoft" company="Microsoft Corporation" date="2007-12-19" price="34.79"/><quote symbol="NYSE:TDC" src-company="teradata" company="Teradata Corporation" date="2007-12-19" price="26.44"/><quote symbol="NYSE:HP" src-company="hp" company="Helmerich &amp; Payne, Inc." date="2007-12-19" price="36.99"/><quote symbol="NYSE:BXG" src-company="bluegreen" company="Bluegreen Corporation" date="2007-12-19" price="6.53"/><quote symbol="NYSE:DRI" src-company="darden restaurants" company="Darden Restaurants, Inc." date="2007-12-19" price="28.60"/><quote symbol="ASX:MTS" src-company="metcash" company="Metcash Limited" date="2007-12-19" price=""/><quote symbol="NYSE:MET" src-company="metlife" company="MetLife, Inc." date="2007-12-19" price="60.90"/><quote symbol="NYSE:JWN" src-company="nordstrom" company="Nordstrom, Inc." date="2007-12-19" price="35.29"/><quote symbol="NYSE:YUM" src-company="yum brands" company="Yum! Brands, Inc." date="2007-12-19" price="37.93"/><quote symbol="NYSE:SY" src-company="sybase" company="Sybase, Inc." date="2007-12-19" price="25.11"/><quote symbol="NYSE:NZ" src-company="netezza" company="Netezza Corporation" date="2007-12-19" price="13.83"/><quote symbol="NASDAQ:SPSS" src-company="spss" company="SPSS Inc." date="2007-12-19" price="35.91"/><quote symbol="NASDAQ:MSTR" src-company="microstrategy" company="MicroStrategy Incorporated" date="2007-12-19" price="94.20"/></metadata>
<title>MicroStrategy to Host 11th Annual User Conference, <tm:entity><tm:time_expression><tm:relative_time value="january 14-17 , 2008">January 14-17, 2008</tm:relative_time></tm:time_expression></tm:entity> in <tm:entity><tm:location><tm:country location_country="United States of America"><tm:place>Miami</tm:place></tm:country></tm:location></tm:entity></title>
<html>
<head>
<meta name="generator" content="HTML Tidy for Windows (vers 14 February 2006), see www.w3.org"/>
<!-- #BeginEditable "doctitle" -->
<title>MicroStrategy to Host 11th Annual User Conference, <tm:entity><tm:time_expression><tm:relative_time value="january 14-17 , 2008">January
14-17, 2008</tm:relative_time></tm:time_expression></tm:entity> in <tm:entity><tm:location><tm:country location_country="United States of America"><tm:place>Miami</tm:place></tm:country></tm:location></tm:entity></title></head>
<body>
<p>Expanded Program to Offer More Than 120 Business and Technology
Sessions</p>
<p>MCLEAN, Va., <tm:entity><tm:time_expression><tm:relative_time Day="19" Month="Dec." value="dec. 19">Dec. 19</tm:relative_time></tm:time_expression></tm:entity> /PRNewswire-FirstCall/ -- <tm:entity><tm:company Extension="Inc" value="microstrategy ( r )">MicroStrategy(R)</tm:company></tm:entity> Incorporated (<tm:entity><tm:stockindex value="nasdaq">Nasdaq</tm:stockindex></tm:entity>: <a class="small" href="http://studio-5.financialcontent.com/prnews?Page=Quote&amp;Ticker=MSTR" onclick="var s=s_gi(s_account); var hd1 = document.getElementById('headline'); s.tl(this,'o',getLinkName('Company Sanpshot'));">MSTR</a>), a leading worldwide provider of business intelligence
software, today announced that it will host its 11th annual user
conference, MicroStrategy World <tm:entity><tm:time_expression><tm:relative_time value="2008 , january 14-17">2008, January 14-17</tm:relative_time></tm:time_expression></tm:entity> at the
InterContinental <tm:entity><tm:company Domain="ConsumerGood" Location_Continent="America" Location_Country="UnitedStates" value="miami hotel">Miami Hotel</tm:company></tm:entity> in <tm:entity><tm:location><tm:country location_country="United States of America"><tm:place>Miami</tm:place></tm:country></tm:location></tm:entity>, <tm:entity><tm:location><tm:country location_country="United States of America"><tm:place>Florida</tm:place></tm:country></tm:location></tm:entity>. The event will
feature customer speakers from industry-leading organizations, more
than 120 educational sessions, and an exhibit hall showcasing
<tm:entity><tm:company><tm:potential_company role="Who" value="microstrategy">MicroStrategy</tm:potential_company></tm:company></tm:entity> business partners.</p>
<p>MicroStrategy World 2008 will feature keynote presentations from
<tm:entity><tm:company><tm:potential_company role="Who" value="microstrategy">MicroStrategy</tm:potential_company></tm:company></tm:entity> <tm:entity><tm:function FunctionCategory="Board" role="Has_Function" value="chief executive officer">CEO</tm:function></tm:entity> <tm:entity><tm:person Family_Name="Saylor" First_Name="Michael" Gender="Male" role="Person" value="michael saylor">Michael Saylor</tm:person></tm:entity> and <tm:entity><tm:company><tm:normalized_name Domain="IT" role="Who" value="yahoo">Yahoo!</tm:normalized_name></tm:company></tm:entity> <tm:entity><tm:function FunctionCategory="Board" role="Has_Function" value="vice president">Vice President</tm:function></tm:entity> <tm:entity><tm:person Family_Name="Awadallah" First_Name="Amr" role="Person" value="amr awadallah">Amr
Awadallah</tm:person></tm:entity>, as well as a <tm:entity><tm:function FunctionCategory="Board" value="cto exchange">CTO Exchange</tm:function></tm:entity> with the Chief Technology
Officers from MicroStrategy, <tm:entity><tm:company value="teradata">Teradata</tm:company></tm:entity>, and Informatica. In
addition, the Technology Futures <tm:entity><tm:time_expression><tm:relative_time value="half-day">half-day</tm:relative_time></tm:time_expression></tm:entity> session will outline
MicroStrategy's technology vision and future product
enhancements.</p>
<p><tm:entity><tm:function FunctionCategory="Board" value="executives">Executives</tm:function></tm:entity> from more than 25 companies will present case studies
illustrating how they use MicroStrategy software to improve
operations, reduce inefficiencies, and enhance business
performance. Some of the companies scheduled to present at
MicroStrategy World 2008 include <tm:entity><tm:company Extension="Corporation" value="bluegreen">Bluegreen</tm:company></tm:entity> Corporation, Catalina
Marketing, <tm:entity><tm:company value="con way freight">Con-way Freight</tm:company></tm:entity>, Corporate <tm:entity><tm:company Extension="Corporate" value="express">Express</tm:company></tm:entity>, <tm:entity><tm:company Domain="ConsumerGoods" value="darden restaurants">Darden Restaurants</tm:company></tm:entity>,
<tm:entity><tm:company Domain="ConsumerGoods" value="gucci">Gucci</tm:company></tm:entity>, <tm:entity><tm:company value="h&amp;r">H&amp;R</tm:company></tm:entity> <tm:entity><tm:function FunctionCategory="Other" value="block financial advisors">Block Financial Advisors</tm:function></tm:entity>, <tm:entity><tm:company><tm:normalized_name Domain="ConsumerGoods" Extension="Companies" value="lowes">Lowe's</tm:normalized_name></tm:company></tm:entity> Companies, Meredith
Corporation, <tm:entity><tm:company Location_Continent="Oceania" Location_Country="Australia" value="metcash">Metcash</tm:company></tm:entity> Australia, <tm:entity><tm:company value="metlife">MetLife</tm:company></tm:entity>, <tm:entity><tm:company value="nordstrom">Nordstrom</tm:company></tm:entity>, <tm:entity><tm:company value="nygard international">Nygard
International</tm:company></tm:entity>, The <tm:entity><tm:organisation Domain="Educational" value="university of miami">University of Miami</tm:organisation></tm:entity>, XM Satellite Radio, and
<tm:entity><tm:company Domain="ConsumerGoods" Extension="Inc" value="yum brands">Yum! Brands</tm:company></tm:entity>, Inc.</p><p>MicroStrategy World 2008 will offer a wide range of business and
technical tracks with tutorials, discussions, demonstrations, and
case studies geared to every level of BI experience. Several new
tracks have been added <tm:entity><tm:time_expression><tm:exact_time Year="2008" value="for 2008">for 2008</tm:exact_time></tm:time_expression></tm:entity>, and the technical sessions will
cover topics including Reporting, Analysis, and Monitoring;
Dashboarding and Advanced Visualizations; Customizing the User
Experience; Driving Application Efficiency and Returns; and
Integrating MicroStrategy with Enterprise Applications.</p><p>Participants will learn about complementary solutions and
services from many of MicroStrategy's technology partners and event
sponsors, including <tm:entity><tm:company Domain="IT" value="microsoft">Microsoft</tm:company></tm:entity>, <tm:entity><tm:company value="pitney bowes mapinfo">Pitney Bowes MapInfo</tm:company></tm:entity>, <tm:entity><tm:company value="hp">HP</tm:company></tm:entity>, <tm:entity><tm:company Domain="Pharma" value="research">Research</tm:company></tm:entity> In <tm:entity><tm:company value="motion">Motion</tm:company></tm:entity>, <tm:entity><tm:company Domain="IT" value="sybase">Sybase</tm:company></tm:entity>, <tm:entity><tm:company value="teradata">Teradata</tm:company></tm:entity>, <tm:entity><tm:company value="netezza">Netezza</tm:company></tm:entity>, <tm:entity><tm:company value="spss">SPSS</tm:company></tm:entity>, <tm:entity><tm:company value="ab initio">Ab Initio</tm:company></tm:entity>, <tm:entity><tm:company value="goldengate">GoldenGate</tm:company></tm:entity>,
<tm:entity><tm:company value="greenplum">Greenplum</tm:company></tm:entity>, iOLAP, WhereScape, Avnet Technology Solutions, Carpio
Solutions, DataFactZ, KXEN, Longview Solutions, <tm:entity><tm:company value="quantisense">QuantiSense</tm:company></tm:entity>,
<tm:entity><tm:company Extension="Group" value="southport services">Southport Services</tm:company></tm:entity> Group, <tm:entity><tm:company value="syncsort">Syncsort</tm:company></tm:entity>, and Visual Crossing.</p><p>"This is an exciting time in the business intelligence
industry," said Sanju Bansal, MicroStrategy <tm:entity><tm:function FunctionCategory="Board" value="chief operation officer">COO</tm:function></tm:entity>. "The marketplace
has dramatically changed <tm:entity><tm:time_expression><tm:duration From="last year" value="since last year">since last year</tm:duration></tm:time_expression></tm:entity>'s annual user conference.
Our expanded program <tm:entity><tm:time_expression><tm:relative_time value="this year">this year</tm:relative_time></tm:time_expression></tm:entity> offers attendees more business and
technology sessions, with an impressive line-up of customer
speakers who will share best practices and successful methodologies
used in their MicroStrategy deployments."</p>
<p>Registration information and a preliminary agenda for
MicroStrategy World 2008 are available at <a href="http://www.microstrategy.com/World08" target="_new">http://www.microstrategy.com/World08</a>.</p>
<p>About MicroStrategy</p>
<p>Founded <tm:entity><tm:time_expression><tm:exact_time Year="1989" value="in 1989">in 1989</tm:exact_time></tm:time_expression></tm:entity>, <tm:entity><tm:company Extension="Inc" value="microstrategy">MicroStrategy</tm:company></tm:entity> is a global leader in business
intelligence (BI) technology. MicroStrategy provides integrated
reporting, analysis, and monitoring software that helps leading
organizations worldwide make better business decisions every day.
Companies choose MicroStrategy for its advanced technical
capabilities, sophisticated analytics, and superior data and user
scalability. More information about <tm:entity><tm:company Extension="Inc" value="microstrategy">MicroStrategy</tm:company></tm:entity>(<tm:entity><tm:stockindex value="nasdaq">Nasdaq</tm:stockindex></tm:entity>:
<a class="small" href="http://studio-5.financialcontent.com/prnews?Page=Quote&amp;Ticker=MSTR" onclick="var s=s_gi(s_account); var hd1 = document.getElementById('headline'); s.tl(this,'o',getLinkName('Company Sanpshot'));">MSTR</a>) is available at <a href="http://www.microstrategy.com" target="_new">http://www.microstrategy.com</a>.</p><p>MicroStrategy and MicroStrategy Business Intelligence Platform
are either trademarks or registered trademarks of <tm:entity><tm:company Extension="Inc" value="microstrategy">MicroStrategy</tm:company></tm:entity> Incorporated in the <tm:entity><tm:location><tm:country><tm:place>United States</tm:place></tm:country></tm:location></tm:entity> and certain other countries.
Other product and company names mentioned herein may be the
trademarks of their <tm:entity><tm:function FunctionCategory="Board" value="respective owners">respective owners</tm:function></tm:entity>.<br/></p><p>Contact:</p>
<p>Wende Cover</p>
<p><tm:entity><tm:company Extension="Inc" value="microstrategy">MicroStrategy</tm:company></tm:entity> Incorporated</p>
<p>703-770-1646</p>
<p><a href="mailto:wcover@microstrategy.com"><tm:entity><tm:email value="wcover@microstrategy.com">wcover@microstrategy.com</tm:email></tm:entity></a></p></body>
</html>


</doc>

