<doc xmlns:tm="http://www.temis.com/annotations/1.1/">
<metadata><aboutcompany value="orb networks, inc."/><releaselocation value="emeryville"/><data_source value="prnews"/><source value="orb networks, inc."/><processing_date>2008-01-21T17:51:16</processing_date><date>2007-12-19T12:33:00</date><quote symbol="NASDAQ:MSFT" src-company="microsoft" company="Microsoft Corporation" date="2007-12-19" price="34.79"/><quote symbol="NASDAQ:HAUP" src-company="hauppauge" company="Hauppauge Digital, Inc." date="2007-12-19" price="4.13"/></metadata>
<title>Video-to-the-TV and Music-on-Mobile Drive New Users to Orb
</title>
<html>
<head>
<meta name="generator" content="HTML Tidy for Windows (vers 14 February 2006), see www.w3.org"/>
<!-- #BeginEditable "doctitle" -->
<title>Video-to-the-TV and Music-on-Mobile Drive New Users to
Orb</title>
</head>
<body>
<p>Four million registered users Watch PC movies on their TV,
stream media to</p>
<p>phones and remote PCs</p>
<p>EMERYVILLE, <tm:entity><tm:location><tm:country location_country="United States of America"><tm:place>Calif.</tm:place></tm:country></tm:location></tm:entity>, <tm:entity><tm:time_expression><tm:relative_time Day="19" Month="Dec." value="dec. 19">Dec. 19</tm:relative_time></tm:time_expression></tm:entity> /PRNewswire/ -- Orb Networks
(<a href="http://www.orb.com" target="_new">http://www.orb.com</a>)
<tm:entity><tm:time_expression><tm:relative_time value="this week">this week</tm:relative_time></tm:time_expression></tm:entity> announced it had reached four million registered users,
just <tm:entity><tm:time_expression><tm:relative_time value="weeks after">weeks after</tm:relative_time></tm:time_expression></tm:entity> reaching the 2 million milestone. The company said
that the spike was driven by users consuming music and videos on
their streaming media phones, and the exploding trend of streaming
home and internet videos from the PC to the TV, taking advantage of
home theater and surround sound systems. The growth in user
accounts comes from <tm:entity><tm:location><tm:country><tm:place>US</tm:place></tm:country></tm:location></tm:entity> as well as international geographies.</p>
<p>Orb's media management software enables users to stream anything
on their PCs to virtually any other internet-connected device.
Based on usage patterns, a huge spike came from streaming video and
music collections from a PC to the TV using a game console like the
<tm:entity><tm:company Domain="IT" value="nintendo wii">Nintendo Wii</tm:company></tm:entity> or <tm:entity><tm:company Domain="IT" value="microsoft">Microsoft</tm:company></tm:entity> Xbox 360. See the CNET review at <a href="http://www.cnettv.com/9742-1_53-31392.html" target="_new">http://www.cnettv.com/9742-1_53-31392.html</a></p>
<p>"Everyone has their photos and music on their PCs. Now, people
are downloading movies as well, but who can stand to watch a movie
on a 12-in computer screen?" said <tm:entity><tm:person Family_Name="Costello" First_Name="Joe" Gender="Male" role="Person" value="joe costello">Joe Costello</tm:person></tm:entity>, <tm:entity><tm:function FunctionCategory="Board" role="Has_Function" value="ceo of orb networks">CEO of Orb
Networks</tm:function></tm:entity>. "With Orb, you can watch those downloaded movies -- or
any content from your PC -- on your 50-inch TV with the
surround-sound system. You can even watch internet videos like
<tm:entity><tm:company Domain="IT" value="youtube">YouTube</tm:company></tm:entity> on the TV."</p>
<p>First launched <tm:entity><tm:time_expression><tm:exact_time Year="2004" value="in late 2004">in late 2004</tm:exact_time></tm:time_expression></tm:entity>, Orb handles the media formatting,
network connection, and file type discrepancies that typically make
streaming live media difficult. Orb's free software and service
make it easy to consume media while you are away and to share it
with friends and family.</p><p>"With Orb on your PC, you don't need to sync a "player" device,
or remember to update your collection before you leave the house,
or upload anything to the internet," <tm:entity><tm:person Family_Name="Costello" First_Name="Joe" Gender="Male" role="Person" value="joe costello">Costello</tm:person></tm:entity> said. "Anything on
your PC is accessible, safely and securely, so it's easy to show
grandma little Janey's school video, watch TV on your laptop, or
play music on your iPhone."</p>
<p>How Orb Works</p>
<p>Orb is a free media sharing application. Download it to the PC
where you have all your media, and then stream any of the media
that is on your PC -- or anything from the internet -- to another
computer, mobile phone, or TV via a game console. Download it today
at <a href="http://www.orb.com/download_orb" target="_new">http://www.orb.com/download_orb</a>.</p><p>About <tm:entity><tm:company Extension="Inc" value="orb networks">Orb Networks</tm:company></tm:entity>, Inc.</p><p><tm:entity><tm:company Extension="Inc" value="orb networks">Orb Networks</tm:company></tm:entity> is an award-winning developer of software and
services that unlock the digital media stored on personal
computers. Orb provides secure, free, instant, and
everywhere-access to photos, videos, to TV programs and music, on
virtually any Web-enabled device. The company's partners and
affiliates include: <tm:entity><tm:company><tm:normalized_name Domain="Media" value="aol">AOL</tm:normalized_name></tm:company></tm:entity> Winamp, <tm:entity><tm:company><tm:normalized_name Domain="IT" value="amd">AMD</tm:normalized_name></tm:company></tm:entity>, <tm:entity><tm:company Domain="Pharma" value="creative labs">Creative Labs</tm:company></tm:entity>, <tm:entity><tm:company value="hauppauge">Hauppauge</tm:company></tm:entity>,
<tm:entity><tm:company value="hutchison">Hutchison</tm:company></tm:entity>, <tm:entity><tm:company Domain="IT" value="nokia">Nokia</tm:company></tm:entity>, <tm:entity><tm:company Domain="TeleCommunication" value="orange">Orange</tm:company></tm:entity> and <tm:entity><tm:company><tm:normalized_name Domain="TeleCommunication" value="vodafone">Vodafone</tm:normalized_name></tm:company></tm:entity>. Orb Networks is a privately
held company in <tm:entity><tm:location><tm:country><tm:place>Emeryville</tm:place></tm:country></tm:location></tm:entity>, <tm:entity><tm:location><tm:country location_country="United States of America"><tm:place>Calif.</tm:place></tm:country></tm:location></tm:entity></p></body>
</html>


</doc>

