<doc xmlns:tm="http://www.temis.com/annotations/1.1/">
<metadata>
<aboutcompany value="absolute software"/>
<releaselocation value="vancouver"/>
<data_source value="prnews"/>
<source value="absolute software corporation"/>
<processing_date>2008-01-21T18:18:16</processing_date>
<date>2007-12-13T09:30:00</date>
<quote symbol="NASDAQ:AAPL" src-company="apple" company="Apple Inc." date="2007-12-13" price="191.83"/><quote symbol="TSE:ABT" src-company="absolute software" company="Absolute Software" date="2007-12-13" price="58.38"/><quote symbol="NASDAQ:DATA" src-company="data" company="DATATRAK International, Inc." date="2007-12-13" price="1.83"/><quote symbol="NASDAQ:DELL" src-company="dell" company="Dell Inc." date="2007-12-13" price="23.60"/></metadata>
<title>Preventing Data and Laptop Theft: Podcast by Absolute Software
</title>
<html>
<head>
<meta name="generator" content="HTML Tidy for Windows (vers 14 February 2006), see www.w3.org"/>
<!-- #BeginEditable "doctitle" -->
<title>Preventing Data and Laptop Theft: Podcast by Absolute
Software</title>
</head>
<body>
<p>Interview with <tm:entity><tm:person Family_Name="Bauer" First_Name="Rick" Gender="Male" value="rick bauer">Rick Bauer</tm:person></tm:entity> of <tm:entity><tm:organisation value="storage networking industry association">Storage Networking Industry
Association</tm:organisation></tm:entity></p><p><tm:location><tm:country location_country="Canada"><tm:place>VANCOUVER</tm:place></tm:country></tm:location>, <tm:entity><tm:time_expression><tm:relative_time Day="13" Month="Dec." value="dec. 13">Dec. 13</tm:relative_time></tm:time_expression></tm:entity> /PRNewswire-FirstCall/ - <tm:entity><tm:company Domain="IT" Extension="Corporation" value="absolute ( r ) software">Absolute(R) Software</tm:company></tm:entity> Corporation ("Absolute" or the "Company") (<tm:entity><tm:companyticker value="tsx">TSX</tm:companyticker></tm:entity>: <tm:entity><tm:media><tm:television value="abt">ABT</tm:television></tm:media></tm:entity>), the leading
provider of Firmware-based, patented Computer Theft Recovery, Data
Protection and Secure Asset Tracking(TM) recently interviewed <tm:entity><tm:person Family_Name="Bauer" First_Name="Rick" Gender="Male" role="Person" value="rick bauer">Rick
Bauer</tm:person></tm:entity>, <tm:entity><tm:function FunctionCategory="Board" role="Has_Function" value="director of technology">director of technology</tm:function></tm:entity> and education at the <tm:entity><tm:organisation value="storage networking industry association">Storage
Networking Industry Association</tm:organisation></tm:entity>(<tm:entity><tm:organisation><tm:abbreviation value="snia">SNIA</tm:abbreviation></tm:organisation></tm:entity>), to share his insights and
experience for preventing data and laptop theft. The conversation
was recorded as a podcast and is available for download on the
Absolute Software website.</p><p>During the podcast, Bauer addresses the need for multi-layered
approaches to on-site security, as well as the need to secure
portable devices. He provides recommendations on security software
and shares his personal experiences with laptop theft and retrieval
at the <tm:entity><tm:organisation Domain="Educational" value="hill school in pottstown">Hill School in Pottstown</tm:organisation></tm:entity>, <tm:entity><tm:location><tm:country location_country="United States of America"><tm:place>Pennsylvania</tm:place></tm:country></tm:location></tm:entity>. He also discusses
his work with <tm:entity><tm:company Domain="Financial" value="carnegie mellon">Carnegie Mellon</tm:company></tm:entity> and other universities to form a
storage security forum.</p>
<p>To download the podcast, please visit: <a href="http://www.absolute.com/podcast" target="_new">http://www.absolute.com/podcast</a>.</p>
<p>For mobile device security news, please visit the blog: <a href="http://blog.absolute.com/" target="_new">http://blog.absolute.com/</a> .</p>
<p>About Absolute Software</p>
<p><tm:entity><tm:company Domain="IT" Extension="Corporation" value="absolute software">Absolute Software</tm:company></tm:entity> Corporation (<tm:entity><tm:companyticker value="tsx">TSX</tm:companyticker></tm:entity>: <tm:entity><tm:media><tm:television value="abt">ABT</tm:television></tm:media></tm:entity>) is the leader in
<tm:entity><tm:company value="computer theft recovery">Computer Theft Recovery</tm:company></tm:entity>, <tm:entity><tm:company value="data">Data</tm:company></tm:entity> Protection and Secure Asset
Tracking(TM) solutions. Absolute Software provides organizations
and consumers with solutions in the areas of regulatory compliance,
data protection and theft recovery. The Company's Computrace(R)
software is embedded in the BIOS of computers by global leaders,
including <tm:entity><tm:company Domain="IT" value="dell">Dell</tm:company></tm:entity>, <tm:entity><tm:company Domain="IT" value="fujitsu">Fujitsu</tm:company></tm:entity>, Gateway, HP, Lenovo, Motion, Panasonic and
Toshiba, and the Company has reselling partnerships with these OEMs
and others, including <tm:entity><tm:company Domain="IT" value="apple">Apple</tm:company></tm:entity>. For more information about Absolute
Software and Computrace, visit <a href="http://www.absolute.com" target="_new">http://www.absolute.com</a>.</p><p>Forward-Looking Statements</p>
<p>This press release contains forward-looking statements that
involve risks and uncertainties. These forward-looking statements
relate to, among other things, the expected performance of our
services and products, possible guarantee payment eligibility, and
other expectations, intentions and plans contained in this press
release that are not historical fact. When used in this press
release, the words "plan," "expect," "believe," and similar
expressions generally identify forward-looking statements. These
statements reflect our current expectations. They are subject to a
number of risks and uncertainties, including, but not limited to,
changes in technology and general market conditions. In light of
the many risks and uncertainties you should understand that we
cannot assure you that the forward-looking statements contained in
this press release will be realized.</p>
<p>(C)2007 <tm:entity><tm:company Domain="IT" Extension="Corporation" value="absolute software">Absolute Software</tm:company></tm:entity> Corporation. All rights reserved.
Computrace and Absolute are registered trademarks of <tm:entity><tm:company Domain="IT" Extension="Corporation" value="absolute software">Absolute
Software</tm:company></tm:entity> Corporation. Computrace <tm:entity><tm:location><tm:country><tm:place>U.S.</tm:place></tm:country></tm:location></tm:entity> patents # 5,715,174, #
5,764,892, # 5,802,280, # 5,896,497, # 6,244,758, # 6,269,392, #
6,300,863, and # 6,507,914. Canadian patents # 2,284,806 and #
2,205,370. <tm:entity><tm:location><tm:country><tm:place>U.K.</tm:place></tm:country></tm:location></tm:entity> patents # EP793823 and # GB2338101. German patent #
695 125 34.6-08. Australian patent # 699045. The <tm:entity><tm:organisation Domain="Financial" value="toronto stock exchange">Toronto Stock
Exchange</tm:organisation></tm:entity> has neither approved nor disapproved of the information
contained in this news release.</p>
</body>
</html>


</doc>

