<doc xmlns:tm="http://www.temis.com/annotations/1.1/">
<metadata><aboutcompany value="siia"/><releaselocation value="washington"/><data_source value="prnews"/><source value="software &amp; information industry association"/><processing_date>2008-01-21T18:17:15</processing_date><date>2007-12-13T12:02:00</date><quote symbol="NASDAQ:EBAY" src-company="ebay" company="eBay Inc." date="2007-12-13" price="34.09"/><quote symbol="NYSE:CSR" src-company="csr" company="China Security &amp; Surveillance Tech. Inc." date="2007-12-13" price="21.40"/></metadata>
<title>SIIA Launches 'Don't Get Mad, Get Even' Campaign to Protect Consumers From Software Auction Fraud
</title>
<html>
<head>
<meta name="generator" content="HTML Tidy for Windows (vers 14 February 2006), see www.w3.org"/>
<!-- #BeginEditable "doctitle" -->
<title>SIIA Launches 'Don't Get Mad, Get Even' Campaign to Protect
Consumers From Software Auction Fraud</title>
</head>
<body>
<p><tm:entity><tm:function FunctionCategory="Political" value="national leader in software piracy prevention and education">National Leader in Software Piracy Prevention and Education</tm:function></tm:entity> Will
Award Up to $500 to Individual Victims of Auction Fraud Through
Landmark Program</p>
<p><tm:entity><tm:location><tm:country location_country="United States of America"><tm:place>WASHINGTON</tm:place></tm:country></tm:location></tm:entity>, <tm:entity><tm:time_expression><tm:relative_time Day="13" Month="Dec." value="dec. 13">Dec. 13</tm:relative_time></tm:time_expression></tm:entity> /PRNewswire-USNewswire/ -- The Software
&amp; <tm:entity><tm:organisation value="information industry association">Information Industry Association</tm:organisation></tm:entity>(<tm:entity><tm:organisation><tm:abbreviation value="siia">SIIA</tm:abbreviation></tm:organisation></tm:entity>), the principal trade
association for the software and digital information industry,
today launched a new weapon to help protect consumers in the fight
against illegal software distribution. The "Don't Get Mad, Get
Even" campaign is intended to encourage buyers of counterfeit
software to get even with a seller by reporting them to <tm:entity><tm:company><tm:potential_company role="Who" value="siia">SIIA</tm:potential_company></tm:company></tm:entity> and,
in return, receiving up to $500 from <tm:entity><tm:company><tm:potential_company role="Who" value="siia">SIIA</tm:potential_company></tm:company></tm:entity> to purchase legitimate
replacements.</p>
<p>"The sale of pirated software doesn't only hurt the software
industry, it also hurts consumers and damages consumer confidence,"
said <tm:entity><tm:person Family_Name="Kupferschmid" First_Name="Keith" Gender="Male" role="Person" value="keith kupferschmid">Keith Kupferschmid</tm:person></tm:entity>, <tm:entity><tm:company><tm:potential_company role="Who" value="siia">SIIA</tm:potential_company></tm:company></tm:entity> <tm:entity><tm:function FunctionCategory="Board" role="Has_Function" value="senior vp intellectual property policy enforcement">Senior VP Intellectual Property
Policy &amp; Enforcement</tm:function></tm:entity>. "Consumers feel 'taken' when they buy
software, only to find out after it arrives that the software is a
fake and that they did not get an instruction manual or that they
can't get technical support from the software company. The "Don't
Get Mad, Get Even" program is a way for unsuspecting buyers to get
even with auction sellers who rip them off."</p><p>"Auction piracy would not be such a big problem if <tm:entity><tm:company><tm:potential_company role="Who" value="siia">SIIA</tm:potential_company></tm:company></tm:entity> and its
<tm:entity><tm:function FunctionCategory="Board" value="members">members</tm:function></tm:entity> could get better cooperation from <tm:entity><tm:company Domain="ConsumerGoods" value="ebay">eBay</tm:company></tm:entity> and other auction
sites," added <tm:entity><tm:person Family_Name="Kupferschmid" First_Name="Keith" Gender="Male" role="Person" value="keith kupferschmid">Kupferschmid</tm:person></tm:entity>. "Unfortunately, these sites are
unwilling to take the actions necessary to reduce the high-volume
software piracy taking place on their sites. If they truly wanted
to create a healthy economic environment for the sale of software
they would do more to address the problem. Since they haven't <tm:entity><tm:company><tm:potential_company role="Who" value="siia">SIIA</tm:potential_company></tm:company></tm:entity> has had to step in to protect consumers and the software
industry."</p>
<p>The "Don't Get Mad, Get Even" campaign will run <tm:entity><tm:time_expression><tm:duration From="December 13 , 2007" To="January 30 , 2008" value="from december 13 , 2007 to january 30 , 2008">from December
13, 2007 to January 30, 2008</tm:duration></tm:time_expression></tm:entity>. The Program generally works as
follows: The first 100 individuals who inadvertently purchase
counterfeit software on an auction site, complete an application to
participate in the "Don't Get Mad, Get Even" program, submit the
application to <tm:entity><tm:company><tm:potential_company role="Who" value="siia">SIIA</tm:potential_company></tm:company></tm:entity> by no later than 5 pm EST <tm:entity><tm:time_expression><tm:exact_time value="2008">January 30, 2008</tm:exact_time></tm:time_expression></tm:entity> and
satisfy all the eligibility requirements necessary to participate
in the program, will be eligible to receive up to $500 from <tm:entity><tm:company><tm:potential_company role="Who" value="siia">SIIA</tm:potential_company></tm:company></tm:entity>.
The money is intended to help the buyer with money to buy a
legitimate copy of the software, but can generally be used as the
buyer sees fit.</p><p>This program is just one of many initiatives <tm:entity><tm:company><tm:potential_company role="Who" value="siia">SIIA</tm:potential_company></tm:company></tm:entity> has taken <tm:entity><tm:time_expression><tm:relative_time value="in the past two months">in
the past two months</tm:relative_time></tm:time_expression></tm:entity> to combat online auction piracy and to help
educate consumers. <tm:entity><tm:company><tm:potential_company role="Who" value="siia">SIIA</tm:potential_company></tm:company></tm:entity> continues to aggressively sue sellers of
illegal counterfeit and OEM software through its Auction Litigation
Program. <tm:entity><tm:time_expression><tm:relative_time value="last month">Last month</tm:relative_time></tm:time_expression></tm:entity>, <tm:entity><tm:company><tm:potential_company role="Who" value="siia">SIIA</tm:potential_company></tm:company></tm:entity> published three software buying guides
and issued warnings to holiday shoppers to teach buyers the tricks
used by unscrupulous sellers and to instruct them on what questions
to ask so they can avoid buying illegal software. And just <tm:entity><tm:time_expression><tm:relative_time value="last week">last
week</tm:relative_time></tm:time_expression></tm:entity> <tm:entity><tm:company><tm:potential_company role="Who" value="siia">SIIA</tm:potential_company></tm:company></tm:entity> announced the launch of its ground-breaking <tm:entity><tm:company><tm:potential_company role="Whom" value="certified software">Certified
Software</tm:potential_company></tm:company></tm:entity> Reseller (<tm:entity><tm:company Domain="Construction" value="csr">CSR</tm:company></tm:entity>) Program(TM). Through this program, <tm:entity><tm:company><tm:potential_company role="Who" value="siia">SIIA</tm:potential_company></tm:company></tm:entity> has, for the first time, begun certifying online vendors to resell
software on <tm:entity><tm:company Domain="ConsumerGoods" value="ebay">eBay</tm:company></tm:entity> and other auction sites.</p>
<p>The Software &amp; <tm:entity><tm:organisation value="information industry association">Information Industry Association</tm:organisation></tm:entity>'s
Anti-Piracy Division conducts a comprehensive, industry-wide
campaign to fight software and content piracy. The pro-active
campaign is premised on the notion that one must balance
enforcement with education in order to be effective. For further
information, visit <a href="http://www.siia.net/piracy" target="_new">http://www.siia.net/piracy</a>.</p><p>A list of qualifying conditions is posted at <a href="http://www.siia.net/piracy/dgmge.asp" target="_new">http://www.siia.net/piracy/dgmge.asp</a> Full program terms
and conditions are posted on the <tm:entity><tm:company><tm:potential_company role="Who" value="siia">SIIA</tm:potential_company></tm:company></tm:entity> website at <a href="http://www.siia.net/piracy/DGMGE_rules.pdf" target="_new">http://www.siia.net/piracy/DGMGE_rules.pdf</a></p>
<p>About <tm:entity><tm:company><tm:potential_company role="Who" value="siia">SIIA</tm:potential_company></tm:company></tm:entity></p><p>The Software &amp; <tm:entity><tm:organisation value="information industry association">Information Industry Association</tm:organisation></tm:entity>(<tm:entity><tm:organisation><tm:abbreviation value="siia">SIIA</tm:abbreviation></tm:organisation></tm:entity>) is
the principal trade association for the software and digital
content industry. <tm:entity><tm:company><tm:potential_company role="Who" value="siia">SIIA</tm:potential_company></tm:company></tm:entity> provides global services in government
relations, business development, corporate education and
intellectual property protection to more than 550 leading software
and information companies. For further information, visit <a href="http://www.siia.net" target="_new">http://www.siia.net</a>.</p>
</body>
</html>


</doc>

