<doc xmlns:tm="http://www.temis.com/annotations/1.1/">
<metadata>
<aboutcompany value="tethys technology, inc."/>
<releaselocation value="london"/>
<data_source value="prnews"/>
<source value="tethys technology, inc."/>
<processing_date>2008-01-21T17:54:15</processing_date>
<date>2007-12-18T12:38:00</date>
</metadata>
<title><tm:entity><tm:person Family_Name="Goes" First_Name="Ecofin" value="ecofin goes">Ecofin Goes</tm:person></tm:entity> Live on Execta(TM) Portfolio Management and Trade Execution Platform from <tm:entity><tm:company Extension="Inc" value="tethys technology">Tethys Technology</tm:company></tm:entity>, Inc.
</title><html>
<head>
<meta name="generator" content="HTML Tidy for Windows (vers 14 February 2006), see www.w3.org"/>
<!-- #BeginEditable "doctitle" -->
<title><tm:entity><tm:person Family_Name="Goes" First_Name="Ecofin" value="ecofin goes">Ecofin Goes</tm:person></tm:entity> Live on Execta(TM) Portfolio Management and
Trade Execution Platform from <tm:entity><tm:company Extension="Inc" value="tethys technology">Tethys Technology</tm:company></tm:entity>, Inc.</title></head>
<body>
<p><tm:entity><tm:location><tm:country location_country="UnitedKingdom"><tm:place>LONDON</tm:place></tm:country></tm:location></tm:entity>, and <tm:entity><tm:location><tm:country location_country="United States of America"><tm:place>NEW YORK</tm:place></tm:country></tm:location></tm:entity>, <tm:entity><tm:time_expression><tm:relative_time Day="18" Month="Dec." role="Context" value="dec. 18">Dec. 18</tm:relative_time></tm:time_expression></tm:entity> /PRNewswire/ -- <tm:entity><tm:company Extension="Limited, Ltd." role="Who" value="ecofin">Ecofin</tm:company></tm:entity> Ltd., a
multi-billion dollar asset management firm, which invests in global
utilities and infrastructure sectors, has gone live with the
Execta(TM) Portfolio Management and Execution Management System
("EMS") from Tethys Technology, Inc. Ecofin has implemented Execta
simultaneously in London and New York and plans to implement
TotalTCA(TM), the pre-trade, real-time and post-trade transaction
cost analysis offering from Tethys, in the near future.</p>
<p>"Tethys products allow us to take advantage of trading
opportunities around the world and they provide us access to
state-of-art algorithmic trading technology and analytics on our
desktop. In addition Tethys has helped us streamline the entire
trade-booking and allocation process. Tethys Technology was one of
the few vendors who could support the workflow we required. Ecofin
chose Execta(TM) for its flexibility, low latency, multi-asset
algorithmic trading capabilities and the high-quality support. As
our firm continues to grow, we needed a system that can easily
scale to support new trading strategies and investment funds," says
<tm:entity><tm:person Family_Name="Earlywine" First_Name="Mike" Gender="Male" value="mike earlywine">Mike Earlywine</tm:person></tm:entity>, <tm:entity><tm:company Extension="Limited, Ltd." value="ecofin">Ecofin</tm:company></tm:entity>'s trader.</p><p>"We are pleased to have Ecofin as client. They are a
sophisticated firm with deep understanding of markets and
technology," said <tm:entity><tm:person Family_Name="Gambhir" First_Name="Nitin" Gender="Undefined Gender" role="Person" value="nitin gambhir">Nitin Gambhir</tm:person></tm:entity>, <tm:entity><tm:function FunctionCategory="Board" role="Has_Function" value="chief executive officer and president">Chief Executive Officer and
President</tm:function></tm:entity> of Tethys about Ecofin. "Tethys is committed to providing
leading-edge analytics and trading technology to our clients
globally."</p>
<p>Tethys' Execta(TM) EMS Platform is the most powerful and
flexible broker-neutral algorithmic trading and portfolio
management solution available today. It supports global trading in
equities, options, futures and F/X. The platform includes modules
for trading strategy simulation and optimal execution strategy
determination.</p>
<p>About <tm:entity><tm:company Extension="Inc" value="tethys technology">Tethys Technology</tm:company></tm:entity>, Inc.</p><p><tm:entity><tm:company Extension="Inc" role="Who" value="tethys technology">Tethys Technology</tm:company></tm:entity>, Inc. is an innovative investment technology
research and development firm. The firm's Execta(TM) EMS platform
is the fastest growing institutional trading platform today.
TotalTCA(TM) is the firm's comprehensive multi-asset class
transaction cost analysis solution. Tethys provides comprehensive
portfolio management and trade execution tools for hedge funds,
mutual funds and broker <tm:entity><tm:function FunctionCategory="Other" value="dealers">dealers</tm:function></tm:entity>. In addition, Tethys has a
substantial market-microstructure research effort focused on
development of analytics and custom algorithms to assist clients in
reducing the magnitude and variance of transaction costs. For more
information, please visit <a href="http://www.TethysTech.com" target="_new">http://www.TethysTech.com</a>.</p><p>About <tm:entity><tm:company Extension="Limited, Ltd." value="ecofin">Ecofin</tm:company></tm:entity> Limited</p>
<p><tm:entity><tm:company Extension="Limited, Ltd." value="ecofin">Ecofin</tm:company></tm:entity> is an investment firm which specializes in the global
utility and infrastructure sectors. The firm, which was founded <tm:entity><tm:time_expression><tm:exact_time Year="1991" value="in 1991">in
1991</tm:exact_time></tm:time_expression></tm:entity>, is based in <tm:entity><tm:location><tm:country location_country="UnitedKingdom"><tm:place>London</tm:place></tm:country></tm:location></tm:entity> and has offices in <tm:entity><tm:location><tm:country location_country="UnitedKingdom"><tm:place>London</tm:place></tm:country></tm:location></tm:entity>, <tm:entity><tm:location><tm:country location_country="United States of America"><tm:place>New York</tm:place></tm:country></tm:location></tm:entity>,
<tm:entity><tm:location><tm:country location_country="Switzerland"><tm:place>Geneva</tm:place></tm:country></tm:location></tm:entity> and <tm:entity><tm:location><tm:country location_country="China"><tm:place>Hong Kong</tm:place></tm:country></tm:location></tm:entity>. Ecofin has approximately US$5.1 billion of
assets under management. For more information, please visit
<a href="http://www.ecofin.co.uk" target="_new">http://www.ecofin.co.uk</a>.<br/></p><p>Contact:</p>
<p><tm:entity><tm:company Extension="Inc" value="tethys technology">Tethys Technology</tm:company></tm:entity>, Inc.</p><p>In the <tm:entity><tm:location><tm:country><tm:place>U.S.</tm:place></tm:country></tm:location></tm:entity>, <tm:entity><tm:person Family_Name="Cogger" First_Name="Deirdre" Gender="Female" value="deirdre cogger">Deirdre Cogger</tm:person></tm:entity>, <a href="mailto:DeirdreC@TethysTech.com"><tm:entity><tm:email value="deirdrec@tethystech.com">DeirdreC@TethysTech.com</tm:email></tm:entity></a></p><p>1 212 509 5628</p>
<p>In the <tm:entity><tm:location><tm:country><tm:place>UK</tm:place></tm:country></tm:location></tm:entity>, Savaas Spanias, <a href="mailto:Sapnias@TethysTech.com"><tm:entity><tm:email value="sapnias@tethystech.com">Sapnias@TethysTech.com</tm:email></tm:entity></a></p><p>44 207016.7826</p>
</body>
</html>


</doc>

