<doc xmlns:tm="http://www.temis.com/annotations/1.1/">
<metadata><aboutcompany value="smartops"/><releaselocation value="pittsburgh"/><data_source value="prnews"/><source value="smartops corporation"/><processing_date>2008-01-21T18:17:48</processing_date><date>2007-12-13T10:12:00</date></metadata>
<title>SmartOps Enterprise <tm:company><tm:potential_company><tm:actor_ci_guessed role="Who" value="inventory optimization software">Inventory Optimization Software</tm:actor_ci_guessed></tm:potential_company></tm:company> Licensed by <tm:entity><tm:company><tm:normalized_name Domain="Pharma" role="Whom" value="wyeth">Wyeth</tm:normalized_name></tm:company></tm:entity></title>
<html>
<head>
<meta name="generator" content="HTML Tidy for Windows (vers 14 February 2006), see www.w3.org"/>
<!-- #BeginEditable "doctitle" -->
<title>SmartOps Enterprise <tm:company><tm:potential_company><tm:actor_ci_guessed role="Who" value="inventory optimization software">Inventory Optimization Software</tm:actor_ci_guessed></tm:potential_company></tm:company> Licensed
by <tm:entity><tm:company><tm:normalized_name Domain="Pharma" role="Whom" value="wyeth">Wyeth</tm:normalized_name></tm:company></tm:entity></title></head>
<body>
<p>Global pharmaceutical and consumer products leader selects
software for</p>
<p>multistage inventory planning and optimization</p>
<p><tm:entity><tm:location><tm:country location_country="United States of America"><tm:place>PITTSBURGH</tm:place></tm:country></tm:location></tm:entity>, <tm:entity><tm:time_expression><tm:relative_time Day="13" Month="Dec." role="Context" value="dec. 13">Dec. 13</tm:relative_time></tm:time_expression></tm:entity> /PRNewswire/ -- <tm:entity><tm:company Extension="Corporation" role="Who" value="smartops">SmartOps</tm:company></tm:entity> Corporation, the
leading provider of enterprise-class supply chain optimization
solutions, announced that its Enterprise Inventory Optimization
(EIO) software solution has been licensed by <tm:entity><tm:company><tm:normalized_name Domain="Pharma" role="Whom" value="wyeth">Wyeth</tm:normalized_name></tm:company></tm:entity>.</p><p><tm:entity><tm:company><tm:potential_company role="Who" value="eio">EIO</tm:potential_company></tm:company></tm:entity> enables customers to achieve both a rapid return on
investment and a long-term competitive advantage by determining the
best possible inventory and product availability plans given
aggressive customer service goals and inherent uncertainties,
time-varying data, multi-location and inventory stage complexities.
EIO dynamically generates optimal inventory targets for each stage
of the supply chain while providing visibility into each inventory
requirement - including safety, cycle, pre-build, pipeline and
merchandising stock requirements, by item or stock-keeping unit
(<tm:entity><tm:company value="sku">SKU</tm:company></tm:entity>) - to meet desired service levels.</p><p>About SmartOps</p>
<p><tm:entity><tm:company Extension="Corporation" role="Who" value="smartops">SmartOps</tm:company></tm:entity>, the market leader in enterprise-class supply chain
optimization solutions, enables companies to manage the uncertainty
of complex, multistage supply chains to achieve rapid return on
investment and long term, sustainable value. Deploying SmartOps'
solutions has dramatically improved supply chain performance at
Fortune 1000 and <tm:entity><tm:company value="global pharmaceuticals">Global</tm:company></tm:entity> 2000 companies in discrete manufacturing,
consumer durables and packaged goods, technology, pharmaceutical
manufacturing, distribution and retail industries.</p>
<p>Contact SmartOps at 412-231-0115 or <a href="http://www.smartops.com" target="_new">http://www.smartops.com</a>
for more information.</p>
</body>
</html>


</doc>

