<doc xmlns:tm="http://www.temis.com/annotations/1.1/">
<metadata><aboutcompany value="amphire solutions inc. amphire is a global provider of software"/><releaselocation value="redwood shores"/><data_source value="prnews"/><source value="amphire solutions inc."/><processing_date>2008-01-21T17:55:02</processing_date><date>2007-12-18T10:00:00</date></metadata>
<title><tm:entity><tm:company><tm:potential_company role="Who" value="amphire">Amphire</tm:potential_company></tm:company></tm:entity> Appoints <tm:entity><tm:function FunctionCategory="Board" role="Has_Function" value="chief operation officer">Chief Operating Officer</tm:function></tm:entity></title>
<html>
<head>
<meta name="generator" content="HTML Tidy for Windows (vers 14 February 2006), see www.w3.org"/>
<!-- #BeginEditable "doctitle" -->
<title><tm:entity><tm:company><tm:potential_company role="Who" value="amphire">Amphire</tm:potential_company></tm:company></tm:entity> Appoints <tm:entity><tm:function FunctionCategory="Board" role="Has_Function" value="chief operation officer">Chief Operating Officer</tm:function></tm:entity></title></head>
<body>
<p><tm:entity><tm:person Family_Name="Taylor" First_Name="Liam" Gender="Male" role="Person" value="liam taylor">Liam Taylor</tm:person></tm:entity> Named <tm:entity><tm:function FunctionCategory="Board" role="Has_Function" value="chief operation officer">COO</tm:function></tm:entity> Following <tm:entity><tm:location><tm:country><tm:place>UK</tm:place></tm:country></tm:location></tm:entity> Acquisition</p>
<p><tm:entity><tm:location><tm:country><tm:place>REDWOOD SHORES</tm:place></tm:country></tm:location></tm:entity>, <tm:entity><tm:location><tm:country location_country="United States of America"><tm:place>Calif.</tm:place></tm:country></tm:location></tm:entity>, <tm:entity><tm:time_expression><tm:relative_time Day="18" Month="Dec." value="dec. 18">Dec. 18</tm:relative_time></tm:time_expression></tm:entity> /PRNewswire/ -- Amphire(R)
Solutions, the leading global Software as a Service (SaaS) provider
of technology solutions for the foodservice industry and
institutional supply chains, today announces the appointment of
<tm:entity><tm:person Family_Name="Taylor" First_Name="Liam" Gender="Male" value="liam taylor">Liam Taylor</tm:person></tm:entity> to <tm:entity><tm:function FunctionCategory="Board" value="chief operating officer">chief operating officer</tm:function></tm:entity>. Taylor joins <tm:entity><tm:company><tm:potential_company role="Who" value="amphire">Amphire</tm:potential_company></tm:company></tm:entity> from
the company's August acquisition of <tm:entity><tm:company Location_Continent="Europe" role="Whom" value="makella">Makella</tm:company></tm:entity>, a European provider of
SaaS solutions based in the <tm:entity><tm:location><tm:country><tm:place>United Kingdom</tm:place></tm:country></tm:location></tm:entity>. The deal brought
several new technologies to Amphire's portfolio and the addition of
Makella's on-going business, current customers and employees.</p><p>"Under Liam's leadership, Makella quickly established itself as
one of Europe's leading providers of e-procurement services to the
hospitality industry," said <tm:entity><tm:person Family_Name="Barnekow" First_Name="Mark" Gender="Male" role="Person" value="mark barnekow">Mark Barnekow</tm:person></tm:entity>, <tm:entity><tm:function FunctionCategory="Board" role="Has_Function" value="president and chief executive officer">president and chief
executive officer</tm:function></tm:entity> of <tm:entity><tm:company><tm:potential_company role="Who" value="amphire">Amphire</tm:potential_company></tm:company></tm:entity>. "We are thrilled to capitalize on
Liam's expertise and knowledge of the industry as Amphire continues
to expand its global business."</p><p>In his new role, Taylor will oversee business operations and
lead the integration of Amphire's business stemming from recent
mergers and acquisitions. In addition, he will focus on developing
senior staff and establishing the organizational structure for the
company's two principal geographic platforms in <tm:entity><tm:location><tm:country><tm:place>North America</tm:place></tm:country></tm:location></tm:entity> and
<tm:entity><tm:location><tm:country><tm:place>Europe</tm:place></tm:country></tm:location></tm:entity>.</p><p>During his tenure at Makella, Taylor has been at the forefront
of e-procurement in the foodservice and hospitality sectors. Before
Makella, Liam spent four years as the <tm:entity><tm:function FunctionCategory="Board" value="commercial director">commercial director</tm:function></tm:entity> of
<tm:entity><tm:company value="mymarket">mymarket.com</tm:company></tm:entity>, prior to which he held various operational and
marketing positions among the <tm:entity><tm:location><tm:country><tm:place>UK</tm:place></tm:country></tm:location></tm:entity>'s leading foodservice and
distribution operators. Under Liam's stewardship, <tm:entity><tm:company value="mymarket">mymarket.com</tm:company></tm:entity> became the benchmark for e-procurement in the industry and boasted
leading hospitality brands such as <tm:entity><tm:company><tm:normalized_name Domain="ConsumerGoods" value="burgerking">Burger King</tm:normalized_name></tm:company></tm:entity>, <tm:entity><tm:company Domain="ConsumerGoods" value="pizza hut">Pizza Hut</tm:company></tm:entity>, <tm:entity><tm:company Domain="ConsumerGood" value="thistle hotels">Thistle
Hotels</tm:company></tm:entity>, and Pret a Manger among its clients.</p><p>About <tm:entity><tm:company Extension="Inc" value="amphire solutions">Amphire Solutions</tm:company></tm:entity> Inc. <tm:entity><tm:company value="amphire">Amphire</tm:company></tm:entity> is a global provider of
Software as a Service solutions serving foodservice, consumer
packaged goods, hospitality, janitorial and sanitation, and paper
and industrial packaging trading communities. Currently serving
over 700 suppliers, 175 distributors and 100,000 operator end
users, Amphire is compliant with emerging supply chain standards.
Amphire's solutions allow enterprises to address fundamental supply
chain challenges such as transaction management, contract
management compliance, reporting and analytics, and supply and
demand forecasting with configurable and user friendly web-based
solutions. For more information, please visit <a href="http://www.amphire.com" target="_new">http://www.amphire.com</a></p>
</body>
</html>


</doc>

