<doc xmlns:tm="http://www.temis.com/annotations/1.1/">
<metadata>
<aboutcompany value="aware"/>
<releaselocation value="bedford"/>
<data_source value="prnews"/>
<source value="aware, inc."/>
<processing_date>2008-01-21T18:06:07</processing_date>
<date>2007-12-17T17:06:00</date>


<quote symbol="NASDAQ:AWRE" src-company="aware" company="Aware, Inc." date="2007-12-17" price="4.23"/></metadata>
<title><tm:entity><tm:company Extension="Inc" value="aware">Aware</tm:company></tm:entity>, Inc. Announces <tm:entity><tm:person Family_Name="Moberg" First_Name="Richard" Gender="Male" Title="M" value="richard moberg">Richard Moberg</tm:person></tm:entity> to Return as <tm:entity><tm:function FunctionCategory="Board" value="chief legal officer">CFO</tm:function></tm:entity></title>
<html>
<head>
<meta name="generator" content="HTML Tidy for Windows (vers 14 February 2006), see www.w3.org"/>
<!-- #BeginEditable "doctitle" -->
<title><tm:entity><tm:company Extension="Inc" value="aware">Aware</tm:company></tm:entity>, Inc. Announces <tm:entity><tm:person Family_Name="Moberg" First_Name="Richard" Gender="Male" Title="M" value="richard moberg">Richard Moberg</tm:person></tm:entity> to Return as
<tm:entity><tm:function FunctionCategory="Board" value="chief legal officer">CFO</tm:function></tm:entity></title></head>
<body>
<p><tm:entity><tm:person Family_Name="Farris" First_Name="Keith" Gender="Male" Title="M" role="Person" value="keith farris">Keith Farris</tm:person></tm:entity>, <tm:entity><tm:function FunctionCategory="Board" role="Has_Function" value="current cfo">current CFO</tm:function></tm:entity>, to remain through reporting of 2007
fiscal year</p><p><tm:entity><tm:location><tm:country location_country="UnitedKingdom"><tm:place>BEDFORD</tm:place></tm:country></tm:location></tm:entity>, <tm:entity><tm:location><tm:country location_country="United States of America"><tm:place>Mass.</tm:place></tm:country></tm:location></tm:entity>, <tm:entity><tm:time_expression><tm:relative_time Day="17" Month="Dec." value="dec. 17">Dec. 17</tm:relative_time></tm:time_expression></tm:entity> /PRNewswire-FirstCall/ -- <tm:entity><tm:company Extension="Inc" value="aware">Aware</tm:company></tm:entity>, Inc.
(<tm:entity><tm:stockindex value="nasdaq">Nasdaq</tm:stockindex></tm:entity>: <tm:entity><tm:companyticker company="Aware, Inc." value="NASDAQ:AWRE">AWRE</tm:companyticker></tm:entity>), a leading supplier of broadband technology and
biometrics software, today announced that <tm:entity><tm:person Family_Name="Moberg" First_Name="Richard" Gender="Male" Title="M" value="richard moberg">Richard Moberg</tm:person></tm:entity> will
resume the position of <tm:entity><tm:function FunctionCategory="Board" value="chief financial officer">Chief Financial Officer</tm:function></tm:entity> <tm:entity><tm:time_expression><tm:duration From="in February 2008" Month="February" Year="2008" value="beginning in february 2008">beginning in
February 2008</tm:duration></tm:time_expression></tm:entity>. <tm:entity><tm:person Family_Name="Moberg" First_Name="Richard" Gender="Male" Title="M" value="richard moberg">Mr. Moberg</tm:person></tm:entity> was previously Aware's <tm:entity><tm:function FunctionCategory="Board" value="chief legal officer">CFO</tm:function></tm:entity> <tm:entity><tm:time_expression><tm:duration From="June 1996" Month="June, September" To="September 2003" Year="1996, 2003" value="from june 1996 until september 2003">from June 1996
until September 2003</tm:duration></tm:time_expression></tm:entity>.</p><p><tm:entity><tm:person Family_Name="Farris" First_Name="Keith" Gender="Male" Title="M" value="keith farris">Keith Farris</tm:person></tm:entity>, Aware's <tm:entity><tm:function FunctionCategory="Board" value="current cfo">current CFO</tm:function></tm:entity>, will be departing <tm:entity><tm:time_expression><tm:relative_time Month="February" value="in february after">in February
after</tm:relative_time></tm:time_expression></tm:entity> Aware has completed financial reporting <tm:entity><tm:time_expression><tm:relative_time value="for the current fiscal">for the current
fiscal</tm:relative_time></tm:time_expression></tm:entity> quarter and <tm:entity><tm:time_expression><tm:exact_time Year="2007" value="fiscal year 2007">fiscal year 2007</tm:exact_time></tm:time_expression></tm:entity>, to pursue another <tm:entity><tm:function FunctionCategory="Board" value="chief legal officer">CFO</tm:function></tm:entity> opportunity. <tm:entity><tm:person Family_Name="Farris" First_Name="Keith" Gender="Male" Title="M" value="keith farris">Mr. Farris</tm:person></tm:entity> has served as Aware's <tm:entity><tm:function FunctionCategory="Board" value="chief legal officer">CFO</tm:function></tm:entity> <tm:entity><tm:time_expression><tm:duration From="May 2006" Month="May" Year="2006" value="since may 2006">since May
2006</tm:duration></tm:time_expression></tm:entity>.</p><p>Michael A <tm:entity><tm:person Family_Name="Tzannes" Gender="Male" Title="M" value="mr tzannes">Tzannes</tm:person></tm:entity>, Aware's <tm:entity><tm:function FunctionCategory="Board" value="chief executive officer">chief executive officer</tm:function></tm:entity>, said, "I
want to thank Keith for his valuable contributions at Aware. It has
been a pleasure working with Keith during an exciting growth period
for the company and I wish him all the best in his new
position."</p><p><tm:entity><tm:person Family_Name="Tzannes" Gender="Male" Title="M" value="mr tzannes">Mr. Tzannes</tm:person></tm:entity> continued, "<tm:entity><tm:person Family_Name="Moberg" First_Name="Rick" Gender="Male" role="Person" value="rick moberg">Rick Moberg</tm:person></tm:entity> was a <tm:entity><tm:function FunctionCategory="Board" role="Has_Function" value="strong member">strong member</tm:function></tm:entity> of our
management team <tm:entity><tm:time_expression><tm:duration value="for many years">for many years</tm:duration></tm:time_expression></tm:entity> and I am delighted that he is
returning to Aware. His breadth of experience in finance and
operations will benefit us as Aware continues to grow in the areas
of DSL and biometrics. I look forward to working with Rick
again."</p>
<p><tm:entity><tm:person Family_Name="Moberg" First_Name="Rick" Gender="Male" value="rick moberg">Rick Moberg</tm:person></tm:entity> said, "I am looking forward to returning to Aware
and working with the management team and board of <tm:entity><tm:function FunctionCategory="Board" value="directors">directors</tm:function></tm:entity>. Aware
has successfully leveraged a solid foundation in communications and
imaging technologies into broad exposure to the DSL and biometrics
industries. The Company has made significant progress expanding its
business over the last several years, and I am excited to be part
of the business and management team again."</p><p>To facilitate a smooth transition of the <tm:entity><tm:function FunctionCategory="Board" value="chief legal officer">CFO</tm:function></tm:entity> duties, <tm:entity><tm:person Family_Name="Moberg" First_Name="Richard" Gender="Male" Title="M" value="richard moberg">Mr. Moberg</tm:person></tm:entity> will work as a <tm:entity><tm:function FunctionCategory="Other" value="consultant">consultant</tm:function></tm:entity> for Aware <tm:entity><tm:time_expression><tm:duration From="in January 2008" Month="January" Year="2008" value="beginning in january 2008">beginning in January 2008</tm:duration></tm:time_expression></tm:entity>.</p><p>About Aware</p>
<p>Aware is a leading technology supplier for the
telecommunications industries. <tm:entity><tm:time_expression><tm:duration value="for more than ten years ,">For more than ten years,</tm:duration></tm:time_expression></tm:entity> Aware has
pioneered innovations at telecommunications standards-setting
organizations and continues to develop and market DSL silicon
intellectual property and test and diagnostics products. Its
StratiPHY(TM) IP product line supports DSL standards, including
ADSL2+ and VDSL2, and has been broadly licensed to leading
semiconductor companies. Telecom equipment vendors and phone
companies use Aware's DSL test and diagnostics modules and Dr.
DSL(R) software to help provision DSL circuits globally. Aware is
also a veteran of the biometrics industry, providing biometric and
imaging software components used in government systems worldwide
<tm:entity><tm:time_expression><tm:duration Year="1992" value="since 1992">since 1992</tm:duration></tm:time_expression></tm:entity>. Aware's interoperable, standard-compliant, field-proven
imaging products are used in a number of applications, from border
management to criminal justice to medical imaging. Aware is a
publicly held company (<tm:entity><tm:stockindex value="nasdaq">Nasdaq</tm:stockindex></tm:entity>: <a class="small" href="http://studio-5.financialcontent.com/prnews?Page=Quote&amp;Ticker=AWRE" onclick="var s=s_gi(s_account); var hd1 = document.getElementById('headline'); s.tl(this,'o',getLinkName('Company Sanpshot'));"><tm:entity><tm:companyticker company="Aware, Inc." value="NASDAQ:AWRE">AWRE</tm:companyticker></tm:entity></a>) based in <tm:entity><tm:location><tm:country location_country="UnitedKingdom"><tm:place>Bedford</tm:place></tm:country></tm:location></tm:entity>, <tm:entity><tm:location><tm:country location_country="United States of America"><tm:place>Massachusetts</tm:place></tm:country></tm:location></tm:entity>. <a href="http://www.aware.com" target="_new">http://www.aware.com</a></p><p><tm:entity><tm:location><tm:country><tm:place>Safe Harbor</tm:place></tm:country></tm:location></tm:entity> Warning</p>
<p>Portions of this release contain forward-looking statements
regarding future events and are subject to risks and uncertainties,
such as estimates or projections of future revenue and earnings and
the growth of the DSL and biometrics markets. Aware wishes to
caution you that there are factors that could cause actual results
to differ materially from the results indicated by such statements.
The DSL factors include, but are not limited to: we have a unique
business model, our quarterly results are difficult to predict, we
depend on a limited number of licensees, we derive a significant
amount of revenue from a small number of customers, we depend on
equipment companies to incorporate our technology into their
products, we face intense competition from other DSL vendors, DSL
technology competes with other technologies for broadband access,
and our business is subject to rapid technological change. We refer
you to the documents Aware files from time to time with the
Securities and <tm:entity><tm:organisation value="exchange commission">Exchange Commission</tm:organisation></tm:entity>, specifically the section titled
Risk Factors in our annual report on Form 10-K <tm:entity><tm:time_expression><tm:duration To="December 31 , 2006" value="for the fiscal year ended december 31 , 2006">for the fiscal year
ended December 31, 2006</tm:duration></tm:time_expression></tm:entity> and other reports and filings made with the
Securities and <tm:entity><tm:organisation value="exchange commission">Exchange Commission</tm:organisation></tm:entity>.</p><p>Aware, Dr. DSL and StratiPHY are trademarks or registered
trademarks of <tm:entity><tm:company Extension="Inc" value="aware">Aware</tm:company></tm:entity>, Inc. Any other trademarks appearing herein are
the property of their <tm:entity><tm:function FunctionCategory="Board" value="respective owners">respective owners</tm:function></tm:entity>.</p></body>
</html>


</doc>

