<doc xmlns:tm="http://www.temis.com/annotations/1.1/">
<metadata><aboutcompany value="blue ridge networks"/><releaselocation value="chicago"/><data_source value="prnews"/><source value="aladdin knowledge systems"/><processing_date>2008-01-21T17:53:16</processing_date><date>2007-12-19T07:30:00</date><quote symbol="NASDAQ:ALDN" src-company="aladdin knowledge systems" company="Aladdin Knowledge Systems Ltd." date="2007-12-19" price="25.90"/></metadata>
<title>Aladdin Inks Partnership With <tm:entity><tm:location><tm:country><tm:place>Blue Ridge</tm:place></tm:country></tm:location></tm:entity> Networks
</title>
<html>
<head>
<meta name="generator" content="HTML Tidy for Windows (vers 14 February 2006), see www.w3.org"/>
<!-- #BeginEditable "doctitle" -->
<title>Aladdin Inks Partnership With <tm:entity><tm:location><tm:country><tm:place>Blue Ridge</tm:place></tm:country></tm:location></tm:entity> Networks</title>
</head>
<body>
<p>Combined networking services and eToken strong authentication
offering provide unparalleled level of security for identity and
access management</p>
<p>to government and commercial entities</p>
<p><tm:entity><tm:location><tm:country location_country="United States of America"><tm:place>CHICAGO</tm:place></tm:country></tm:location></tm:entity>, <tm:entity><tm:time_expression><tm:relative_time Day="19" Month="Dec." value="dec. 19">Dec. 19</tm:relative_time></tm:time_expression></tm:entity> /PRNewswire-FirstCall/ -- <tm:entity><tm:company Extension="Ltd" value="aladdin knowledge systems">Aladdin Knowledge
Systems</tm:company></tm:entity>(<tm:entity><tm:stockindex value="nasdaq">Nasdaq</tm:stockindex></tm:entity>: <a class="small" href="http://studio-5.financialcontent.com/prnews?Page=Quote&amp;Ticker=ALDN" onclick="var s=s_gi(s_account); var hd1 = document.getElementById('headline'); s.tl(this,'o',getLinkName('Company Sanpshot'));">ALDN</a>), an information security leader specializing in
authentication, software DRM and content security, today announced
a strategic business partnership with <tm:entity><tm:company><tm:potential_company role="Whom" value="chantilly">Chantilly</tm:potential_company></tm:company></tm:entity>, <tm:entity><tm:location><tm:country><tm:place>Virginia-based
Blue Ridge</tm:place></tm:country></tm:location></tm:entity> Networks (BRN).</p>
<p>(Logo: <a href="http://www.newscom.com/cgi-bin/prnh/20040416/CGALADDINLOGO" target="_new">http://www.newscom.com/cgi-bin/prnh/20040416/CGALADDINLOGO</a>)</p>
<p>Through the partnership, BRN will offer its fast-growing list of
government, commercial, and global customers managed secure
networking services that incorporate Aladdin eToken strong
authentication solutions - creating a scalable and flexible
solution for unified identity and access management. The
Aladdin-BRN partnership provides organizations with an unmatched
solution to replace older, less-flexible identity management
systems that lack integration with existing infrastructure systems.
The combined solution provides ease-of-use for interoperability,
remote access, user revocation and other centralized management
capabilities.</p>
<p>"With urgent compliance mandates pressing both Federal and
commercial enterprises, this partnership delivers the most secure
identity and access management solution on the market today. We are
proud to team with such a market leader as <tm:entity><tm:company value="aladdin">Aladdin</tm:company></tm:entity>, and see our
partnership resulting in greater flexibility, privacy and lowered
costs for our customers," said <tm:entity><tm:person Family_Name="Fumai" First_Name="Michael" Gender="Male" role="Person" value="michael fumai">Michael Fumai</tm:person></tm:entity>, <tm:entity><tm:function FunctionCategory="Board" role="Has_Function" value="president and ceo">President and CEO</tm:function></tm:entity> of
<tm:entity><tm:company><tm:potential_company role="Who" value="blue ridge networks">Blue Ridge Networks</tm:potential_company></tm:company></tm:entity>.</p><p>Enterprises deploying the <tm:entity><tm:location><tm:country><tm:place>Aladdin-Blue Ridge</tm:place></tm:country></tm:location></tm:entity> Networks offerings
will be able to offer one of the easiest-to-use and administer
two-factor authentication solutions available, as well as providing
an easy upgrade path to full HSPD-12 compliance. Aladdin's proven
eToken offering is being augmented by BRN's X.509 compliant
products that have been tested in some of the most demanding,
mission-critical environments in the world, with a record of
impenetrability. No longer do users have to make costly investments
in infrastructure to deploy a comprehensive application which can
scale to thousands of users. The resulting benefit to organizations
is a highly secure, low-cost, integrated solution that can plug in
and deliver rapid benefit.</p>
<p>"We are pleased to be delivering such an exciting offering with
a partner like <tm:entity><tm:location><tm:country><tm:place>Blue Ridge</tm:place></tm:country></tm:location></tm:entity> Networks that is known for their very
high-security networking solutions," said <tm:entity><tm:person Family_Name="Pavay" First_Name="Phil" Gender="Male" role="Person" value="phil pavay">Phil Pavay</tm:person></tm:entity>, <tm:entity><tm:function FunctionCategory="Board" role="Has_Function" value="vice president">vice
president</tm:function></tm:entity> of global business development for <tm:entity><tm:company><tm:potential_company role="Whom, Whom" value="aladdin knowledge systems">Aladdin Knowledge
Systems</tm:potential_company></tm:company></tm:entity>. "Deployed in some of the most sensitive areas of the
government, these solutions, now complemented with the eToken
technology for strong authentication, PKI, security management, and
even physical access control, address a large and growing market
for unified access control in government and commercial
organizations. The adoption of this joint solution in the federal
government is a testament to eToken innovation and Aladdin's
dedication to continuously set the standards for the ever-changing
security landscape."</p><p>Aladdin and BRN are currently collaborating on joint marketing
and field sales activity, as well as new joint solutions
development, which combine Aladdin eSafe and <tm:entity><tm:company><tm:potential_company role="Whom" value="brn">BRN</tm:potential_company></tm:company></tm:entity>'s EdgeGuard to
address customers' growing need to deploy scalable and unified
gateway and endpoint content security solutions.</p><p>About <tm:entity><tm:location><tm:country><tm:place>Blue Ridge</tm:place></tm:country></tm:location></tm:entity> Networks</p>
<p><tm:entity><tm:location><tm:country><tm:place>Blue Ridge</tm:place></tm:country></tm:location></tm:entity> Networks is a respected and leading provider of
unparalleled security solutions for government and private
industry. The company's products have a proven ability to exploit
the advantages of the internet and are relied upon by hundreds of
large enterprises. <tm:entity><tm:location><tm:country><tm:place>Blue Ridge</tm:place></tm:country></tm:location></tm:entity> solutions represent high standards of
security strength as tested and certified by independent
organizations. The company's products have earned: FIPS 140-2,
Common Criteria, Joint Interoperability Test Command (JITC), ARMY
TIC, and <tm:entity><tm:organisation Domain="Governmental" value="department of defense">Department of Defense</tm:organisation></tm:entity> SPOCK certifications. Additionally,
they comply with important HIPAA, HSPD-12, and PCI regulations.
Information about the company's products and managed services can
be found by visiting <a href="http://www.blueridgenetworks.com" target="_new">http://www.blueridgenetworks.com</a>.</p><p>About Aladdin eToken</p>
<p><tm:entity><tm:company value="aladdin etoken">Aladdin eToken</tm:company></tm:entity> is the world leader for USB-based authentication
solutions. It provides strong user authentication and
cost-effective password management solutions enabling organizations
to easily and effectively expand business opportunities with secure
network access, improve data security through enhanced encryption
and digital signing, and reduce costs and vulnerabilities through
superior password management. For more information, visit <a href="http://www.Aladdin.com/eToken" target="_new">http://www.Aladdin.com/eToken</a>.</p>
<p>About Aladdin</p>
<p><tm:entity><tm:company><tm:potential_company role="Who, Who" value="aladdin knowledge systems">Aladdin Knowledge Systems</tm:potential_company></tm:company></tm:entity>' Software Rights Management products
are the #1 choice of software developers and publishers to protect
intellectual property, increase revenues, and reduce losses from
software piracy. Aladdin eToken is the world's #1 USB-based
authentication solution. The Aladdin eSafe secure Web gateway
provides the most advanced protection against the latest Web-based
threats and attacks. Aladdin has offices in 12 countries, a
worldwide network of channel partners, and has won numerous awards
for innovation. For more information, visit the Aladdin Web site at
<a href="http://www.Aladdin.com" target="_new">http://www.Aladdin.com</a>.</p><p>(C)2007 <tm:entity><tm:company Extension="Ltd" value="aladdin knowledge systems">Aladdin Knowledge Systems</tm:company></tm:entity>, Ltd. All rights reserved.
eToken, Aladdin Knowledge Systems and the Aladdin logo are
trademarks or registered trademarks of <tm:entity><tm:company Extension="Ltd" value="aladdin knowledge systems">Aladdin Knowledge Systems</tm:company></tm:entity>,
Ltd. All other product and brand names mentioned in this document
are trademarks or registered trademarks of their <tm:entity><tm:function FunctionCategory="Board" value="respective owners">respective
owners</tm:function></tm:entity>.<br/></p><p>Press Contact: Investor Relations Contact:</p>
<p><tm:entity><tm:person Family_Name="Zintel" First_Name="Matthew" Gender="Male" value="matthew zintel">Matthew Zintel</tm:person></tm:entity> <tm:entity><tm:person Family_Name="Knettel" First_Name="Erik" Gender="Male" value="erik knettel">Erik Knettel</tm:person></tm:entity>/ <tm:entity><tm:person Family_Name="Costa" First_Name="Andrea" Gender="Male" value="andrea costa">Andrea Costa</tm:person></tm:entity></p><p><tm:entity><tm:company Extension="Group" value="zintel public relations global consulting">Zintel Public Relations Global Consulting</tm:company></tm:entity> Group</p>
<p><a href="mailto:matthew.zintel@zintelpr.com"><tm:entity><tm:email value="matthew.zintel@zintelpr.com">matthew.zintel@zintelpr.com</tm:email></tm:entity></a><a href="mailto:aladdin@hfgcg.com"><tm:entity><tm:email value="aladdin@hfgcg.com">aladdin@hfgcg.com</tm:email></tm:entity></a></p><p>310.574.8888 646.284.9400</p>
</body>
</html>


</doc>

