<doc xmlns:tm="http://www.temis.com/annotations/1.1/">
<metadata><aboutcompany value="enea"/><releaselocation value="stockholm"/><data_source value="prnews"/><source value="enea"/><processing_date>2008-01-21T18:15:44</processing_date><date>2007-12-14T09:30:00</date><quote symbol="STO:ENEA" src-company="enea" company="Enea AB" date="2007-12-14" price=""/></metadata>
<title>4DK Technologies Selects Enea Accelerator Platform
</title>
<html>
<head>
<meta name="generator" content="HTML Tidy for Windows (vers 14 February 2006), see www.w3.org"/>
<!-- #BeginEditable "doctitle" -->
<title>4DK Technologies Selects Enea Accelerator Platform</title>
</head>
<body>
<p>Comprehensive Solution Enables <tm:entity><tm:company Extension="Co" value="early stage">Early Stage</tm:company></tm:entity> Company to Focus on
Innovation</p>
<p>and Achieving its Business Goals</p>
<p><tm:entity><tm:location><tm:country location_country="Sweden"><tm:place>STOCKHOLM</tm:place></tm:country></tm:location></tm:entity>, <tm:entity><tm:location><tm:country><tm:place>Sweden</tm:place></tm:country></tm:location></tm:entity>, and <tm:entity><tm:location><tm:country location_country="United States of America"><tm:place>SAN JOSE</tm:place></tm:country></tm:location></tm:entity>, <tm:cityorprovince><tm:america><tm:unitedstates Location_Continent="America" Location_Country="UnitedStates" value="calif">Calif.</tm:unitedstates></tm:america></tm:cityorprovince>, <tm:entity><tm:time_expression><tm:relative_time Day="14" Month="Dec." value="dec. 14">Dec. 14</tm:relative_time></tm:time_expression></tm:entity> /PRNewswire/ --
Enea (Nordic Exchange/Small Cap/ENEA), a world leading provider of
network software and services, today announced that 4DK
Technologies has selected the Enea Accelerator Platform(TM) to help
accelerate the time to market for its SuperConnectivity(TM)
platform. The Enea Accelerator Platform provides a comprehensive
"application ready" platform solution for companies looking to jump
start product development. 4DK Technologies has signed a 5-year
license agreement <tm:entity><tm:time_expression><tm:duration From="in 2007" Year="2007" role="Context" value="beginning in 2007">beginning in 2007</tm:duration></tm:time_expression></tm:entity>, which also includes <tm:entity><tm:company><tm:potential_company role="Whom" value="enea professional services">Enea
Professional Services</tm:potential_company></tm:company></tm:entity>, for an integrated solution offering to help
leverage the full benefits of the Enea Accelerator platform.</p><p>"4DK will redefine the user experience for wireless users by
exploiting the full potential of the next-generation, all-IP
technologies," said <tm:entity><tm:person Family_Name="Casey" First_Name="Tamara" Gender="Female" role="Person" value="tamara casey">Tamara Casey</tm:person></tm:entity>, <tm:entity><tm:function FunctionCategory="Board" role="Has_Function" value="chief executive officer">CEO</tm:function></tm:entity> at 4DK. "SuperConnectivity is
our unique service creation environment with the highest level of
service integration and interoperability. Enea's software gives us
carrier grade reliability, streamlines the integration with the
ATCA system and provides us with a platform on which we can
innovate. We expect the <tm:entity><tm:company><tm:potential_company role="Who" value="enea">Enea</tm:potential_company></tm:company></tm:entity> platform to shorten our critical
development time by at least six months."</p>
<p>At the heart of the Enea Accelerator Platform is Enea
Element(TM) -- a suite of high-availability, standards-based
middleware services that provide a foundation for building robust,
high-performance applications and integrate the hardware and system
software components into a cohesive communications platform. The
Accelerator Platform also includes Enea Polyhedra(TM) a
high-performance embedded relational database management system,
Tail-f Systems' ConfD network management solution and a carrier
grade Linux distribution. Bundled with a services team drawn from
Enea's 350 <tm:entity><tm:function FunctionCategory="Other" value="professional consulting engineers">professional consulting engineers</tm:function></tm:entity>, Enea Accelerator is a
complete system platform on which companies, from start ups to Tier
1's, will build the services that will change how the world
communicates.</p><p>"In order to make an impact today, early stage companies must
deliver highly differentiated and reliable systems while under very
demanding time-to-revenue constraints," said <tm:entity><tm:person Family_Name="Wall" First_Name="Johan" Gender="Male" role="Person" value="johan wall">Johan Wall</tm:person></tm:entity>, <tm:entity><tm:function FunctionCategory="Board" role="Has_Function" value="chief executive officer">CEO</tm:function></tm:entity> at
<tm:entity><tm:company><tm:potential_company role="Who" value="enea">Enea</tm:potential_company></tm:company></tm:entity>. "We are very pleased that 4DK Technologies selected the Enea
Accelerator to avoid having to 'reinvent the platform software
wheel' and meet its market window."</p><p>For more information visit <a href="http://www.enea.com/element" target="_new">http://www.enea.com/element</a>and <a href="http://www.enea.com/accelerator" target="_new">http://www.enea.com/accelerator</a>. To find out how Enea is
helping early stage companies meet their business goals visit
<a href="http://www.enea.com" target="_new">http://www.enea.com</a>and go to news and then webcasts.</p>
<p>About Enea</p>
<p>Enea (Nordic Exchange/Small Cap/ENEA) is the leading supplier of
real-time operating systems, middleware, development tools,
database technology and professional services for high-availability
systems such as telecommunications infrastructure, mobile devices,
medical instrumentation, and automobile control/infotainment.
Enea's flagship operating system, OSE(TM), is deployed in
approximately half of the world's 3G mobile phones and base
stations. <tm:entity><tm:company><tm:potential_company role="Who" value="enea">Enea</tm:potential_company></tm:company></tm:entity> has over 500 employees and is listed on the OMX
Nordic Exchange <tm:entity><tm:location><tm:country location_country="Sweden"><tm:place>Stockholm</tm:place></tm:country></tm:location></tm:entity>. For further information on Enea, please
visit <a href="http://www.enea.com" target="_new">http://www.enea.com</a>.</p><p>Enea, <tm:entity><tm:stockindex value="ose">OSE</tm:stockindex></tm:entity>, Enea Element, Enea Polyhedra and Enea Accelerator
Platform are registered trademarks of <tm:entity><tm:company Extension="Ab" value="enea">Enea</tm:company></tm:entity> AB or its subsidiaries.
All other company or product names are the registered trademarks or
trademarks of their <tm:entity><tm:function FunctionCategory="Board" value="respective owners">respective owners</tm:function></tm:entity>. (C) 2007 Enea.</p><p>About 4DK</p>
<p>4DK <tm:entity><tm:company Extension="Inc" value="technologies">Technologies</tm:company></tm:entity>, Inc. is an industry-leading innovator
developing interoperability solutions for seamless connectivity
across wireless networks, devices and applications. In looking to
exceed existing commercial capabilities, 4DK has designed
SuperConnectivity(TM), a patent pending product suite for service
disaggregation and recombination that exponentially increases the
functionality and adaptability of applications to purposely meet
the ever-changing needs of mobile users. <a href="http://www.4dk.com" target="_new">http://www.4dk.com</a></p></body>
</html>


</doc>

