<doc xmlns:tm="http://www.temis.com/annotations/1.1/">
<metadata>
<aboutcompany value="exacttarget"/>
<releaselocation value="indianapolis"/>
<data_source value="prnews"/>
<source value="exacttarget, inc."/>
<processing_date>2008-01-21T18:14:57</processing_date>
<date>2007-12-14T18:00:00</date>
<quote symbol="NASDAQ:EXTG" src-company="exacttarget" company="ExactTarget, Inc." date="2007-12-14" price=""/><quote symbol="NASDAQ:TWPG" src-company="thomas weisel partners" company="Thomas Weisel Partners Group, Inc." date="2007-12-14" price="13.34"/><quote symbol="NASDAQ:EXPE" src-company="expedia" company="Expedia, Inc." date="2007-12-14" price="33.63"/><quote symbol="NYSE:GCI" src-company="gannett" company="Gannett Co., Inc." date="2007-12-14" price="35.47"/><quote symbol="NYSE:WLP" src-company="wellpoint" company="WellPoint, Inc." date="2007-12-14" price="86.63"/></metadata>
<title>ExactTarget Announces Proposed Initial Public Offering
</title>
<html>
<head>
<meta name="generator" content="HTML Tidy for Windows (vers 14 February 2006), see www.w3.org"/>
<!-- #BeginEditable "doctitle" -->
<title><tm:entity><tm:company Extension="Inc" value="exacttarget">ExactTarget</tm:company></tm:entity> Announces Proposed Initial Public
Offering</title>
</head>
<body>
<p><tm:entity><tm:location><tm:country location_country="United States of America"><tm:place>INDIANAPOLIS</tm:place></tm:country></tm:location></tm:entity>, <tm:entity><tm:time_expression><tm:relative_time Day="14" Month="Dec." value="dec. 14">Dec. 14</tm:relative_time></tm:time_expression></tm:entity> /PRNewswire/ -- <tm:entity><tm:company Extension="Inc" value="exacttarget">ExactTarget</tm:company></tm:entity>, Inc.
(<a href="http://www.exacttarget.com" target="_new">http://www.exacttarget.com</a>) today announced that it has
filed a registration statement with the Securities and <tm:entity><tm:organisation value="exchange commission">Exchange
Commission</tm:organisation></tm:entity> relating to a proposed initial public offering of its
common stock. Upon effectiveness of the registration statement, the
common stock is expected to trade on the <tm:entity><tm:stockindex role="Context_Entity" value="nasdaq">NASDAQ</tm:stockindex></tm:entity> Global Market under
the symbol <tm:entity><tm:company><tm:potential_company role="Whom" value="extg">EXTG</tm:potential_company></tm:company></tm:entity>. <tm:entity><tm:company Extension="Llc" value="thomas weisel partners">Thomas Weisel Partners</tm:company></tm:entity> LLC will act as sole
book-runner for the offering. <tm:entity><tm:company Extension="&amp; Company" value="william blair">William Blair</tm:company></tm:entity>&amp; Company will
serve as <tm:entity><tm:function FunctionCategory="Board" value="co-lead manager">co-lead manager</tm:function></tm:entity> and <tm:entity><tm:company Domain="Financial" value="wachovia securities">Wachovia Securities</tm:company></tm:entity>, <tm:entity><tm:location><tm:country><tm:place>Pacific Crest</tm:place></tm:country></tm:location></tm:entity> <tm:entity><tm:company value="securities">Securities</tm:company></tm:entity> and <tm:entity><tm:company Extension="Inc" value="canaccord adams">Canaccord Adams</tm:company></tm:entity> Inc. will act as co-managers.</p>
<p>A registration statement relating to these securities has been
filed with the Securities and <tm:entity><tm:organisation value="exchange commission">Exchange Commission</tm:organisation></tm:entity>, but has not yet
become effective. These securities may not be sold nor may offers
to buy be accepted prior to the time the registration statement
becomes effective. When available, a copy of the prospectus for the
above offering can be obtained from <tm:entity><tm:company Extension="Llc" value="thomas weisel partners">Thomas Weisel Partners</tm:company></tm:entity> LLC,
<tm:entity><tm:company value="attn">Attn</tm:company></tm:entity>: <tm:entity><tm:media><tm:newspaper value="prospectus department">Prospectus Department</tm:newspaper></tm:media></tm:entity>, One Montgomery Street, Suite 3700, San
Francisco, California 94104, (415) 364-2720.</p><p>About <tm:entity><tm:company Extension="Inc" value="exacttarget">ExactTarget</tm:company></tm:entity></p><p><tm:entity><tm:company Extension="Inc" value="exacttarget">ExactTarget</tm:company></tm:entity>, Inc. is a leading provider of on-demand email
marketing software solutions. The company's suite of on-demand
one-to-one marketing applications enable clients to send
business-critical and event triggered communications to increase
sales, improve their return on marketing investments and strengthen
customer relationships. <tm:entity><tm:company Extension="Inc" value="exacttarget">ExactTarget</tm:company></tm:entity>'s clients include
<tm:entity><tm:company value="careerbuilder">Careerbuilder.com</tm:company></tm:entity>, <tm:entity><tm:company value="expedia">Expedia.com</tm:company></tm:entity>, <tm:entity><tm:company Domain="Energy" value="florida power &amp; light">Florida Power &amp; Light</tm:company></tm:entity>, <tm:entity><tm:company Extension="Co, Inc" value="gannett">Gannett</tm:company></tm:entity> Co., Inc/<tm:entity><tm:media><tm:newspaper Location_Country="UnitedStates" value="usa today">USA TODAY</tm:newspaper></tm:media></tm:entity>, the <tm:entity><tm:location><tm:country location_country="United States of America"><tm:place>Indianapolis</tm:place></tm:country></tm:location></tm:entity> Colts, The <tm:entity><tm:company value="leukemia &amp; lymphoma society">Leukemia &amp;
Lymphoma Society</tm:company></tm:entity>, <tm:entity><tm:company Extension="Group" value="liberty mutual">Liberty Mutual</tm:company></tm:entity> Group, Papa John's and <tm:entity><tm:company Extension="Inc" value="wellpoint">Wellpoint</tm:company></tm:entity>,
Inc.</p></body>
</html>


</doc>

