<doc xmlns:tm="http://www.temis.com/annotations/1.1/">
<metadata><aboutcompany value="viewcast corporation"/><releaselocation value="plano"/><data_source value="prnews"/><source value="viewcast corporation"/><processing_date>2008-01-21T17:53:32</processing_date><date>2007-12-19T07:00:00</date><quote symbol="OTC:VCST" src-company="viewcast" company="ViewCast.com, Inc." date="2007-12-19" price="0.37"/><quote symbol="TSE:HBM" src-company="hbm" company="HudBay Minerals Inc." date="2007-12-19" price=""/><quote symbol="PINK:RMTKQ" src-company="ramtek" company="RAMTEK CORP" date="2007-12-19" price=""/></metadata>
<title>ViewCast Names <tm:entity><tm:person Family_Name="Still" First_Name="Peter" Gender="Undefined Gender" role="Person" value="peter still">Peter Still</tm:person></tm:entity> as Sales <tm:entity><tm:function FunctionCategory="Board" role="Has_Function" value="director">Director</tm:function></tm:entity> of <tm:entity><tm:location><tm:country><tm:place>Europe</tm:place></tm:country></tm:location></tm:entity>, <tm:entity><tm:location><tm:country><tm:place>Middle East</tm:place></tm:country></tm:location></tm:entity>, and <tm:entity><tm:location><tm:country><tm:place>Africa</tm:place></tm:country></tm:location></tm:entity></title>
<html>
<head>
<meta name="generator" content="HTML Tidy for Windows (vers 14 February 2006), see www.w3.org"/>
<!-- #BeginEditable "doctitle" -->
<title>ViewCast Names <tm:entity><tm:person Family_Name="Still" First_Name="Peter" Gender="Undefined Gender" role="Person" value="peter still">Peter Still</tm:person></tm:entity> as Sales <tm:entity><tm:function FunctionCategory="Board" role="Has_Function" value="director">Director</tm:function></tm:entity> of <tm:entity><tm:location><tm:country><tm:place>Europe</tm:place></tm:country></tm:location></tm:entity>,
<tm:entity><tm:location><tm:country><tm:place>Middle East</tm:place></tm:country></tm:location></tm:entity>, and <tm:entity><tm:location><tm:country><tm:place>Africa</tm:place></tm:country></tm:location></tm:entity></title></head>
<body>
<p>PLANO, <tm:entity><tm:location><tm:country location_country="United States of America"><tm:place>Texas</tm:place></tm:country></tm:location></tm:entity>, <tm:entity><tm:time_expression><tm:relative_time Day="19" Month="Dec." value="dec. 19">Dec. 19</tm:relative_time></tm:time_expression></tm:entity> /PRNewswire-FirstCall/ -- <tm:entity><tm:company Extension="Corporation" value="viewcast">ViewCast</tm:company></tm:entity> Corporation (OTC <tm:entity><tm:media><tm:newspaper value="bulletin board">Bulletin Board</tm:newspaper></tm:media></tm:entity>: VCST), a leading global provider
of audio and video encoding communication products, today announced
that <tm:entity><tm:person Family_Name="Still" First_Name="Peter" Gender="Undefined Gender" value="peter still">Peter Still</tm:person></tm:entity> will join the company as sales <tm:entity><tm:function FunctionCategory="Board" value="director">director</tm:function></tm:entity>, <tm:entity><tm:organisation Domain="Regulatory" value="european medicines evaluation agency">EMEA</tm:organisation></tm:entity>,
effective <tm:entity><tm:time_expression><tm:exact_time value="2008">Jan. 2, 2008</tm:exact_time></tm:time_expression></tm:entity>. Still will have responsibility for
developing and enhancing sales of <tm:entity><tm:company><tm:potential_company role="Who" value="viewcast">ViewCast</tm:potential_company></tm:company></tm:entity> products and creating
new business opportunities throughout the region.</p>
<p>"Peter brings to <tm:entity><tm:company Extension="Corporation" value="viewcast">ViewCast</tm:company></tm:entity> more than 25 years of sales and sales
management experience, as well as a successful track record in a
range of European businesses. His expertise includes both direct
and channel sales management, with a strong background in the
technology industry," said <tm:entity><tm:person Family_Name="J" First_Name="Gary" role="Person" value="gary j">Gary J.</tm:person></tm:entity> <tm:entity><tm:company><tm:potential_company role="Who" value="klembara">Klembara</tm:potential_company></tm:company></tm:entity>, <tm:entity><tm:function FunctionCategory="Board" role="Has_Function" value="senior vice president">senior vice president</tm:function></tm:entity> of <tm:entity><tm:company Extension="Corporation" role="Who" value="viewcast">ViewCast</tm:company></tm:entity> Corporation. "<tm:entity><tm:company Extension="Corporation" value="viewcast">ViewCast</tm:company></tm:entity> is poised for continued rapid
growth with our award-winning Osprey(R) capture cards and
<tm:entity><tm:location><tm:country><tm:place>Niagara</tm:place></tm:country></tm:location></tm:entity>(R) encoders, and the addition of Peter to our team
strengthens our presence in the <tm:entity><tm:organisation Domain="Regulatory" value="european medicines evaluation agency">EMEA</tm:organisation></tm:entity> market."</p>
<p>Still's most recent position was international sales <tm:entity><tm:function FunctionCategory="Board" value="director">director</tm:function></tm:entity> at
eg-electronics, an air traffic control display manufacturer.
Still's career in technology sales also encompasses senior roles
with <tm:entity><tm:company Extension="Inc" value="tech source">Tech Source</tm:company></tm:entity> Inc., <tm:entity><tm:company Domain="IT" value="tektronix">Tektronix</tm:company></tm:entity>, <tm:entity><tm:company Extension="Gmbh" value="hbm">HBM</tm:company></tm:entity> GmbH, <tm:entity><tm:company value="ramtek">Ramtek</tm:company></tm:entity>, <tm:entity><tm:company value="megatek">Megatek</tm:company></tm:entity>, <tm:entity><tm:company Extension="Corp" value="vitec">VITec</tm:company></tm:entity> Corp, and <tm:entity><tm:company Extension="Gmbh" value="biodata">Biodata</tm:company></tm:entity> GmbH.</p>
<p>Still has been responsible for establishing and building
extensive reseller networks, identifying and implementing
strategies for breaking into new markets with emerging
technologies, and growing sales of mature product lines either
direct or indirect.</p>
<p>"I am delighted to be joining <tm:entity><tm:company Extension="Corporation" value="viewcast">ViewCast</tm:company></tm:entity>, the acknowledged world
leader in networked video communications," said Still. "The company
is very well positioned to benefit from the strong growth in demand
for delivery of video content over the Internet, and I am fully
committed to expanding its presence in the dynamic <tm:entity><tm:organisation Domain="Regulatory" value="european medicines evaluation agency">EMEA</tm:organisation></tm:entity> marketplace."</p>
<p>Still will be based in the <tm:entity><tm:location><tm:country><tm:place>U.K.</tm:place></tm:country></tm:location></tm:entity> and will report to <tm:entity><tm:person Family_Name="J" First_Name="Gary" role="Person" value="gary j">Gary J.</tm:person></tm:entity> <tm:entity><tm:company><tm:potential_company role="Who" value="klembara">Klembara</tm:potential_company></tm:company></tm:entity>, <tm:entity><tm:function FunctionCategory="Board" role="Has_Function" value="senior vice president">senior vice president</tm:function></tm:entity>.</p><p>About <tm:entity><tm:company Extension="Corporation" value="viewcast">ViewCast</tm:company></tm:entity> Corporation</p>
<p><tm:entity><tm:company Extension="Corporation" value="viewcast">ViewCast</tm:company></tm:entity> is the pioneer of industry-leading audiovisual hardware
and software for processing and managing live and on-demand content
for broadcast over the Internet, corporate or mobile networks to
computers, handheld mobile devices, and IPTV set-top boxes. The
company's products include the legendary Osprey(R) media capture
cards, state-of-the-art <tm:entity><tm:location><tm:country><tm:place>Niagara</tm:place></tm:country></tm:location></tm:entity>(R) streaming encoders, and
management/control software that enable entities such as
broadcasters, businesses, and government, educational, and
religious organizations to readily expand their audience reach.
<tm:entity><tm:company Extension="Corporation" value="viewcast">ViewCast</tm:company></tm:entity> works with many strategic providers of networks,
equipment, software, and services for Internet and mobile
applications to further advance this growing technology. For more
information, visit <a href="http://www.viewcast.com" target="_new">http://www.viewcast.com</a>.</p><p><tm:entity><tm:company Extension="Corporation" value="viewcast">ViewCast</tm:company></tm:entity>, Osprey, <tm:entity><tm:location><tm:country><tm:place>Niagara</tm:place></tm:country></tm:location></tm:entity>, <tm:entity><tm:location><tm:country><tm:place>Niagara</tm:place></tm:country></tm:location></tm:entity> SCX, GoStream, SimulStream
and EZStream are trademarks or registered trademarks of <tm:entity><tm:company Extension="Corporation" value="viewcast">ViewCast</tm:company></tm:entity> Corporation or its subsidiaries.</p>
<p>All other trademarks appearing herein are the property of their
<tm:entity><tm:function FunctionCategory="Board" value="respective owners">respective owners</tm:function></tm:entity>.</p></body>
</html>


</doc>

