<doc xmlns:tm="http://www.temis.com/annotations/1.1/">
<metadata><aboutcompany value="e-future information technology inc."/><data_source value="prnews"/><source value="e-future information technology inc."/><processing_date>2008-01-21T18:12:00</processing_date><date>2007-12-17T11:02:00</date><quote symbol="NYSE:FO" src-company="fortune" company="Fortune Brands, Inc." date="2007-12-17" price="73.75"/><quote symbol="AMEX:VGT" src-company="information technology" company="Vanguard Information Technology ETF" date="2007-12-17" price=""/><quote symbol="NYSE:KMB" src-company="kimberly clark" company="Kimberly-Clark Corporation" date="2007-12-17" price="68.17"/><quote symbol="SHE:000759" src-company="zhongbai" company="Wuhan Zhongbai Group Co.,Ltd." date="2007-12-17" price=""/><quote symbol="ATH:HDF" src-company="duty free stores" company="Hellenic Duty Free Shops S.A." date="2007-12-17" price=""/><quote symbol="PSE:SMDC" src-company="subsidiary" company="SM Development Corp.and Subsidiary" date="2007-12-17" price=""/></metadata>
<title>e-Future Reports Record Total Revenue and Earnings <tm:entity><tm:time_expression><tm:duration To="September 30 , 2007" value="for nine months ended september 30 , 2007">for Nine Months Ended September 30, 2007</tm:duration></tm:time_expression></tm:entity></title>
<html>
<head>
<meta name="generator" content="HTML Tidy for Windows (vers 14 February 2006), see www.w3.org"/>
<!-- #BeginEditable "doctitle" -->
<title>e-Future Reports Record Total Revenue and Earnings <tm:entity><tm:time_expression><tm:duration To="September 30 , 2007" value="for nine months ended september 30 , 2007">for Nine
Months Ended September 30, 2007</tm:duration></tm:time_expression></tm:entity></title></head>
<body>
<p>Increases Software Revenues and Service Fee Income in the First
Three</p>
<p><tm:entity><tm:time_expression><tm:exact_time Year="2007" value="quarters of 2007">Quarters of 2007</tm:exact_time></tm:time_expression></tm:entity> by 57.6% and 65.7% <tm:entity><tm:time_expression><tm:duration Year="2006" value="over the same period of 2006">Over the Same Period of
2006</tm:duration></tm:time_expression></tm:entity></p><p><tm:entity><tm:location><tm:country location_country="China"><tm:place>BEIJING</tm:place></tm:country></tm:location></tm:entity>, <tm:entity><tm:time_expression><tm:relative_time Day="17" Month="Dec." value="dec. 17">Dec. 17</tm:relative_time></tm:time_expression></tm:entity>/Xinhua-PRNewswire/ -- e-Future <tm:entity><tm:company Extension="Inc" value="information technology">Information
Technology</tm:company></tm:entity> Inc. (<tm:entity><tm:stockindex value="nasdaq">Nasdaq</tm:stockindex></tm:entity>: <a class="small" href="http://studio-5.financialcontent.com/prnews?Page=Quote&amp;Ticker=EFUT" onclick="var s=s_gi(s_account); var hd1 = document.getElementById('headline'); s.tl(this,'o',getLinkName('Company Sanpshot'));">EFUT</a>), a leading front supply chain management software and
service company in <tm:entity><tm:location><tm:country><tm:place>China</tm:place></tm:country></tm:location></tm:entity>, today announced its financial results <tm:entity><tm:time_expression><tm:relative_time value="for the third quarter ended september 30 , 2007">for
the third quarter ended September 30, 2007</tm:relative_time></tm:time_expression></tm:entity>.<br/></p><p><tm:entity><tm:time_expression><tm:exact_time Year="2007" value="the first three quarters of 2007">The First Three Quarters of 2007</tm:exact_time></tm:time_expression></tm:entity> Highlights</p>
<ul>
<li><tm:entity><tm:company><tm:potential_company role="Who" value="total">Total</tm:potential_company></tm:company></tm:entity> revenues increased to US$4.7 million, up 31.4% over the
same period of 2006.</li>
<li>Software revenues increased to US$3 million, up 57.6% over the
same period of 2006.</li>
<li>Service fee income increased to US$0.87 million, up 65.7% over
the same period of 2006.</li>
<li>Gross Profit increased to US$2.26 million, up 42% from the same
period of 2006.</li>
<li>Operating Profit increased to US$15,042, up 186% from the same
period of 2006.</li>
<li><tm:entity><tm:company><tm:potential_company role="Who" value="non-gaap">Non-GAAP</tm:potential_company></tm:company></tm:entity> net income of US$587,557 or US$0.21 per fully diluted
share, increased 120% year-on-year.</li>
<li>GAAP Net Loss increased to US$(388,216), largely to expenses
and amortization associated with a <tm:entity><tm:money_expression><tm:money Amount="10 million" Currency="Dollar" value="us$10 million">US$10 million</tm:money></tm:money_expression></tm:entity> private placement
<tm:entity><tm:time_expression><tm:exact_time Month="March" Year="2007" value="in march 2007">in March 2007</tm:exact_time></tm:time_expression></tm:entity> as well as acquisitions <tm:entity><tm:time_expression><tm:exact_time Month="September" Year="30" value="in the nine months ended september 30">in the nine months ended
September 30</tm:exact_time></tm:time_expression></tm:entity> of 2007.</li>
<li><tm:entity><tm:time_expression><tm:exact_time value="2007">As of September 30, 2007</tm:exact_time></tm:time_expression></tm:entity>, the Company had cash and cash
equivalents of <tm:entity><tm:money_expression><tm:money Amount="13.8 million" Currency="Dollar" value="us$13.8 million">US$13.8 million</tm:money></tm:money_expression></tm:entity>.</li></ul>
<p>Operational Results Highlights</p>
<p>Recent accomplishments include:</p>
<p>1. We have completed the acquisition of Crownhead and its
subsidiary</p>
<p><tm:entity><tm:company Location_Continent="Asia" Location_Country="China" value="guangzhou royalstone">Guangzhou Royalstone</tm:company></tm:entity>, an innovative leader in <tm:entity><tm:location><tm:country><tm:place>China</tm:place></tm:country></tm:location></tm:entity>'s
supermarket</p><p>market, which has significantly improved e-Future's market share
in</p>
<p><tm:entity><tm:location><tm:country><tm:place>China</tm:place></tm:country></tm:location></tm:entity>'s <tm:entity><tm:company value="top">Top</tm:company></tm:entity> 100 retailers and global accounts. This transaction
will</p>
<p>help e-Future significantly improve 4Q financial performance and
be</p>
<p>accretive to e-Future's earnings per share <tm:entity><tm:time_expression><tm:exact_time Year="2007" value="in 2007">in 2007</tm:exact_time></tm:time_expression></tm:entity>.</p><p>2. Sales contracts increased 91% <tm:entity><tm:time_expression><tm:duration Year="2006" value="over the same period of 2006">over the same period of 2006</tm:duration></tm:time_expression></tm:entity>.
Fueled by</p><p>the fast growth of <tm:entity><tm:location><tm:country><tm:place>China</tm:place></tm:country></tm:location></tm:entity> economy and rapid development of the
retail</p>
<p>industry, e-Future's software sales continue to ride the tide of
a</p>
<p>robust market.</p>
<p>3. New market penetration in addition to maintaining our
competitive</p>
<p>position and expand market share through organic growth in the
front</p>
<p>chain market, particularly in the retail and FMCG markets, we
are</p>
<p>leveraging existing client base (over 500 retailers and over
200</p>
<p>distributors) into new areas such as B2B service between
these</p>
<p>retailers and their suppliers and exploring new media business
based on</p>
<p>consumer community.</p>
<p>''The record results <tm:entity><tm:time_expression><tm:exact_time Year="2007" value="for the first three quarters of 2007">for the first three quarters of 2007</tm:exact_time></tm:time_expression></tm:entity> demonstrate the ability of e-Future to capture the benefits of a
growing market. I am very pleased with the results <tm:entity><tm:time_expression><tm:exact_time Year="2007" value="for the first three quarters of 2007">for the first
three quarters of 2007</tm:exact_time></tm:time_expression></tm:entity>, in particular our 57.6% increase in
software licenses over the comparable period <tm:entity><tm:time_expression><tm:exact_time Year="2006" value="in 2006">in 2006</tm:exact_time></tm:time_expression></tm:entity>,'' said <tm:entity><tm:person Family_Name="Yan" First_Name="Adam" Gender="Male" role="Person" value="adam yan">Adam
Yan</tm:person></tm:entity>, <tm:entity><tm:function FunctionCategory="Board" role="Has_Function" value="chairman and ceo">Chairman and CEO</tm:function></tm:entity> of e-Future. "With our robust organic growth
and the synergies of our combined organization which includes the
acquisition of Crownhead, we are rapidly improving our position in
<tm:entity><tm:location><tm:country><tm:place>China</tm:place></tm:country></tm:location></tm:entity>'s retail industry and seeing more opportunities ahead. We
look forward to a great fourth quarter as the leading software and
service provider in <tm:entity><tm:location><tm:country><tm:place>China</tm:place></tm:country></tm:location></tm:entity>'s front-end supply chain market from
manufacturers to consumers.''</p><p>Business Outlook</p>
<p>Based upon our robust organic growth, developing innovative
business models and selective strategic acquisitions, the Company
estimates its total revenues <tm:entity><tm:time_expression><tm:exact_time Year="2007" value="for year 2007">for year 2007</tm:exact_time></tm:time_expression></tm:entity> to be <tm:entity><tm:money_expression><tm:moneyrange Amount="9.3 million, 10 million" Currency="Dollar" From="US$9.3 million" To="US$10 million" value="between us$9.3 million and us$10 million">between US$9.3
million and US$10 million</tm:moneyrange></tm:money_expression></tm:entity>.</p><p>Results <tm:entity><tm:time_expression><tm:duration To="September 30 , 2007" value="for the nine months ended september 30 , 2007">for the Nine Months Ended September 30, 2007</tm:duration></tm:time_expression></tm:entity>(1)</p><p>e-Future reported total revenues of US$4.7 million for the nine
months ended September 30, 2007, representing a 31.4% increase from
the corresponding period <tm:entity><tm:time_expression><tm:exact_time Year="2006" value="in 2006">in 2006</tm:exact_time></tm:time_expression></tm:entity>.</p><p>Software sales <tm:entity><tm:time_expression><tm:duration Day="30" Month="September" To="September 30" value="for the nine months ended september 30">for the nine months ended September 30</tm:duration></tm:time_expression></tm:entity> were
<tm:entity><tm:money_expression><tm:money Amount="3.0 million" Currency="Dollar" value="us$3.0 million">US$3.0 million</tm:money></tm:money_expression></tm:entity>, representing a 57.6% increase from the
corresponding period <tm:entity><tm:time_expression><tm:exact_time Year="2006" value="in 2006">in 2006</tm:exact_time></tm:time_expression></tm:entity>. The growth was driven by the
increases in small and medium-sized businesses and the increased
sales on providing products to global customers operating in
<tm:entity><tm:location><tm:country><tm:place>China</tm:place></tm:country></tm:location></tm:entity>.</p><p>Service fee income <tm:entity><tm:time_expression><tm:duration Day="30" Month="September" To="September 30" value="for the nine months ended september 30">for the nine months ended September 30</tm:duration></tm:time_expression></tm:entity> was
<tm:entity><tm:money_expression><tm:money Amount="0.87million" Currency="Dollar" value="us$0.87million">US$0.87million</tm:money></tm:money_expression></tm:entity>, representing a 65.7% increase from the
corresponding period <tm:entity><tm:time_expression><tm:exact_time Year="2006" value="in 2006">in 2006</tm:exact_time></tm:time_expression></tm:entity> due to our efforts on service for
installed base clients and increased additional billings after the
free service period.</p>
<p>Cost of software as a component of cost of revenues consists of
wages, materials, handling charges and other expenses associated
with the development of our software. Cost of software was <tm:entity><tm:money_expression><tm:money Amount="0.94 million" Currency="Dollar" value="us$0.94 million">US$0.94
million</tm:money></tm:money_expression></tm:entity>, representing 81% increase from the corresponding period <tm:entity><tm:time_expression><tm:exact_time Year="2006" value="in 2006">in
2006</tm:exact_time></tm:time_expression></tm:entity>. This increase resulted directly from our effort to provide
our software and services to new customers who require more new
features and functions from our products which requires more labor
on the implementation of these products.</p><p>Cost of service fee income as a component of cost of revenues
includes salaries and related expenses of our consulting
organization and an allocation of our facilities and depreciation
expenses. Cost of service fee income was <tm:entity><tm:money_expression><tm:money Amount="0.25 million" Currency="Dollar" value="us$0.25 million">US$0.25 million</tm:money></tm:money_expression></tm:entity>,
representing 56.9% increase from the corresponding period <tm:entity><tm:time_expression><tm:exact_time Year="2006" value="in 2006">in 2006</tm:exact_time></tm:time_expression></tm:entity>,
mainly due to the increase in our service fee income and the
increased labor necessary to fulfill our service obligations.</p><p>General and administrative expenses consist primarily of costs
from our finance and human resources organizations; third party
legal and other professional services fees; and an allocation of
our facilities costs and depreciation expense. G &amp; A expenses
were <tm:entity><tm:money_expression><tm:money Amount="1.18 million" Currency="Dollar" value="us$1.18 million">US$1.18 million</tm:money></tm:money_expression></tm:entity>, representing a 79% increase <tm:entity><tm:time_expression><tm:duration Day="30" From="nine months" Month="September" To="September 30" value="from the nine months ended september 30">from the nine
months ended September 30</tm:duration></tm:time_expression></tm:entity> of 2006, directly resulting from
increased expenses from new branches, increased headcount, and
additional legal and accounting fees and public relations costs
primarily related to becoming a public company.</p>
<p>Selling and distribution expenses consist primarily of salaries
and related costs of our sales and marketing organization: costs of
our marketing programs, including advertising, trade shows, and
collateral sales materials; and an allocation of our facilities and
depreciation expenses. Selling and distribution expenses were
<tm:entity><tm:money_expression><tm:money Amount="1.0 million" Currency="Dollar" value="us$1.0 million">US$1.0 million</tm:money></tm:money_expression></tm:entity> <tm:entity><tm:time_expression><tm:relative_time value="in this period">in this period</tm:relative_time></tm:time_expression></tm:entity>, which essentially remained flat from
the corresponding period <tm:entity><tm:time_expression><tm:exact_time Year="2006" value="in 2006">in 2006</tm:exact_time></tm:time_expression></tm:entity>.</p><p>Research and development expenses which are expensed as
incurred, consist primarily of salaries and related costs of our
engineering organization; <tm:entity><tm:function FunctionCategory="Other" value="consultants">consultants</tm:function></tm:entity>; and an allocation of our
facilities and depreciation expense. We believe that our success
depends on continued enhancement of our current products and our
ability to develop new technologically advanced products that meet
the increasingly sophisticated requirements of our customers. R
&amp; D expense was <tm:entity><tm:money_expression><tm:money Amount="0.03 million" Currency="Dollar" value="us$0.03 million">US$0.03 million</tm:money></tm:money_expression></tm:entity> <tm:entity><tm:time_expression><tm:duration Day="30" Month="September" To="September 30" value="for the nine months ended september 30">for the nine months ended
September 30</tm:duration></tm:time_expression></tm:entity> of 2007. We are expecting more spending on the
development of new software products to meet the evolving
complexities of our customers' businesses.</p>
<p>Operating profit was <tm:entity><tm:money_expression><tm:money Amount="15,042" Currency="Dollar" value="us$15,042">US$15,042</tm:money></tm:money_expression></tm:entity> <tm:entity><tm:time_expression><tm:duration To="September 30 , 2007" value="for the three quarters ended september 30 , 2007">for the three quarters ended
September 30, 2007</tm:duration></tm:time_expression></tm:entity> which was 186% larger than the operational loss
generated <tm:entity><tm:time_expression><tm:duration Year="2006" value="during the same period of 2006">during the same period of 2006</tm:duration></tm:time_expression></tm:entity>. We diminished the
operating loss caused by the seasonally weak period <tm:entity><tm:time_expression><tm:relative_time value="in first half of the year">in first half
of the year</tm:relative_time></tm:time_expression></tm:entity> for the retail industry in <tm:entity><tm:location><tm:country><tm:place>China</tm:place></tm:country></tm:location></tm:entity>.</p><p>Non-GAAP net income excluding amortization of acquired software
technology, amortization of intangibles and accretion on
convertible notes was US$587,557 or US$0.21 per fully diluted share
<tm:entity><tm:time_expression><tm:duration Day="30" Month="September" To="September 30" value="for the nine months ended september 30">for the nine months ended September 30</tm:duration></tm:time_expression></tm:entity> of 2007, representing a 120%
increase from the corresponding period <tm:entity><tm:time_expression><tm:exact_time Year="2006" value="in 2006">in 2006</tm:exact_time></tm:time_expression></tm:entity>.</p><p>Net Income in the nine months ended September 30 of 2007
decreased to US$(388,216) or US$(0.15) per share, as compared to a
GAAP net loss of US$(9,693) or US$(0.01) per share <tm:entity><tm:time_expression><tm:exact_time Year="2006" value="for the first three quarters of 2006">for the first
three quarters of 2006</tm:exact_time></tm:time_expression></tm:entity>, due to expenses related to our <tm:entity><tm:money_expression><tm:money Amount="10 million" Currency="Dollar" value="$10 million">$10 million</tm:money></tm:money_expression></tm:entity> private placement and foreign currency transaction loss. Adjusted
non-GAAP earnings for the first three quarters of 2007 of
US$587,557 or US$0.21 per share, which excludes amortization of
acquired software technology and intangibles and accretion on
convertible notes, as compared to adjusted non-GAAP earnings per
share <tm:entity><tm:money_expression><tm:moneyrange Amount="253,246, 0.17" Currency="Dollar" From="US$253,246" To="US$0.17" value="of us$253,246 or us$0.17">of US$253,246 or US$0.17</tm:moneyrange></tm:money_expression></tm:entity> <tm:entity><tm:time_expression><tm:exact_time Year="2006" value="for the first three quarters of 2006">for the first three quarters of
2006</tm:exact_time></tm:time_expression></tm:entity>.</p><p><tm:entity><tm:time_expression><tm:exact_time value="2007">As of September 30, 2007</tm:exact_time></tm:time_expression></tm:entity>, the Company had cash and cash
equivalents of <tm:entity><tm:money_expression><tm:money Amount="13.8 million" Currency="Dollar" value="us$13.8 million">US$13.8 million</tm:money></tm:money_expression></tm:entity>. Net operating cash flow and capital
expenditures <tm:entity><tm:time_expression><tm:duration To="September 30 , 2007" value="for the nine months ended september 30 , 2007">for the nine months ended September 30, 2007</tm:duration></tm:time_expression></tm:entity> were
<tm:entity><tm:money_expression><tm:money Amount="0.11 million" Currency="Dollar" value="us$-0.11 million">US$-0.11 million</tm:money></tm:money_expression></tm:entity> and <tm:entity><tm:money_expression><tm:money Amount="0.86 million" Currency="Dollar" value="$0.86 million">$0.86 million</tm:money></tm:money_expression></tm:entity>, respectively. The increase in
capital expenditure was due to the acquisitions of Tangcheng and
Royalstone.<br/></p><p>(1) This announcement contains translations of certain RMB
amounts into</p>
<p><tm:entity><tm:location><tm:country><tm:place>U.S.</tm:place></tm:country></tm:location></tm:entity> dollars at specified rates solely for the convenience of
the</p>
<p>reader. Unless otherwise noted, all translations from RMB to
<tm:entity><tm:location><tm:country><tm:place>U.S.</tm:place></tm:country></tm:location></tm:entity></p><p>dollars are made at a rate of RMB7.5108 to US$1.00, the
effective</p>
<p>noon buying rate <tm:entity><tm:time_expression><tm:exact_time value="2007">as of September 30, 2007</tm:exact_time></tm:time_expression></tm:entity>.</p><p>About e-Future <tm:entity><tm:company Extension="Inc" value="information technology">Information Technology</tm:company></tm:entity> Inc.</p>
<p>e-Future is a leading software and service provider in <tm:entity><tm:location><tm:country><tm:place>China</tm:place></tm:country></tm:location></tm:entity>'s
front-end supply chain market from manufacturers to consumers,
especially in retail and the Fast Moving Consumer Goods (''FMCG'')
market for manufacturers, distributors, wholesalers, logistics
companies and retailers. e-Future's clients are centered in the
retail, automotive, general household appliance and consumer goods
industries.</p><p>e-Future now serves more than 800 clients, including over 500
retailers and over 200 distributors and <tm:entity><tm:company value="fortune">Fortune</tm:company></tm:entity> 500 companies that
do business in <tm:entity><tm:location><tm:country><tm:place>China</tm:place></tm:country></tm:location></tm:entity> including <tm:entity><tm:company><tm:normalized_name Domain="ConsumerGoods" value="procter and gamble">Procter &amp; Gamble</tm:normalized_name></tm:company></tm:entity>, <tm:entity><tm:company><tm:normalized_name Domain="Pharma" value="johnson and johnson">Johnson &amp;
Johnson</tm:normalized_name></tm:company></tm:entity>, <tm:entity><tm:company Domain="ConsumerGoods" value="kimberly clark">Kimberly-Clark</tm:company></tm:entity>, the <tm:entity><tm:company Domain="Automotive" value="chang'an motors">Chang'an Motors</tm:company></tm:entity> and <tm:entity><tm:company><tm:normalized_name Domain="Automotive" value="ford">Ford Motors</tm:normalized_name></tm:company></tm:entity> joint
venture, <tm:entity><tm:company Location_Continent="Asia" Location_Country="China" value="b&amp;q kingfisher">B&amp;Q-Kingfisher</tm:company></tm:entity> China, <tm:entity><tm:company Domain="ConsumerGoods" Location_Continent="Asia" Location_Country="China" value="gucci">GUCCI</tm:company></tm:entity> China, <tm:entity><tm:company Location_Continent="Asia" Location_Country="China" value="aeon jusco">Aeon- JUSCO</tm:company></tm:entity> China,
<tm:entity><tm:company Location_Continent="Asia" Location_Country="China" value="parkson">PARKSON</tm:company></tm:entity> China, <tm:entity><tm:company Location_Continent="Asia" Location_Country="China" value="sogo">SOGO</tm:company></tm:entity> China and Mickey's Space stores (Disney
franchises). Leading local companies include Belle, Lianhua,
Suning, <tm:entity><tm:location><tm:country location_country="China"><tm:place>Wuhan</tm:place></tm:country></tm:location></tm:entity> <tm:entity><tm:company value="zhongbai">Zhongbai</tm:company></tm:entity>, <tm:entity><tm:company Extension="Group" value="wushang">Wushang</tm:company></tm:entity> Group, <tm:entity><tm:company value="bubugao">Bubugao</tm:company></tm:entity>, <tm:entity><tm:company value="yonghui">Yonghui</tm:company></tm:entity> and China
<tm:entity><tm:company Domain="ConsumerGood" Location_Continent="Asia" Location_Country="China" value="duty free stores">Duty-Free Stores</tm:company></tm:entity>.</p><p>Moreover, e-Future is also one of <tm:entity><tm:company><tm:normalized_name Domain="IT" role="Who" value="ibm">IBM</tm:normalized_name></tm:company></tm:entity>'s premier business
partners in <tm:entity><tm:location><tm:country><tm:place>Asia</tm:place></tm:country></tm:location></tm:entity> <tm:entity><tm:location><tm:country><tm:place>Pacific</tm:place></tm:country></tm:location></tm:entity> as well as the partner of SAP, Oracle,
Microsoft, JDA and Motorola. e-Future has 19 branch offices in 31
provinces in <tm:entity><tm:location><tm:country><tm:place>China</tm:place></tm:country></tm:location></tm:entity> with over 600 employees including 250
<tm:entity><tm:function FunctionCategory="Other" value="consultants">consultants</tm:function></tm:entity> and service professionals and 270 programmers for
software research and development and customization.</p>
<p>FORWARD-LOOKING STATEMENTS</p>
<p>This announcement contains statements that may constitute
forward-looking statements made pursuant to the safe harbor
provision of the Private Securities Litigation Reform Act of 1995.
We caution investors that any forward-looking statements presented
in this report, or which management may make orally or in writing
from time to time, are based on beliefs and assumptions made by,
and information currently available to, management. When used, the
words ''anticipate,'' ''believe,'' ''estimate,'' ''expect,''
''intend,'' ''may,'' ''might,'' ''plan,'' ''project,'' ''result,''
''should,'' ''will'' and similar expressions which do not relate
solely to historical matters are intended to identify
forward-looking statements. Such statements are subject to risks,
uncertainties and assumptions and are not guarantees of future
performance, which may be affected by known and unknown risks,
trends, uncertainties and factors that are beyond our control.
Should one or more of these risks or uncertainties materialize, or
should underlying assumptions prove incorrect, actual results may
vary materially from those anticipated, estimated or projected by
the forward-looking statements. We caution you that while
forward-looking statements reflect our good-faith beliefs when we
make them, they are not guarantees of future performance and are
affected by actual events when they occur after we make such
statements. Accordingly, investors should use caution in relying on
forward-looking statements, which are based on results and trends
at the time they are made, to anticipate future results or
trends.</p>
<p>Some of the risks and uncertainties that may cause e-Future's
actual results, performance or achievements to differ materially
from those expressed or implied by forward-looking statements
include, among others, the following:<br/></p>
<ul>
<li>general risks affecting the Chinese retail industry;</li>
<li>failure to effectively manage our growth and expansion or to
integrate acquisitions and developments successfully;</li>
<li>risks and uncertainties affecting software development;</li>
<li>risks associated with downturns in the Chinese national and
local economies;</li>
<li>risks associated with our dependence on key personnel whose
continued service is not guaranteed; and</li>
<li>the other risk factors identified in our most recently filed
Annual Report on Form <tm:entity><tm:money_expression><tm:money Amount="20-" Currency="Franc" value="20-f">20-F</tm:money></tm:money_expression></tm:entity>, including those described under the
caption ''Risk Factors.''</li></ul>
<p>The risks set forth above are not exhaustive. Other sections of
this report may include additional factors that could adversely
affect our business and financial performance. Moreover, we operate
in a very competitive and rapidly changing environment. New risk
factors emerge from time to time and it is not possible for
management to predict all risk factors, nor can it assess the
impact of all risk factors on our business or the extent to which
any factor, or combination of factors, may cause actual results to
differ materially from those contained in any forward-looking
statements. Given these risks and uncertainties, investors should
not place undue reliance on forward-looking statements as a
prediction of actual results. Investors should also refer to our
most recent Annual Report on Form <tm:entity><tm:money_expression><tm:money Amount="20-" Currency="Franc" value="20-f">20-F</tm:money></tm:money_expression></tm:entity> for future periods and
reports on Form 6-K as we file them with the Securities and
<tm:entity><tm:organisation value="exchange commission">Exchange Commission</tm:organisation></tm:entity>, and to other materials we may furnish to the
public from time to time through Forms 6-K or otherwise, for a
discussion of risks and uncertainties that may cause actual
results, performance or achievements to differ materially from
those expressed or implied by forward-looking statements. We
expressly disclaim any responsibility to update any forward-
looking statements to reflect changes in underlying assumptions or
factors, new information, future events, or otherwise, and you
should not rely upon these forward-looking statements after the
date of this report.</p><p>Use of <tm:entity><tm:company Domain="Financial" value="non gaap financial">Non-GAAP Financial</tm:company></tm:entity> Information</p>
<p>e-Future uses non-GAAP measures of performance, including
adjusted operating income, EBITDA (earnings before interest, taxes,
depreciation and amortization) and earnings per share, in its
public statements. Management uses, and chooses to disclose, these
non-GAAP financial measures because it believes that (i) such
measures provide an additional analytical tool to clarify
e-Future's results from operations and help e-Future to identify
underlying trends in its results of operations; (ii) e-Future uses
non-GAAP earnings measures, including EBITDA, as a measure of
profitability because such measures help e-Fuure compare its
performance on a consistent basis across time periods; and (iii)
these non-GAAP measures are employed by e- Future's management in
its own evaluation of performance and are utilized in financial and
operational decision making processes, such as budget planning and
forecasting.</p>
<p>Set forth below are additional reasons why specific items are
excluded from the Company's non-GAAP financial measures:<br/></p>
<ul>
<li>Amortization charges for acquired technology are excluded
because they result from prior acquisitions, rather than ongoing
operations, and absent additional acquisitions, are expected to
decline over time.</li>
<li>e-Future excludes depreciation and amortization of intangibles
because they are non-cash expenses, and while tangible and
intangible assets support its business, it does not believe the
related depreciation and amortization costs are directly
attributable to the operating performance of its business.</li>
<li>Adjustments to accretion on convertible notes and record a
change in the fair value of a related conversion feature are
non-routine transactions, not directly related to e-Future's core
business of selling software and related services and
hardware.</li>
</ul>
<p>Material Limitations (and Compensation thereof) Associated with
the Use of <tm:entity><tm:company Domain="Financial" value="non gaap financial">Non-GAAP Financial</tm:company></tm:entity> Measures</p>
<p>Non-GAAP financial measures have limitations as an analytical
tool and should not be considered in isolation or as a substitute
for e-Future's GAAP results. In the future, e-Future expects to
continue reporting non-GAAP financial measures excluding items
described above and e-Future expects to continue to incur expenses
similar to the non-GAAP adjustments described above. Accordingly,
exclusion of these and other similar items in its non-GAAP
presentation should not be construed as an inference that these
costs are unusual, infrequent or non-recurring.</p>
<p>e-Future compensates for these limitations by relying primarily
on its GAAP results and using non-GAAP financial measures only
supplementally. e- Future also provides reconciliations of each
non-GAAP financial measure to its most directly comparable GAAP
measure, and it encourages investors to carefully review those
reconciliations.<br/></p>
<p><tm:entity><tm:company Extension="Inc" value="e future information technology">E-FUTURE INFORMATION TECHNOLOGY</tm:company></tm:entity> INC. AND <tm:entity><tm:company value="subsidiary">SUBSIDIARY</tm:company></tm:entity></p><p>CONDENSED CONSOLIDATED BALANCE SHEETS</p>
<p>Chinese Yuan (Renminbi) <tm:entity><tm:location><tm:country><tm:place>U.S.</tm:place></tm:country></tm:location></tm:entity> Dollars</p>
<p><tm:entity><tm:time_expression><tm:relative_time value="december 31 , september 30 , september 30 , 2007">December 31, September 30, September 30, 2007</tm:relative_time></tm:time_expression></tm:entity></p><p>2006 2007 (Historical) (Pro Forma)</p>
<p>ASSETS Audited Unaudited Unaudited Unaudited</p>
<p>Current assets</p>
<p>Cash and cash</p>
<p>equivalents RMB 61,464,737 RMB <tm:entity><tm:money_expression><tm:moneyrange Amount="104,265,256, 13,882,044, 12,430,269" Currency="Dollar" From="104,265,256 $13,882,044" To="$12,430,269" value="104,265,256 $13,882,044 $12,430,269">104,265,256 $13,882,044
$12,430,269</tm:moneyrange></tm:money_expression></tm:entity></p><p>Trade receivables,</p>
<p>less allowance</p>
<p>for doubtful</p>
<p>accounts of</p>
<p>RMB2,109,910 and</p>
<p>RMB3,250,871</p>
<p>respectively 4,452,959 8,693,018 1,157,402 1,157,402</p>
<p>Refundable value</p>
<p>added tax 2,470,941 2,753,271 366,575 366,575</p>
<p>Deposits 44,943 264,354 35,197 35,197</p>
<p>Advances to employees 1,198,601 3,151,731 419,627 419,627</p>
<p>Advances to suppliers 443,030 443,030 58,986 58,986</p>
<p>Other receivables 171,120 3,319,838 442,009 442,009</p>
<p>Prepaid expenses 534,755 417,330 55,564 55,564</p>
<p>Inventory 4,121,136 12,131,061 1,615,149 1,615,149</p>
<p><tm:entity><tm:company><tm:potential_company role="Who" value="total">Total</tm:potential_company></tm:company></tm:entity> current assets 74,902,222 135,438,889 18,032,553
16,580,778</p>
<p>Non-current assets</p>
<p><tm:entity><tm:company><tm:potential_company role="Who" value="long-term">Long-term</tm:potential_company></tm:company></tm:entity> investments -- 4,588,972 610,983 610,983</p>
<p>Deferred loan costs,</p>
<p>net of RMB1,237,142 of</p>
<p>amortization -- 10,279,573 1,368,639 1,368,639</p>
<p>Property and equipment,</p>
<p>net of accumulated</p>
<p>depreciation of</p>
<p>RMB4,690,856 and</p>
<p>RMB5,027,890,</p>
<p>respectively 1,014,581 2,029,619 270,227 270,227</p>
<p>Intangible assets,</p>
<p>net of accumulated</p>
<p>amortization of</p>
<p>RMB8,678,751 and</p>
<p>RMB12,743,682,</p>
<p>respectively 7,108,244 51,841,715 6,902,289 6,902,289</p>
<p>Goodwill -- 44,143,912 5,877,392 5,877,392</p>
<p>Total non-current</p>
<p>assets 8,122,825 112,883,791 15,029,530 15,029,530</p>
<p>Total assets RMB 83,025,047 RMB <tm:entity><tm:money_expression><tm:moneyrange Amount="248,322,680, 33,062,083, 31,610,308" Currency="Dollar" From="248,322,680 $33,062,083" To="$31,610,308" value="248,322,680 $33,062,083 $31,610,308">248,322,680 $33,062,083
$31,610,308</tm:moneyrange></tm:money_expression></tm:entity></p><p>LIABILITIES AND SHAREHOLDERS' EQUITY</p>
<p>Current liabilities</p>
<p>Trade accounts</p>
<p>payable RMB 1,230,782 RMB <tm:entity><tm:money_expression><tm:moneyrange Amount="2,692,733, 358,516" Currency="Dollar" From="2,692,733 $358,516" To="$358,516" value="2,692,733 $358,516 $358,516">2,692,733 $358,516 $358,516</tm:moneyrange></tm:money_expression></tm:entity></p><p>Accrued expenses 3,941,618 4,986,869 663,960 663,960</p>
<p>Taxes payable 5,182,615 5,168,172 688,099 688,099</p>
<p>Advances from</p>
<p>customers 8,121,043 17,138,346 2,281,827 2,281,827</p>
<p>Royalstone acquisition</p>
<p>obligation, current</p>
<p>portion -- 62,611,099 8,336,142 8,336,142</p>
<p>Make-whole obligation,</p>
<p>current portion -- 1,995,762 265,719 132,859</p>
<p>Convertible note payable,</p>
<p>current portion -- 7,004,384 932,575 466,287</p>
<p>Total current</p>
<p>liabilities 18,476,058 101,597,365 13,526,838 12,927,690</p>
<p>Long-term liabilities</p>
<p>Royalstone acquisition</p>
<p>obligation, net of</p>
<p>current portion -- 6,416,970 854,366 854,366</p>
<p>Make-whole</p>
<p>obligation, net of</p>
<p>current portion -- 19,812,221 2,637,831 1,318,916</p>
<p>12% RMB75,108,000</p>
<p>(<tm:entity><tm:money_expression><tm:money Amount="10,000,000" Currency="Dollar" value="$10,000,000">$10,000,000</tm:money></tm:money_expression></tm:entity>) convertible</p><p>note payable, net of</p>
<p>RMB53,379,624 unamortized</p>
<p>discount based on an</p>
<p>imputed interest rate of</p>
<p>28.9%, net of current</p>
<p>portion -- 14,723,992 1,960,376 980,188</p>
<p>Deferred income taxes -- 5,282,076 703,264 703,264</p>
<p>Total long-term</p>
<p>liabilities -- 46,235,259 6,155,837 3,856,734</p>
<p>Shareholders' equity</p>
<p>Ordinary shares, <tm:entity><tm:money_expression><tm:money Amount="0.0756" Currency="Dollar" value="$0.0756">$0.0756</tm:money></tm:money_expression></tm:entity></p><p><tm:entity><tm:location><tm:country><tm:place>U.S.</tm:place></tm:country></tm:location></tm:entity> dollars (RMB0.6257)</p>
<p>par value; 6,613,756 shares</p>
<p>authorized; 2,633,500 shares</p>
<p>and 2,633,500 shares</p>
<p>outstanding (2,833,580</p>
<p>shares pro forma),</p>
<p>respectively 1,647,781 1,647,781 219,388 234,514</p>
<p>Additional paid-in</p>
<p>capital 77,726,236 116,092,037 15,456,681 20,441,555</p>
<p>Statutory reserves 3,084,020 3,084,020 410,611 410,611</p>
<p>Accumulated foreign</p>
<p>currency translation</p>
<p>adjustment (491,079) -- -- --</p>
<p>Accumulated deficit (17,417,969) (20,333,783) (2,707,272)
(6,260,796)</p>
<p>Total shareholders'</p>
<p>equity 64,548,989 100,490,056 13,379,408 14,825,884</p>
<p>Total liabilities and</p>
<p>shareholders'</p>
<p>equity RMB 83,025,047 RMB <tm:entity><tm:money_expression><tm:moneyrange Amount="248,322,680, 33,062,083, 31,610,308" Currency="Dollar" From="248,322,680 $33,062,083" To="$31,610,308" value="248,322,680 $33,062,083 $31,610,308">248,322,680 $33,062,083
$31,610,308</tm:moneyrange></tm:money_expression></tm:entity></p><p><tm:entity><tm:company Extension="Inc" value="e future information technology">E-FUTURE INFORMATION TECHNOLOGY</tm:company></tm:entity> INC. AND <tm:entity><tm:company value="subsidiary">SUBSIDIARY</tm:company></tm:entity></p><p>CONDENSED CONSOLIDATED INCOME STATEMENTS</p>
<p><tm:entity><tm:time_expression><tm:duration Day="30" Month="September" To="SEPTEMBER 30 , 2006 AND 2007" Year="2006, 2007" value="for the nine months ended september 30 , 2006 and 2007">FOR THE NINE MONTHS ENDED SEPTEMBER 30, 2006 AND 2007</tm:duration></tm:time_expression></tm:entity></p><p>Chinese Yuan (Renminbi) <tm:entity><tm:location><tm:country><tm:place>U.S.</tm:place></tm:country></tm:location></tm:entity> Dollars</p>
<p><tm:entity><tm:time_expression><tm:relative_time value="september 30 , september 30 , 2007">September 30, September 30, 2007</tm:relative_time></tm:time_expression></tm:entity></p><p>2006 2007 (Historical) (Pro Forma)</p>
<p>Revenues Unaudited Unaudited Unaudited Unaudited</p>
<p>Software sales RMB14,374,457 RMB22,657,547 <tm:entity><tm:money_expression><tm:moneyrange Amount="3,016,662" Currency="Dollar" From="$3,016,662" To="$3,016,662" value="$3,016,662 $3,016,662">$3,016,662
$3,016,662</tm:moneyrange></tm:money_expression></tm:entity></p><p>Hardware sales 8,757,746 6,381,792 849,683 849,683</p>
<p>Service fee income 3,936,185 6,521,734 868,314 868,314</p>
<p><tm:entity><tm:company><tm:potential_company role="Who" value="total">Total</tm:potential_company></tm:company></tm:entity> Revenues 27,068,387 35,561,073 4,734,659 4,734,659</p>
<p>Cost of revenues</p>
<p>Cost of software 3,898,742 7,049,427 938,572 938,572</p>
<p>Cost of hardware 7,874,452 5,406,305 719,804 719,804</p>
<p>Cost of service fee</p>
<p>income 1,214,875 1,906,683 253,859 253,859</p>
<p>Amortization of</p>
<p>acquired technology -- 2,229,127 296,790 296,790</p>
<p>Amortization of</p>
<p>software costs 2,078,163 1,986,882 264,537 264,537</p>
<p><tm:entity><tm:company><tm:potential_company role="Who" value="total">Total</tm:potential_company></tm:company></tm:entity> Cost of Revenue 15,066,231 18,578,424 2,473,562
2,473,562</p>
<p>Gross Profit 12,002,156 16,982,648 2,261,097 2,261,097</p>
<p>Expenses</p>
<p>Research and</p>
<p>development -- 242,764 32,322 32,322</p>
<p>General and</p>
<p>administrative 4,948,093 8,857,730 1,179,332 1,179,332</p>
<p>Selling and</p>
<p>distribution</p>
<p>expenses 7,185,396 7,769,176 1,034,401 1,034,401</p>
<p><tm:entity><tm:company><tm:potential_company role="Who" value="total">Total</tm:potential_company></tm:company></tm:entity> Expenses 12,133,489 16,869,670 2,246,055 2,246,055</p>
<p>Profit (Loss) from</p>
<p>operations (131,333) 112,978 15,042 15,042</p>
<p>Interest income 29,537 2,768,835 368,647 368,647</p>
<p>Interest expense 25,188 (1,286,226) (171,250) (3,724,774)</p>
<p>Amortization of discount</p>
<p>on notes payable</p>
<div style="margin-left: 2em">-- (3,112,821) (414,446) (414,446)
Amortization of loan costs -- (1,237,142) (164,715) (164,715)
Profit (Loss) on investments -- 140,147 18,659 18,659 Foreign
currency transaction losses (301,585) (40,153) (40,153) Net loss
RMB(76,609) RMB(2,915,814) $(388,216) $(3,941,740) Earnings per
ordinary share Basic RMB(0.05) RMB(1.11) $(0.15) $(1.50) Diluted
RMB(0.05) RMB(1.11) $(0.15) $(1.50) E-FUTURE INFORMATION TECHNOLOGY
INC. AND SUBSIDIARY CONDENSED CONSOLIDATED STATEMENTS OF CASH FLOWS
FOR THE NINE MONTHS ENDED SEPTEMBER 30, 2006 AND 2007 Chinese Yuan
(Renminbi) U.S. Dollars September 30, September 30, September 30,
2006 2007 2007 Cash flows from operating activities: Unaudited
Unaudited Unaudited Net income (loss) RMB(76,609) RMB(2,915,813)
$(388,216) Adjustments to reconcile net income (loss) to net cash
provided by (used in) operating activities: Depreciation 294,818
337,034 44,873 Amortization of intangible assets 2,078,163
4,216,008 561,326 Amortization of discount on notes payable --
3,112,821 414,446 Amortization of deferred loan costs -- 1,237,142
164,715 Change in assets and liabilities: Accounts receivable
1,865,282 (4,240,059) (564,528) Refundable value added tax
1,151,601 (282,330) (37,590) Deposits 314,429 (219,411) (29,213)
Advances to employees 313,079 (1,953,130) (260,043) Advances to
suppliers (157,690) -- -- Other receivables (8,431) (3,148,718)
(419,225) Prepaid expenses 160,265 117,425 15,634 Inventories
(4,350,198) (8,009,925) (1,066,454) Trade payables (1,117,145)
1,461,951 194,647 Accrued expenses (1,129,487) 1,045,251 139,166
Taxes payable (173,557) (14,443) (1,923) Advances from customers
2,453,876 9,017,303 1,200,578 Decrease in accrued make-whole
obligations -- (610,931) (81,340) Net cash provided by operating
activities 1,618,396 (849,825) (113,147) Cash flows from investing
activities: Purchases of property and equipment (337,184)
(2,346,296) (312,390) Payments for software (2,449,318) (4,109,748)
(547,179) <tm:entity><tm:company><tm:potential_company role="Who" value="long-term">Long-term</tm:potential_company></tm:company></tm:entity> investments -- (4,588,972) (610,983) Payment to
purchase net assets of Royalstone -- (9,981,954) (1,329,013) Loan
to Guarantor 800,000 -- -- Net cash used in investing activities
(1,986,502) (21,026,970) (2,799,565) Cash flows from financing
activities: Issuance of ordinary shares for cash, net of offering
costs paid (250,024) -- -- Proceeds from issuance of convertible
notes payable, net of loan costs paid -- 67,025,162 8,923,838
Repayment of short term loan (2,800,000) -- -- Net cash provided by
(used in) financing activities (3,050,024) 67,025,162 8,923,838
Effect of exchange rate changes on cash -- (2,347,848) (312,596)
Net increase in cash (3,418,130) 42,800,519 5,698,530 Cash and cash
equivalents <tm:entity><tm:time_expression><tm:relative_time value="at beginning of period">at beginning of period</tm:relative_time></tm:time_expression></tm:entity> 8,834,817 61,464,737 8,183,514
Cash and cash equivalents <tm:entity><tm:time_expression><tm:relative_time value="at end of period">at end of period</tm:relative_time></tm:time_expression></tm:entity> RMB5,416,687
RMB104,265,256 $13,882,044 Supplemental cash flow information
Interest paid RMB66,593 RMB1,286,226 <tm:entity><tm:money_expression><tm:money Amount="171,250" Currency="Dollar" value="$171,250">$171,250</tm:money></tm:money_expression></tm:entity> <tm:entity><tm:company Extension="Inc" value="e future information technology">E-FUTURE INFORMATION
TECHNOLOGY</tm:company></tm:entity> INC. AND <tm:entity><tm:company value="subsidiary non gaap measures">SUBSIDIARY NON-GAAP MEASURES</tm:company></tm:entity> OF PERFORMANCE <tm:entity><tm:time_expression><tm:duration Day="30" Month="September" To="SEPTEMBER 30 , 2006 AND 2007" Year="2006, 2007" value="for the nine months ended september 30 , 2006 and 2007">FOR
THE NINE MONTHS ENDED SEPTEMBER 30, 2006 AND 2007</tm:duration></tm:time_expression></tm:entity> Chinese Yuan
(Renminbi) <tm:entity><tm:location><tm:country><tm:place>U.S.</tm:place></tm:country></tm:location></tm:entity> Dollars <tm:entity><tm:time_expression><tm:relative_time value="september 30 , september 30 , september 30 , 2006">September 30, September 30, September 30,
2006</tm:relative_time></tm:time_expression></tm:entity> 2007 2007</div>
<p>NON-GAAP OPERATING INCOME (LOSS)</p>
<p>AND ADJUSTED EBITDA Unaudited Unaudited Unaudited</p>
<p>Operating income (loss)</p>
<p>(GAAP Basis) RMB(131,333) RMB112,978 <tm:entity><tm:money_expression><tm:money Amount="15,042" Currency="Dollar" value="$15,042">$15,042</tm:money></tm:money_expression></tm:entity></p><p>Adjustments for non-GAAP measures of</p>
<p>performance:</p>
<p>Add back amortization of acquired</p>
<p>software technology -- 2,229,127 296,790</p>
<p>Add back amortization of intangibles 2,078,163 1,986,882
264,537</p>
<p>Adjusted non-GAAP operating income 1,946,830 4,328,987
576,368</p>
<p>Add back depreciation 294,818 337,034 44,873</p>
<p>Adjusted EBITDA (Earnings before</p>
<p>interest, taxes, depreciation and</p>
<p>amortization) RMB2,241,649 RMB4,666,021 <tm:entity><tm:money_expression><tm:money Amount="621,241" Currency="Dollar" value="$621,241">$621,241</tm:money></tm:money_expression></tm:entity></p><p>NON-GAAP OPERATING INCOME (LOSS) AND</p>
<p>ADJUSTED EBITDA, as a percentage of</p>
<p>revenue</p>
<p>Operating income (loss) (GAAP BASIS) % (0.5) % 0.3 % 0.3</p>
<p>Adjustments for non-GAAP measures of</p>
<p>performance:</p>
<p>Amortization of acquired software</p>
<p>technology % -- % 6.3 % 6.3</p>
<p>Amortization of intangibles % 7.7 % 5.6 % 5.6</p>
<p>Adjusted non-GAAP operating income % 7.2 % 12.2 % 12.2</p>
<p>Depreciation % 1.1 % 0.9 % 0.9</p>
<p>Adjusted EBITDA (Earnings before</p>
<p>interest, taxes, depreciation and</p>
<p>amortization) % 8.3 % 13.1 % 13.1</p>
<p>NON-GAAP EARNINGS PER SHARE</p>
<p>Net Income(Loss) RMB(76,609) RMB(2,915,814) $(388,216)</p>
<p>Amortization of acquired software</p>
<p>technology -- 2,229,127 296,790</p>
<p>Amortization of intangibles 2,078,163 1,986,882 264,537</p>
<p>Accretion on convertible notes -- 3,112,821 414,446</p>
<p>Adjusted Net income 2,001,553 4,413,016 587,557</p>
<p>Adjusted non-GAAP diluted earnings</p>
<p>per share RMB1.33 RMB1.60 <tm:entity><tm:money_expression><tm:money Amount="0.21" Currency="Dollar" value="$0.21">$0.21</tm:money></tm:money_expression></tm:entity></p><p>Shares used to compute non-GAAP</p>
<p>diluted earnings per share 1,500,000 2,762,094 2,762,094</p>
</body>
</html>


</doc>

