<doc xmlns:tm="http://www.temis.com/annotations/1.1/">
<metadata><aboutcompany value="at&amp;t"/><releaselocation value="san antonio"/><data_source value="prnews"/><source value="at&amp;t inc."/><processing_date>2008-01-21T18:21:13</processing_date><date>2007-12-12T10:08:00</date></metadata>
<title>AT&amp;T Offers Network Industry-First RFID and GPS-Based Solutions for K - 12 Education Segment
</title>
<html>
<head>
<meta name="generator" content="HTML Tidy for Windows (vers 14 February 2006), see www.w3.org"/>
<!-- #BeginEditable "doctitle" -->
<title><tm:entity><tm:company><tm:normalized_name Domain="TeleCommunication" Extension="Inc" value="at and t">AT&amp;T</tm:normalized_name></tm:company></tm:entity> Offers Network Industry-First RFID and GPS-Based
Solutions for K - 12 Education Segment</title>
</head>
<body>
<p>Company's Managed Services Enable Educators to Increase
Productivity,</p>
<p>Improve Student Safety, Reduce Costs</p>
<p><tm:entity><tm:location><tm:country location_country="United States of America"><tm:place>SAN ANTONIO</tm:place></tm:country></tm:location></tm:entity>, <tm:entity><tm:time_expression><tm:relative_time Day="12" Month="Dec." value="dec. 12">Dec. 12</tm:relative_time></tm:time_expression></tm:entity> /PRNewswire-FirstCall/ -- <tm:entity><tm:company><tm:normalized_name Domain="TeleCommunication" Extension="Inc" value="at and t">AT&amp;T</tm:normalized_name></tm:company></tm:entity> Inc.
(<tm:entity><tm:stockindex value="nyse">NYSE</tm:stockindex></tm:entity>: <a class="small" href="http://studio-5.financialcontent.com/prnews?Page=Quote&amp;Ticker=T" onclick="var s=s_gi(s_account); var hd1 = document.getElementById('headline'); s.tl(this,'o',getLinkName('Company Sanpshot'));">T</a>) today announced the availability of interoperable radio
frequency identification (RFID) and GPS-based mobile resource
management (MRM) solutions for the K - 12 education segment. The
solutions will enhance visibility into the facility and vehicular
operations of K - 12 institutions, increasing staff productivity,
reducing costs and improving student safety.</p>
<p><tm:entity><tm:company><tm:normalized_name Domain="TeleCommunication" Extension="Inc" value="at and t">AT&amp;T</tm:normalized_name></tm:company></tm:entity> is the first network services company to provide
comprehensive and integrated RFID and MRM solutions for the
education marketplace. <tm:entity><tm:company><tm:normalized_name Domain="TeleCommunication" Extension="Inc" value="at and t">AT&amp;T</tm:normalized_name></tm:company></tm:entity>'s RFID application works in
conjunction with MRM location-based services that use GPS
technology, <tm:entity><tm:company><tm:normalized_name Domain="TeleCommunication" Extension="Inc" value="at and t">AT&amp;T</tm:normalized_name></tm:company></tm:entity>'s wireless data network and specialized hosted
and managed applications.</p><p>These applications enable K - 12 institutions to track school
bus locations, monitor their speed and condition while on the road
and report on events within vehicles. The service enables school
districts to improve student safety and to save money by routing
their school buses as efficiently as possible -- cutting down on
fuel, maintenance and labor expenses.</p>
<p>MRM relays vehicle location, speed and other data across the
<tm:entity><tm:company><tm:normalized_name Domain="TeleCommunication" Extension="Inc" value="at and t">AT&amp;T</tm:normalized_name></tm:company></tm:entity> wireless data network and sends it to a secure Web site
portal. Both RFID and MRM data are available to designated
educators and <tm:entity><tm:function FunctionCategory="Board" value="administrators">administrators</tm:function></tm:entity> who have access to a Web browser.</p>
<p>The integration of RFID and MRM applications is especially
beneficial when trying to ensure the safety of students when
they're on their way to and from school. Deploying RFID readers in
addition to tracking devices on school buses enables educators to
determine when students get on or off, as well as the location of
buses when they're en route.</p>
<p>The company's RFID application works seamlessly with any 802.11
standards-based wireless local area network (LAN) infrastructure
and offers precise, on-demand tracking. Wi-Fi-based RFID tags,
placed on ID badges that can be secured to equipment, bracelets,
shirt pockets or book bags, send a wireless signal to locate,
monitor and report on assets, students and educators. Additional
<tm:entity><tm:company><tm:normalized_name Domain="TeleCommunication" Extension="Inc" value="at and t">AT&amp;T</tm:normalized_name></tm:company></tm:entity> RFID benefits include:<br/></p>
<ul>
<li>Asset tracking. Minimize theft of high-value equipment and
assets, including computers, projectors, laptop carts and lab
equipment. Also, because many of these assets are mobile, locating
them can be difficult in a large school building. Active RFID
allows the teachers and staff to easily locate these assets, saving
time and optimizing inventory.</li>
<li>Daily attendance tracking. Automate the tracking of average
daily attendance, as well as notify <tm:entity><tm:function FunctionCategory="Board" value="administrators">administrators</tm:function></tm:entity> when students
are not in school by importing information in the
student-information databases.</li>
<li>School-visitor tracking. Monitor the location of visitors and
even alert school <tm:entity><tm:function FunctionCategory="Board" value="administrators">administrators</tm:function></tm:entity> when visitors enter unauthorized
areas.</li>
<li>Disaster response. Provide the location of school staff in the
event of a man-made or natural emergency or disaster situation. "<tm:entity><tm:time_expression><tm:relative_time value="in today">In
today</tm:relative_time></tm:time_expression></tm:entity>'s world of K - 12 education, enhanced visibility regarding
the location of students, teachers and valuable assets is crucial,"
said <tm:entity><tm:person Family_Name="Hughes" First_Name="Bill" Gender="Male" value="bill hughes">Bill Hughes</tm:person></tm:entity>, <tm:entity><tm:function FunctionCategory="Other" value="principal analyst">principal analyst</tm:function></tm:entity> for wireless research group,
<tm:entity><tm:company value="in stat">In-Stat</tm:company></tm:entity>. "By introducing mobile technology, such as RFID and MRM,
school districts can save time, eliminate unnecessary costs, reduce
theft and unnecessary inventory and, most important, enhance
student and teacher safety."</li></ul>
<p>In fact, according to In-Stat, the U.S. market for RFID and
GPS-based services is about $650 million annually, with projections
to grow by 24 percent annually to $1.5 billion by 2010.</p>
<p><tm:entity><tm:company><tm:normalized_name Domain="TeleCommunication" Extension="Inc" value="at and t">AT&amp;T</tm:normalized_name></tm:company></tm:entity>'s expertise includes designing, deploying and managing
the solutions. These solutions vary from mobile devices and
applications to <tm:entity><tm:company><tm:normalized_name Domain="TeleCommunication" Extension="Inc" value="at and t">AT&amp;T</tm:normalized_name></tm:company></tm:entity>'s Internet Protocol (IP)-based network and
Internet data centers to education-facility infrastructure, such as
RFID readers, tags and data-collection servers, LANs, wireless
LANs, firewalls and routers.</p><p>"Our <tm:entity><tm:company><tm:potential_company role="Who" value="rfid">RFID</tm:potential_company></tm:company></tm:entity> and <tm:entity><tm:company><tm:potential_company role="Who" value="mrm">MRM</tm:potential_company></tm:company></tm:entity> services help K - 12 institutions rapidly
deploy end-to-end solutions without significant capital
investment," said <tm:entity><tm:person Family_Name="Rotatori" First_Name="Ann" Gender="Female" role="Person" value="ann rotatori">Ann Rotatori</tm:person></tm:entity>, <tm:entity><tm:function FunctionCategory="Board" role="Has_Function" value="vice president of business">vice president of Business</tm:function></tm:entity> Marketing for <tm:entity><tm:company><tm:normalized_name Domain="TeleCommunication" Extension="Inc" role="Has_Function" value="at and t">AT&amp;T</tm:normalized_name></tm:company></tm:entity>. "For the first time, school districts can
now turn to a network services provider for all of their RFID and
MRM needs, and that enables them to save money, make the most of
their assets and resources and enhance student safety."</p><p>These solutions are a continuation of <tm:entity><tm:company><tm:normalized_name Domain="TeleCommunication" Extension="Inc" value="at and t">AT&amp;T</tm:normalized_name></tm:company></tm:entity>'s strategy to
deliver a range of RFID and sensor-based network solutions, and
it's another example of how the company is delivering converged,
IP-based applications and services that enable users to access
content, applications and information virtually anytime, anywhere
and by using any device.</p><p>More information on <tm:entity><tm:company><tm:normalized_name Domain="TeleCommunication" Extension="Inc" value="at and t">AT&amp;T</tm:normalized_name></tm:company></tm:entity> education solutions can be found at
<a href="http://www.att.com/edu" target="_new">http://www.att.com/edu</a>.</p><p>Note: This <tm:entity><tm:company><tm:normalized_name Domain="TeleCommunication" Extension="Inc" value="at and t">AT&amp;T</tm:normalized_name></tm:company></tm:entity> news release and other announcements are
available as part of an RSS feed at <a href="http://www.att.com/rss" target="_new">http://www.att.com/rss</a>.</p>
<p>About <tm:entity><tm:company><tm:normalized_name Domain="TeleCommunication" Extension="Inc" value="at and t">AT&amp;T</tm:normalized_name></tm:company></tm:entity></p><p><tm:entity><tm:company><tm:normalized_name Domain="TeleCommunication" Extension="Inc" value="at and t">AT&amp;T</tm:normalized_name></tm:company></tm:entity> Inc. (<tm:entity><tm:stockindex value="nyse">NYSE</tm:stockindex></tm:entity>: <a class="small" href="http://studio-5.financialcontent.com/prnews?Page=Quote&amp;Ticker=T" onclick="var s=s_gi(s_account); var hd1 = document.getElementById('headline'); s.tl(this,'o',getLinkName('Company Sanpshot'));">T</a>) is a premier communications holding company. Its
subsidiaries and affiliates, <tm:entity><tm:company><tm:normalized_name Domain="TeleCommunication" Extension="Inc" value="at and t">AT&amp;T</tm:normalized_name></tm:company></tm:entity> operating companies, are the
providers of <tm:entity><tm:company><tm:normalized_name Domain="TeleCommunication" Extension="Inc" value="at and t">AT&amp;T</tm:normalized_name></tm:company></tm:entity> services in the <tm:entity><tm:location><tm:country><tm:place>United States</tm:place></tm:country></tm:location></tm:entity> and around the
world. Among their offerings are the world's most advanced IP-based
business communications services and the nation's leading wireless,
high speed Internet access and voice services. In domestic markets,
<tm:entity><tm:company><tm:normalized_name Domain="TeleCommunication" Extension="Inc" value="at and t">AT&amp;T</tm:normalized_name></tm:company></tm:entity> is known for the directory publishing and advertising
sales leadership of its <tm:entity><tm:company value="yellow pages">Yellow Pages</tm:company></tm:entity> and <tm:entity><tm:company value="yellowpages">YELLOWPAGES.COM</tm:company></tm:entity> organizations, and the <tm:entity><tm:company><tm:normalized_name Domain="TeleCommunication" Extension="Inc" role="Who" value="at and t">AT&amp;T</tm:normalized_name></tm:company></tm:entity> brand is licensed to innovators in
such fields as communications equipment. As part of its
three-screen integration strategy, <tm:entity><tm:company><tm:normalized_name Domain="TeleCommunication" Extension="Inc" value="at and t">AT&amp;T</tm:normalized_name></tm:company></tm:entity> is expanding its <tm:entity><tm:media><tm:television value="tv entertainment">TV
entertainment</tm:television></tm:media></tm:entity> offerings. Additional information about <tm:entity><tm:company><tm:normalized_name Domain="TeleCommunication" Extension="Inc" value="at and t">AT&amp;T</tm:normalized_name></tm:company></tm:entity> Inc.
and the products and services provided by <tm:entity><tm:company><tm:normalized_name Domain="TeleCommunication" Extension="Inc" value="at and t">AT&amp;T</tm:normalized_name></tm:company></tm:entity> subsidiaries and
affiliates is available at <a href="http://www.att.com" target="_new">http://www.att.com</a>.</p><p>(C) 2007 <tm:entity><tm:company><tm:normalized_name Domain="TeleCommunication" Extension="Inc" value="at and t">AT&amp;T</tm:normalized_name></tm:company></tm:entity> Intellectual Property. All rights reserved.
<tm:entity><tm:company><tm:normalized_name Domain="TeleCommunication" Extension="Inc" value="at and t">AT&amp;T</tm:normalized_name></tm:company></tm:entity>, the <tm:entity><tm:company><tm:normalized_name Domain="TeleCommunication" Extension="Inc" value="at and t">AT&amp;T</tm:normalized_name></tm:company></tm:entity> logo and all other marks contained herein
are trademarks of <tm:entity><tm:company><tm:normalized_name Domain="TeleCommunication" Extension="Inc" value="at and t">AT&amp;T</tm:normalized_name></tm:company></tm:entity> Intellectual Property and/or <tm:entity><tm:company><tm:normalized_name Domain="TeleCommunication" Extension="Inc" value="at and t">AT&amp;T</tm:normalized_name></tm:company></tm:entity> affiliated companies. For more information, please review this
announcement in the <tm:entity><tm:company><tm:normalized_name Domain="TeleCommunication" Extension="Inc" value="at and t">AT&amp;T</tm:normalized_name></tm:company></tm:entity> newsroom at <a href="http://www.att.com/newsroom" target="_new">http://www.att.com/newsroom</a>.</p>
</body>
</html>


</doc>

