<doc xmlns:tm="http://www.temis.com/annotations/1.1/">
<metadata><aboutcompany value="klas"/><releaselocation value="atlanta"/><data_source value="prnews"/><source value="medcomsoft inc."/><processing_date>2008-01-21T17:54:09</processing_date><date>2007-12-18T14:00:00</date><quote symbol="TSE:MSF" src-company="medcomsoft" company="MedcomSoft Inc." date="2007-12-18" price=""/><quote symbol="NYSE:AC" src-company="ac" company="AMC Entertainment Holdings, Inc." date="2007-12-18" price=""/></metadata>
<title>MedcomSoft Receives 2007's "Best in KLAS" EMR Ranking (1-5 Physicians)
</title>
<html>
<head>
<meta name="generator" content="HTML Tidy for Windows (vers 14 February 2006), see www.w3.org"/>
<!-- #BeginEditable "doctitle" -->
<title><tm:entity><tm:company Extension="Inc" value="medcomsoft">MedcomSoft</tm:company></tm:entity> Receives 2007's "Best in KLAS" EMR Ranking (1-5
Physicians)</title>
</head>
<body>
<p>Leading Independent Research and Consulting Firm Recognizes
<tm:entity><tm:company Extension="Inc" value="medcomsoft">MedcomSoft</tm:company></tm:entity></p><p>Record for Strongest Level of Customer Satisfaction</p>
<p><tm:entity><tm:location><tm:country location_country="United States of America"><tm:place>ATLANTA</tm:place></tm:country></tm:location></tm:entity>, <tm:entity><tm:location><tm:country location_country="United States of America"><tm:place>GA</tm:place></tm:country></tm:location></tm:entity>, <tm:entity><tm:time_expression><tm:relative_time Day="18" Month="Dec." value="dec. 18">Dec. 18</tm:relative_time></tm:time_expression></tm:entity> /PRNewswire-FirstCall/ - <tm:entity><tm:company Extension="Inc" value="medcomsoft">MedcomSoft</tm:company></tm:entity> Inc.
(TSX-MSF), a provider of the next generation of interoperable
electronic health records (EHR), announced today that KLAS' "2007:
Top 20 Year-End Best in KLAS Awards" has named <tm:entity><tm:company Extension="Inc" value="medcomsoft">MedcomSoft</tm:company></tm:entity>"Best in
KLAS" in the Ambulatory EMR 1-5 Physicians category. <tm:entity><tm:company Extension="Inc" value="medcomsoft">MedcomSoft</tm:company></tm:entity> retains its position as the top vendor in this highly competitive
market, having also been ranked # 1 <tm:entity><tm:time_expression><tm:relative_time value="in the 2007 mid-year">in the 2007 Mid-Year</tm:relative_time></tm:time_expression></tm:entity> Report.</p>
<p>Released in conjunction with the new ratings, KLAS' 2007
Ambulatory Digest Report noted that "<tm:entity><tm:company Extension="Inc" value="medcomsoft">MedcomSoft</tm:company></tm:entity> leads a strong
group of competitors in their market segment (1-5 physicians) in
KLAS scoring. Service is a forte, as clients talk about them being
proactive. Providers are also very happy with the support and
training they receive and appear to have a good relationship with
<tm:entity><tm:company Extension="Inc" value="medcomsoft">MedcomSoft</tm:company></tm:entity>." In addition, it was noted that "<tm:entity><tm:company Extension="Inc" value="medcomsoft">MedcomSoft</tm:company></tm:entity> appears to
be poised for growth with... some rather sophisticated functional
offerings not normally seen with a new market entry or one that
serves the smaller practice market."</p>
<p>KLAS, an organization dedicated to improving healthcare
information technology (HIT) delivery, bestows its Year-End"Best
in KLAS" Awards to technology, service, and medical equipment
providers based on information in customer satisfaction surveys
completed by healthcare professionals at physician practices
throughout the country.</p>
<p>"KLAS is a well-respected organization in HIT, and we are
honored to have received this award," stated <tm:entity><tm:person Family_Name="Aita" First_Name="Sami" Gender="Male" Title="M D" role="Person" value="sami aita m d">Sami Aita, M.D.</tm:person></tm:entity>, the
<tm:entity><tm:function FunctionCategory="Board" role="Has_Function" value="founder and ceo">founder and CEO</tm:function></tm:entity> of <tm:entity><tm:company><tm:potential_company role="Who" value="medcomsoft">MedcomSoft</tm:potential_company></tm:company></tm:entity>. "This result is a testament to the
hard work of our employees and our commitment to delivering
solutions that enable our customers to improve the quality of
patient care, while improving their quality of life." The "Top 20:
KLAS Year-End Report" examines several key facets of
customer-vendor relationships including service, implementation,
upgrades, contracting and sales. KLAS highlights for MedcomSoft
Record include:<br/></p>
<ul>
<li>MedcomSoft Record received a 100 percent ranking among
respondents in the 1-5 Physicians category when asked if they would
purchase the product again.</li>
<li>MedcomSoft Record also received a 100 percent ranking in the
same category when asked if clients would recommend the product to
a friend or peer.</li>
<li>MedcomSoft Record showed the biggest improvement in scores in
the 1-5 Physicians category from the 2006 "Best in KLAS" Year-End report.</li>
<li>MedcomSoft Record was ranked among the highest of all category
vendors with respect to ease of implementation.</li>
</ul>
<p>About KLAS</p>
<p>Founded <tm:entity><tm:time_expression><tm:exact_time Year="1996" value="in 1996">in 1996</tm:exact_time></tm:time_expression></tm:entity>, KLAS is the only research and consulting firm
specializing in monitoring and reporting the performance of
healthcare information technology (HIT) vendors and products. KLAS
strives to improve HIT delivery by independently measuring vendor
performance for the benefit of <tm:entity><tm:function FunctionCategory="Other" value="consultants">consultants</tm:function></tm:entity>, investors, vendors, and
healthcare provider partners. KLAS, in concert with thousands of
<tm:entity><tm:function FunctionCategory="Board" value="healthcare executives">healthcare executives</tm:function></tm:entity> and professionals, has created a dynamic
database of HIT evaluations and opinions of <tm:entity><tm:function FunctionCategory="Board" value="healthcare executives managers">healthcare executives,
managers</tm:function></tm:entity>, and clinicians from over 4500 hospitals and 3,000 clinics
are represented in the reports, 200+ software vendors, 700+
software products and 35 service firms. The Top 20 Report reflects
the summary of HIT product performance data collected <tm:entity><tm:time_expression><tm:duration value="over a 13-month">over a
13-month</tm:duration></tm:time_expression></tm:entity> period. For further information, contact KLAS at
801-226-5120 or on the Web at <a href="http://www.healthcomputing.com" target="_new">http://www.healthcomputing.com</a> (C)2007 KLAS Enterprises.
All rights reserved.</p><p>About <tm:entity><tm:company Extension="Inc" value="medcomsoft">MedcomSoft</tm:company></tm:entity> Inc.</p>
<p>Founded <tm:entity><tm:time_expression><tm:exact_time Year="1994" value="in 1994">in 1994</tm:exact_time></tm:time_expression></tm:entity>, <tm:entity><tm:company Extension="Inc" value="medcomsoft">MedcomSoft</tm:company></tm:entity> Inc. develops cutting edge software
solutions for the healthcare industry. <tm:entity><tm:company Extension="Inc" value="medcomsoft">MedcomSoft</tm:company></tm:entity> has pioneered the
use of numerically codified point-of-care clinical terminologies to
create a new generation of highly interoperable EHRs, which
significantly enhance disease surveillance and accelerate clinical
research. The Company has achieved strong growth in license sales
<tm:entity><tm:time_expression><tm:relative_time value="year after">year after</tm:relative_time></tm:time_expression></tm:entity> year and industry recognition. MedcomSoft Record 2006
placed first in KLAS' Ambulatory EMR 1-5 Physicians category <tm:entity><tm:time_expression><tm:relative_time value="in the 2007 mid-year">in the
2007 Mid-Year</tm:relative_time></tm:time_expression></tm:entity> Report and has received a 5-STAR rating from the <tm:entity><tm:company Extension="Group Inc" value="ac">AC</tm:company></tm:entity> Group Inc., while a <tm:entity><tm:company Extension="Inc" value="medcomsoft">MedcomSoft</tm:company></tm:entity> practice was recently awarded a 2007
HIMSS Davies Award. <a href="http://www.medcomsoft.com" target="_new">http://www.medcomsoft.com</a></p><p>This news release contains forward-looking statements regarding
<tm:entity><tm:company Extension="Inc" value="medcomsoft">MedcomSoft</tm:company></tm:entity>'s expectations and beliefs with respect to future events
and/or financial performance. These forward-looking statements
involve known and unknown risks, uncertainties and other factors,
which may cause the actual events or results to differ materially
from those expressed or implied in such forward looking statements.
Such factors and risks include, but are not limited to, market
conditions, competition including price and product functionality;
economic environment; and the ability to develop and deliver new
products in a timely manner. The reader is referred to the
documents that the Company files from time to time with applicable
Canadian securities and regulatory authorities for a discussion on
certain risks and uncertainties that could cause actual results to
differ from those projected, anticipated or implied. <tm:entity><tm:company Extension="Inc" value="medcomsoft">MedcomSoft</tm:company></tm:entity> does not undertake to update forward-looking statements.</p>
</body>
</html>


</doc>

