<doc xmlns:tm="http://www.temis.com/annotations/1.1/">
<metadata>
<aboutcompany value="ebridge software"/>
<releaselocation value="burlington"/>
<data_source value="prnews"/>
<source value="ebridge software"/>
<processing_date>2008-01-21T17:51:24</processing_date>
<date>2007-12-19T11:00:00</date>
</metadata>
<title>eBRIDGE ePortal Achieves Milestone With Over 25,000 Transactions
</title>
<html>
<head>
<meta name="generator" content="HTML Tidy for Windows (vers 14 February 2006), see www.w3.org"/>
<!-- #BeginEditable "doctitle" -->
<title>eBRIDGE ePortal Achieves Milestone With Over 25,000
Transactions</title>
</head>
<body>
<p>SaaS Solution Meets Success in Data Exchange and Delivery</p>
<p><tm:entity><tm:location><tm:country><tm:place>BURLINGTON</tm:place></tm:country></tm:location></tm:entity>, <tm:entity><tm:location><tm:country location_country="Canada"><tm:place>Ontario</tm:place></tm:country></tm:location></tm:entity>, <tm:entity><tm:time_expression><tm:relative_time Day="19" Month="Dec." value="dec. 19">Dec. 19</tm:relative_time></tm:time_expression></tm:entity> /PRNewswire/ -- <tm:entity><tm:company Domain="IT" value="ebridge software">eBRIDGE Software</tm:company></tm:entity> announced that its ePortal Software-as-a-Service (SaaS) platform
has reached the impressive milestone of over 25,000 current
transactions <tm:entity><tm:time_expression><tm:exact_time value="2007">as of December 1, 2007</tm:exact_time></tm:time_expression></tm:entity>.</p><p>ePortal was launched <tm:entity><tm:time_expression><tm:exact_time Month="September" Year="2007" value="in september 2007">in September 2007</tm:exact_time></tm:time_expression></tm:entity> and follows the
principles of Web 2.0 design, enabling a wider range of the SMB
market to access B2B productivity benefits that were traditionally
only available to major global players. ePortal, powered by BizTalk
Server 2006 R2, provides customers with an efficient, simple and
user-friendly web-based solution that handles data routing,
transformation, communication and translator services.</p>
<p>"eBRIDGE is proud of the success of ePortal and of what our
customers have been able to achieve," stated <tm:entity><tm:person Family_Name="Brown" First_Name="Colin" Gender="Male" Title="M" role="Person" value="colin brown">Colin Brown</tm:person></tm:entity>, <tm:entity><tm:function FunctionCategory="Board" role="Has_Function" value="president and ceo">President
and CEO</tm:function></tm:entity> of <tm:entity><tm:company Domain="IT" role="Who" value="ebridge software">eBRIDGE Software</tm:company></tm:entity>. "Companies are relieved of a complex
on-premise system yet still have the full benefits those systems
provided; they can now view transactions in a web-friendly
interface from any station that accesses the internet."</p><p>Designed in the architecture of the Web 2.0 revolution, ePortal
functions as an SaaS solution that enables customers to not only
work remotely, but to customize their transaction platform to
accommodate individual business requirements. User-driven
enhancements can be implemented to improve and streamline work flow
and usability.</p>
<p>Operating in conjunction with ePortal is the Universal
Integration Engine (UIE), which connects to back-office financial
systems to integrate and exchange data, thereby eliminating manual
data entry and costly errors to further automate and streamline the
e-commerce process.</p>
<p>"With data exchange provided by ePortal and integration provided
by the UIE, valuable solutions are available to fit within specific
business processes," continued <tm:entity><tm:person Family_Name="Brown" First_Name="Colin" Gender="Male" Title="M" value="colin brown">Mr. Brown</tm:person></tm:entity>. "eBRIDGE's commitment is
to continue to be a leading provider in applying the smartest
technology to support the latest financial and business systems to
deliver effective data exchange and integration solutions."</p><p>About <tm:entity><tm:company Domain="IT" value="ebridge software">eBRIDGE Software</tm:company></tm:entity></p><p>Founded <tm:entity><tm:time_expression><tm:exact_time Year="1993" value="in 1993">in 1993</tm:exact_time></tm:time_expression></tm:entity>, <tm:entity><tm:company Domain="IT" value="ebridge software">eBRIDGE Software</tm:company></tm:entity> specializes in delivering
powerful solutions that streamline the flow of critical data
between business applications and financial and enterprise systems.
By providing accurate and timely exchange of data, <tm:entity><tm:company Domain="IT" role="Who" value="ebridge software">eBRIDGE Software</tm:company></tm:entity> enables an organization to save time and money, increase efficiency
and productivity, and improve its relationships with business
partners. For more information visit <a href="http://www.ebridgesoft.com" target="_new">http://www.ebridgesoft.com</a></p>
<p>Contact: <tm:entity><tm:media><tm:newspaper value="ebridge news">eBRIDGE News</tm:newspaper></tm:media></tm:entity>,<br/></p><p>1-800-755-6921</p>
<p><a href="mailto:pr@ebridgesoft.com"><tm:entity><tm:email value="pr@ebridgesoft.com">pr@ebridgesoft.com</tm:email></tm:entity></a></p></body>
</html>


</doc>

