<doc xmlns:tm="http://www.temis.com/annotations/1.1/">
<metadata><aboutcompany value="funambol"/><releaselocation value="redwood city"/><data_source value="prnews"/><source value="funambol"/><processing_date>2008-01-21T17:50:08</processing_date><date>2007-12-19T01:55:00</date><quote symbol="NASDAQ:AAPL" src-company="apple" company="Apple Inc." date="2007-12-19" price="183.12"/><quote symbol="NASDAQ:GOOG" src-company="google" company="Google Inc." date="2007-12-19" price="677.37"/><quote symbol="NASDAQ:ELNK" src-company="earthlink" company="EarthLink, Inc." date="2007-12-19" price="6.85"/></metadata>
<title>New Report Discusses <tm:entity><tm:company Domain="IT" value="google android">Google Android</tm:company></tm:entity> and <tm:entity><tm:company value="funambol open source impact">Funambol Open Source Impact</tm:company></tm:entity> on Mass Market for Mobile Email
</title>
<html>
<head>
<meta name="generator" content="HTML Tidy for Windows (vers 14 February 2006), see www.w3.org"/>
<!-- #BeginEditable "doctitle" -->
<title>New Report Discusses <tm:entity><tm:company Domain="IT" value="google android">Google Android</tm:company></tm:entity> and <tm:entity><tm:company value="funambol open source impact">Funambol Open Source
Impact</tm:company></tm:entity> on Mass Market for Mobile Email</title>
</head>
<body>
<p>New market dynamics to rapidly increase adoption of mobile email
and</p>
<p>challenge industry status quo</p>
<p><tm:entity><tm:location><tm:country><tm:place>REDWOOD CITY</tm:place></tm:country></tm:location></tm:entity>, <tm:entity><tm:location><tm:country location_country="United States of America"><tm:place>Calif.</tm:place></tm:country></tm:location></tm:entity>, <tm:entity><tm:time_expression><tm:relative_time Day="19" Month="Dec." value="dec. 19">Dec. 19</tm:relative_time></tm:time_expression></tm:entity> /PRNewswire/ -- <tm:entity><tm:company value="funambol">Funambol</tm:company></tm:entity>, the
leading provider of Mobile 2.0 messaging software powered by open
source, today announced the availability of a free <tm:entity><tm:company value="funambol">Funambol</tm:company></tm:entity> position paper entitled "How <tm:entity><tm:company Domain="IT" value="google android">Google Android</tm:company></tm:entity> Stimulates the Mass
Market for Mobile Email and how <tm:entity><tm:company Domain="TeleCommunication" value="funambol mobile">Funambol Mobile</tm:company></tm:entity> Open Source
Monetizes It". The paper discusses how Android will spur adoption
of mobile email by large numbers of people and how Android and
<tm:entity><tm:company value="funambol">Funambol</tm:company></tm:entity> can transform the market. The report also poses and
answers major questions for the mobile industry such as:<br/></p>
<ul>
<li>How will mass market mobile email be enabled by Android and
<tm:entity><tm:company value="funambol">Funambol</tm:company></tm:entity>?</li><li>What do the new market dynamics mean to prices and control
within the industry?</li>
<li>How do mobile service providers make money in this new
environment?</li>
<li>Who are the new telecom winners and losers?</li>
</ul>
<p>The position paper covers the following topics:</p>
<ul>
<li>Mass market mobile email trends and user requirements</li>
<li>The mobile email value chain and the end game for mobile
email</li>
<li>What is <tm:entity><tm:company Domain="IT" value="google android">Google Android</tm:company></tm:entity>-- and what is it not?</li>
<li>What are <tm:entity><tm:company Domain="IT" value="google">Google</tm:company></tm:entity>'s aspirations for mobile and for mobile email
in particular?</li><li>How can mobile operators and service providers benefit from
S.O.S. -- standards, open source and synchronization "<tm:entity><tm:company Domain="IT" value="apple">Apple</tm:company></tm:entity> iPhone
and <tm:entity><tm:company Domain="IT" value="google android">Google Android</tm:company></tm:entity> have caused the mobile industry to open up to
new ideas and new ways of operating," said <tm:entity><tm:person Family_Name="Capobianco" First_Name="Fabrizio" Gender="Male" role="Person" value="fabrizio capobianco">Fabrizio Capobianco</tm:person></tm:entity>,
<tm:entity><tm:company><tm:potential_company role="Who" value="funambol">Funambol</tm:potential_company></tm:company></tm:entity> <tm:entity><tm:function FunctionCategory="Board" role="Has_Function" value="chief executive officer">CEO</tm:function></tm:entity>. "At the same time, some people may think that Android
overlaps with <tm:entity><tm:company value="funambol">Funambol</tm:company></tm:entity> mobile open source. The reality is the
opposite -- Android is a mobile client operating system and
<tm:entity><tm:company value="funambol">Funambol</tm:company></tm:entity> is a mobile open source server. The position paper is a
great read for anyone in the mobile industry who wants to better
understand how Android and <tm:entity><tm:company value="funambol">Funambol</tm:company></tm:entity> fit into the industry landscape
and how they will make a big impact <tm:entity><tm:time_expression><tm:exact_time Year="2008" value="in 2008">in 2008</tm:exact_time></tm:time_expression></tm:entity> and beyond."<br/></li>
</ul>
<p>To download the position paper, visit <a href="http://www.funambol.com/solutions/library.php" target="_new">http://www.funambol.com/solutions/library.php</a>.</p>
<p>About <tm:entity><tm:company value="funambol">Funambol</tm:company></tm:entity></p><p><tm:entity><tm:company value="funambol">Funambol</tm:company></tm:entity> provides mobile 2.0 messaging software that is powered
by open source. The company is the leading provider of open source
push email and PIM synchronization solutions for mass market
consumers. <tm:entity><tm:company value="funambol">Funambol</tm:company></tm:entity>'s open source software has been downloaded more
than 1,500,000 times by a global network of 10,000 developers in
200 countries. The commercial version of <tm:entity><tm:company value="funambol">Funambol</tm:company></tm:entity>'s software has
been deployed at service providers, mobile operators, portals,
device manufacturers and ISVs including customers such as <tm:entity><tm:company Domain="TeleCommunication" value="1&amp;1">1&amp;1</tm:company></tm:entity>,
<tm:entity><tm:company Domain="TeleCommunication" value="earthlink">Earthlink</tm:company></tm:entity> and <tm:entity><tm:company Domain="IT" value="computer associates">Computer Associates</tm:company></tm:entity>. <tm:entity><tm:company value="funambol">Funambol</tm:company></tm:entity> is headquartered in
<tm:entity><tm:location><tm:country><tm:place>Redwood City</tm:place></tm:country></tm:location></tm:entity>, <tm:entity><tm:location><tm:country location_country="United States of America"><tm:place>California</tm:place></tm:country></tm:location></tm:entity> with an <tm:entity><tm:company value="r&amp;d">R&amp;D</tm:company></tm:entity> center in <tm:entity><tm:location><tm:country><tm:place>Italy</tm:place></tm:country></tm:location></tm:entity>. See
<a href="http://www.funambol.com" target="_new">http://www.funambol.com</a>.<br/></p><p>Media Contacts</p>
<p><tm:entity><tm:person Family_Name="Cloer" First_Name="Jennifer" Gender="Female" value="jennifer cloer">Jennifer Cloer</tm:person></tm:entity> <tm:entity><tm:person Family_Name="Milam" First_Name="Shelly" Gender="Female" value="shelly milam">Shelly Milam</tm:person></tm:entity></p><p>Page One PR Page One PR</p>
<p>(503) 746-7577 (415) 875-7491</p>
<p><a href="mailto:jennifer@pageonepr.com"><tm:entity><tm:email value="jennifer@pageonepr.com">jennifer@pageonepr.com</tm:email></tm:entity></a><a href="mailto:shelly@pageonepr.com"><tm:entity><tm:email value="shelly@pageonepr.com">shelly@pageonepr.com</tm:email></tm:entity></a></p></body>
</html>


</doc>

