<doc xmlns:tm="http://www.temis.com/annotations/1.1/">
<metadata>
<releaselocation value="las vegas"/>
<data_source value="prnews"/>
<source value="attendee interactive"/>
<processing_date>2008-01-21T17:55:34</processing_date>
<date>2007-12-18T09:53:00</date>
</metadata>
<title>Attendee Interactive Debuts AI-Evolution 3.0 at IAEE's Expo! Expo!
</title>
<html>
<head>
<meta name="generator" content="HTML Tidy for Windows (vers 14 February 2006), see www.w3.org"/>
<!-- #BeginEditable "doctitle" -->
<title>Attendee Interactive Debuts AI-Evolution 3.0 at IAEE's Expo!
Expo!</title>
</head>
<body>
<p><tm:entity><tm:location><tm:country location_country="United States of America"><tm:place>LAS VEGAS</tm:place></tm:country></tm:location></tm:entity>, <tm:entity><tm:time_expression><tm:relative_time Day="18" Month="Dec." value="dec. 18">Dec. 18</tm:relative_time></tm:time_expression></tm:entity> /PRNewswire/ -- The <tm:entity><tm:organisation value="international association of exhibits">International Association
of Exhibits</tm:organisation></tm:entity> and Events (IAEE) Expo! Expo! Annual Meeting &amp;
Exhibition was the chosen site for the much anticipated release of
Attendee Interactive's AI- Evolution 3.0 online meeting planning
software.</p>
<p>During the General Session, three thousand attendees enjoyed a
fast-paced, energized and entertaining 60-second production
highlighting Version 3.0's E- Poster capabilities. Attendee
Interactive also participated in eMERGE, IAEE's new <tm:entity><tm:money_expression><tm:money Amount="2" Currency="Euro" value="e2">E2</tm:money></tm:money_expression></tm:entity> Tech
Showcase and blog where they were invited to present a live case
study of their solution to Complete Conference Management's (CCM)
speaker management challenges.</p>
<p>Attendee Interactive, based in <tm:entity><tm:location><tm:country location_country="United States of America"><tm:place>Maryland</tm:place></tm:country></tm:location></tm:entity>, provides turnkey
technology solutions for the event and meeting planning industries.
AI-Evolution 3.0 features the following modules:</p><p>Attendee Management -- AI-Evolution's solutions are created with
the attendee in mind. The Attendee Component includes <tm:entity><tm:organisation value="messaging center">Messaging
Center</tm:organisation></tm:entity>/Cyber Cafe, Itinerary Planner, and FastMatch Appointment
Scheduling Tool options.</p><p>Exhibitor Management -- Whether a show has 5 exhibitors or 500,
AI- Evolution manages exhibitors easily and efficiently. The
addition of a new online floor plan system compliments AI's
"Exhibitors Only" area where exhibitors manage their profile, edit
materials, and submit required forms.</p>
<p>Speaker Management -- AI-Evolution provides personal online
access for event speakers. All speaker data and forms are
streamlined and collected electronically, thus contributing toward
a "green" meeting by eliminating paper submissions.</p>
<p>E-Posters -- The E-Poster technology helps reduce meeting and
space costs while allowing attendees the ability to access posters
24-7 both during and after the event. E-Posters are searchable by
author, specific text, assigned number, or category to find
information of interest.</p>
<p>Event Websites -- AI's team of developers and graphic designers
create interactive and informative websites that attendees,
exhibitors, and vendors can use to quickly access important
information about an event.</p>
</body>
</html>


</doc>

