<doc xmlns:tm="http://www.temis.com/annotations/1.1/">
<metadata><aboutcompany value="panda security"/><releaselocation value="glendale"/><data_source value="prnews"/><source value="panda security"/><processing_date>2008-01-21T18:13:21</processing_date><date>2007-12-17T09:30:00</date></metadata>
<title>Panda Security Issues Tips for Online Holiday Shoppers to Safeguard Against <tm:entity><tm:function FunctionCategory="Other" value="banker trojans">Banker Trojans</tm:function></tm:entity></title>
<html>
<head>
<meta name="generator" content="HTML Tidy for Windows (vers 14 February 2006), see www.w3.org"/>
<!-- #BeginEditable "doctitle" -->
<title>Panda Security Issues Tips for Online Holiday Shoppers to
Safeguard Against <tm:entity><tm:function FunctionCategory="Other" value="banker trojans">Banker Trojans</tm:function></tm:entity></title></head>
<body>
<p>Phishing, Password Theft for Online Games, Malware Attacks on
Instant</p>
<p>Messaging Skyrocket over Holiday Season</p>
<p><tm:entity><tm:location><tm:country location_country="United States of America"><tm:place>GLENDALE</tm:place></tm:country></tm:location></tm:entity>, <tm:entity><tm:location><tm:country location_country="United States of America"><tm:place>Calif.</tm:place></tm:country></tm:location></tm:entity>, <tm:entity><tm:time_expression><tm:relative_time Day="17" Month="Dec." value="dec. 17">Dec. 17</tm:relative_time></tm:time_expression></tm:entity> /PRNewswire/ -- <tm:entity><tm:company value="panda security">Panda Security</tm:company></tm:entity>, a
leading provider of IT security solutions, today announced the
availability of a guide containing practical tips to help consumers
safely do their holiday shopping online. <tm:entity><tm:function FunctionCategory="Other" value="banker">Banker</tm:function></tm:entity> trojans are one of
the primary threats online shoppers will face this holiday season.
These malicious codes, which are designed to steal passwords for
accessing online banking services, accounted for 18.59 percent of
malware infections <tm:entity><tm:time_expression><tm:exact_time Year="2007" value="in 2007">in 2007</tm:exact_time></tm:time_expression></tm:entity> according to <tm:entity><tm:company><tm:potential_company role="Who" value="pandalabs">PandaLabs</tm:potential_company></tm:company></tm:entity>. By becoming
aware of the main risks of holiday shopping online, consumers can
prevent theft and better safeguard their personal and financial
information. This guide can be downloaded from Panda Security's Web
site at: <a href="http://www.pandasecurity.com/resources/pandanews/Christmas_Guide.pdf" target="_new">http://www.pandasecurity.com/resources/pandanews/Christmas_Guide.pdf</a>.</p><p><tm:entity><tm:function FunctionCategory="Other" value="banker">Banker</tm:function></tm:entity> trojans, whose primary goal is financial gain, work in
various ways, from capturing keystrokes to redirecting users to
fake banking sites. Another threat that consumers face during the
holiday season is phishing, where they are sent emails that appear
to come from a banking institution in an effort to gain access to
their passwords. In addition, this malicious tactic is increasingly
being used in online gaming and instant messaging applications. To
educate and protect consumers from these dangerous risks, Panda
Security's online holiday shopping guide offers the following
tips:<br/></p>
<p>1. Make sure there are no active viruses on your PC before
shopping or</p>
<p>banking online</p>
<p>2. Ignore spam messages or those that claim to come from
financial</p>
<p>entities requesting confidential data</p>
<p>3. Investigate an online seller's reputation before purchasing
anything</p>
<p>from them</p>
<p>4. Keep the operating system and applications on your computer
up-to-date</p>
<p>5. Do not run files or click on links from suspicious
sources</p>
<p>6. Never pay for anything online unless you completely trust the
seller</p>
<p>7. Do not send confidential data over email, instant messaging,
chat or</p>
<p>similar channels</p>
<p>"The number of online transactions increases a great deal during
the holiday season and cyber-crooks are becoming more creative and
vicious in their attempts to steal personal information," said <tm:entity><tm:person Family_Name="Corrons" First_Name="Luis" Gender="Undefined Gender" role="Person" value="luis corrons">Luis
Corrons</tm:person></tm:entity>, <tm:entity><tm:function FunctionCategory="Board" role="Has_Function" value="technical director">technical director</tm:function></tm:entity> of <tm:entity><tm:company><tm:potential_company role="Who" value="pandalabs">PandaLabs</tm:potential_company></tm:company></tm:entity>. "We want to make sure
that consumers are aware of the risks and are educated on the
things that should and shouldn't be done when shopping online. When
consumers are alert and have taken adequate security measures to
safeguard their personal information, shopping online can be a safe
and pleasurable experience."</p><p><tm:entity><tm:time_expression><tm:duration Year="1990" value="since 1990">Since 1990</tm:duration></tm:time_expression></tm:entity>, <tm:entity><tm:company><tm:potential_company role="Who" value="pandalabs">PandaLabs</tm:potential_company></tm:company></tm:entity>' mission has been to analyze new threats
as rapidly as possible to keep clients safe. Several teams, each
specialized in a specific type of malware work 24/7 to provide
global coverage. To achieve this, they also have the support of
TruPrevent(R) Technologies, which act as a global early-warning
system made up of strategically distributed sensors to neutralize
new threats and send them to <tm:entity><tm:company><tm:potential_company role="Who" value="pandalabs">PandaLabs</tm:potential_company></tm:company></tm:entity> for in-depth analysis.
According to Av.Test.org, <tm:entity><tm:company><tm:potential_company role="Who" value="pandalabs">PandaLabs</tm:potential_company></tm:company></tm:entity> is currently the fastest
laboratory in the industry in providing complete updates to users.
More information is available at <a href="http://www.pandasecurity.com/homeusers/security-info/" target="_new">http://www.pandasecurity.com/homeusers/security-info/</a>.</p>
<p>About Panda Security</p>
<p><tm:entity><tm:company value="panda security">Panda Security</tm:company></tm:entity> is one of the world's leading developers of
global security solutions for keeping IT resources free from
viruses, intruders and other Internet threats at the lowest
possible Total Cost of Ownership. The company's broad product line
includes security software, security appliances and managed
security services for both corporations and home users and are
available in 23 languages. Based in <tm:entity><tm:location><tm:country location_country="Spain"><tm:place>Madrid</tm:place></tm:country></tm:location></tm:entity> with U.S. headquarters
in Glendale, Calif., Panda Security has more than 1,000 employees
and offices in 50 countries around the world. For more information,
please visit <a href="http://www.pandasecurity.com" target="_new">http://www.pandasecurity.com</a>.</p></body>
</html>


</doc>

