<doc xmlns:tm="http://www.temis.com/annotations/1.1/">
<metadata><aboutcompany value="polaris wireless:"/><releaselocation value="santa clara"/><data_source value="prnews"/><source value="polaris wireless"/><processing_date>2008-01-21T18:13:52</processing_date><date>2007-12-17T09:00:00</date></metadata>
<title>Polaris Wireless Deploys Network Optimization Product for Wireless Carrier Market
</title>
<html>
<head>
<meta name="generator" content="HTML Tidy for Windows (vers 14 February 2006), see www.w3.org"/>
<!-- #BeginEditable "doctitle" -->
<title>Polaris Wireless Deploys Network Optimization Product for
Wireless Carrier Market</title>
</head>
<body>
<p>Network optimization technology using location information
allows wireless</p>
<p>carriers to proactively manage network performance to enhance
consumer</p>
<p>satisfaction</p>
<p><tm:entity><tm:location><tm:country location_country="Cuba"><tm:place>SANTA CLARA</tm:place></tm:country></tm:location></tm:entity>, <tm:entity><tm:location><tm:country location_country="United States of America"><tm:place>Calif.</tm:place></tm:country></tm:location></tm:entity>, <tm:entity><tm:time_expression><tm:relative_time Day="17" Month="Dec." value="dec. 17">Dec. 17</tm:relative_time></tm:time_expression></tm:entity> /PRNewswire/ -- Polaris Wireless,
the leader in high accuracy, software-based location systems, today
announced the availability of its Network Optimization (NetOpt)
product for the global wireless carrier market. NetOpt offers the
industry's most accurate location- based network monitoring and
software analysis tools for wireless networks. The product allows
carriers to proactively location tag and analyze actual traffic
from UMTS and GSM networks, in order to achieve optimum wireless
performance and provide superior accuracy for revenue-generating
location- based services (LBS).</p>
<p>The software-based NetOpt product uses geographical location
tagged network traffic data to provide information about call
density and distribution, coverage holes, dropped calls, handover
failures and voice quality. The product provides analysis on root
causes of call disruption, such as interference or inappropriate
network parameter settings. With this information, carriers are
able to proactively and quickly address network issues rather than
following the traditional model of dispatching network <tm:entity><tm:function FunctionCategory="Other" value="engineers">engineers</tm:function></tm:entity> into the field or relying on customers to notify them, which can be
a slow, inefficient and costly process. The graphical displays
generated by NetOpt give carriers the ability to efficiently
allocate resources to meet customer demand, providing a key
competitive advantage and increased revenue opportunity.</p>
<p>"As carriers are increasingly looking for ways to contain costs
and increase ARPU with new data services, our NetOpt product
provides essential and focused insights into network performance
issues, enabling rapid and more accurate decision making. It builds
on our deep expertise of providing high accuracy location for <tm:entity><tm:money_expression><tm:money Amount="911" Currency="Euro" value="e911">E911</tm:money></tm:money_expression></tm:entity> using a software only solution," said Manlio Allegra, <tm:entity><tm:function FunctionCategory="Board" role="Has_Function" value="chief executive officer">CEO</tm:function></tm:entity> of
<tm:entity><tm:company><tm:potential_company role="Who" value="polaris">Polaris</tm:potential_company></tm:company></tm:entity> Wireless.</p>
<p>The NetOpt product takes advantage of Polaris Wireless' existing
Wireless Location Signatures (WLS(TM)) platform, which currently
provides carriers the ability to run a host of applications
including <tm:entity><tm:money_expression><tm:money Amount="911" Currency="Euro" value="e911">E911</tm:money></tm:money_expression></tm:entity>(enhanced 911), location- based services, as well as
network optimization. Specifically, the WLS platform provides
increased levels of accuracy mandated by the <tm:entity><tm:organisation value="federal communications commission">Federal Communications
Commission</tm:organisation></tm:entity>(<tm:entity><tm:organisation><tm:abbreviation value="fcc">FCC</tm:abbreviation></tm:organisation></tm:entity>) for <tm:entity><tm:money_expression><tm:money Amount="911" Currency="Euro" value="e911">E911</tm:money></tm:money_expression></tm:entity> services, which locates 100 percent of
calls on 2G and 3G networks, and also enables location-based
services, such as ChildFinder, zone-based billing and mobile
advertising. For example, the detailed information NetOpt provides
about call activity and location enables marketers to deliver more
relevant content to mobile phone subscribers. In this way,
location-based services can generate higher customer satisfaction
and increased revenue through increased data usage.</p>
<p>NetOpt is commercially available and more information can be
found by visiting <a href="http://www.polariswireless.com/products2.html#networkopti" target="_new">http://www.polariswireless.com/products2.html#networkopti</a></p>
<p>About Polaris Wireless:</p>
<p>Polaris Wireless provides network-based software products for
accurately determining the location of mobile phones. We are
committed to simplifying and improving the process of locating
mobile phones for carriers around the globe by serving as the
price/performance leader delivering accurate, reliable and flexible
products to support a variety of applications.</p>
<p><tm:entity><tm:time_expression><tm:exact_time Year="2003" value="in 2003">In 2003</tm:exact_time></tm:time_expression></tm:entity> Polaris succeeded in creating and deploying the first
and only software-based location system that meets <tm:entity><tm:organisation><tm:abbreviation value="fcc">FCC</tm:abbreviation></tm:organisation></tm:entity> <tm:entity><tm:money_expression><tm:money Amount="911" Currency="Euro" value="e911">E911</tm:money></tm:money_expression></tm:entity> Phase
II requirements. Polaris is backed by California venture capital
funds Draper <tm:entity><tm:person Family_Name="Jurvetson" First_Name="Fisher" Gender="Male" value="fisher jurvetson">Fisher Jurvetson</tm:person></tm:entity> of <tm:entity><tm:location><tm:country><tm:place>Menlo Park</tm:place></tm:country></tm:location></tm:entity>, Draper Richards of <tm:entity><tm:location><tm:country location_country="United States of America"><tm:place>San
Francisco</tm:place></tm:country></tm:location></tm:entity> and <tm:entity><tm:organisation Extension="Ventures" value="centre palisades ventures of los angeles">Centre Palisades Ventures of Los Angeles</tm:organisation></tm:entity>. For more
information about Polaris Wireless and the <tm:entity><tm:organisation><tm:abbreviation value="fcc">FCC</tm:abbreviation></tm:organisation></tm:entity>'s wireless <tm:entity><tm:money_expression><tm:money Amount="911" Currency="Euro" value="e911">E911</tm:money></tm:money_expression></tm:entity> Phase II requirements, please visit <a href="http://www.polariswireless.com" target="_new">http://www.polariswireless.com</a>.</p>
<p>Polaris Wireless Location Signatures(TM) is a registered
trademark of Polaris Wireless.</p>
<p>Polaris WLS(TM) is a trademark of Polaris Wireless.</p>
</body>
</html>


</doc>

