<doc xmlns:tm="http://www.temis.com/annotations/1.1/">
<metadata>
<releaselocation value="wyckoff"/>
<data_source value="prnews"/>
<source value="solutions3"/>
<processing_date>2008-01-21T18:09:31</processing_date>
<date>2007-12-17T15:23:00</date>
<quote symbol="NYSE:HP" src-company="hp" company="Helmerich &amp; Payne, Inc." date="2007-12-17" price="36.05"/></metadata>
<title>Solutions3 Announces Support for <tm:entity><tm:company><tm:normalized_name Domain="IT" value="hewlett-packard">HP</tm:normalized_name></tm:company></tm:entity> Software Business Service Management
</title>
<html>
<head>
<meta name="generator" content="HTML Tidy for Windows (vers 14 February 2006), see www.w3.org"/>
<!-- #BeginEditable "doctitle" -->
<title>Solutions3 Announces Support for <tm:entity><tm:company><tm:normalized_name Domain="IT" value="hewlett-packard">HP</tm:normalized_name></tm:company></tm:entity> Software Business
Service Management</title>
</head>
<body>
<p>WYCKOFF, N.J., <tm:entity><tm:time_expression><tm:relative_time Day="17" Month="Dec." value="dec. 17">Dec. 17</tm:relative_time></tm:time_expression></tm:entity> /PRNewswire/ -- Solutions3 (pronounced
"Solutions- Cubed") today announced sales, assessment,
architecture, delivery and training services for <tm:entity><tm:company value="hp">HP</tm:company></tm:entity> Business
Service Management (BSM) software to help better align their
customer's IT with their business. Solutions3 can provide improved
solutions to its customers leveraging new releases of <tm:entity><tm:organisation value="hp network management center">HP Network
Management Center</tm:organisation></tm:entity>, <tm:entity><tm:company><tm:normalized_name Domain="IT" value="hewlett-packard">HP</tm:normalized_name></tm:company></tm:entity> Operations Center, <tm:entity><tm:organisation value="hp business availability center">HP Business Availability
Center</tm:organisation></tm:entity> and <tm:entity><tm:company value="hp">HP</tm:company></tm:entity> Universal CMDB.</p>
<p>"Solutions3 can maintain its value proposition in those areas
where it has always been strong leveraging the new releases of <tm:entity><tm:company value="hp">HP</tm:company></tm:entity> BSM products and also provide additional entry points for the
complete offering of <tm:entity><tm:company value="hp">HP</tm:company></tm:entity> Business Technology Optimization software,"
said <tm:entity><tm:person Family_Name="Battistella" First_Name="Mike" Gender="Male" role="Person" value="mike battistella">Mike Battistella</tm:person></tm:entity>, Solutions3 <tm:entity><tm:function FunctionCategory="Board" role="Has_Function" value="chief technologist">Chief Technologist</tm:function></tm:entity>&amp;
Principal.</p>
<p>The complete Solutions3 offering featuring <tm:entity><tm:company value="hp">HP</tm:company></tm:entity> BSM can scale to
help customers manage their IT infrastructure from one central
console at any location globally. This allows customers to mitigate
risk and reduce their downtime.</p>
<p>"By using <tm:entity><tm:company value="hp">HP</tm:company></tm:entity> BSM, Solutions3 helps customers implement better
business process monitoring, improved linkage to enterprise IT
solutions, and ensure much faster delivery time of key IT
implementations," said <tm:entity><tm:person Family_Name="Neal" First_Name="Chuck" Gender="Undefined Gender" role="Person" value="chuck neal">Chuck Neal</tm:person></tm:entity>, <tm:entity><tm:function FunctionCategory="Board" role="Has_Function" value="vice president">Vice President</tm:function></tm:entity>, Channel and
Alliances, Software, <tm:entity><tm:company value="hp">HP</tm:company></tm:entity>.</p><p>Solutions3 is an award-winning premier consulting and training
organization providing expertise in IT Service Management.
Solutions3 believes a complete ITSM solution addresses the three
key areas of IT: People, Process, and Technology. This
three-dimensional approach ensures that all aspects of the solution
function together effectively. Through a custom training approach,
Solutions3 equips people with the knowledge and hands-on experience
to effectively manage their IT solution. This enables businesses to
increase service levels, decrease costs, and improve security
through the use of ITIL(R) based processes. And, by implementing
best of breed software technology, Solutions3 provides the IT
management capabilities needed to create a complete solution. Its
collaborative methodology coupled with highly qualified resources
results in a project that is well-defined, clearly understood and
supports its client's business objectives, adding to their overall
success.</p>
</body>
</html>


</doc>

