<doc xmlns:tm="http://www.temis.com/annotations/1.1/">
<metadata>
<aboutcompany value="centive"/>
<releaselocation value="burlington"/>
<data_source value="prnews"/>
<source value="centive"/>
<processing_date>2008-01-21T18:12:32</processing_date>
<date>2007-12-17T10:00:00</date>
<quote symbol="NYSE:CRM" src-company="salesforce" company="salesforce.com, inc." date="2007-12-17" price="58.73"/><quote symbol="NYSE:MA" src-company="ma" company="MasterCard Incorporated" date="2007-12-17" price="204.93"/></metadata>
<title>Centive Announces Winter 2008 Release of Compel(R) - Delivering Best-in-Class Sales Performance Analytics
</title>
<html>
<head>
<meta name="generator" content="HTML Tidy for Windows (vers 14 February 2006), see www.w3.org"/>
<!-- #BeginEditable "doctitle" -->
<title>Centive Announces Winter 2008 Release of Compel(R) -
Delivering Best-in-Class Sales Performance Analytics</title>
</head>
<body>
<p>BURLINGTON, Mass., Dec. 17 /PRNewswire/ -- Centive, the leader
in on- demand sales performance management, today announced the
Winter 2008 release of Compel(R), the industry's most widely used
choice for on-demand sales compensation and sales performance
management. Central to the release are Compel's interactive
dashboard analytics, which graphically present multi- dimensional,
interactive earnings and performance data to help sales
<tm:entity><tm:function FunctionCategory="Other" value="representatives">representatives</tm:function></tm:entity> and their <tm:entity><tm:function FunctionCategory="Board" value="managers">managers</tm:function></tm:entity> better monitor and measure
individual and team performance. The <tm:entity><tm:time_expression><tm:exact_time Year="2008" value="winter 2008">Winter 2008</tm:exact_time></tm:time_expression></tm:entity> release of Compel
also features enhanced reporting, enhanced document distribution
and acceptance workflow, personal multi-currency management, and
deeper API-level integration with <tm:entity><tm:company value="salesforce">Salesforce.com</tm:company></tm:entity>.</p><p>"A key challenge for <tm:entity><tm:function FunctionCategory="Board" value="sales managers">sales managers</tm:function></tm:entity> and sales <tm:entity><tm:function FunctionCategory="Other" value="representatives">representatives</tm:function></tm:entity> is
getting timely access to sales performance information so they can
better measure and manage their sales teams or their own individual
activities," said <tm:entity><tm:person Family_Name="Pombriant" First_Name="Denis" Gender="Male" value="denis pombriant">Denis Pombriant</tm:person></tm:entity>, managing principle at <tm:entity><tm:company Domain="Pharma" value="beagle research group">Beagle
Research Group</tm:company></tm:entity>. "Compel has always offered great visibility into
earnings and performance data. With the <tm:entity><tm:time_expression><tm:exact_time Year="2008" value="winter 2008">Winter 2008</tm:exact_time></tm:time_expression></tm:entity> release, they
have now raised the bar by providing interactive graphs that help
the user quickly interpret trends and explore the relationship
between sales performance and commission earnings across various
dimensions such as product, territory and time."</p>
<p>In addition to Compel's dashboard analytics, details on some of
the <tm:entity><tm:time_expression><tm:exact_time Year="2008" value="winter 2008">Winter 2008</tm:exact_time></tm:time_expression></tm:entity> enhancements include:<br/>
1. Personal multi-currency management</p>
<div style="margin-left: 2em">* Enables local currency views for
all sales reps and <tm:entity><tm:function FunctionCategory="Board" value="managers">managers</tm:function></tm:entity> while providing corporate reporting in
any relevant currency.</div>
<p>2. Enhanced reporting capability</p>
<div style="margin-left: 2em">* Offers dynamic reporting to analyze
revenue and commission spend across any transaction or dimension
attribute, such as customer, product, territory and region.</div>
<p>3. Commission cost analysis tool</p>
<div style="margin-left: 2em">* A sales cost analysis tool that
details the credit distribution and exact commission cost of every
sales event, including commissions paid across all plans at all
levels of the organization.</div>
<p>4. Enhanced crediting</p>
<div style="margin-left: 2em">* Compel builds on existing
functionality to provide crediting on combinations of dimensions,
such as Territory and Product "With the <tm:entity><tm:time_expression><tm:exact_time Year="2008" value="winter 2008">Winter 2008</tm:exact_time></tm:time_expression></tm:entity> release of
Compel, Centive has provided additional tools to help companies
better measure and manage sales performance," said <tm:entity><tm:person Family_Name="Torto" First_Name="Michael" Gender="Male" role="Person" value="michael torto">Michael Torto</tm:person></tm:entity>,
<tm:entity><tm:function FunctionCategory="Board" role="Has_Function" value="president and ceo">president and CEO</tm:function></tm:entity>, <tm:entity><tm:company><tm:potential_company role="Who" value="centive">Centive</tm:potential_company></tm:company></tm:entity>. "From modeling and commission expense
forecasting to cost of sales analysis to sales performance
analytics, only Compel provides the strategic tools sales and
finance <tm:entity><tm:function FunctionCategory="Board" value="executives">executives</tm:function></tm:entity> need to achieve and exceed sales, revenue and
profitability goals."</div>
<p>As a multi-tenant, on-demand solution, all Centive customers are
live today <tm:entity><tm:time_expression><tm:exact_time Year="2008" value="on the winter 2008">on the Winter 2008</tm:exact_time></tm:time_expression></tm:entity> release of Compel. Centive continues
to deliver Compel as the industry's only fully integrated sales
performance solution. All new enhancements delivered <tm:entity><tm:time_expression><tm:exact_time Year="2008" value="in the winter 2008">in the Winter
2008</tm:exact_time></tm:time_expression></tm:entity> release of Compel are included as part of the core Compel
solution at no additional charge; there are no additional modules
to purchase.</p>
<p>About Centive</p>
<p>Centive, headquartered in <tm:entity><tm:location><tm:country><tm:place>Burlington</tm:place></tm:country></tm:location></tm:entity>, <tm:entity><tm:company value="ma">MA</tm:company></tm:entity>, is the recognized
leader in on- demand sales performance management. Companies use
Centive Compel, hailed by <tm:entity><tm:function FunctionCategory="Board" value="cio magazine">CIO Magazine</tm:function></tm:entity> as the "most widely used
choice for sales compensation management," to accurately model and
forecast commission costs, calculate commission and bonus earnings
and gain real-time visibility into sales performance metrics.
Compel, a <tm:entity><tm:company value="salesforce">salesforce.com</tm:company></tm:entity> AppExchange certified solution, is a
winner of the CODiE award for "Best Financial Software," the CRM
Excellence and Product of the Year awards from Customer Inter@ction
Solutions, and the CRM WizKids Award from Beagle Research. To learn
more about Centive, please visit <a href="http://www.centive.com" target="_new">http://www.centive.com</a>or call 1-877-CENTIVE.</p>
<p>Centive, Compel, Inspire Performance, From Prospect to Paycheck
and the Carrot logo are registered trademarks of <tm:entity><tm:company Extension="Inc" value="centive">Centive</tm:company></tm:entity>, Inc. All
other company or product names are or may be trademarks of their
<tm:entity><tm:function FunctionCategory="Board" value="respective owners">respective owners</tm:function></tm:entity>.<br/></p><p>Media Contacts: <tm:entity><tm:person Family_Name="Conlin" First_Name="Bob" Gender="Male" value="bob conlin">Bob Conlin</tm:person></tm:entity> <tm:entity><tm:person Family_Name="Bradley" First_Name="Liz" Gender="Female" value="liz bradley">Liz Bradley</tm:person></tm:entity></p><p><tm:entity><tm:company Extension="&amp; Partners" value="centive kel">Centive Kel</tm:company></tm:entity>&amp; Partners for Centive</p>
<p>781-852- 3500 508-366-2099 ext. 119</p>
<p><a href="mailto:bconlin@centive.com"><tm:entity><tm:email value="bconlin@centive.com">bconlin@centive.com</tm:email></tm:entity></a><a href="mailto:liz@kelandpartners.com"><tm:entity><tm:email value="liz@kelandpartners.com">liz@kelandpartners.com</tm:email></tm:entity></a></p></body>
</html>


</doc>

