<doc xmlns:tm="http://www.temis.com/annotations/1.1/">
<metadata>
<releaselocation value="detroit"/>
<data_source value="prnews"/>
<source value="compuware corporation"/>
<processing_date>2008-01-21T18:13:12</processing_date>
<date>2007-12-17T09:57:00</date>
<quote symbol="NYSE:FO" src-company="fortune" company="Fortune Brands, Inc." date="2007-12-17" price="73.75"/><quote symbol="NASDAQ:CPWR" src-company="compuware" company="Compuware Corporation" date="2007-12-17" price="8.90"/><quote symbol="NYSE:RAD" src-company="rite aid" company="Rite Aid Corporation" date="2007-12-17" price="4.03"/></metadata>
<title><tm:entity><tm:company Domain="IT" value="compuware covisint">Compuware Covisint</tm:company></tm:entity>'s <tm:entity><tm:function FunctionCategory="Board" value="chief security officer">Chief Security Officer</tm:function></tm:entity> Testifies to <tm:entity><tm:organisation Domain="Governmental" value="u s senate">U.S. Senate</tm:organisation></tm:entity> <tm:entity><tm:organisation value="judiciary committee">Judiciary Committee</tm:organisation></tm:entity> on Future of e-Prescribing of Controlled Substances
</title>
<html>
<head>
<meta name="generator" content="HTML Tidy for Windows (vers 14 February 2006), see www.w3.org"/>
<!-- #BeginEditable "doctitle" -->
<title><tm:entity><tm:company Domain="IT" value="compuware covisint">Compuware Covisint</tm:company></tm:entity>'s <tm:entity><tm:function FunctionCategory="Board" value="chief security officer">Chief Security Officer</tm:function></tm:entity> Testifies to
<tm:entity><tm:organisation Domain="Governmental" value="u s senate">U.S. Senate</tm:organisation></tm:entity> <tm:entity><tm:organisation value="judiciary committee">Judiciary Committee</tm:organisation></tm:entity> on Future of e-Prescribing of
Controlled Substances</title>
</head>
<body>
<p>Already Proven Technologies Can <tm:entity><tm:company Domain="Pharma" value="help healthcare">Help Healthcare</tm:company></tm:entity> by Increasing
Prescription</p>
<p>Accuracy, Reducing Fraud and Saving Lives</p>
<p><tm:entity><tm:location><tm:country location_country="United States of America"><tm:place>DETROIT</tm:place></tm:country></tm:location></tm:entity>, <tm:entity><tm:time_expression><tm:relative_time Day="17" Month="Dec." value="dec. 17">Dec. 17</tm:relative_time></tm:time_expression></tm:entity> /PRNewswire-FirstCall/ -- <tm:entity><tm:company Domain="IT" Extension="Corporation" value="compuware">Compuware</tm:company></tm:entity> Corporation
(<tm:entity><tm:stockindex value="nasdaq">Nasdaq</tm:stockindex></tm:entity>: <a class="small" href="http://studio-5.financialcontent.com/prnews?Page=Quote&amp;Ticker=CPWR" onclick="var s=s_gi(s_account); var hd1 = document.getElementById('headline'); s.tl(this,'o',getLinkName('Company Sanpshot'));">CPWR</a>) today announced that <tm:entity><tm:company Domain="IT" role="Who" value="compuware covisint">Compuware Covisint</tm:company></tm:entity>'s <tm:entity><tm:function FunctionCategory="Board" role="Has_Function" value="chief security officer">Chief Security
Officer</tm:function></tm:entity>, <tm:entity><tm:person Family_Name="Miller" First_Name="David" Gender="Male" role="Person" value="david miller">David Miller</tm:person></tm:entity>, recently testified before the <tm:entity><tm:organisation Domain="Governmental" value="united states senate">United States
Senate</tm:organisation></tm:entity> <tm:entity><tm:organisation value="committee on the judiciary">Committee on the Judiciary</tm:organisation></tm:entity> regarding "Electronic Prescribing
of Controlled Substances: <tm:entity><tm:company Domain="Pharma" value="addressing health care">Addressing Health Care</tm:company></tm:entity> and <tm:entity><tm:company value="law enforcement priorities">Law
Enforcement Priorities</tm:company></tm:entity>." <tm:entity><tm:person Family_Name="Miller" First_Name="David" Gender="Male" role="Person" value="david miller">Miller</tm:person></tm:entity> addressed <tm:entity><tm:function FunctionCategory="Political" role="Has_Function" value="senator">Senator</tm:function></tm:entity> <tm:entity><tm:person Family_Name="Whitehouse" First_Name="Sheldon" Gender="Undefined Gender" role="Person" value="sheldon whitehouse">Sheldon
Whitehouse</tm:person></tm:entity>(D-R.I.), outlining how technology already developed by
Covisint and proven on a wide-scale could help solve many problems
associated with the paper-based prescribing of controlled
substances.</p>
<p>Paper-based Challenges</p>
<p>Current regulations require that healthcare providers manually
sign prescriptions. These regulations address the three historic
concerns with e- prescribing: 1) authentication (identifying a
signer); 2) non-repudiation (ensuring the recipient that the
electronic signature is valid); and 3) record integrity (ensuring
that a prescription was not altered subsequent to being
authenticated/signed).</p>
<p><tm:entity><tm:person Family_Name="Miller" First_Name="David" Gender="Male" role="Person" value="david miller">Miller</tm:person></tm:entity>'s advance Senate testimony, available at <a href="http://judiciary.senate.gov/testimony.cfm?id=3042&amp;wit_id=6795" target="_new">http://judiciary.senate.gov/testimony.cfm?id=3042&amp;wit_id=6795,</a>outlined the disadvantages of the current, paper-based prescription
system, noting: "Paper transactions are hard to track and manage
... involve manual processes that are particularly vulnerable to
human error ... and are difficult to store and retrieve." He also
noted that current methods are subject to "a declining adherence"
since healthcare providers are asked to simultaneously support both
paper- and electronic-based prescribing processes.</p>
<p>E-based Cure</p>
<p>Covisint's secure, on-demand infrastructure--proven <tm:entity><tm:time_expression><tm:duration value="for years">for years</tm:duration></tm:time_expression></tm:entity> in
other industries--overcomes e-prescribing's historic challenges by
securely enabling the real-time sharing of information to patients,
healthcare organizations and communities. Covisint streamlines
clinical and administrative processes and enables the secure access
to, and the improved visibility of, health information. Covisint's
ability to address and solve e-prescribing obstacles can help
ensure patient safety and efficiency and provide the necessary
safeguards to support the widespread adoption of e-prescribing.</p>
<p>"E-prescribing controlled substances is not only a good idea,
but also imperative in an effort to solve many of the existing--yet
unnecessary-- frauds, abuses, inaccuracies and errors in play for
healthcare today," <tm:entity><tm:person Family_Name="Miller" First_Name="David" Gender="Male" role="Person" value="david miller">Miller</tm:person></tm:entity> said. "Covisint will continue to work
hard to help bring safer, more trusted and more secure technologies
to improve healthcare, increase efficiencies and save lives. These
are exciting times, with much opportunity to use technology to make
a positive difference benefiting so many people."</p>
<p><tm:entity><tm:person Family_Name="Miller" First_Name="David" Gender="Male" role="Person" value="david miller">Miller</tm:person></tm:entity> was part of a panel that also included Laura Adams,
President and CEO of the Rhode Island Quality Institute; <tm:entity><tm:person Family_Name="Hutchinson" First_Name="Kevin" Gender="Male" role="Person" value="kevin hutchinson">Kevin
Hutchinson</tm:person></tm:entity>, <tm:entity><tm:function FunctionCategory="Board" role="Has_Function" value="president and ceo">President and CEO</tm:function></tm:entity> of <tm:entity><tm:company><tm:potential_company role="Who" value="surescripts">SureScripts</tm:potential_company></tm:company></tm:entity>; and <tm:entity><tm:person Family_Name="Podgurski" First_Name="Mike" Gender="Male" role="Person" value="mike podgurski">Mike Podgurski</tm:person></tm:entity>,
<tm:entity><tm:function FunctionCategory="Board" role="Has_Function" value="vice president">Vice President</tm:function></tm:entity>, Pharmacy Services for <tm:entity><tm:company Domain="ConsumerGoods" Extension="Corporation" value="rite aid">Rite Aid</tm:company></tm:entity> Corporation. <tm:entity><tm:function FunctionCategory="Board" value="panel members">Panel
members</tm:function></tm:entity> were chosen for their individual expertise on this issue;
<tm:entity><tm:person Family_Name="Miller" First_Name="David" Gender="Male" role="Person" value="david miller">Miller</tm:person></tm:entity>'s primary role was to discuss how technology already in use
could help solve many of the problems associated with today's
paper-based system. <tm:entity><tm:function FunctionCategory="Political" value="senator">Senator</tm:function></tm:entity> Whitehouse led the discussion that
built the case to move forward with e-prescribing of controlled
substances.</p>
<p>Covisint currently connects 45,800 organizations worldwide.
Covisint's highly available platform provides an on-demand
infrastructure for secure collaboration, interoperability and
access to information. Covisint streamlines and automates business
processes, globally connecting business communities, organizations
and systems in the manufacturing, healthcare, public sector and
financial services industries.</p>
<p><tm:entity><tm:company Domain="IT" Extension="Corporation" value="compuware">Compuware</tm:company></tm:entity> Corporation</p>
<p><tm:entity><tm:company Domain="IT" Extension="Corporation" value="compuware">Compuware</tm:company></tm:entity> Corporation maximizes the value IT brings to the
business by helping CIOs more effectively manage the business of
IT. <tm:entity><tm:company Domain="IT" Extension="Corporation" value="compuware">Compuware</tm:company></tm:entity> solutions accelerate the development, improve the
quality and enhance the performance of critical business systems
while enabling CIOs to align and govern the entire IT portfolio,
increasing efficiency, cost control and employee productivity
throughout the IT organization. Founded <tm:entity><tm:time_expression><tm:exact_time Year="1973" value="in 1973">in 1973</tm:exact_time></tm:time_expression></tm:entity>, <tm:entity><tm:company Domain="IT" Extension="Corporation" value="compuware">Compuware</tm:company></tm:entity> serves
the world's leading IT organizations, including more than 90
percent of the <tm:entity><tm:company value="fortune">Fortune</tm:company></tm:entity> 100 companies. Learn more about <tm:entity><tm:company Domain="IT" Extension="Corporation" value="compuware">Compuware</tm:company></tm:entity> at
<a href="http://www.compuware.com/" target="_new">http://www.compuware.com/</a>.<br/></p><p>Press Contact</p>
<p><tm:entity><tm:person Family_Name="Anter" First_Name="Doug" Gender="Male" value="doug anter">Doug Anter</tm:person></tm:entity>, <tm:entity><tm:company Domain="IT, TeleCommunication" value="compuware communications">Compuware Communications</tm:company></tm:entity> and <tm:entity><tm:company value="investor relations">Investor Relations</tm:company></tm:entity>,
313-227-0127,</p><p><a href="mailto:doug.anter@compuware.com"><tm:entity><tm:email value="doug.anter@compuware.com">doug.anter@compuware.com</tm:email></tm:entity></a></p><p>For Sales and Marketing Information</p>
<p><tm:entity><tm:company Domain="IT" Extension="Corporation" value="compuware">Compuware</tm:company></tm:entity> Corporation, One Campus Martius, <tm:entity><tm:location><tm:country location_country="United States of America"><tm:place>Detroit</tm:place></tm:country></tm:location></tm:entity>, MI
48226,</p><p>800-521-9353, <a href="http://www.compuware.com" target="_new">http://www.compuware.com</a></p></body>
</html>


</doc>

