<doc xmlns:tm="http://www.temis.com/annotations/1.1/">
<metadata><aboutcompany value="beaworld"/><releaselocation value="shanghai"/><data_source value="prnews"/><source value="bea systems, inc."/><processing_date>2008-01-21T18:24:04</processing_date><date>2007-12-12T04:01:00</date><quote symbol="NASDAQ:BEAS" src-company="bea systems" company="BEA Systems, Inc." date="2007-12-12" price="15.86"/><quote symbol="OTC:ECNI" src-company="enterconnect" company="ENTERCONNECT INC" date="2007-12-12" price=""/></metadata>
<title>BEA Announces Phase One of Project Genesis to Enable Dynamic Business Applications for ISV Community
</title>
<html>
<head>
<meta name="generator" content="HTML Tidy for Windows (vers 14 February 2006), see www.w3.org"/>
<!-- #BeginEditable "doctitle" -->
<title>BEA Announces Phase One of Project Genesis to Enable Dynamic
Business Applications for ISV Community</title>
</head>
<body>
<p>BEA to Deliver First Enterprise-class SaaS-enabled Platform</p>
<p>Core News Facts: 1. BEA will deliver the industry's first
open,</p>
<p>enterprise-grade, software-as-a-service (<tm:entity><tm:company value="saas">SaaS</tm:company></tm:entity>) platform <tm:entity><tm:time_expression><tm:relative_time value="in q2">in Q2</tm:relative_time></tm:time_expression></tm:entity> 2008 to simplify the way enterprises and independent software
vendors (ISVs) create</p>
<p>dynamic business applications. 2. The new BEA platform will be
the first deliverable of Project Genesis, a</p>
<p>BEA initiative introduced <tm:entity><tm:time_expression><tm:exact_time Month="September" Year="2007" value="in september 2007">in September 2007</tm:exact_time></tm:time_expression></tm:entity> to enable companies
to transform and differentiate their businesses with
next-generation dynamic</p>
<p>business applications. 3. The first phase of Project Genesis
will remove key adoption inhibitors previously faced by ISVs
developing dynamic business applications via a</p>
<p>software-as-a-service model.</p>
<p><tm:entity><tm:location><tm:country location_country="China"><tm:place>SHANGHAI</tm:place></tm:country></tm:location></tm:entity>, <tm:entity><tm:location><tm:country><tm:place>China</tm:place></tm:country></tm:location></tm:entity>, <tm:entity><tm:time_expression><tm:relative_time Day="12" Month="Dec." value="dec. 12">Dec. 12</tm:relative_time></tm:time_expression></tm:entity> /PRNewswire-FirstCall/ -- BEAWorld --
<tm:entity><tm:company Domain="IT" Extension="Inc" value="bea systems">BEA Systems</tm:company></tm:entity>, Inc., a world leader in enterprise infrastructure
software, today announced that it will deliver the industry's first
open, enterprise-grade, software-as-a-service (<tm:entity><tm:company value="saas">SaaS</tm:company></tm:entity>) platform <tm:entity><tm:time_expression><tm:relative_time value="in q2">in Q2</tm:relative_time></tm:time_expression></tm:entity> 2008. This platform will simplify the way enterprises and
independent software vendors (ISVs) create dynamic business
applications.</p>
<p>The new BEA platform will be the first deliverable of Project
Genesis, a BEA initiative introduced <tm:entity><tm:time_expression><tm:exact_time Month="September" Year="2007" value="in september 2007">in September 2007</tm:exact_time></tm:time_expression></tm:entity> to enable
companies to transform and differentiate their businesses with
next-generation dynamic business applications. Dynamic business
applications conform to the way people work, adapting to business
context, fostering collaboration and enabling knowledge workers to
initiate change without the lengthy IT cycles required to update
traditional packaged applications. The first phase of Project
Genesis will remove key adoption inhibitors previously faced by
ISVs developing dynamic business applications via a
software-as-a-service model.</p>
<p>"Genesis is BEA's vision for a platform that radically
simplifies the way enterprises and ISVs create, operate and govern
dynamic business applications," said <tm:entity><tm:person Family_Name="Chuang" First_Name="Alfred" Gender="Male" role="Person" value="alfred chuang">Alfred Chuang</tm:person></tm:entity>, <tm:entity><tm:function FunctionCategory="Board" role="Has_Function" value="chairman and chief executive officer">chairman and
chief executive officer</tm:function></tm:entity>, <tm:entity><tm:company Domain="IT" Extension="Inc" role="Who" value="bea systems">BEA Systems</tm:company></tm:entity>. "Genesis embraces and extends
everything that BEA does -- from Tuxedo, to WebLogic, to
AquaLogic."</p><p>With Genesis, ISVs will finally have an open, enterprise-class
SaaS application platform that easily integrates with on-premise
applications and existing architectures. Currently, an open,
enterprise-class SaaS application platform does not exist to
address these challenges.</p>
<p>"BEA's SaaS-enabled platform will help ISVs and business
participants develop dynamic business applications with a
simplified and unified environment," added <tm:entity><tm:person Family_Name="Chuang" First_Name="Alfred" Gender="Male" role="Person" value="alfred chuang">Chuang</tm:person></tm:entity>.</p><p>The first phase of the Genesis platform will include the
following capabilities for application innovation:<br/></p>
<ul>
<li>A container for SaaS applications, deployable in virtualized
environments</li>
<li>Presentation services for user access and interaction</li>
<li>Flexible metering capabilities to support end-user billing</li>
<li>Fine-grained entitlements for multi-tenant security</li>
<li>BEA WorkSpace 360(TM), a unified and collaborative application
lifecycle design, deployment and management environment engaging
both business and IT. "This is great news for current and
prospective <tm:entity><tm:company value="saas">SaaS</tm:company></tm:entity> providers. BEA can change the game in the <tm:entity><tm:company value="saas">SaaS</tm:company></tm:entity> marketplace by enabling ISVs to leverage its expertise in
delivering enterprise-class software infrastructure," said <tm:entity><tm:person Family_Name="Jankovich" First_Name="Sam" Gender="Male" role="Person" value="sam jankovich">Sam
Jankovich</tm:person></tm:entity>, <tm:entity><tm:function FunctionCategory="Board" role="Has_Function" value="president and chief executive officer">president and chief executive officer</tm:function></tm:entity> of <tm:entity><tm:company Extension="Inc." role="Who" value="enterconnect">EnterConnect</tm:company></tm:entity>,
Inc. "We are looking forward to utilizing Genesis in our global
<tm:entity><tm:company value="saas">SaaS</tm:company></tm:entity> marketplace, <tm:entity><tm:company value="soaapps">SOAapps.com</tm:company></tm:entity>, which already leverages BEA
technology to deliver a secure, multi-tenant environment for <tm:entity><tm:company><tm:potential_company role="Who" value="isvs">ISVs</tm:potential_company></tm:company></tm:entity> to host, market, sell and service <tm:entity><tm:company><tm:potential_company role="Whom" value="saas">SaaS</tm:potential_company></tm:company></tm:entity> solutions. We believe BEA
will enable us to scale beyond anything available to the <tm:entity><tm:company value="saas">SaaS</tm:company></tm:entity> market today, including Open Source technology."</li>
</ul>
<p>With Project Genesis, BEA will deliver a dynamic business
application platform that converges service-oriented architecture
(SOA), business process management, enterprise social computing and
other technologies to transform software applications and how they
are built. Project Genesis extends BEA's vision by enabling
end-users to participate in the application lifecycle for dynamic
business applications. For more information, please visit: <a href="http://www.bea.com/genesis" target="_new">http://www.bea.com/genesis</a>.</p><p>About BEAWorld</p>
<p>BEAWorld is the premier event for SOA thought leadership and
takes place in three strategic world markets spanning the <tm:entity><tm:location><tm:country><tm:place>Americas</tm:place></tm:country></tm:location></tm:entity>,
<tm:entity><tm:location><tm:country><tm:place>Europe</tm:place></tm:country></tm:location></tm:entity> and <tm:entity><tm:location><tm:country><tm:place>Asia</tm:place></tm:country></tm:location></tm:entity>. The conference is designed to provide critical
insights, hands-on instruction, best-practice strategies and
opportunities for interaction with like-minded professionals,
industry leaders, visionaries and <tm:entity><tm:function FunctionCategory="Other" value="expert">expert</tm:function></tm:entity> practitioners.</p>
<p>In addition to highlighting the innovation and tangible business
results BEA customers have achieved, BEAWorld is the place to find
the latest information on BEA infrastructure technologies including
BEA Tuxedo(R), BEA WebLogic(R) and BEA AquaLogic(R). <tm:entity><tm:time_expression><tm:relative_time value="this year">This year</tm:relative_time></tm:time_expression></tm:entity>'s
event will also include a Solutions Showcase, exhibiting the latest
and most innovative developments from the extensive BEA partner
community.</p><p>The third of three worldwide events is scheduled to be held in
<tm:entity><tm:location><tm:country location_country="China"><tm:place>Shanghai</tm:place></tm:country></tm:location></tm:entity>(<tm:entity><tm:time_expression><tm:relative_time Day="12, 13" Month="Dec." value="dec. 12-13">Dec. 12-13</tm:relative_time></tm:time_expression></tm:entity>). The first event was held in <tm:entity><tm:location><tm:country location_country="United States of America"><tm:place>San Francisco</tm:place></tm:country></tm:location></tm:entity>(<tm:entity><tm:time_expression><tm:relative_time Day="10, 12" Month="Sept." value="sept. 10-12">Sept. 10-12</tm:relative_time></tm:time_expression></tm:entity>), and the second event was held in <tm:entity><tm:location><tm:country location_country="Spain"><tm:place>Barcelona</tm:place></tm:country></tm:location></tm:entity>(<tm:entity><tm:time_expression><tm:relative_time Day="2, 4" Month="Oct." value="oct. 2-4">Oct.
2-4</tm:relative_time></tm:time_expression></tm:entity>).</p><p>About BEA</p>
<p><tm:entity><tm:company Domain="IT" Extension="Inc" value="bea systems">BEA Systems</tm:company></tm:entity>, Inc. (<tm:entity><tm:stockindex value="nasdaq">Nasdaq</tm:stockindex></tm:entity>: <a class="small" href="http://studio-5.financialcontent.com/prnews?Page=Quote&amp;Ticker=BEAS" onclick="var s=s_gi(s_account); var hd1 = document.getElementById('headline'); s.tl(this,'o',getLinkName('Company Sanpshot'));">BEAS</a>) is a world leader in enterprise infrastructure software.
Information about how BEA helps customers build a Liquid
Enterprise(TM) that transforms their business can be found at
<tm:entity><tm:company value="bea">bea.com</tm:company></tm:entity>.</p><p>Legal Notice Regarding Forward-Looking Statements</p>
<p>Some of the statements in this press release are
forward-looking, including the statements regarding BEA's delivery
of a radically simplified SaaS-enabled platform and its ability to
enable businesses to transform how they address <tm:entity><tm:company value="saas">SaaS</tm:company></tm:entity> to meet
customer needs and the features, benefits and release date of this
new BEA platform. Actual results could differ materially from those
expressed in any forward-looking statements. Risks and
uncertainties that could cause results to differ materially include
risks associated with: any unforeseen changes in the technology,
standards or marketplace for enterprise information integration
software; the timing of a recovery from any economic and IT
industry downturn; any unforeseen technical difficulties related to
the development BEA's solutions; and any software errors related to
BEA's solutions. Readers should also refer to the risk disclosures
set forth in BEA's 10-Q <tm:entity><tm:time_expression><tm:exact_time value="2007">for the quarter October 31, 2007</tm:exact_time></tm:time_expression></tm:entity> as filed
with the SEC and subsequent reports filed thereafter by BEA from
time-to-time with the SEC. The forward-looking statements contained
in this release are made as of the date hereof, and BEA does not
assume any obligation to update such statements nor the reasons why
actual results could differ materially from those projected in such
statements.</p>
<p>Copyright 1995-2007, <tm:entity><tm:company Domain="IT" Extension="Inc" value="bea systems">BEA Systems</tm:company></tm:entity>, Inc. All rights reserved. BEA,
BEA AquaLogic, BEA eLink, BEA WebLogic, BEA WebLogic Portal, BEA
WebLogic Server, <tm:entity><tm:company value="connectera">Connectera</tm:company></tm:entity>, <tm:entity><tm:company Domain="IT" value="compoze software">Compoze Software</tm:company></tm:entity>, <tm:entity><tm:company value="jolt">Jolt</tm:company></tm:entity>, <tm:entity><tm:company value="joltbeans">JoltBeans</tm:company></tm:entity>,
<tm:entity><tm:company value="jrockit">JRockit</tm:company></tm:entity>, <tm:entity><tm:company value="steelthread">SteelThread</tm:company></tm:entity>, Think Liquid, Top End, Tuxedo, and WebLogic are registered trademarks of <tm:entity><tm:company Domain="IT" Extension="Inc" value="bea systems">BEA Systems</tm:company></tm:entity>, Inc. BEA Blended
Application Development, BEA Blended Development Model, BEA Blended
Strategy, BEA Builder, BEA Guardian, BEA <tm:entity><tm:function FunctionCategory="Board" value="manager">Manager</tm:function></tm:entity>, BEA MessageQ, BEA
microService Architecture, BEA SOA 360, BEA Workshop, BEA WorkSpace 360, Signature Editor, Signature Engine, Signature Patterns,
Support Patterns, Arch2Arch, Arch2Arch <tm:entity><tm:function FunctionCategory="Other" value="advisor">Advisor</tm:function></tm:entity>, Dev2Dev, Dev2Dev
Dispatch, Exec2Exec, Exec2Exec Voice, IT2IT, IT2IT Insight,
Business LiquidITy, and Liquid Thinker are trademarks of <tm:entity><tm:company Domain="IT" Extension="Inc" value="bea systems">BEA
Systems</tm:company></tm:entity>, Inc. BEA Mission Critical Support, BEA Mission Critical Support Continuum, BEA SOA Self Assessment, and Fluid Framework are
service marks of <tm:entity><tm:company Domain="IT" Extension="Inc" value="bea systems">BEA Systems</tm:company></tm:entity>, Inc. All other company and product
names may be the subject of intellectual property rights reserved
by third parties. All other trademarks are the property of their
respective companies.</p></body>
</html>


</doc>

