<doc xmlns:tm="http://www.temis.com/annotations/1.1/">
<metadata><aboutcompany value="adenin technologies"/><releaselocation value="boston"/><data_source value="prnews"/><source value="adenin technologies"/><processing_date>2008-01-21T18:19:31</processing_date><date>2007-12-12T16:53:00</date><quote symbol="NYSE:EFX" src-company="equifax" company="Equifax Inc." date="2007-12-12" price="37.18"/></metadata>
<title>adenin TECHNOLOGIES Releases IntelliEnterprise Version 9, Adding Relational Search, Social Bookmarking and MyProfile for the Enterprise
</title>
<html>
<head>
<meta name="generator" content="HTML Tidy for Windows (vers 14 February 2006), see www.w3.org"/>
<!-- #BeginEditable "doctitle" -->
<title>adenin TECHNOLOGIES Releases IntelliEnterprise Version 9,
Adding Relational Search, Social Bookmarking and MyProfile for the
Enterprise</title>
</head>
<body>
<p><tm:entity><tm:location><tm:country location_country="United States of America"><tm:place>BOSTON</tm:place></tm:country></tm:location></tm:entity>, <tm:entity><tm:time_expression><tm:relative_time Day="12" Month="Dec." value="dec. 12">Dec. 12</tm:relative_time></tm:time_expression></tm:entity> /PRNewswire/ -- adenin <tm:entity><tm:company value="technologies">TECHNOLOGIES</tm:company></tm:entity>, providers
of enterprise <tm:entity><tm:company value="intranet">Intranet</tm:company></tm:entity> software suites, today released version 9 of
IntelliEnterprise, which includes relational search, social
networking, and "MyProfile" for the enterprise. These enhancements
extend the product's Enterprise 2.0 capabilities, giving employees
greater control and flexibility over how information in the
enterprise is used and shared, while also allowing them to uncover
previously unrecognized relationships between information
assets.</p>
<p>With the fully reengineered Relational Search module, users have
a 360 degree view of all structured and unstructured information
assets, including documents, wikis, blogs, streaming videos,
podcasts, database and contact records, and more. This capability
takes full advantage of user participation through things like tags
and social bookmarks, which provide more accurate search results,
and allows users instant access to relevant content, as well as
subject matter <tm:entity><tm:function FunctionCategory="Other" value="experts">experts</tm:function></tm:entity>.</p><p>Employees searching the <tm:entity><tm:company value="intranet">Intranet</tm:company></tm:entity> for a travel expense report
form, for example, will not only be presented with the desired
form, they will also be shown a listing of other related
information they may need to access, such as travel advance
requests, mileage reimbursement forms, and travel policies; or a
listing of company-approved travel agency websites. Having access
to relevant information gives users the ability to drill down,
slice-and-dice, and refine results in a more meaningful way. In
addition, users will now have visibility into who is responsible
for the information, which provides more direct access to
<tm:entity><tm:function FunctionCategory="Other" value="experts">experts</tm:function></tm:entity>.</p><p>Social bookmarking opens the door to new ways of collecting,
organizing, categorizing, and sharing information resources across
the enterprise. Because social bookmarks are easily shared and
accessible from anywhere one can access the <tm:entity><tm:company value="intranet">Intranet</tm:company></tm:entity>, individuals
with similar interests can connect, and over time, develop a
"folksonomy" that allows the entire enterprise to benefit from
their collective intelligence.</p><p>To further increase the social presence of employees and
encourage them to collaborate and become part of the conversation,
"MyProfile" allows users to share information about themselves with
selected users, including bookmarks, tags, pictures, workgroups,
and hobbies.</p>
<p>"This latest release of IntelliEnterprise brings its search and
social collaboration capabilities full circle, to make the Intranet
even more alive," said <tm:entity><tm:person Family_Name="Amm" First_Name="Martin" Gender="Undefined Gender" role="Person" value="martin amm">Martin Amm</tm:person></tm:entity>, <tm:entity><tm:function FunctionCategory="Board" role="Has_Function" value="ceo of adenin technologies">CEO of adenin TECHNOLOGIES</tm:function></tm:entity>.
"Version 9 delivers more robust interactive features to increase
user participation and provide a better overall user experience,
resulting in a more active employee community and improved social
networking, and sharing of enterprise knowledge. Furthermore,
having all of this capability tightly integrated into a single
system rather than incorporating solutions from a variety of
vendors makes for a smoother implementation."</p><p>IntelliEnterprise is an integrated suite that offers traditional
<tm:entity><tm:company value="intranet">Intranet</tm:company></tm:entity> functionality, including dashboards, content and document
management, search and workflow, as well as a library of more than
100 ready-to-run applications, which allow organizations to quickly
add significant functionality to their Intranets as their business
needs evolve over time, without requiring third- party software
integration. The modules include an employee directory,
organizational charts, help desk, Flash(R) video streaming,
recruiting requisitions, job candidate tracker, <tm:entity><tm:function FunctionCategory="Board" value="contract manager">contract manager</tm:function></tm:entity>,
CRM, change management, facility maintenance requests, RSS feeds,
Exchange integration, <tm:entity><tm:function FunctionCategory="Board" value="asset manager">asset manager</tm:function></tm:entity>, and project management.
IntelliEnterprise is easily updateable, so ownership for
maintaining the <tm:entity><tm:company value="intranet">Intranet</tm:company></tm:entity> can be shared across the organization,
helping to ensure that the portal stays up-to-date and vibrant
without placing a heavy burden on the IT department.</p>
<p>Review and Interview Information</p>
<p>An online, interactive demo of IntelliEnterprise 9.0 is
available at <a href="http://demo.adenin.com" target="_new">http://demo.adenin.com</a>. Screen shots are available upon
request.</p><p>For interviews, please contact <tm:entity><tm:person Family_Name="Fitzpatrick" First_Name="Tracy" Gender="Female" role="Person" value="tracy fitzpatrick">Tracy Fitzpatrick</tm:person></tm:entity>, <tm:entity><tm:function FunctionCategory="Board" role="Has_Function" value="marketing director">marketing
director</tm:function></tm:entity>, 310- 533-0745; <a href="mailto:tracy.fitzpatrick@adenin.com"><tm:entity><tm:email value="tracy.fitzpatrick@adenin.com">tracy.fitzpatrick@adenin.com</tm:email></tm:entity></a>.</p><p>About adenin TECHNOLOGIES</p>
<p>adenin TECHNOLOGIES develops, sells and supports a universal web
application suite for information and process management. This
suite provides an integrated enterprise <tm:entity><tm:company value="intranet">Intranet</tm:company></tm:entity> portal including
collaboration tools, workflow management, business dashboards,
document management, content management, search, application
builder and a variety of vertical and horizontal applications.
adenin's product line allows organizations of all sizes to improve
their efficiency by managing structured and unstructured
information assets and business processes in a unified environment.
adenin also offers its <tm:entity><tm:company value="intranet">Intranet</tm:company></tm:entity> suite in an on-demand Software as a
Service (SaaS) model that takes only minutes to set up. adenin's
customers include <tm:entity><tm:company value="equifax">Equifax</tm:company></tm:entity>, <tm:entity><tm:company Domain="ConsumerGood" value="omni hotels">Omni Hotels</tm:company></tm:entity>, <tm:entity><tm:company Domain="Pharma" value="medimmune">MedImmune</tm:company></tm:entity>, <tm:entity><tm:company Domain="IT" value="arbor networks">Arbor Networks</tm:company></tm:entity>,
<tm:entity><tm:company Domain="Financial" value="bank of montreal">Bank of Montreal</tm:company></tm:entity>, and Arcelor Mittal. The company is
dual-headquartered in <tm:entity><tm:location><tm:country location_country="United States of America"><tm:place>Boston</tm:place></tm:country></tm:location></tm:entity> and <tm:entity><tm:location><tm:country location_country="Germany"><tm:place>Nuremberg</tm:place></tm:country></tm:location></tm:entity>, <tm:entity><tm:location><tm:country><tm:place>Germany</tm:place></tm:country></tm:location></tm:entity>. More
information about the company is available at <a href="http://www.adenin.com" target="_new">http://www.adenin.com</a></p></body>
</html>


</doc>

