<doc xmlns:tm="http://www.temis.com/annotations/1.1/">
<metadata><aboutcompany value="sis software, llc"/><releaselocation value="atlanta"/><data_source value="prnews"/><source value="sis software, llc"/><processing_date>2008-01-21T18:14:23</processing_date><date>2007-12-17T08:00:00</date><quote symbol="NASDAQ:MSFT" src-company="microsoft" company="Microsoft Corporation" date="2007-12-17" price="34.39"/></metadata>
<title><tm:entity><tm:company Domain="IT" Extension="Llc, LLC" role="Who" value="sis software">SIS Software</tm:company></tm:entity>, LLC and <tm:entity><tm:company Extension="Corporation" role="Who" value="infosource">InfoSource</tm:company></tm:entity> Corporation Form Partnership to Provide <tm:entity><tm:company Domain="IT" Extension="Partner" role="Whom" value="microsoft">Microsoft</tm:company></tm:entity> <tm:entity><tm:product role="What" value="dynamics solutions">Dynamics Solutions</tm:product></tm:entity></title>
<html>
<head>
<meta name="generator" content="HTML Tidy for Windows (vers 14 February 2006), see www.w3.org"/>
<!-- #BeginEditable "doctitle" -->
<title><tm:entity><tm:company Domain="IT" Extension="Llc, LLC" role="Who" value="sis software">SIS Software</tm:company></tm:entity>, LLC and <tm:entity><tm:company Extension="Corporation" role="Who" value="infosource">InfoSource</tm:company></tm:entity> Corporation Form
Partnership to Provide <tm:entity><tm:company Domain="IT" Extension="Partner" role="Whom" value="microsoft">Microsoft</tm:company></tm:entity> <tm:entity><tm:product role="What" value="dynamics solutions">Dynamics Solutions</tm:product></tm:entity></title></head>
<body>
<p><tm:entity><tm:location><tm:country location_country="United States of America"><tm:place>ATLANTA</tm:place></tm:country></tm:location></tm:entity>, <tm:entity><tm:time_expression><tm:relative_time Day="17" Month="Dec." value="dec. 17">Dec. 17</tm:relative_time></tm:time_expression></tm:entity> /PRNewswire/ -- Today <tm:entity><tm:company Domain="IT" Extension="Llc, LLC" value="sis software">SIS Software</tm:company></tm:entity>, LLC, system
integrators offering industry-leading software from <tm:entity><tm:company Domain="IT" Extension="Partner, SL, Sl" value="microsoft dynamics">Microsoft
Dynamics</tm:company></tm:entity>, and <tm:entity><tm:company Extension="Corporation" value="infosource">InfoSource</tm:company></tm:entity> Corporation, software developers
specializing in application development for the construction
industry, announced the formation of a partnership to provide
business solutions to the construction marketplace.</p>
<p><tm:entity><tm:time_expression><tm:duration Year="1992" value="since 1992">Since 1992</tm:duration></tm:time_expression></tm:entity>, SIS has provided financial and operational solutions
to the A/E/C industries. With the largest construction customer
base in the <tm:entity><tm:company Domain="IT" Extension="Partner, SL, Sl" value="microsoft dynamics">Microsoft Dynamics</tm:company></tm:entity> SL product line, SIS has established
itself as a leader in helping general and specialty contractors
solve critical business issues. <tm:entity><tm:company><tm:potential_company role="Who" value="sis">SIS</tm:potential_company></tm:company></tm:entity> also founded the <tm:entity><tm:company Domain="IT" Extension="Partner, SL, Sl" role="Whom" value="microsoft dynamics">Microsoft
Dynamics</tm:company></tm:entity> SL <tm:entity><tm:company Extension="Group" role="Whom" value="users">Users</tm:company></tm:entity> Group for <tm:entity><tm:company value="contractors">Contractors</tm:company></tm:entity>, a collaborative group of
construction companies working to enhance the <tm:entity><tm:function FunctionCategory="Board" value="members">members</tm:function></tm:entity>' business
performance utilizing <tm:entity><tm:company Domain="IT" Extension="Partner" value="microsoft">Microsoft</tm:company></tm:entity> Dynamics solutions and industry
best practices.</p>
<p>"This partnership represents our commitment to our clients to
provide a product direction and migration path that will provide
them with a software solution <tm:entity><tm:time_expression><tm:duration value="for many years">for many years</tm:duration></tm:time_expression></tm:entity> to come," stated <tm:entity><tm:person Family_Name="Lewis" First_Name="Kathy" Gender="Female" role="Person" value="kathy lewis">Kathy
Lewis</tm:person></tm:entity>, <tm:entity><tm:function FunctionCategory="Board" role="Has_Function" value="executive vice president">VP</tm:function></tm:entity>/Operations of InfoSource. "SIS brings the marketing and
implementation expertise and experience that we were looking for in
a Microsoft Dynamics partner and the synergy between our two
companies was evident immediately. SIS' commitment to continually
improving the product, their implementation methodologies, and
vision are very much in sync with ours. We see this partnership as
an opportunity to use our combined talents to offer products and
services that will keep our clients ahead of their
competition."</p><p>"The partnership between <tm:entity><tm:company><tm:potential_company role="Who" value="sis">SIS</tm:potential_company></tm:company></tm:entity> and <tm:entity><tm:company><tm:potential_company role="Who" value="infosource">InfoSource</tm:potential_company></tm:company></tm:entity> brings together two
organizations that have long been dedicated to providing software
solutions to the construction industry," stated <tm:entity><tm:person Family_Name="Mulka" First_Name="Steven" Gender="Male" value="steven mulka">Steven Mulka</tm:person></tm:entity>,
Partner of SIS. "Clients of both InfoSource and SIS will derive
long-term benefits from this partnership as both organizations
strive to provide the most flexible and powerful construction
software solution in the market."</p><p><tm:entity><tm:time_expression><tm:exact_time value="2008">On Tuesday, January 8, 2008</tm:exact_time></tm:time_expression></tm:entity> at 2:00 EST, SIS will present the
first in a series of web seminars to introduce their organization
to the InfoSource client base and begin demonstrating the <tm:entity><tm:company Domain="IT" Extension="Partner, SL, Sl" value="microsoft dynamics">Microsoft
Dynamics</tm:company></tm:entity> product line.</p>
<p>About <tm:entity><tm:company Domain="IT" Extension="Llc, LLC" value="sis software">SIS Software</tm:company></tm:entity>, LLC</p><p>SIS is a Gold Certified Microsoft partner providing financial
and operational software solutions from <tm:entity><tm:company Domain="IT" Extension="Partner, SL, Sl" value="microsoft dynamics">Microsoft Dynamics</tm:company></tm:entity> to the
A/E/C industries. SIS serves on <tm:entity><tm:company Domain="IT" Extension="Partner" value="microsoft">Microsoft</tm:company></tm:entity>'s Partner and Product
Advisory Boards and is the <tm:entity><tm:function FunctionCategory="Board" value="founder">founder</tm:function></tm:entity> of the <tm:entity><tm:company Domain="IT" Extension="Partner, SL, Sl" value="microsoft dynamics">Microsoft Dynamics</tm:company></tm:entity> SL
<tm:entity><tm:company Extension="Group" value="users">Users</tm:company></tm:entity> Group for Contractors. <tm:entity><tm:time_expression><tm:exact_time Year="2007" value="in 2007">In 2007</tm:exact_time></tm:time_expression></tm:entity>, <tm:entity><tm:company Domain="IT" Extension="Partner" value="microsoft">Microsoft</tm:company></tm:entity> named SIS as one of
three finalists for <tm:entity><tm:company Domain="IT" Extension="Partner, SL, Sl" value="microsoft dynamics">Microsoft Dynamics</tm:company></tm:entity> SL Partner of the Year, and
<tm:entity><tm:time_expression><tm:exact_time Year="2006" value="in 2006">in 2006</tm:exact_time></tm:time_expression></tm:entity> recognized SIS as the Worldwide Sales Leader for <tm:entity><tm:company Domain="IT" Extension="Partner, SL, Sl" value="microsoft dynamics">Microsoft
Dynamics</tm:company></tm:entity> SL. SIS has received numerous other <tm:entity><tm:company Domain="IT" Extension="Partner" value="microsoft">Microsoft</tm:company></tm:entity> Partner
Awards including recognition for Customer Service Excellence,
Marketing, Competency, Evangelism, and Loyalty. Accounting
Technology magazine ranks SIS as one of the Top 100 accounting
software resellers in the <tm:entity><tm:location><tm:country><tm:place>United States</tm:place></tm:country></tm:location></tm:entity>. To learn more about SIS,
please visit <a href="http://www.sisn.com" target="_new">http://www.sisn.com</a>.</p><p>About <tm:entity><tm:company Extension="Corporation" value="infosource">InfoSource</tm:company></tm:entity> Corporation</p>
<p><tm:entity><tm:company Extension="Corporation" value="infosource">InfoSource</tm:company></tm:entity> Corporation was established <tm:entity><tm:time_expression><tm:exact_time Year="1975" value="in 1975">in 1975</tm:exact_time></tm:time_expression></tm:entity> as a service
bureau to provide data processing services in central <tm:entity><tm:location><tm:country location_country="United States of America"><tm:place>Ohio</tm:place></tm:country></tm:location></tm:entity>. Today,
<tm:entity><tm:company><tm:potential_company role="Who" value="infosource">InfoSource</tm:potential_company></tm:company></tm:entity> licenses and supports its custom developed applications
on over 5,000 workstations in the <tm:entity><tm:location><tm:country><tm:place>United States</tm:place></tm:country></tm:location></tm:entity>, <tm:entity><tm:location><tm:country><tm:place>Canada</tm:place></tm:country></tm:location></tm:entity>, <tm:entity><tm:location><tm:country><tm:place>Mexico</tm:place></tm:country></tm:location></tm:entity> and
the <tm:entity><tm:location><tm:country><tm:place>United Kingdom</tm:place></tm:country></tm:location></tm:entity>. <tm:entity><tm:company><tm:potential_company role="Who" value="infosource">InfoSource</tm:potential_company></tm:company></tm:entity> provides full integrated,
comprehensive business process and management solutions for
construction businesses ranging in size from 5 million to 600
million in annual revenue. To learn more about InfoSource, please
visit <a href="http://www.infosourcecms.com" target="_new">http://www.infosourcecms.com</a>.</p></body>
</html>


</doc>

