<doc xmlns:tm="http://www.temis.com/annotations/1.1/">
<metadata><aboutcompany value="woodwing"/><releaselocation value="zaandam"/><data_source value="prnews"/><source value="woodwing software"/><processing_date>2008-01-21T17:59:11</processing_date><date>2007-12-18T07:26:00</date></metadata>
<title>Express Newspapers, One of the <tm:entity><tm:location><tm:country><tm:place>UK</tm:place></tm:country></tm:location></tm:entity>'s <tm:entity><tm:company Extension="Companies" value="largest newspaper">Largest Newspaper</tm:company></tm:entity> Companies, Selects Woodwing
</title>
<html>
<head>
<meta name="generator" content="HTML Tidy for Windows (vers 14 February 2006), see www.w3.org"/>
<!-- #BeginEditable "doctitle" -->
<title>Express Newspapers, One of the <tm:entity><tm:location><tm:country><tm:place>UK</tm:place></tm:country></tm:location></tm:entity>'s <tm:entity><tm:company Extension="Companies" value="largest newspaper">Largest Newspaper</tm:company></tm:entity> Companies, Selects Woodwing</title>
</head>
<body>
<p>ZAANDAM, <tm:entity><tm:location><tm:country><tm:place>Netherlands</tm:place></tm:country></tm:location></tm:entity>, <tm:entity><tm:time_expression><tm:relative_time Day="18" Month="Dec." value="dec. 18">Dec. 18</tm:relative_time></tm:time_expression></tm:entity> /PRNewswire/ -- <tm:entity><tm:company Domain="IT" value="woodwing software">WoodWing Software</tm:company></tm:entity> has been selected by UK publisher <tm:entity><tm:company value="express newspapers">Express Newspapers</tm:company></tm:entity> to supply
Smart Connection Enterprise as the editorial platform for the <tm:entity><tm:media><tm:newspaper Location_Country="UnitedKingdom" value="daily express">Daily
Express</tm:newspaper></tm:media></tm:entity>, <tm:entity><tm:media><tm:newspaper Location_Country="UnitedKingdom" value="daily star">Daily Star</tm:newspaper></tm:media></tm:entity>, Ok! Magazine and several other
publications.</p><p>With an average daily sale approaching two million copies,
Express Newspapers is one of the largest newspaper publishing
companies in the <tm:entity><tm:location><tm:country><tm:place>UK</tm:place></tm:country></tm:location></tm:entity>. After carefully evaluating the main suppliers
of editorial solutions, the company decided to replace its existing
QPS system with WoodWing's Smart Connection Enterprise. At 700
seats, this is one of the <tm:entity><tm:function FunctionCategory="Board" value="larger members">larger members</tm:function></tm:entity> of the WoodWing
family.</p>
<p>Smart Connection Enterprise fit the company's needs for an
editorial system that is flexible and scalable. Also, for the
Express one of the main selection criteria was Web and multi-media
support. WoodWing's blended media approach offered the required
multi-channel publishing capabilities. Altogether, Smart Connection
Enterprise was best suited to meet the ever- changing demands of
the modern publisher.</p>
<p>"We are convinced the WoodWing system will give us the kind of
performance we are looking for," said <tm:entity><tm:person Family_Name="Draper" First_Name="Steve" Gender="Male" role="Person" value="steve draper">Steve Draper</tm:person></tm:entity>, <tm:entity><tm:function FunctionCategory="Board" role="Has_Function" value="it director">IT Director</tm:function></tm:entity> at
the Express. "It is a young, forward-looking company which will
work with us and our integrator Media Systems to deliver a system
tailored to our needs. The flexible and open nature of the system
was a key factor in the decision."</p>
<p>"This is one of the largest and most successful publishing
companies in the <tm:entity><tm:location><tm:country><tm:place>UK</tm:place></tm:country></tm:location></tm:entity>," said <tm:entity><tm:person Family_Name="Sonnemans" First_Name="Jeroen" Gender="Male" value="jeroen sonnemans">Jeroen Sonnemans</tm:person></tm:entity>, WoodWing <tm:entity><tm:location><tm:country><tm:place>Europe</tm:place></tm:country></tm:location></tm:entity>'s
<tm:entity><tm:function FunctionCategory="Board" value="managing director">Managing Director</tm:function></tm:entity>. "Their decision-making process was very
thorough. The scale of the operation in terms of user numbers and
multiplicity of sites dictated the need for an open, highly
configurable yet robust solution; they knew precisely what they
needed. Smart Connection Enterprise proves to be unbeatable in such
cases."</p><p><tm:entity><tm:company Domain="IT" Extension="Limited" value="media systems">Media Systems</tm:company></tm:entity> Limited secured the contract, which combines Smart
Connection Enterprise with Net Publish Enterprise, a content
archiving solution from <tm:entity><tm:company value="dutchsoftware">dutchsoftware.com</tm:company></tm:entity>, and a wire copy
management system from FingerPost.</p><p>About WoodWing</p>
<p><tm:entity><tm:company Domain="IT" value="woodwing software">WoodWing Software</tm:company></tm:entity> develops enterprise software for the
publishing industry. Based on principles of open source components,
World Wide Web standards, and price/performance leadership,
WoodWing has broken industry records for the scale and scope of
adoption.</p>
<p><tm:entity><tm:company Domain="IT" value="woodwing software">WoodWing Software</tm:company></tm:entity> is located in <tm:entity><tm:location><tm:country><tm:place>Zaandam</tm:place></tm:country></tm:location></tm:entity>, The <tm:entity><tm:location><tm:country><tm:place>Netherlands</tm:place></tm:country></tm:location></tm:entity>, and
has regional sales companies for <tm:entity><tm:location><tm:country><tm:place>Europe</tm:place></tm:country></tm:location></tm:entity>, the <tm:entity><tm:location><tm:country><tm:place>USA</tm:place></tm:country></tm:location></tm:entity>, <tm:entity><tm:location><tm:country><tm:place>Asia-Pacific</tm:place></tm:country></tm:location></tm:entity>, and
<tm:entity><tm:location><tm:country><tm:place>Latin America</tm:place></tm:country></tm:location></tm:entity>. Customers are served through select
partners.<br/></p><p>Contact:</p>
<p>Gerard van den Akker</p>
<p><a href="mailto:pr@woodwing.com"><tm:entity><tm:email value="pr@woodwing.com">pr@woodwing.com</tm:email></tm:entity></a></p></body>
</html>


</doc>

