<doc xmlns:tm="http://www.temis.com/annotations/1.1/">
<metadata><aboutcompany value="exacttarget"/><releaselocation value="indianapolis"/><data_source value="prnews"/><source value="exacttarget, inc."/><processing_date>2008-01-21T18:18:34</processing_date><date>2007-12-13T09:00:00</date><quote symbol="NASDAQ:MSFT" src-company="microsoft" company="Microsoft Corporation" date="2007-12-13" price="35.22"/><quote symbol="NYSE:CRM" src-company="salesforce" company="salesforce.com, inc." date="2007-12-13" price="59.29"/><quote symbol="NASDAQ:EXTG" src-company="exacttarget" company="ExactTarget, Inc." date="2007-12-13" price=""/><quote symbol="NYSE:HD" src-company="home depot" company="The Home Depot, Inc." date="2007-12-13" price="27.64"/></metadata>
<title>ExactTarget Unveils ExactTarget Embedded and First <tm:entity><tm:company Extension="Partners" value="embedded">Embedded</tm:company></tm:entity> Partners
</title>
<html>
<head>
<meta name="generator" content="HTML Tidy for Windows (vers 14 February 2006), see www.w3.org"/>
<!-- #BeginEditable "doctitle" -->
<title><tm:entity><tm:company Extension="Inc" value="exacttarget">ExactTarget</tm:company></tm:entity> Unveils <tm:entity><tm:company Extension="Inc" value="exacttarget">ExactTarget</tm:company></tm:entity> Embedded and First <tm:entity><tm:company Extension="Partners" value="embedded">Embedded</tm:company></tm:entity> Partners</title>
</head>
<body>
<p>SaaS platform allows software developers to outsource email
messaging needs while increasing application functionality and
decreasing development costs</p>
<p><tm:entity><tm:location><tm:country location_country="United States of America"><tm:place>INDIANAPOLIS</tm:place></tm:country></tm:location></tm:entity>, <tm:entity><tm:time_expression><tm:relative_time Day="13" Month="Dec." value="dec. 13">Dec. 13</tm:relative_time></tm:time_expression></tm:entity> /PRNewswire/ -- <tm:entity><tm:company Extension="Inc" value="exacttarget">ExactTarget</tm:company></tm:entity>, the leading
provider of on-demand, email and one-to-one marketing solutions,
today announced the availability of <tm:entity><tm:company Extension="Inc" value="exacttarget">ExactTarget</tm:company></tm:entity> Embedded, an "OEM"
version of its integrated one-to-one platform that allows
independent software vendors (ISVs), social networks and other
software application developers to embed <tm:entity><tm:company Extension="Inc" value="exacttarget">ExactTarget</tm:company></tm:entity>'s email
messaging web services inside their applications.</p><p><tm:entity><tm:company Extension="Inc" value="exacttarget">ExactTarget</tm:company></tm:entity> Embedded embodies a fundamental shift taking place
in the software industry today. Just as Software as a Service
(SaaS) applications like <tm:entity><tm:company value="salesforce">Salesforce</tm:company></tm:entity>, <tm:entity><tm:company value="webex">WebEx</tm:company></tm:entity> and <tm:entity><tm:company Domain="IT" value="google apps">Google Apps</tm:company></tm:entity> transformed the delivery and cost of software applications to
end-users, SaaS platforms like <tm:entity><tm:company Extension="Inc" value="exacttarget">ExactTarget</tm:company></tm:entity> Embedded,
<tm:entity><tm:company value="salesforce">Salesforce.com</tm:company></tm:entity>'s <tm:entity><tm:company value="force">Force.com</tm:company></tm:entity>, <tm:entity><tm:location><tm:country><tm:place>Amazon</tm:place></tm:country></tm:location></tm:entity> Web <tm:entity><tm:company value="services">Services</tm:company></tm:entity> and <tm:entity><tm:company Domain="IT" value="microsoft">Microsoft</tm:company></tm:entity>'s
Windows Live Platform extend the advantages of SaaS -- lower costs,
faster deployment, lower financial risk and higher reliability --
to software application developers.</p><p>Today, digital messaging technologies -- email, SMS text, voice
messaging and others -- are an integral component of business
applications and social networking applications. These applications
benefit significantly from the type of value-added digital
communications software and services that <tm:entity><tm:company Extension="Inc" value="exacttarget">ExactTarget</tm:company></tm:entity> provides. By
effectively enabling the outsourcing of email and emerging digital
messaging software and services, <tm:entity><tm:company><tm:potential_company role="Who" value="exacttarget">ExactTarget</tm:potential_company></tm:company></tm:entity> Embedded allows
software developers to invest their resources in the development of
features that differentiate their core applications rather than
"reinvent the messaging wheel."<br/>
<tm:entity><tm:company Extension="Inc" value="exacttarget">ExactTarget</tm:company></tm:entity> Embedded allows software developers to utilize
<tm:entity><tm:company Extension="Inc" value="exacttarget">ExactTarget</tm:company></tm:entity>'s:</p><ul>
<li>Leading one-to-one messaging SOFTWARE with its advanced
features such as dynamic content, relational data support and
support for new messaging technologies such as SMS and voice;</li>
<li><tm:entity><tm:company Domain="IT" value="battle hardened systems">Battle-hardened SYSTEMS</tm:company></tm:entity> that provide best-in-class
availability, scalability and deliverability and that already
handle billions of email transactions daily; and,</li>
<li>Rich EXPERTISE that helps ensure regulatory compliance and
deliverability.</li>
</ul>
<p>The net result is that any developer can launch an application
with industry-leading email and other digital messaging features
and the deliverability expertise to support them -- all for a
fraction of the cost it would take to build such capability from
the ground up.</p>
<p>First ExactTarget Embedded Partners Announced</p>
<p>The first group of ISVs and social networks to leverage
<tm:entity><tm:company Extension="Inc" value="exacttarget">ExactTarget</tm:company></tm:entity> Embedded include Autobase, Call Command, Cantaloupe.tv,
ePrize, FarStar, Global Cloud, Helios, InsideCrowd, Miva Merchant,
<tm:entity><tm:function FunctionCategory="Board" value="matrix manager">Matrix Manager</tm:function></tm:entity>, <tm:entity><tm:company value="perfectweddingguide">PerfectWeddingGuide.com</tm:company></tm:entity> and <tm:entity><tm:company Domain="IT" value="revenew systems">Revenew Systems</tm:company></tm:entity>.</p><p>"We faced the daunting tasks of developing software to meet the
advanced email marketing needs of the market, including building an
environment to manage email's high transaction load and hiring
<tm:entity><tm:function FunctionCategory="Other" value="expert">expert</tm:function></tm:entity> talent to manage email regulatory compliance, deliverability
and best practices," stated <tm:entity><tm:person Family_Name="Ghiz" First_Name="Paul" Gender="Male" role="Person" value="paul ghiz">Paul Ghiz</tm:person></tm:entity>, <tm:entity><tm:function FunctionCategory="Board" role="Has_Function" value="co-founder of global cloud">co-founder of Global Cloud</tm:function></tm:entity>,
a leading internet software and interactive solutions company.
"Rather than bear that cost, we elected to leverage <tm:entity><tm:company Extension="Inc" value="exacttarget">ExactTarget</tm:company></tm:entity> Embedded in our DonorDrive(TM) application for non-profits. This
decision gave us access to a world-class email system and human
expertise for a fraction of the cost it would have taken to do
in-house. As a result, we can help our clients attract and retain
donors without breaking the bank, which is very important in the
non-profit world."</p>
<p>"We're honored to fulfill the mission-critical email
requirements of our Embedded partners with unprecedented speed to
market and cost savings," said <tm:entity><tm:person Family_Name="Brown" First_Name="Kristen" Gender="Male" role="Person" value="kristen brown">Kristen Brown</tm:person></tm:entity>, <tm:entity><tm:function FunctionCategory="Board" role="Has_Function" value="vice president">vice president</tm:function></tm:entity> of
channel development for <tm:entity><tm:company Extension="Inc" value="exacttarget">ExactTarget</tm:company></tm:entity>. "By taking advantage of
<tm:entity><tm:company Extension="Inc" value="exacttarget">ExactTarget</tm:company></tm:entity>'s industry-leading one-to-one messaging platform and
years of experience, our partners can now offload their email
sends, heavy transaction volume and deliverability headaches to us
and focus on doing what they do best -- building
highly-differentiated and innovative software applications."</p><p>For more information about <tm:entity><tm:company Extension="Inc" value="exacttarget">ExactTarget</tm:company></tm:entity> Embedded, please visit
<a href="http://email.exacttarget.com/embedded" target="_new">http://email.exacttarget.com/embedded</a>or call
1-866-EMAILET.</p>
<p>About <tm:entity><tm:company Extension="Inc" value="exacttarget">ExactTarget</tm:company></tm:entity></p><p><tm:entity><tm:company Extension="Inc" value="exacttarget">ExactTarget</tm:company></tm:entity>, Inc. is a leading provider of on-demand email
marketing software solutions. The company's suite of on-demand
one-to-one marketing applications enable clients to send
business-critical and event triggered communications to increase
sales, optimize marketing investments and strengthen customer
relationships. <tm:entity><tm:company Extension="Inc" value="exacttarget">ExactTarget</tm:company></tm:entity> offers four editions of its on-demand
software application along with integrated solutions such as
<tm:entity><tm:company Extension="Inc" value="exacttarget">ExactTarget</tm:company></tm:entity> for AppExchange and <tm:entity><tm:company Extension="Inc" value="exacttarget">ExactTarget</tm:company></tm:entity> for <tm:entity><tm:company Domain="IT" value="microsoft dynamics crm">Microsoft Dynamics
CRM</tm:company></tm:entity>. <tm:entity><tm:company Extension="Inc" value="exacttarget">ExactTarget</tm:company></tm:entity> offers a range of optimization services including
support, implementation and training, integration, deliverability,
account management, design and deployment and strategic consulting.
<tm:entity><tm:company Extension="Inc" value="exacttarget">ExactTarget</tm:company></tm:entity>'s software powers permission-based email communications
for thousands of organizations including The <tm:entity><tm:company Domain="ConsumerGoods" value="home depot">Home Depot</tm:company></tm:entity>,
<tm:entity><tm:company value="careerbuilder">Careerbuilder.com</tm:company></tm:entity>, Papa John's, <tm:entity><tm:location><tm:country location_country="United States of America"><tm:place>Indianapolis</tm:place></tm:country></tm:location></tm:entity> <tm:entity><tm:company value="colts">Colts</tm:company></tm:entity>, <tm:entity><tm:company Extension="Group" value="liberty mutual">Liberty Mutual</tm:company></tm:entity> Group, <tm:entity><tm:company Domain="ConsumerGoods, Media" value="hershey entertainment">Hershey Entertainment</tm:company></tm:entity>&amp; <tm:entity><tm:company value="resorts">Resorts</tm:company></tm:entity> and The Leukemia &amp;
Lymphoma Society. For more information, please visit <a href="http://www.exacttarget.com" target="_new">http://www.exacttarget.com</a> or call 1-866-EMAILET.</p>
</body>
</html>


</doc>

