<doc xmlns:tm="http://www.temis.com/annotations/1.1/">
<metadata>
<aboutcompany value="realtick(r)"/>
<releaselocation value="london"/>
<releaselocation value="chicago"/>
<data_source value="prnews"/>
<source value="townsend analytics, ltd. (tal)"/>
<processing_date>2008-01-21T18:12:24</processing_date>
<date>2007-12-17T10:10:00</date>
<quote symbol="NASDAQ:MSFT" src-company="microsoft" company="Microsoft Corporation" date="2007-12-17" price="34.39"/></metadata>
<title>Townsend Analytics Integrates <tm:entity><tm:company Domain="Financial" value="cheuvreux">Cheuvreux</tm:company></tm:entity>'s <tm:entity><tm:company Extension="Trading" value="algorithmic">Algorithmic</tm:company></tm:entity> Trading Strategies into RealTick(R) EMS
</title>
<html>
<head>
<meta name="generator" content="HTML Tidy for Windows (vers 14 February 2006), see www.w3.org"/>
<!-- #BeginEditable "doctitle" -->
<title><tm:entity><tm:company value="townsend">Townsend</tm:company></tm:entity> Analytics Integrates <tm:entity><tm:company Domain="Financial" value="cheuvreux">Cheuvreux</tm:company></tm:entity>'s <tm:entity><tm:company Extension="Trading" value="algorithmic">Algorithmic</tm:company></tm:entity> Trading Strategies into RealTick(R) EMS</title>
</head>
<body>
<p>Clients gain point-click access to European equity algorithms
through</p>
<p>simple pull-down menu</p>
<p><tm:entity><tm:location><tm:country location_country="United States of America"><tm:place>CHICAGO</tm:place></tm:country></tm:location></tm:entity> and <tm:entity><tm:location><tm:country location_country="UnitedKingdom"><tm:place>LONDON</tm:place></tm:country></tm:location></tm:entity>, <tm:entity><tm:time_expression><tm:relative_time Day="17" Month="Dec." value="dec. 17">Dec. 17</tm:relative_time></tm:time_expression></tm:entity> /PRNewswire/ -- <tm:entity><tm:company value="townsend">Townsend</tm:company></tm:entity> Analytics
<a href="http://www.taltrade.com" target="_new">(http://www.taltrade.com</a>), a leading provider of
multi-broker, multi-asset, multi- region and multi-route electronic
trading solutions for the global capital markets, has integrated
equity algorithms from leading European broker <tm:entity><tm:company Domain="Financial" value="cheuvreux">Cheuvreux</tm:company></tm:entity> into
<tm:entity><tm:company value="townsend">Townsend</tm:company></tm:entity>'s flagship Execution Management System (EMS),
RealTick(R).</p><p>The suite of 11 European-specific trading strategies for
equities is the latest addition to the <tm:entity><tm:company Domain="Financial" value="cheuvreux">Cheuvreux</tm:company></tm:entity> global electronic
execution services available through RealTick <tm:entity><tm:time_expression><tm:duration From="early 2004" Year="2004" value="since early 2004">since early 2004</tm:duration></tm:time_expression></tm:entity>.
<tm:entity><tm:company Domain="Financial" value="cheuvreux">Cheuvreux</tm:company></tm:entity> executes on 22 European markets across <tm:entity><tm:location><tm:country><tm:place>Austria</tm:place></tm:country></tm:location></tm:entity>, <tm:entity><tm:location><tm:country><tm:place>Belgium</tm:place></tm:country></tm:location></tm:entity>,
<tm:entity><tm:location><tm:country><tm:place>Czech Republic</tm:place></tm:country></tm:location></tm:entity>, <tm:entity><tm:location><tm:country><tm:place>Denmark</tm:place></tm:country></tm:location></tm:entity>, <tm:entity><tm:location><tm:country><tm:place>Finland</tm:place></tm:country></tm:location></tm:entity>, <tm:entity><tm:location><tm:country><tm:place>France</tm:place></tm:country></tm:location></tm:entity>, <tm:entity><tm:location><tm:country><tm:place>Germany</tm:place></tm:country></tm:location></tm:entity>, <tm:entity><tm:location><tm:country><tm:place>Greece</tm:place></tm:country></tm:location></tm:entity>, <tm:entity><tm:location><tm:country><tm:place>Hungary</tm:place></tm:country></tm:location></tm:entity>,
<tm:entity><tm:location><tm:country><tm:place>Ireland</tm:place></tm:country></tm:location></tm:entity>, <tm:entity><tm:location><tm:country><tm:place>Italy</tm:place></tm:country></tm:location></tm:entity>, the <tm:entity><tm:location><tm:country><tm:place>Netherlands</tm:place></tm:country></tm:location></tm:entity>, <tm:entity><tm:location><tm:country><tm:place>Norway</tm:place></tm:country></tm:location></tm:entity>, <tm:entity><tm:location><tm:country><tm:place>Poland</tm:place></tm:country></tm:location></tm:entity>, <tm:entity><tm:location><tm:country><tm:place>Portugal</tm:place></tm:country></tm:location></tm:entity>, <tm:entity><tm:location><tm:country><tm:place>Spain</tm:place></tm:country></tm:location></tm:entity>,
<tm:entity><tm:location><tm:country><tm:place>Sweden</tm:place></tm:country></tm:location></tm:entity>, <tm:entity><tm:location><tm:country><tm:place>Switzerland</tm:place></tm:country></tm:location></tm:entity>, <tm:entity><tm:location><tm:country><tm:place>Turkey</tm:place></tm:country></tm:location></tm:entity> and the <tm:entity><tm:location><tm:country><tm:place>United Kingdom</tm:place></tm:country></tm:location></tm:entity>, in addition to
the recently launched alternative trading venue Chi-X. <tm:entity><tm:company Domain="Financial" value="cheuvreux">Cheuvreux</tm:company></tm:entity> also offers access to 14 North American markets.</p>
<p>"Our mutual clients already use <tm:entity><tm:company><tm:potential_company role="Who" value="realtick">RealTick</tm:potential_company></tm:company></tm:entity> for its multi-asset
class trading facility and direct access to a wide variety of
global markets," states <tm:entity><tm:person Family_Name="Lees" First_Name="Jerry" Gender="Male" role="Person" value="jerry lees">Jerry Lees</tm:person></tm:entity>, <tm:entity><tm:function FunctionCategory="Board" role="Has_Function" value="head of execution services">Head of Execution Services</tm:function></tm:entity> for
<tm:entity><tm:company Domain="Financial" role="Who" value="cheuvreux">Cheuvreux</tm:company></tm:entity>. "Now they can immediately access our full array of
advanced equity algorithms to accomplish their trading objectives
on orders and transactions with <tm:entity><tm:company Domain="Financial" value="cheuvreux">Cheuvreux</tm:company></tm:entity>," he adds.</p><p>"We are pleased to be expanding upon our long-standing
relationship with <tm:entity><tm:company Domain="Financial" value="cheuvreux">Cheuvreux</tm:company></tm:entity>," states Rustam Lam, <tm:entity><tm:function FunctionCategory="Board" value="executive director">Executive
Director</tm:function></tm:entity>, <tm:entity><tm:company value="townsend">Townsend</tm:company></tm:entity> Analytics. "Integrating their European-specific
algorithms into RealTick complements our efforts to seamlessly
deliver the best global sources of liquidity and electronic
execution within a couple clicks of the mouse," he adds.</p>
<p><tm:entity><tm:company value="townsend">Townsend</tm:company></tm:entity>'s broker-neutral RealTick platform aggregates multiple
brokers, destinations and products onto a single-screen format. All
are accessible from customizable menus allowing for ease of use and
fast electronic order routing.</p><p>About RealTick(R)</p>
<p>RealTick, created by <tm:entity><tm:company value="townsend">Townsend</tm:company></tm:entity> Analytics, is the electronic
trading industry's premier direct-access research and trading
software. RealTick delivers real-time market data, news and
analytics; sophisticated trading tools; unrivaled access to
exchanges and ECNs; and risk management tools to institutions,
broker-dealers and individual investors. RealTick's advanced
technical design is supported by state-of-the-art data centers and
a redundant network for market data and orders. For more
information, visit <a href="http://www.realtick.com" target="_new">http://www.realtick.com</a>.</p><div style="margin-left: 2em">*RealTick is a registered trademark
of <tm:entity><tm:company value="townsend">Townsend</tm:company></tm:entity> <tm:entity><tm:company Extension="Ltd" value="analytics">Analytics</tm:company></tm:entity>, Ltd.</div><p><tm:entity><tm:company Extension="Ltd" value="about townsend analytics">About Townsend Analytics</tm:company></tm:entity>, Ltd. (<tm:entity><tm:companyticker value="tal">TAL</tm:companyticker></tm:entity>)</p><p><tm:entity><tm:company value="townsend">Townsend</tm:company></tm:entity> Analytics has been changing the way the world trades
<tm:entity><tm:time_expression><tm:duration Year="1985" value="since 1985">since 1985</tm:duration></tm:time_expression></tm:entity>. The Chicago-based company created many technology
innovations that are now considered standards in the financial
services industry. These include the first real-time financial
software under <tm:entity><tm:company Domain="IT" value="microsoft">Microsoft</tm:company></tm:entity> Windows(R); the first product to provide
real-time streaming data over the Internet; the first integrated
solution for <tm:entity><tm:stockindex value="nasdaq">NASDAQ</tm:stockindex></tm:entity> trading rooms; and the first Windows-based
direct-access trading solution. <tm:entity><tm:company value="townsend">Townsend</tm:company></tm:entity> Analytics also developed
Archipelago and the Archipelago Exchange, the nation's first
all-electronic, fully open exchange. The firm has engineered
direct-access solutions for <tm:entity><tm:function FunctionCategory="Board" value="money managers asset managers">money managers, asset managers</tm:function></tm:entity>, hedge
funds and mutual funds worldwide. For more information, visit
<a href="http://www.taltrade.com" target="_new">http://www.taltrade.com</a>.</p><p>About <tm:entity><tm:company Domain="Financial" value="cheuvreux">Cheuvreux</tm:company></tm:entity></p><p>CA <tm:entity><tm:company Domain="Financial" value="cheuvreux">Cheuvreux</tm:company></tm:entity> is a leading European full-service broker, serving
more than 1,100 of the world's top institutional investors, with
local offices in nine <tm:entity><tm:location><tm:country><tm:place>European countries</tm:place></tm:country></tm:location></tm:entity>, as well as in the <tm:entity><tm:location><tm:country><tm:place>US</tm:place></tm:country></tm:location></tm:entity>,
<tm:entity><tm:location><tm:country><tm:place>Japan</tm:place></tm:country></tm:location></tm:entity> and the <tm:entity><tm:location><tm:country><tm:place>United Arab Emirates</tm:place></tm:country></tm:location></tm:entity>. CA <tm:entity><tm:company Domain="Financial" value="cheuvreux">Cheuvreux</tm:company></tm:entity> is consistently
ranked by international institutional investors as a leading
European equity broker for the quality and independence of its
research, that covers 760 European stocks.</p>
<p>CA <tm:entity><tm:company Domain="Financial" value="cheuvreux">Cheuvreux</tm:company></tm:entity> also provides made-to-measure execution solutions
via a broad range of services, ranging from Direct Market Access
and Algorithmic trading in over 22 European markets and all North
American venues to global <tm:entity><tm:company Extension="Trading" value="program">Program</tm:company></tm:entity> Trading and <tm:entity><tm:company value="cfds">CFDs</tm:company></tm:entity>. CA <tm:entity><tm:company Domain="Financial" value="cheuvreux">Cheuvreux</tm:company></tm:entity> is
a subsidiary of AA-rated <tm:entity><tm:company Domain="Financial" Extension="Group" value="credit agricole">Credit Agricole</tm:company></tm:entity> Group, one of the world's
leading banking institutions.</p>
</body>
</html>


</doc>

