<doc xmlns:tm="http://www.temis.com/annotations/1.1/">
<metadata><aboutcompany value="edge dynamics"/><releaselocation value="redwood city"/><data_source value="prnews"/><source value="edge dynamics"/><processing_date>2008-01-21T18:17:59</processing_date><date>2007-12-13T10:00:00</date></metadata>
<title>Edge Dynamics' New Dashboard Unlocks Value of Channel Data Enterprise-wide
</title>
<html>
<head>
<meta name="generator" content="HTML Tidy for Windows (vers 14 February 2006), see www.w3.org"/>
<!-- #BeginEditable "doctitle" -->
<title>Edge Dynamics' New Dashboard Unlocks Value of Channel Data
Enterprise-wide</title>
</head>
<body>
<p>Demand Dashboard Provides Dynamic, Desktop View of <tm:entity><tm:company value="channel activity">Channel
Activity</tm:company></tm:entity>, <tm:entity><tm:company Domain="Pharma" value="enabling life sciences">Enabling Life Sciences</tm:company></tm:entity> Manufacturers to Take Real-time
Corrective Actions</p>
<p>That Improve Efficiency and Profitability</p>
<p><tm:entity><tm:location><tm:country><tm:place>REDWOOD CITY</tm:place></tm:country></tm:location></tm:entity>, <tm:entity><tm:location><tm:country location_country="United States of America"><tm:place>Calif.</tm:place></tm:country></tm:location></tm:entity>, <tm:entity><tm:time_expression><tm:relative_time Day="13" Month="Dec." value="dec. 13">Dec. 13</tm:relative_time></tm:time_expression></tm:entity> /PRNewswire/ -- <tm:entity><tm:company Extension="Inc" value="edge dynamics">Edge Dynamics</tm:company></tm:entity>, the
leading provider of dynamic demand management solutions for the
life sciences industry, today announced the new Edge Dynamics
Demand Dashboard, a user-configurable interface that lets
individuals within a life sciences manufacturer answer -- at a
glance -- the most critical questions about the flow of their
products through the channel. By focusing on usability at the
department, functional and individual levels, Edge has unlocked the
value of its Dynamic Demand Management Suite across the
enterprise.</p><p>With new data at their fingertips, individuals across multiple
functions can take revenue-impacting actions daily. With data so
accessible and intuitively presented, Edge customers can:<br/>
-- Maximize new product sales performance by monitoring sales daily
and</p>
<p>receiving early warning alerts about deviations from
forecast</p>
<p>(or plan). Instead of manually aggregating data from
multiple</p>
<p>sources, a process that can take <tm:entity><tm:time_expression><tm:duration To="six weeks" value="up to six weeks">up to six weeks</tm:duration></tm:time_expression></tm:entity>, sales and
marketing</p><p>teams can adjust sales activities or inventories to match demand
in</p>
<p>real-time to meet changing market conditions.</p>
<ul>
<li>Avoid product shortages and stock-outs that ultimately lead to
prescription switching and associated revenue loss. Trade and
operations organizations can leverage the dashboard to ensure
product availability and avoid shortages by easily monitoring which
distributors are running too high or too low on inventory. They can
then make the necessary internal adjustments as well as initiate
dialogues with channel partners to ensure adequate product
availability throughout the demand chain. This eliminates the 11th
hour calls from distributors about shortages or stock-outs.</li>
<li>Optimize channel relationships by monitoring trade agreement
performance daily instead of waiting 30 days <tm:entity><tm:time_expression><tm:duration From="quarter end" value="beyond quarter end">beyond quarter end</tm:duration></tm:time_expression></tm:entity>.
With the Edge Dynamics Demand Dashboard, the operations team can
actively monitor fee-for-service performance and take necessary
corrective actions immediately -- for the benefit of both
parties.</li><li>Improve revenue predictability by validating what is actually
happening in the channel with financial expectations <tm:entity><tm:time_expression><tm:duration value="throughout the quarter">throughout the
quarter</tm:duration></tm:time_expression></tm:entity>. Finance organizations can leverage the new dashboard to
help project the overall economic impact of new product
introductions, price actions, returns, chargebacks and revenue
recognition on financial performance.</li></ul>
<p>Features and benefits of the Edge Dynamics Demand Dashboard
include:</p>
<ul>
<li>User-configurable interface. Individuals can access
pre-configured views of content or change the dashboard themselves
to display the most relevant views and alerts for their specific
roles -- no IT assistance is required. Pre-configured views include
channel sales and orders, inventory, agreements, new product
launch, data quality and downstream product flow.</li>
<li>Enhanced presentation of channel insights. The existing Edge
Dynamics Demand Management Suite currently integrates with and
analyzes large volumes of daily data from multiple sources. Within
its intuitive interface, this new dashboard presents channel
performance information more effectively across the enterprise.
This includes the ability to drill down within interactive maps to
see daily inventory levels or shipments on a local, regional or
national level.</li>
<li>More actionable alerts. Edge is adding new, more-granular
alerts and enhancing others based on extensive customer feedback.
Stakeholders receive alerts relevant to their individual roles or
functional areas if new data shows deviations from forecasts, set
policies or thresholds.</li>
<li>Direct launch points into application. Within the dashboard,
users can easily access the applications in the Edge Dynamics
Demand Management Suite to take appropriate actions such as
approving or rejecting orders, holding inventory, etc. "Years of
ERP implementation experience showed our industry two important
things," said <tm:entity><tm:person Family_Name="Greenbaum" First_Name="Josh" Gender="Undefined Gender" value="josh greenbaum">Josh Greenbaum</tm:person></tm:entity>, principal, Enterprise Applications
Consulting. "First, employees often missed opportunities to take
corrective action because they couldn't get their hands on the
right data quickly enough. Second, poor usability prevented
enterprise software from delivering on its promise; even when
employees had technology to help them access critical data, they
simply wouldn't use an unfriendly interface."</li></ul>
<p>The Edge Dynamics Demand Dashboard is currently available in
beta and will be released <tm:entity><tm:time_expression><tm:relative_time value="in q1">in Q1</tm:relative_time></tm:time_expression></tm:entity> 2008 as a new module in the Edge
Dynamics Demand Management Suite Release 4.5. As part of the beta
process, Edge is soliciting feedback on the most useful key
performance indicators (KPIs) and will refine the solution based on
the feedback prior to general availability.</p>
<p>About Edge Dynamics</p>
<p><tm:entity><tm:company Extension="Inc" value="edge dynamics">Edge Dynamics</tm:company></tm:entity> is the pioneer and leading provider of dynamic
demand management solutions to the life sciences industry. Used
daily by five of the top ten U.S. pharmaceutical manufacturers,
<tm:entity><tm:company Extension="Inc" value="edge dynamics">Edge Dynamics</tm:company></tm:entity> on-premise and on-demand solutions enable
manufacturers to sense channel demand, find business exceptions
that matter, and optimize operational performance in real time.
Commercial Operations, Sales, Marketing, Supply Chain, and Finance
gain unprecedented insights into product launches, marketing
campaign effectiveness, forecast accuracy, channel sales and
inventory, and contract and regulatory compliance. For more
information, visit htttp://www.edgedynamics.com, send email to
<a href="mailto:info@edgedynamics.com"><tm:entity><tm:email value="info@edgedynamics.com">info@edgedynamics.com</tm:email></tm:entity></a>or
call 1-866-737-EDGE.</p>
<p>Edge Dynamics and the Edge Dynamics logo are trademarks of <tm:entity><tm:company Extension="Inc" value="edge dynamics">Edge
Dynamics</tm:company></tm:entity>, Inc. in the <tm:entity><tm:location><tm:country><tm:place>United States</tm:place></tm:country></tm:location></tm:entity> and other countries. All other
company and product names mentioned are the trademarks or
registered trademarks of their respective companies.</p>
</body>
</html>


</doc>

