<doc xmlns:tm="http://www.temis.com/annotations/1.1/">
<metadata>
<releaselocation value="st. louis"/>
<data_source value="prnews"/>
<source value="esco technologies inc."/>
<processing_date>2008-01-21T18:19:21</processing_date>
<date>2007-12-12T17:24:00</date>
<quote symbol="NYSE:EMC" src-company="emc" company="EMC Corporation" date="2007-12-12" price="19.68"/><quote symbol="NYSE:ESE" src-company="esco technologies" company="ESCO Technologies Inc." date="2007-12-12" price="39.70"/><quote symbol="NYSE:RF" src-company="rf" company="Regions Financial Corporation" date="2007-12-12" price="24.65"/></metadata>
<title>ESCO Announces Contract for AMI System Expansion in <tm:entity><tm:location><tm:country><tm:place>Puerto Rico</tm:place></tm:country></tm:location></tm:entity></title>
<html>
<head>
<meta name="generator" content="HTML Tidy for Windows (vers 14 February 2006), see www.w3.org"/>
<!-- #BeginEditable "doctitle" -->
<title><tm:entity><tm:company><tm:potential_company role="Who" value="esco">ESCO</tm:potential_company></tm:company></tm:entity> Announces Contract for AMI System Expansion in <tm:entity><tm:location><tm:country><tm:place>Puerto
Rico</tm:place></tm:country></tm:location></tm:entity></title></head>
<body>
<p>ST. LOUIS, <tm:entity><tm:time_expression><tm:relative_time Day="12" Month="Dec." value="dec. 12">Dec. 12</tm:relative_time></tm:time_expression></tm:entity> /PRNewswire-FirstCall/ -- <tm:entity><tm:company Domain="IT" Extension="Inc" value="esco technologies">ESCO Technologies</tm:company></tm:entity> Inc. (<tm:entity><tm:stockindex value="nyse">NYSE</tm:stockindex></tm:entity>: <a class="small" href="http://studio-5.financialcontent.com/prnews?Page=Quote&amp;Ticker=ESE" onclick="var s=s_gi(s_account); var hd1 = document.getElementById('headline'); s.tl(this,'o',getLinkName('Company Sanpshot'));">ESE</a>) today announced that The Puerto Rico Electric Power
Authority (PREPA) has signed a contract with DCSI for the purchase
of additional TWACS(R) meter modules and associated substation
equipment. This hardware will be delivered to PREPA through the
placement of purchase orders with the total value expected to be
<tm:entity><tm:money_expression><tm:money Amount="27 million" Currency="Dollar" value="$27 million">$27 million</tm:money></tm:money_expression></tm:entity> for approximately 300,000 units <tm:entity><tm:time_expression><tm:duration value="over the next two-and-a-half years ,">over the next
two-and-a-half years,</tm:duration></tm:time_expression></tm:entity> with approximately <tm:entity><tm:money_expression><tm:money Amount="15 million" Currency="Dollar" value="$15 million">$15 million</tm:money></tm:money_expression></tm:entity> of hardware
sales expected within the contract's <tm:entity><tm:time_expression><tm:relative_time value="first year">first year</tm:relative_time></tm:time_expression></tm:entity>.</p><p>This AMI hardware is being added to PREPA's existing, fully
functional fixed network AMI system which includes over one million
metering endpoints deployed to date. The existing TWACS system
installation has proven to be very cost efficient by offering
proven-at-scale meter reads.</p>
<p>This system expansion enables the utility to address the
remainder of its current service territory requirements, while
enhancing its ability to provide state-of-the-art meter reading
data and customer service related efficiencies to all
customers.</p>
<p><tm:entity><tm:person Family_Name="Richey" First_Name="Vic" Gender="Undefined Gender" role="Person" value="vic richey">Vic Richey</tm:person></tm:entity>, <tm:entity><tm:company><tm:potential_company role="Who" value="esco">ESCO</tm:potential_company></tm:company></tm:entity>'s <tm:entity><tm:function FunctionCategory="Board" role="Has_Function" value="chairman and chief executive officer">Chairman and Chief Executive Officer</tm:function></tm:entity>,
commented, "We are very excited about PREPA's decision to expand
their AMI system with our TWACS technology. Our system has proven
itself over time with this customer, and the confidence that
PREPA's Management team is showing in us based on this decision
further validates my belief that <tm:entity><tm:company><tm:potential_company role="Who" value="esco">ESCO</tm:potential_company></tm:company></tm:entity> continues to have the most
reliable, fully scalable AMI solutions in the market today. Once
this expansion is completed, PREPA, along with <tm:entity><tm:company Domain="Energy" value="pennsylvania power and light">Pennsylvania Power
and Light</tm:company></tm:entity>(<tm:entity><tm:company><tm:abbreviation value="ppl">PPL</tm:abbreviation></tm:company></tm:entity>), will have the two largest, fully functional fixed
network AMI solutions deployed worldwide, with over one million
meter endpoints each."</p><p><tm:entity><tm:person Family_Name="Barto" First_Name="Robert" Gender="Male" role="Person" value="robert barto">Robert Barto</tm:person></tm:entity>, <tm:entity><tm:company Domain="TeleCommunication" role="Who" value="esco communications">ESCO Communications</tm:company></tm:entity> <tm:entity><tm:function FunctionCategory="Board" role="Has_Function" value="segment vice president of international business development">Segment Vice President of
International Business Development</tm:function></tm:entity>, added, "We are extremely
pleased that PREPA has decided to expand its TWACS system island
wide. <tm:entity><tm:company><tm:potential_company role="Who" value="esco">ESCO</tm:potential_company></tm:company></tm:entity> has a long standing, valued relationship with this
important customer, and over the past several years, has partnered
with PREPA in delivering efficient, cost-effective and reliable
power to the residents of <tm:entity><tm:location><tm:country><tm:place>Puerto Rico</tm:place></tm:country></tm:location></tm:entity>."</p><p>Forward-Looking Statement</p>
<p>Statements in this press release regarding the timing, value and
likelihood of PREPA purchase orders under the Contract, resulting
DCSI sales, and other statements that are not strictly historical
are "forward-looking" statements within the meaning of the safe
harbor provisions of the Federal Securities Laws. Investors are
cautioned that such statements are only predictions, speak only as
of the date of this release and the Company undertakes no duty to
update. The Company's actual results in the future may differ
materially from those projected in the forward-looking statements
due to risks and uncertainties that exist in the Company's
operations and business environment, including but not limited to:
technical difficulties, changes in customer demands, termination of
PREPA's Contract and associated purchase orders, intellectual
property rights, and the risk factors identified in Item 1A of the
Company's Annual Report on Form 10-K <tm:entity><tm:time_expression><tm:duration To="September 30 , 2007" value="for the fiscal year ended september 30 , 2007">for the fiscal year ended
September 30, 2007</tm:duration></tm:time_expression></tm:entity>.</p><p><tm:entity><tm:company><tm:potential_company role="Who" value="esco">ESCO</tm:potential_company></tm:company></tm:entity>, headquartered in <tm:entity><tm:location><tm:country location_country="United States of America"><tm:place>St. Louis</tm:place></tm:country></tm:location></tm:entity>, is a proven supplier of
special purpose communications systems for electric, gas and water
utilities, including hardware and software to support advanced
metering applications. In addition, the Company provides engineered
filtration products to the transportation and process markets
worldwide and is the industry leader in <tm:entity><tm:company value="rf">RF</tm:company></tm:entity> shielding and <tm:entity><tm:company Domain="IT" value="emc">EMC</tm:company></tm:entity> test
products. Further information regarding <tm:entity><tm:company><tm:potential_company role="Who" value="esco">ESCO</tm:potential_company></tm:company></tm:entity> and its subsidiaries
is available on the Company's website at <a href="http://www.escotechnologies.com" target="_new">http://www.escotechnologies.com</a>.</p>
</body>
</html>


</doc>

