<doc xmlns:tm="http://www.temis.com/annotations/1.1/">
<metadata>
<aboutcompany value="supportspace"/>
<releaselocation value="redwood shores"/>
<data_source value="prnews"/>
<source value="supportspace"/>
<processing_date>2008-01-21T18:16:51</processing_date>
<date>2007-12-13T14:35:00</date>
<quote symbol="NASDAQ:AAPL" src-company="apple" company="Apple Inc." date="2007-12-13" price="191.83"/></metadata>
<title>Making <tm:entity><tm:company Domain="IT" value="apple">Apple</tm:company></tm:entity> iPhones and iPods Work With Windows is Not as Merry as Many Christmas Shoppers Think
</title>
<html>
<head>
<meta name="generator" content="HTML Tidy for Windows (vers 14 February 2006), see www.w3.org"/>
<!-- #BeginEditable "doctitle" -->
<title>Making <tm:entity><tm:company Domain="IT" value="apple">Apple</tm:company></tm:entity> iPhones and iPods Work With Windows is Not as
Merry as Many Christmas Shoppers Think</title>
</head>
<body>
<p><tm:entity><tm:company><tm:potential_company role="Who" value="supportspace">SupportSpace</tm:potential_company></tm:company></tm:entity>'s <tm:entity><tm:function FunctionCategory="Other" value="industry experts">Industry Experts</tm:function></tm:entity> Give Windows Users Tips To Make
Viewing,</p>
<p>Listening To, and Sharing Content with iPhones and iPods
Easier</p>
<p><tm:entity><tm:location><tm:country><tm:place>REDWOOD SHORES</tm:place></tm:country></tm:location></tm:entity>, <tm:entity><tm:location><tm:country location_country="United States of America"><tm:place>Calif.</tm:place></tm:country></tm:location></tm:entity>, <tm:entity><tm:time_expression><tm:relative_time Day="13" Month="Dec." value="dec. 13">Dec. 13</tm:relative_time></tm:time_expression></tm:entity> /PRNewswire/ -- Thousands of
consumers are looking forward to enjoying music, photos, and movies
with the Apple(R) iPhones(R) or iPods(R) they will be receiving as
gifts this holiday season, but for those using Windows(R) XP and
Windows Vista computers, managing music and video content is not as
straightforward as they might think. Unlike consumers using <tm:entity><tm:company Domain="IT" value="apple">Apple</tm:company></tm:entity>'s
Mac OS(R) X which includes integrated software that simplifies
digital media content like home videos, photos, calendars, and
contacts, Windows users need to learn some basic skills to make
managing digital content on the popular devices easier.</p><p>"<tm:entity><tm:company Domain="IT" value="apple">Apple</tm:company></tm:entity>'s iPhone and the latest generation of iPods have
delivered enormous power and simplicity to the average consumer,
but the technology is still complicated and usability is not 100%
intuitive, especially for Windows users," said <tm:entity><tm:person Family_Name="Taylor" First_Name="Dave" Gender="Male" value="dave taylor">Dave Taylor</tm:person></tm:entity>,
<tm:entity><tm:organisation value="supportspace committee member">SupportSpace Committee Member</tm:organisation></tm:entity> specializing in Macintosh and
handheld technologies, <tm:entity><tm:function FunctionCategory="Board" value="editorial director">editorial director</tm:function></tm:entity> of <tm:entity><tm:company value="askdavetaylor">AskDaveTaylor.com</tm:company></tm:entity>, and
author of twenty business and technical books. "The key for holiday
shoppers who want to avoid holiday frustration is to gain key bits
of knowledge so they can enjoy their fabulous new tech toys."</p><p>"Consumers need to quickly get the right answers to their
questions, especially during the holiday season when people would
much rather enjoy the technology they are giving and receiving than
being stymied and frustrated by it," said <tm:entity><tm:person Family_Name="Grindlinger" First_Name="Yair" role="Person" value="yair grindlinger">Yair Grindlinger</tm:person></tm:entity>, <tm:entity><tm:function FunctionCategory="Board" role="Has_Function" value="chief executive officer">Chief
Executive Officer</tm:function></tm:entity> of <tm:entity><tm:company><tm:potential_company role="Who" value="supportspace">SupportSpace</tm:potential_company></tm:company></tm:entity>. "There comes a time when
everyone needs a Santa's helper, and <tm:entity><tm:company><tm:potential_company role="Who" value="supportspace">SupportSpace</tm:potential_company></tm:company></tm:entity> is redefining the
tech support experience with direct access to certified industry
<tm:entity><tm:function FunctionCategory="Other" value="experts">experts</tm:function></tm:entity> like <tm:entity><tm:person Family_Name="Taylor" First_Name="Dave" Gender="Male" value="dave taylor">Dave Taylor</tm:person></tm:entity> so they get the information they need as
quickly as possible."<br/></p>
<p>Unseen Obstacles For Windows Users</p>
<ul>
<li>Audio Files Are In Different Formats: <tm:entity><tm:company Domain="IT" value="apple">Apple</tm:company></tm:entity> iPods prefer MP3
formatted music, but Windows systems default to <tm:entity><tm:company Domain="Media" value="windows media">Windows Media</tm:company></tm:entity> Audio
(WMA) format. Windows users who have a library of music will need
to convert the files from WMA to MP3.</li>
<li>Windows Media Player and <tm:entity><tm:company Domain="IT" value="apple">Apple</tm:company></tm:entity>'s iTunes(R) compete for digital
files: Users manage all content through <tm:entity><tm:company Domain="IT" value="apple">Apple</tm:company></tm:entity>'s Windows software
application iTunes. Without it, copying music on to an iPod or
iPhone is not possible, and if iTunes and <tm:entity><tm:company Domain="Media" value="windows media">Windows Media</tm:company></tm:entity> player
"compete" for the data, users are in for hours of frustration. Once
users learn to use iTunes, which they must install on their
computer to get the iPod or iPhone to work properly, they can then
manage audio and video content on their computer and have it
automatically sync with their handheld device.</li>
<li>Adding movie files is complicated by digital rights management
and different formats: The constraining digital rights management
policy of iTunes software and different video file formats can be
difficult to work around and understand.</li>
<li>Loading Photos Is Not Plug and Play: For Windows users,
managing photos can be difficult because there is no default photo
application for Windows that is tightly integrated into iTunes. For
Mac OS X users, iPhoto(R) and iMovie(R) functionality is seamlessly
integrated into iTunes.</li>
</ul>
<p>Top Tips for iPhone and iPod Windows Users</p>
<ul>
<li>Be Sure to Download the Latest iTunes Software from <tm:entity><tm:company Domain="IT" value="apple">Apple</tm:company></tm:entity>:
Particularly for Windows Vista users, it is critical to install the
latest version of iTunes (Version 7.2 or later).</li><li>Rip Audio CDs in the Proper Format: Use iTunes to burn audio
CD's, or if users want to use Windows Media Player, they must
change its settings to create MP3 files, not WMA files.</li>
<li>Understand Issues About Copying DVD Movies to iPods and
iPhones: Going to the iTunes Store to repurchase and download
movies already owned on DVD is the legal way of getting the content
onto iPods and iPhones. Copying DVD movies onto the iPod or iPhone
is not legal, but can be done easily by purchasing third-party
software that circumvents DVD encoding systems. Users should
understand the associated copyright issues and proceed
thoughtfully.</li>
<li>Carefully Manage Content Between Multiple Computers: iPods and
iPhones "pair" to a single computer and will not allow users to
copy digital content purchased at the iTunes store between multiple
computers. It is important users carefully think through which of
their computers should be paired with the device and "de-authorize"
computers that won't be used any longer.</li>
</ul>
<p>About <tm:entity><tm:company><tm:potential_company role="Who" value="supportspace">SupportSpace</tm:potential_company></tm:company></tm:entity></p><p><tm:entity><tm:company><tm:potential_company role="Who" value="supportspace">SupportSpace</tm:potential_company></tm:company></tm:entity> is a unique online service dedicated to providing
"a new standard of tech support". Giving consumers and small
businesses access to the Web's most robust community of
independent, certified tech <tm:entity><tm:function FunctionCategory="Other" value="experts capable">experts capable</tm:function></tm:entity> of solving virtually
any tech-related need, <tm:entity><tm:company><tm:potential_company role="Who" value="supportspace">SupportSpace</tm:potential_company></tm:company></tm:entity> puts people in charge of their
digital world-enabling them to find their own "personal" <tm:entity><tm:function FunctionCategory="Other" value="expert">expert</tm:function></tm:entity> by
sorting across level of expertise, price, availability and user
ratings/reviews. Customers also have the option of building an
on-going relationship with a <tm:entity><tm:function FunctionCategory="Other" value="particular expert">particular expert</tm:function></tm:entity> who is familiar with
their profile and individualized needs. <tm:entity><tm:company><tm:potential_company role="Who" value="supportspace">SupportSpace</tm:potential_company></tm:company></tm:entity> provides
immediate, real-time support offering online, phone and remote
control access options (with no waiting in line or on hold).
<tm:entity><tm:company><tm:potential_company role="Who" value="supportspace">SupportSpace</tm:potential_company></tm:company></tm:entity> created the first proprietary support platform that
allows <tm:entity><tm:function FunctionCategory="Other" value="experts">experts</tm:function></tm:entity> to remotely share knowledge resulting in superior
customer satisfaction.</p>
<p>Founded <tm:entity><tm:time_expression><tm:exact_time Year="2006" value="in 2006">in 2006</tm:exact_time></tm:time_expression></tm:entity>, <tm:entity><tm:company><tm:potential_company role="Who" value="supportspace">SupportSpace</tm:potential_company></tm:company></tm:entity> is privately held and
headquartered in <tm:entity><tm:location><tm:country><tm:place>Redwood Shores</tm:place></tm:country></tm:location></tm:entity>, <tm:entity><tm:location><tm:country location_country="United States of America"><tm:place>CA</tm:place></tm:country></tm:location></tm:entity> with <tm:entity><tm:function FunctionCategory="Other" value="experts">experts</tm:function></tm:entity> located across the
<tm:entity><tm:location><tm:country><tm:place>U.S.</tm:place></tm:country></tm:location></tm:entity> For more information, please visit <a href="http://www.supportspace.com" target="_new">http://www.supportspace.com</a> or call (650) 489-4646.</p>
</body>
</html>


</doc>

