<doc xmlns:tm="http://www.temis.com/annotations/1.1/">
<metadata><aboutcompany value="redline solutions:"/><releaselocation value="santa clara"/><data_source value="prnews"/><source value="redline solutions"/><processing_date>2008-01-21T18:01:06</processing_date><date>2007-12-18T05:00:00</date><quote symbol="NYSE:FO" src-company="fortune" company="Fortune Brands, Inc." date="2007-12-18" price="73.96"/></metadata>
<title><tm:entity><tm:person Family_Name="Davis" First_Name="Chris" Gender="Male" value="chris davis">Chris Davis</tm:person></tm:entity> Joins RedLine Solutions as <tm:entity><tm:function FunctionCategory="Board" value="chief operation officer">Chief Operating Officer</tm:function></tm:entity></title>
<html>
<head>
<meta name="generator" content="HTML Tidy for Windows (vers 14 February 2006), see www.w3.org"/>
<!-- #BeginEditable "doctitle" -->
<title><tm:entity><tm:person Family_Name="Davis" First_Name="Chris" Gender="Male" value="chris davis">Chris Davis</tm:person></tm:entity> Joins RedLine Solutions as <tm:entity><tm:function FunctionCategory="Board" value="chief operation officer">Chief Operating
Officer</tm:function></tm:entity></title></head>
<body>
<p><tm:entity><tm:location><tm:country location_country="Cuba"><tm:place>SANTA CLARA</tm:place></tm:country></tm:location></tm:entity>, <tm:entity><tm:location><tm:country location_country="United States of America"><tm:place>Calif.</tm:place></tm:country></tm:location></tm:entity>, <tm:entity><tm:time_expression><tm:relative_time Day="18" Month="Dec." value="dec. 18">Dec. 18</tm:relative_time></tm:time_expression></tm:entity> /PRNewswire/ -- RedLine <tm:entity><tm:company Extension="Inc" value="solutions">Solutions</tm:company></tm:entity> Inc. today announced that <tm:entity><tm:person Family_Name="Davis" First_Name="Christopher" Gender="Male" value="christopher davis">Christopher Davis</tm:person></tm:entity> will join the firm as
<tm:entity><tm:function FunctionCategory="Board" value="chief operation officer">Chief Operating Officer</tm:function></tm:entity> where he will center his attention on the
strategic growth of the firm through solution expansion.</p>
<p>(Photo: <a href="http://www.newscom.com/cgi-bin/prnh/20071218/AQTU073" target="_new">http://www.newscom.com/cgi-bin/prnh/20071218/AQTU073</a>)</p>
<p><tm:entity><tm:person Family_Name="Davis" First_Name="Chris" Gender="Male" role="Person" value="chris davis">Mr. Davis</tm:person></tm:entity> was previously <tm:entity><tm:function FunctionCategory="Board" role="Has_Function" value="vice president business development">Vice President Business Development</tm:function></tm:entity> at
<tm:entity><tm:company Extension="Inc." role="Who" value="skytide">Skytide</tm:company></tm:entity> Inc. In his new position at RedLine Solutions he will be
responsible for all aspects of strategic operations, ensuring that
strategic plans, critical processes, and key people are in place to
successfully manage and continue the outstanding growth of the
company.</p>
<p>As <tm:entity><tm:function FunctionCategory="Board" value="chief operation officer">Chief Operating Officer</tm:function></tm:entity> for RedLine Solutions, <tm:entity><tm:person Family_Name="Davis" First_Name="Chris" Gender="Male" value="chris davis">Mr. Davis</tm:person></tm:entity> will
report directly to <tm:entity><tm:person Family_Name="Baggett" First_Name="Todd" Gender="Male" role="Person" value="todd baggett">Todd Baggett</tm:person></tm:entity>, <tm:entity><tm:function FunctionCategory="Board" role="Has_Function" value="founder and ceo">Founder and CEO</tm:function></tm:entity> of <tm:entity><tm:company><tm:potential_company role="Who" value="redline solutions">RedLine
Solutions</tm:potential_company></tm:company></tm:entity>.</p><p>"Chris's exemplary leadership experience and broad knowledge of
the enterprise software application space as well as his focus on
operational excellence will continue to build RedLine Solutions'
leadership position in the mobility space," says <tm:entity><tm:person Family_Name="Baggett" First_Name="Todd" Gender="Male" value="todd baggett">Todd Baggett</tm:person></tm:entity>.</p><p>"RedLine Solutions has shown their dedication to developing and
deploying industry best mobility solutions in the market. Their
commitment to continued growth and expansion of their competencies
in the market is further evidenced by Chris's addition to the
leadership team. This latest investment in talent signifies yet
another strong strategic decision by this firm and I predict
another record growth year as a result," says <tm:entity><tm:person Family_Name="Schijns" First_Name="Janet" Gender="Female" role="Person" value="janet schijns">Janet Schijns</tm:person></tm:entity> <tm:entity><tm:function FunctionCategory="Board" role="Has_Function" value="chief executive officer">CEO</tm:function></tm:entity>,
The <tm:entity><tm:company Extension="Group" role="Who" value="js">JS</tm:company></tm:entity> Group a leading channel consultancy firm.</p>
<p>Among his recent accomplishments, at <tm:entity><tm:company Extension="Inc." role="Who" value="skytide">Skytide</tm:company></tm:entity>, <tm:entity><tm:person Family_Name="Davis" First_Name="Chris" Gender="Male" value="chris davis">Chris Davis</tm:person></tm:entity> worked
with partners and key customers to identify new software
application areas for this early stage company's break through
technology. Prior to joining <tm:entity><tm:company Extension="Inc." role="Who" value="skytide">Skytide</tm:company></tm:entity> <tm:entity><tm:time_expression><tm:exact_time Year="2005" value="in 2005">in 2005</tm:exact_time></tm:time_expression></tm:entity>, <tm:entity><tm:person Family_Name="Davis" First_Name="Chris" Gender="Male" value="chris davis">Mr. Davis</tm:person></tm:entity> served as
<tm:entity><tm:function FunctionCategory="Board" value="vice president">Vice President</tm:function></tm:entity>, Strategy &amp; Solutions at Nextance where he built
and led a team of 50 responsible for deploying solutions for global
enterprises. <tm:entity><tm:person Family_Name="Davis" First_Name="Chris" Gender="Male" value="chris davis">Mr. Davis</tm:person></tm:entity> was also a <tm:entity><tm:function FunctionCategory="Board" value="founder and a member">founder and a member</tm:function></tm:entity> of the
executive team of Corio, a leading Application Services Provider,
now the "Apps on Demand" division of <tm:entity><tm:company><tm:normalized_name Domain="IT" Extension="Services" value="ibm">IBM</tm:normalized_name></tm:company></tm:entity> Global Services.</p>
<p>"I'm excited about the opportunity to join and contribute my
expertise to an industry leading company such as RedLine Solutions.
We will continue our commitment to bring new mobility based
solutions to our partners and customers," says <tm:entity><tm:person Family_Name="Davis" First_Name="Chris" Gender="Male" value="chris davis">Chris Davis</tm:person></tm:entity>.</p><p>With a proven track record of excellence and vision for growth,
<tm:entity><tm:person Family_Name="Davis" Gender="Male" Title="M" value="mr davis">Mr. Davis</tm:person></tm:entity>' exceptional accomplishments will further RedLine
Solutions brand impact and cement its position as the leading
provider of mobility solutions.</p><p>About RedLine Solutions:</p>
<p>Headquartered in <tm:entity><tm:location><tm:country><tm:place>Silicon Valley</tm:place></tm:country></tm:location></tm:entity>, RedLine <tm:entity><tm:company Extension="Inc" value="solutions">Solutions</tm:company></tm:entity> is a leading
software developer and systems integrator, specializing in
enterprise mobility and Automated Data Capture systems. RedLine has
averaged over 40% growth of year <tm:entity><tm:time_expression><tm:duration value="over year for the past 3 years">over year for the past 3 years</tm:duration></tm:time_expression></tm:entity>.
Our customers range from startups to <tm:entity><tm:company value="fortune">Fortune</tm:company></tm:entity> 500 companies. We
provide off-the-shelf and customized solutions that drive enhanced
productivity for manufacturing, distribution and agriculture.
RedLine Solutions corporate headquarters is located in <tm:entity><tm:location><tm:country location_country="Cuba"><tm:place>Santa Clara</tm:place></tm:country></tm:location></tm:entity>,
<tm:entity><tm:location><tm:country location_country="United States of America"><tm:place>California</tm:place></tm:country></tm:location></tm:entity> with a regional office in <tm:entity><tm:company Extension="Co" value="denver">Denver</tm:company></tm:entity>, CO, serving the
<tm:entity><tm:company value="mountain states">Mountain States</tm:company></tm:entity> and <tm:entity><tm:company Domain="Transportation" value="southwest">Southwest</tm:company></tm:entity>. Visit our website at <a href="http://www.redlinesolutions.com" target="_new">http://www.redlinesolutions.com</a>or call us toll-free at
888 801 2039.</p>
</body>
</html>


</doc>

