<doc xmlns:tm="http://www.temis.com/annotations/1.1/">
<metadata>
<aboutcompany value="ubics, inc."/>
<releaselocation value="canonsburg"/>
<data_source value="prnews"/>
<source value="ubics, inc."/>
<processing_date>2008-01-21T17:03:49</processing_date>
<date>2008-01-10T12:53:00</date>
<quote symbol="NYSE:IT" src-company="it" company="Gartner, Inc." date="2008-01-10" price="16.68"/><quote symbol="NYSE:BPO" src-company="bpo" company="Brookfield Properties Corporation (USA)" date="2008-01-10" price="18.36"/><quote symbol="OTC:UBIX" src-company="ubics" company="UBICS, Inc." date="2008-01-10" price=""/><quote symbol="NYSE:UB" src-company="ub" company="UnionBanCal Corporation" date="2008-01-10" price="46.29"/></metadata>
<title>UBICS Announces ISO 9001:2000 and ISO 27001:2005 Certification for Its <tm:entity><tm:organisation value="india development center">India Development Center</tm:organisation></tm:entity></title>
<html>
<head>
<meta name="generator" content="HTML Tidy for Windows (vers 14 February 2006), see www.w3.org"/>
<!-- #BeginEditable "doctitle" -->
<title><tm:entity><tm:company Extension="Inc" value="ubics">UBICS</tm:company></tm:entity> Announces ISO 9001:2000 and ISO 27001:2005
Certification for Its <tm:entity><tm:organisation value="india development center">India Development Center</tm:organisation></tm:entity></title></head>
<body>
<p>CANONSBURG, Pa., <tm:entity><tm:time_expression><tm:relative_time Day="10" Month="Jan." value="jan. 10">Jan. 10</tm:relative_time></tm:time_expression></tm:entity> /PRNewswire-FirstCall/ -- <tm:entity><tm:company Extension="Inc" value="ubics">UBICS</tm:company></tm:entity>, Inc.
<a href="http://www.ubics.com" target="_new">(http://www.ubics.com</a>) (Pink Sheets: UBIX), a global
professional IT services organization, announced today that its
<tm:entity><tm:organisation value="india development center">India Development Center</tm:organisation></tm:entity>(<tm:entity><tm:company Domain="IT" value="ubics technologies">UBICS Technologies</tm:company></tm:entity> Pvt. Ltd., <tm:entity><tm:location><tm:country><tm:place>India</tm:place></tm:country></tm:location></tm:entity>) has
been awarded the ISO 9001:2000 and ISO 27001:2005 certifications by
German Society for the Certification of Management Systems
(<tm:entity><tm:company Extension="Gmbh" value="dqs">DQS</tm:company></tm:entity>).</p><p><tm:entity><tm:person Family_Name="Mallya" First_Name="Vijay" Gender="Male" Title="Dr" role="Person" value="dr vijay mallya">Dr. Vijay Mallya</tm:person></tm:entity>, <tm:entity><tm:function FunctionCategory="Board" role="Has_Function" value="chairman and ceo">Chairman and CEO</tm:function></tm:entity> of <tm:entity><tm:company><tm:potential_company role="Who" value="ubics">UBICS</tm:potential_company></tm:company></tm:entity> said "Achieving the
milestones of ISO 9001:2000 and ISO 27001:2005 have proven, yet
again, <tm:entity><tm:company Extension="Inc" value="ubics">UBICS</tm:company></tm:entity>' commitment to deliver software &amp; services at the
highest global standards, to its customers worldwide".</p><p>The ISO 27001 and ISO 9001:2000 Certification is awarded to
<tm:entity><tm:company Extension="Inc" value="ubics">UBICS</tm:company></tm:entity> after detailed evaluation by <tm:entity><tm:company Extension="Gmbh" value="dqs">DQS</tm:company></tm:entity> GmbH and ensuring that
<tm:entity><tm:company Extension="Inc" value="ubics">UBICS</tm:company></tm:entity>' Information Security Management Systems and Quality
Management System conform to the specified global standards of
software development and support. These systems are used in UBICS
Design, Development, Maintenance and Service of software
applications and IT enabled business process outsourcing (<tm:entity><tm:company value="bpo">BPO</tm:company></tm:entity>).</p><p><tm:entity><tm:person Family_Name="Patil" First_Name="Sunil" Gender="Male" Title="M" role="Person" value="sunil patil">Sunil Patil</tm:person></tm:entity>, <tm:entity><tm:function FunctionCategory="Board" role="Has_Function" value="president">President</tm:function></tm:entity>, <tm:entity><tm:company><tm:potential_company role="Who" value="ubics">UBICS</tm:potential_company></tm:company></tm:entity> said, "The attainment of this
certification confirms the maturity and robustness of the Software
&amp; <tm:entity><tm:company value="bpo">BPO</tm:company></tm:entity> delivery processes developed by <tm:entity><tm:company Extension="Inc" value="ubics">UBICS</tm:company></tm:entity> <tm:entity><tm:time_expression><tm:duration value="over last 2 years">over last 2 years</tm:duration></tm:time_expression></tm:entity>."
"The successful ISO certification now effectively positions <tm:entity><tm:company Extension="Inc" value="ubics">UBICS</tm:company></tm:entity> amongst the leading <tm:entity><tm:company value="it">IT</tm:company></tm:entity>&amp; <tm:entity><tm:company value="bpo">BPO</tm:company></tm:entity> outsourcing companies operating
globally," added <tm:entity><tm:person Family_Name="Patil" First_Name="Sunil" Gender="Male" Title="M" value="sunil patil">Mr. Patil</tm:person></tm:entity>.</p><p>About <tm:entity><tm:company Extension="Inc" value="ubics">UBICS</tm:company></tm:entity>, Inc.</p><p>Founded <tm:entity><tm:time_expression><tm:exact_time Year="1993" value="in 1993">in 1993</tm:exact_time></tm:time_expression></tm:entity>, <tm:entity><tm:company Extension="Inc" value="ubics">UBICS</tm:company></tm:entity> is an affiliate of the <tm:entity><tm:company Extension="Co" value="ub">UB</tm:company></tm:entity> Company, a <tm:entity><tm:money_expression><tm:money Amount="2 billion" Currency="Dollar" value="$2 billion">$2
billion</tm:money></tm:money_expression></tm:entity> multinational group of companies headquartered in <tm:entity><tm:location><tm:country><tm:place>India</tm:place></tm:country></tm:location></tm:entity>.
<tm:entity><tm:company Extension="Inc" value="ubics">UBICS</tm:company></tm:entity>, with business operations in the <tm:entity><tm:location><tm:country><tm:place>United States</tm:place></tm:country></tm:location></tm:entity>, <tm:entity><tm:location><tm:country><tm:place>United
Kingdom</tm:place></tm:country></tm:location></tm:entity> and <tm:entity><tm:location><tm:country><tm:place>India</tm:place></tm:country></tm:location></tm:entity>, provides IT Services, IT Solutions and IT
Products. A leader in the IT space, <tm:entity><tm:company Extension="Inc" value="ubics">UBICS</tm:company></tm:entity>' successes include
projects spanning major sectors such as airlines, manufacturing,
processing, banking/finance, retail, automotive, insurance,
transportation, telecommunications, public utilities,
entertainment, and consumer goods. The Company is headquartered in
Canonsburg, PA.</p><p>The Company's services include enterprise solutions, co-managed
solutions, staff augmentation and business process outsourcing in
specialized areas such as ERP and CRM package implementation and
customization and e-Commerce/Internet services.</p>
<p><tm:entity><tm:company Extension="Inc" value="ubics">UBICS</tm:company></tm:entity>' product offerings include "Ventive" -- a <tm:entity><tm:company value="recruiting">Recruiting</tm:company></tm:entity> and
<tm:entity><tm:company Domain="IT" value="resourcing software">Resourcing Software</tm:company></tm:entity>, and "SeeItFirst" -- a patented interactive
Video Streaming product.</p></body>
</html>


</doc>

