<doc xmlns:tm="http://www.temis.com/annotations/1.1/">
<metadata>
<aboutcompany value="gigafin networks"/>
<releaselocation value="cupertino"/>
<data_source value="prnews"/>
<source value="gigafin networks"/>
<processing_date>2008-01-21T17:05:22</processing_date>
<date>2008-01-10T10:30:00</date>
<quote symbol="NYSE:VC" src-company="vc" company="Visteon Corporation" date="2008-01-10" price="3.58"/></metadata>
<title><tm:entity><tm:company Domain="IT" value="gigafin networks">GigaFin Networks</tm:company></tm:entity> Introduces New Channel Partner Program
</title>
<html>
<head>
<meta name="generator" content="HTML Tidy for Windows (vers 14 February 2006), see www.w3.org"/>
<!-- #BeginEditable "doctitle" -->
<title><tm:entity><tm:company Domain="IT" value="gigafin networks">GigaFin Networks</tm:company></tm:entity> Introduces New Channel Partner
Program</title>
</head>
<body>
<p>Program expands availability of new network analysis and
remediation</p>
<p>appliances, focuses on partner profitability and client
retention</p>
<p>CUPERTINO, <tm:entity><tm:location><tm:country location_country="United States of America"><tm:place>Calif.</tm:place></tm:country></tm:location></tm:entity>, <tm:entity><tm:time_expression><tm:relative_time Day="10" Month="Jan." value="jan. 10">Jan. 10</tm:relative_time></tm:time_expression></tm:entity> /PRNewswire/ -- <tm:entity><tm:company Domain="IT" value="gigafin networks">GigaFin Networks</tm:company></tm:entity> today launched its new VIP channel partner program for resellers of
its network analysis and remediation appliances. The program is
designed to ensure reseller profitability and success by combining
a full range of services and benefits with generous margins and a
pure channel go-to-market strategy.</p>
<p>A privately-held company founded <tm:entity><tm:time_expression><tm:exact_time Year="2002" value="in 2002">in 2002</tm:exact_time></tm:time_expression></tm:entity>, <tm:entity><tm:company Domain="IT" value="gigafin networks">GigaFin Networks</tm:company></tm:entity> provides cost-effective internal security and traffic management
solutions for complex, high-performance environments such as data
centers, server farms and campuses. <tm:entity><tm:time_expression><tm:relative_time Month="October" value="in october">In October</tm:relative_time></tm:time_expression></tm:entity>, 2007 GigaFin
introduced two new network analysis and remediation appliances: the
FlowLine 500 and the SlimLine 100. Both products allow <tm:entity><tm:function FunctionCategory="Board" value="it managers">IT managers</tm:function></tm:entity> to manage and protect high-performance internal networks with ease,
providing traffic monitoring, flow management, firewall and
Denial-of-Service prevention in a compact form factor. GigaFin's
rapidly-growing customer base in the <tm:entity><tm:location><tm:country><tm:place>US</tm:place></tm:country></tm:location></tm:entity> and <tm:entity><tm:location><tm:country><tm:place>Asia</tm:place></tm:country></tm:location></tm:entity> now includes large
and small academic campuses, distributed networks and internet
service providers.</p>
<p><tm:entity><tm:company Domain="IT" value="acl computers">ACL Computers</tm:company></tm:entity> and <tm:entity><tm:company Domain="IT" value="software">Software</tm:company></tm:entity>, a Maryland-based value-added
reseller focusing on government, education and commercial clients,
has recently added GigaFin appliances to its product line-up. "It's
comforting to find a manufacturer like GigaFin that embraces their
reseller partners," said <tm:entity><tm:person Family_Name="Wilgar" First_Name="Lisa" Gender="Female" role="Person" value="lisa wilgar">Lisa Wilgar</tm:person></tm:entity>, <tm:entity><tm:function FunctionCategory="Board" role="Has_Function" value="president and chief executive officer">President and Chief Executive
Officer</tm:function></tm:entity> of <tm:entity><tm:company><tm:potential_company role="Who" value="acl">ACL</tm:potential_company></tm:company></tm:entity>. "Their partner program is easily navigated and
their internal sales support is exceptional. <tm:entity><tm:company><tm:potential_company role="Who" value="gigafin">GigaFin</tm:potential_company></tm:company></tm:entity>'s new channel
program will aid the growth of our sales."</p><p>The new GigaFin VIP Program offers two levels of participation,
Professional or Premier. The Professional level is targeted at
partners with who primarily provide value added services to their
customers on a transactional or project basis. The Premier level
supports channel partners who offer a longer term commitment to
their clients, and have the ability to design and support
customized solutions.</p>
<p>Other benefits of <tm:entity><tm:company><tm:potential_company role="Who" value="gigafin">GigaFin</tm:potential_company></tm:company></tm:entity>'s partner program include: pre- and
post-sales support, lead referrals, discount, NR and beta testing
programs, training and certification, and co-marketing resources
including market development funds to help partners participate in
the growing traffic monitoring and remediation market.</p><p>"We understand the vital role of channel partners in bringing
innovative solutions to satisfy the changing requirements of their
customers," said <tm:entity><tm:person Family_Name="Thomas" First_Name="William" Gender="Male" role="Person" value="william thomas">William Thomas</tm:person></tm:entity>, <tm:entity><tm:function FunctionCategory="Board" role="Has_Function" value="chief executive officer">chief executive officer</tm:function></tm:entity> at
<tm:entity><tm:company><tm:potential_company role="Who" value="gigafin">GigaFin</tm:potential_company></tm:company></tm:entity>. "We sell exclusively through the channel, our products are
reliable and easy to install, and we already have some great
reference sites in prestigious <tm:entity><tm:location><tm:country><tm:place>US</tm:place></tm:country></tm:location></tm:entity> organizations. Ours is a
competitive value solution for resellers, and the program is
designed to help our partners take advantage of the emerging
network behavior and remediation market."</p>
<p>To join the GigaFin VIP program, channel partners can call
<tm:entity><tm:phone_number value="+1.408.200.5700">+1.408.200.5700</tm:phone_number></tm:entity>, toll-free: <tm:entity><tm:phone_number value="+1.866.611.8747">+1.866.611.8747</tm:phone_number></tm:entity>, or register online at
<a href="http://gigafin.com/partners/" target="_new">http://gigafin.com/partners/</a>.</p><p>About <tm:entity><tm:company Domain="IT" value="gigafin networks">GigaFin Networks</tm:company></tm:entity></p><p><tm:entity><tm:company Domain="IT" value="gigafin networks">GigaFin Networks</tm:company></tm:entity> simplifies network traffic analysis, control,
and security from within the infrastructure, improving the
efficiency of networks and protecting against undesirable usage.
GigaFin's affordable, high-speed appliances enable users to
maximize the value of their networks without performance
degradation or infrastructure changes. Headquartered in Cupertino,
<tm:entity><tm:location><tm:country location_country="United States of America"><tm:place>California</tm:place></tm:country></tm:location></tm:entity>, GigaFin was founded <tm:entity><tm:time_expression><tm:exact_time Month="December" Year="2002" value="in december 2002">in December 2002</tm:exact_time></tm:time_expression></tm:entity> and has received
funding from leading <tm:entity><tm:company value="vc">VC</tm:company></tm:entity> firms <tm:entity><tm:person Family_Name="Rosen, Funds" First_Name="Sevin" Gender="Undefined Gender" value="sevin rosen funds">Sevin Rosen Funds</tm:person></tm:entity>, <tm:entity><tm:company Extension="Partners" value="worldview technology">Worldview
Technology</tm:company></tm:entity> Partners and <tm:entity><tm:company Domain="Financial" value="incubic venture capital">Incubic Venture Capital</tm:company></tm:entity>. Further
information on the company can be found at <a href="http://www.gigafin.com" target="_new">http://www.gigafin.com</a>.</p></body>
</html>


</doc>

