<doc xmlns:tm="http://www.temis.com/annotations/1.1/">
<metadata>
<aboutcompany value="01consulting"/>
<releaselocation value="southpointe"/>
<data_source value="prnews"/>
<source value="ansys, inc."/>
<processing_date>2008-01-21T17:12:04</processing_date>
<date>2008-01-09T08:30:00</date>

<quote symbol="NASDAQ:ANSS" src-company="ansys" company="ANSYS, Inc." date="2008-01-09" price="37.83"/></metadata>
<title>Leading <tm:entity><tm:function FunctionCategory="Other" Location_Continent="Europe" value="european analyst reports">European Analyst Reports</tm:function></tm:entity> ANSYS the Largest Engineering Simulation Software Vendor in <tm:entity><tm:location><tm:country><tm:place>Europe</tm:place></tm:country></tm:location></tm:entity></title>
<html>
<head>
<meta name="generator" content="HTML Tidy for Windows (vers 14 February 2006), see www.w3.org"/>
<!-- #BeginEditable "doctitle" -->
<title>Leading <tm:entity><tm:function FunctionCategory="Other" Location_Continent="Europe" value="european analyst reports">European Analyst Reports</tm:function></tm:entity> <tm:entity><tm:company Extension="Inc., Inc" value="ansys">ANSYS</tm:company></tm:entity> the Largest
Engineering Simulation Software Vendor in <tm:entity><tm:location><tm:country><tm:place>Europe</tm:place></tm:country></tm:location></tm:entity></title></head>
<body>
<p>01consulting, PLM/CAE Specialist, Evaluates the State of the
Industry</p>
<p>SOUTHPOINTE, Pa., <tm:entity><tm:time_expression><tm:relative_time Day="9" Month="Jan." value="jan. 9">Jan. 9</tm:relative_time></tm:time_expression></tm:entity> /PRNewswire-FirstCall/ -- <tm:entity><tm:company Extension="Inc., Inc" value="ansys">ANSYS</tm:company></tm:entity>, Inc.
(<tm:entity><tm:stockindex value="nasdaq">Nasdaq</tm:stockindex></tm:entity>: <tm:entity><tm:companyticker company="ANSYS, Inc." value="NASDAQ:ANSS">ANSS</tm:companyticker></tm:entity>), a global innovator of simulation software and
technologies designed to optimize product development processes,
today announced that it has been cited as Europe's leader in
engineering simulation software sales in a report by 01consulting,
which specializes in evaluating the industry on the continent. Of
nearly a dozen computer-aided engineering (CAE) software vendors
tracked in <tm:entity><tm:location><tm:country><tm:place>Europe</tm:place></tm:country></tm:location></tm:entity>, <tm:entity><tm:company Extension="Inc., Inc" value="ansys">ANSYS</tm:company></tm:entity> came out as the overall leader in software
sales and as a leading supplier in every European geography and
industry sector.</p>
<p>The 01consulting report estimated overall European CAE software
sales to be <tm:entity><tm:money_expression><tm:money Amount="1.2 billion" Currency="Euro" value="euro 1.2 billion">euro 1.2 billion</tm:money></tm:money_expression></tm:entity> <tm:entity><tm:time_expression><tm:exact_time Year="2006" value="in 2006">in 2006</tm:exact_time></tm:time_expression></tm:entity>, growing at a healthy 11
percent per year. The document ranked the top 11 simulation
software vendors in <tm:entity><tm:location><tm:country><tm:place>Europe</tm:place></tm:country></tm:location></tm:entity>, through multiple criteria, and provided
analysis and ranking per industry and per country.</p><p>"01consulting's report shows how large and pivotal the
engineering simulation industry in <tm:entity><tm:location><tm:country><tm:place>Europe</tm:place></tm:country></tm:location></tm:entity> is and that it will
continue its solid development in the future. The ranking validates
that our long-term strategy is on-target. In fact, <tm:entity><tm:company><tm:potential_company role="Who" value="ansys">ANSYS</tm:potential_company></tm:company></tm:entity> reported
organic revenue growth of 21.5 percent in the most recently
reported financial results <tm:entity><tm:time_expression><tm:exact_time Year="2007" role="Context" value="for the third quarter of 2007">for the third quarter of 2007</tm:exact_time></tm:time_expression></tm:entity>,
approximately double the CAE industry growth rate in <tm:entity><tm:location><tm:country><tm:place>Europe</tm:place></tm:country></tm:location></tm:entity>. In
addition, we remain committed to investing in the future of <tm:entity><tm:company Extension="Inc., Inc" value="ansys">ANSYS</tm:company></tm:entity>,
further strengthening our ability to deliver the industry's most
comprehensive and advanced simulation solutions," said <tm:entity><tm:person Family_Name="Reid" First_Name="Chris" Gender="Male" role="Person" value="chris reid">Chris Reid</tm:person></tm:entity>,
<tm:entity><tm:function FunctionCategory="Board" role="Has_Function" value="vice president">vice president</tm:function></tm:entity> of marketing at <tm:entity><tm:company Extension="Inc., Inc" role="Has_Function" value="ansys">ANSYS</tm:company></tm:entity>, Inc.</p><p>The engineering simulation industry in <tm:entity><tm:location><tm:country><tm:place>Europe</tm:place></tm:country></tm:location></tm:entity> has been recording
a steady growth rate, year on year, <tm:entity><tm:time_expression><tm:duration value="for almost 30 years">for almost 30 years</tm:duration></tm:time_expression></tm:entity>. <tm:entity><tm:function FunctionCategory="Other" Location_Continent="Europe" value="european engineers">European
engineers</tm:function></tm:entity> use CAE software extensively and successfully to validate
their own manufactured products through simulation, testing and
experimentation.</p>
<p>For downloadable images, visit <a href="http://www.ansys.com/newsimages" target="_new">http://www.ansys.com/newsimages</a>.</p>
<p>About 01consulting</p>
<p>01consulting is a fast-growing French-based market research and
management consulting company uniquely specializing in tracking the
European PLM, MCAD, MCAE and EDA market trends for simulation
software. <tm:entity><tm:time_expression><tm:duration value="over the last four years ,">Over the last four years,</tm:duration></tm:time_expression></tm:entity> the company has published
authoritative and detailed studies of sales and maintenance
revenues for engineering simulation software in <tm:entity><tm:location><tm:country><tm:place>Europe</tm:place></tm:country></tm:location></tm:entity> as a whole
and for its major sub-regions as well as for the largest industry
sectors, such as aerospace and defense, automotive, and industrial
machinery. For more information, visit <a href="http://www.01consulting.net/" target="_new">http://www.01consulting.net/</a>.</p>
<p>About <tm:entity><tm:company Extension="Inc., Inc" value="ansys">ANSYS</tm:company></tm:entity>, Inc.</p><p><tm:entity><tm:company Extension="Inc., Inc" value="ansys">ANSYS</tm:company></tm:entity>, Inc., founded <tm:entity><tm:time_expression><tm:exact_time Year="1970" value="in 1970">in 1970</tm:exact_time></tm:time_expression></tm:entity>, develops and globally markets
engineering simulation software and technologies widely used by
<tm:entity><tm:function FunctionCategory="Other" value="engineers">engineers</tm:function></tm:entity> and designers across a broad spectrum of industries. The
Company focuses on the development of open and flexible solutions
that enable users to analyze designs directly on the desktop,
providing a common platform for fast, efficient and cost- conscious
product development, from design concept to final-stage testing and
validation. The Company and its global network of channel partners
provide sales, support and training for customers. Headquartered in
Canonsburg, <tm:entity><tm:location><tm:country location_country="United States of America"><tm:place>Pennsylvania</tm:place></tm:country></tm:location></tm:entity>, <tm:entity><tm:location><tm:country><tm:place>U.S.A.</tm:place></tm:country></tm:location></tm:entity>, with more than 40 strategic sales
locations throughout the world, <tm:entity><tm:company Extension="Inc., Inc" role="Who" value="ansys">ANSYS</tm:company></tm:entity>, Inc. and its subsidiaries
employ approximately 1,400 people and distribute ANSYS products
through a network of channel partners in over 40 countries. Visit
<a href="http://www.ansys.com" target="_new">http://www.ansys.com</a>for more information.</p>
<p><tm:entity><tm:company Extension="Inc., Inc" value="ansys">ANSYS</tm:company></tm:entity>, ANSYS Workbench, AUTODYN, CFX, FLUENT and any and all
<tm:entity><tm:company Extension="Inc., Inc" value="ansys">ANSYS</tm:company></tm:entity>, Inc. brand, product, service and feature names, logos and
slogans are registered trademarks or trademarks of <tm:entity><tm:company Extension="Inc., Inc" value="ansys">ANSYS</tm:company></tm:entity>, Inc. or
its subsidiaries in the <tm:entity><tm:location><tm:country><tm:place>United States</tm:place></tm:country></tm:location></tm:entity> or other countries. All other
brand, product, service and feature names or trademarks are the
property of their <tm:entity><tm:function FunctionCategory="Board" value="respective owners">respective owners</tm:function></tm:entity>.</p></body>
</html>


</doc>

