<doc xmlns:tm="http://www.temis.com/annotations/1.1/">
<metadata>
<aboutcompany value="verizon wireless"/>
<releaselocation value="atlantic city"/>
<data_source value="prnews"/>
<source value="verizon wireless"/>
<processing_date>2008-01-21T17:08:52</processing_date>
<date>2008-01-09T14:01:00</date>

<quote symbol="NYSE:VZ" src-company="verizon" company="Verizon Communications Inc." date="2008-01-09" price="42.47"/></metadata>
<title><tm:entity><tm:company Domain="TeleCommunication" value="verizon">Verizon</tm:company></tm:entity> Wireless Expands Wireless Broadband Network to Southern <tm:entity><tm:location><tm:country location_country="United States of America"><tm:place>New Jersey</tm:place></tm:country></tm:location></tm:entity></title>
<html>
<head>
<meta name="generator" content="HTML Tidy for Windows (vers 14 February 2006), see www.w3.org"/>
<!-- #BeginEditable "doctitle" -->
<title><tm:entity><tm:company Domain="TeleCommunication" value="verizon">Verizon</tm:company></tm:entity> Wireless Expands Wireless Broadband Network to
Southern <tm:entity><tm:location><tm:country location_country="United States of America"><tm:place>New Jersey</tm:place></tm:country></tm:location></tm:entity></title></head>
<body>
<p>High-Speed Network Enhancement Gives Customers Access to Fast
Wireless</p>
<p>Internet, E-mail, Mobile Music, and Videos</p>
<p><tm:entity><tm:location><tm:country><tm:place>ATLANTIC</tm:place></tm:country></tm:location></tm:entity> CITY, N.J., <tm:entity><tm:time_expression><tm:relative_time Day="9" Month="Jan." value="jan. 9">Jan. 9</tm:relative_time></tm:time_expression></tm:entity> /PRNewswire/ -- <tm:entity><tm:company Domain="TeleCommunication" value="verizon">Verizon</tm:company></tm:entity> Wireless
announced the expansion of wide-area wireless broadband service to
several towns in <tm:entity><tm:location><tm:country><tm:place>Atlantic</tm:place></tm:country></tm:location></tm:entity>, Cape May and <tm:entity><tm:location><tm:country><tm:place>Cumberland</tm:place></tm:country></tm:location></tm:entity> counties.</p>
<p><tm:entity><tm:company Domain="TeleCommunication" value="verizon">Verizon</tm:company></tm:entity> Wireless customers in Southern <tm:entity><tm:location><tm:country location_country="United States of America"><tm:place>New Jersey</tm:place></tm:country></tm:location></tm:entity> can now access
e-mail, corporate data, the Internet and more at faster speeds,
check out video on their phones, download music directly to their
handsets, and play 3D games through a recent enhancement to seven
existing cell sites. The company's wireless broadband network
allows customers to access e-mail on their laptops and PDAs, and V
CAST Video and Music on their wireless phones.</p>
<p>As a result of the expansion, the following major towns and
surrounding areas are now equipped with <tm:entity><tm:company Domain="TeleCommunication" value="verizon">Verizon</tm:company></tm:entity> Wireless'
high-speed wireless network: Tuckahoe, Woodbine, <tm:entity><tm:location><tm:country><tm:place>Dennisville</tm:place></tm:country></tm:location></tm:entity>, and
Goshen in <tm:entity><tm:location><tm:country><tm:place>Cape May</tm:place></tm:country></tm:location></tm:entity> County, and Dorchester, Leesburg and Delmont in
<tm:entity><tm:location><tm:country><tm:place>Cumberland</tm:place></tm:country></tm:location></tm:entity> County. The enhancement also provides continuous
coverage along Routes 47 and 50, as well as additional coverage for
<tm:entity><tm:company Domain="TeleCommunication" value="verizon">Verizon</tm:company></tm:entity> Wireless customers who use the existing high-speed wireless
service in both the <tm:entity><tm:location><tm:country><tm:place>Atlantic</tm:place></tm:country></tm:location></tm:entity> City and <tm:entity><tm:location><tm:country location_country="United States of America"><tm:place>Philadelphia</tm:place></tm:country></tm:location></tm:entity> markets.</p>
<p>BroadbandAccess</p>
<p>This enhancement allows customers who use the company's flagship
business data service, BroadbandAccess, to interact with Web-based
applications, download music over-the-air, access to e-mail,
everyday corporate data, the Internet, and more at speeds that are
eight to nine times faster than before. For example,
BroadbandAccess customers with Rev. A compatible devices can now
expect average download speeds of 600 kilobits per second (kbps) to
1.4 megabits per second and average upload speeds of 500-800 kbps,
which means customers can download a 1 megabyte e-mail attachment
-- the equivalent of a small PowerPoint(R) presentation or a large
PDF file -- in about eight seconds and upload the same sized file
in less than 13 seconds.</p>
<p>V CAST: <tm:entity><tm:company value="video">Video</tm:company></tm:entity> and <tm:entity><tm:company value="music">Music</tm:company></tm:entity> The company's wireless broadband network
also enables its V CAST multimedia services, which offer customers
the ability to download full-song tracks, play cutting-edge 3D
games and stream video clips straight to the handset with top
transmission speeds. With content updated daily, customers can
watch dozens of on-demand videos, including breaking news, weather
updates, sports highlights and the hottest entertainment clips.</p>
<p>With V <tm:entity><tm:company Domain="Media" value="cast music">CAST Music</tm:company></tm:entity>, <tm:entity><tm:company Domain="TeleCommunication" value="verizon">Verizon</tm:company></tm:entity> Wireless has built a massive
full-song mobile music store that contains more than 2.5 million
songs-from well-known as well as independent artists-that customers
can download over-the-air, directly onto their V CAST Music-enabled
wireless phones.</p>
<p>Investment</p>
<p>The multi-million dollar expansion includes the installation of
high-tech wireless hardware and software in wireless transmission
sites throughout the region. <tm:entity><tm:company Domain="TeleCommunication" value="verizon">Verizon</tm:company></tm:entity> Wireless has invested more
than $40 billion since it was formed -- more than <tm:entity><tm:money_expression><tm:money Amount="5 billion" Currency="Dollar" value="$5 billion">$5 billion</tm:money></tm:money_expression></tm:entity> on
average every year -- to increase the coverage and capacity of its
national network and to add new services. The company has invested
more than $170 million <tm:entity><tm:time_expression><tm:relative_time value="this year">this year</tm:relative_time></tm:time_expression></tm:entity> to enhance and expand its network
in southeastern, central and northeastern <tm:entity><tm:location><tm:country location_country="United States of America"><tm:place>Pennsylvania</tm:place></tm:country></tm:location></tm:entity>, southern
<tm:entity><tm:location><tm:country location_country="United States of America"><tm:place>New Jersey</tm:place></tm:country></tm:location></tm:entity> and <tm:entity><tm:location><tm:country location_country="United States of America"><tm:place>Delaware</tm:place></tm:country></tm:location></tm:entity>, bringing the network investment in the
region to more than $1 billion since 2000.</p><p><tm:entity><tm:company Domain="TeleCommunication" value="verizon">Verizon</tm:company></tm:entity> Wireless was the first national wireless provider to
commercially launch a high-speed wireless broadband network in the
<tm:entity><tm:location><tm:country><tm:place>United States</tm:place></tm:country></tm:location></tm:entity>, which is available to more than 210 million people
across the country.</p><p>For more information about <tm:entity><tm:company Domain="TeleCommunication" value="verizon">Verizon</tm:company></tm:entity> Wireless products and
services, call 1-800-2 JOIN IN or go to <a href="http://www.verizonwireless.com" target="_new">http://www.verizonwireless.com</a>.</p>
<p>About <tm:entity><tm:company Domain="TeleCommunication" value="verizon">Verizon</tm:company></tm:entity> Wireless</p>
<p><tm:entity><tm:company Domain="TeleCommunication" value="verizon">Verizon</tm:company></tm:entity> Wireless operates the nation's most reliable wireless
voice and data network, serving 63.7 million customers. The largest
U.S. wireless company and largest wireless data provider, based on
revenues, <tm:entity><tm:company Domain="TeleCommunication" value="verizon">Verizon</tm:company></tm:entity> Wireless is headquartered in <tm:entity><tm:location><tm:country><tm:place>Basking Ridge</tm:place></tm:country></tm:location></tm:entity>, <tm:entity><tm:location><tm:country location_country="United States of America"><tm:place>N.J.</tm:place></tm:country></tm:location></tm:entity>,
with 68,000 employees nationwide. The company is a joint venture of
<tm:entity><tm:company Domain="TeleCommunication" value="verizon communications">Verizon Communications</tm:company></tm:entity>(<tm:entity><tm:stockindex value="nyse">NYSE</tm:stockindex></tm:entity>: <tm:entity><tm:companyticker company="VERIZON COMMUNICATIONS" value="NYSE:VZ">VZ</tm:companyticker></tm:entity>) and <tm:entity><tm:company><tm:normalized_name Domain="TeleCommunication" value="vodafone">Vodafone</tm:normalized_name></tm:company></tm:entity>(<tm:entity><tm:stockindex value="nyse">NYSE</tm:stockindex></tm:entity> and LSE: VOD).
Find more information on the Web at <a href="http://www.verizonwireless.com" target="_new">http://www.verizonwireless.com</a>. To preview and request
broadcast-quality video footage and high-resolution stills of
<tm:entity><tm:company Domain="TeleCommunication" value="verizon">Verizon</tm:company></tm:entity> Wireless operations, log on to the <tm:entity><tm:company Domain="TeleCommunication, IT" value="verizon wireless multimedia">Verizon Wireless
Multimedia</tm:company></tm:entity> Library at <a href="http://www.verizonwireless.com/multimedia" target="_new">http://www.verizonwireless.com/multimedia</a>.</p>
</body>
</html>


</doc>

