<doc xmlns:tm="http://www.temis.com/annotations/1.1/">
<metadata>
<aboutcompany value="metastorm inc."/>
<releaselocation value="baltimore"/>
<data_source value="prnews"/>
<source value="metastorm inc."/>
<processing_date>2008-01-21T17:06:42</processing_date>
<date>2008-01-10T09:00:00</date>
<quote symbol="NASDAQ:MSFT" src-company="microsoft" company="Microsoft Corporation" date="2008-01-10" price="34.33"/></metadata>
<title>Metastorm Recognized in Intelligent Enterprise Editors' Choice Awards
</title>
<html>
<head>
<meta name="generator" content="HTML Tidy for Windows (vers 14 February 2006), see www.w3.org"/>
<!-- #BeginEditable "doctitle" -->
<title><tm:entity><tm:company Extension="Inc" value="metastorm">Metastorm</tm:company></tm:entity> Recognized in Intelligent Enterprise Editors'
Choice Awards</title>
</head>
<body>
<p><tm:entity><tm:company Extension="Inc" value="metastorm">Metastorm</tm:company></tm:entity> Named a 'Company to Watch' in Process Management
Category</p>
<p><tm:entity><tm:location><tm:country location_country="United States of America"><tm:place>BALTIMORE</tm:place></tm:country></tm:location></tm:entity>, <tm:entity><tm:time_expression><tm:relative_time Day="10" Month="Jan." value="jan. 10">Jan. 10</tm:relative_time></tm:time_expression></tm:entity> /PRNewswire/ -- <tm:entity><tm:company Extension="Inc" value="metastorm">Metastorm</tm:company></tm:entity>, a leading provider
of Business Process <tm:entity><tm:company value="management">Management</tm:company></tm:entity>(<tm:entity><tm:company><tm:abbreviation value="bpm">BPM</tm:abbreviation></tm:company></tm:entity>), <tm:entity><tm:company value="business process analysis">Business Process Analysis</tm:company></tm:entity>(<tm:entity><tm:companyticker value="bpa">BPA</tm:companyticker></tm:entity>), and Enterprise Architecture (EA) software for aligning
strategy with execution, today announced it has been recognized a
"company to watch" in the Process Management category of CMP's
Intelligent Enterprise 2008 Editors' Choice Awards. The editors
chose 48 companies that provide exceptional vision, technology
innovation and customer leadership in attaining strategic
objectives.</p><p>According to Intelligent Enterprise editors, <tm:entity><tm:company Extension="Inc" value="metastorm">Metastorm</tm:company></tm:entity> is cited
as being one of <tm:entity><tm:company Domain="IT" value="microsoft">Microsoft</tm:company></tm:entity>'s closest <tm:entity><tm:company><tm:abbreviation value="bpm">BPM</tm:abbreviation></tm:company></tm:entity>(business process
management) partners, and a company that has demonstrated --
through multiple acquisitions, strong partnerships and organic
development -- that it is intent on leading with a complete
technology suite and a global footprint.</p>
<p>"We are very pleased to receive the Intelligent Enterprise
Editors' Choice award for Process Management. This serves as yet
another proof point of <tm:entity><tm:company Extension="Inc" value="metastorm">Metastorm</tm:company></tm:entity>'s leadership in the <tm:entity><tm:company><tm:abbreviation value="bpm">BPM</tm:abbreviation></tm:company></tm:entity> market
which we have a long history in," stated <tm:entity><tm:person Family_Name="Garry" First_Name="Eileen" Gender="Female" value="eileen garry">Eileen Garry</tm:person></tm:entity>, CMO of
<tm:entity><tm:company Extension="Inc" value="metastorm">Metastorm</tm:company></tm:entity>. "To date, more than 1100 companies in 109 countries are
using <tm:entity><tm:company Extension="Inc" value="metastorm">Metastorm</tm:company></tm:entity> for business process management, enterprise
architecture and business process analysis, and we are very proud
to have helped so many companies drive value and deliver
results."</p>
<p>About <tm:entity><tm:company Extension="Inc" value="metastorm">Metastorm</tm:company></tm:entity> Inc.</p>
<p>With a focus on enterprise visibility, optimization, and
agility, <tm:entity><tm:company Extension="Inc" value="metastorm">Metastorm</tm:company></tm:entity> offers market-leading solutions for Enterprise
Architecture (EA), Business Process Analysis &amp; Modeling (<tm:entity><tm:companyticker value="bpa">BPA</tm:companyticker></tm:entity>)
and Business Process Management (<tm:entity><tm:company><tm:abbreviation value="bpm">BPM</tm:abbreviation></tm:company></tm:entity>). As an integrated product
portfolio, Metastorm Enterprise(TM) allows organizations to
maximize business results by unifying strategy, analysis and
execution. <tm:entity><tm:company Extension="Inc" value="metastorm">Metastorm</tm:company></tm:entity> is the only solution provider to bring
together these critical disciplines on a single software platform
to enable an understanding of enterprise architecture and strategy,
accurate impact and opportunity assessment, effective process
execution, and accelerated value realization for organizations
worldwide. For more information on powering strategic advantage
with Metastorm Enterprise, visit <a href="http://www.metastorm.com" target="_new">http://www.metastorm.com</a>.</p></body>
</html>


</doc>

