<doc xmlns:tm="http://www.temis.com/annotations/1.1/">
<metadata><releaselocation value="wisconsin rapids"/><data_source value="prnews"/><source value="renaissance learning, inc."/><processing_date>2008-01-21T17:02:19</processing_date><date>2008-01-10T16:52:00</date><quote symbol="NASDAQ:RLRN" src-company="renaissance learning" company="Renaissance Learning, Inc." date="2008-01-10" price="14.45"/></metadata>
<title><tm:entity><tm:company Extension="Inc" value="renaissance learning">Renaissance Learning</tm:company></tm:entity>, Inc. to Report Fourth <tm:entity><tm:time_expression><tm:exact_time Year="2007" value="quarter 2007">Quarter 2007</tm:exact_time></tm:time_expression></tm:entity> Financial Results <tm:entity><tm:time_expression><tm:exact_time value="2008">on January 24, 2008</tm:exact_time></tm:time_expression></tm:entity></title>
<html>
<head>
<meta name="generator" content="HTML Tidy for Windows (vers 14 February 2006), see www.w3.org"/>
<!-- #BeginEditable "doctitle" -->
<title><tm:entity><tm:company Extension="Inc" value="renaissance learning">Renaissance Learning</tm:company></tm:entity>, Inc. to Report Fourth <tm:entity><tm:time_expression><tm:exact_time Year="2007" value="quarter 2007">Quarter 2007</tm:exact_time></tm:time_expression></tm:entity> Financial Results <tm:entity><tm:time_expression><tm:exact_time value="2008">on January 24, 2008</tm:exact_time></tm:time_expression></tm:entity></title></head>
<body>
<p><tm:entity><tm:location><tm:country location_country="United States of America"><tm:place>WISCONSIN</tm:place></tm:country></tm:location></tm:entity> RAPIDS, Wis., <tm:entity><tm:time_expression><tm:relative_time Day="10" Month="Jan." value="jan. 10">Jan. 10</tm:relative_time></tm:time_expression></tm:entity> /PRNewswire-FirstCall/ --
<tm:entity><tm:company Extension="Inc" value="renaissance learning ( tm )">Renaissance Learning(TM)</tm:company></tm:entity>, Inc., (<tm:entity><tm:stockindex value="nasdaq">Nasdaq</tm:stockindex></tm:entity>: <a class="small" href="http://studio-5.financialcontent.com/prnews?Page=Quote&amp;Ticker=RLRN" onclick="var s=s_gi(s_account); var hd1 = document.getElementById('headline'); s.tl(this,'o',getLinkName('Company Sanpshot'));">RLRN</a>), a leading provider of technology to support personalized
practice, differentiated instruction, and progress monitoring in
reading, math, and writing for pre-K-12 schools and districts,
today announced plans to release fourth <tm:entity><tm:time_expression><tm:exact_time Year="2007" value="quarter 2007">quarter 2007</tm:exact_time></tm:time_expression></tm:entity> financial
results <tm:entity><tm:time_expression><tm:relative_time Day="24" Month="January" Weekday="Thursday" value="on thursday , january 24 at 4:00 p.m.">on Thursday, January 24 at 4:00 p.m.</tm:relative_time></tm:time_expression></tm:entity> EST.</p>
<p>(Logo: <a href="http://www.newscom.com/cgi-bin/prnh/20001108/RENAISSANCELOGO" target="_new">http://www.newscom.com/cgi-bin/prnh/20001108/RENAISSANCELOGO</a>)</p>
<p>The Company will hold a conference call at 5:00 p.m. EST <tm:entity><tm:time_expression><tm:relative_time value="on the same day">on the
same day</tm:relative_time></tm:time_expression></tm:entity> to discuss its financial results, quarterly highlights,
and business outlook. The teleconference may be accessed in
listen-only mode by dialing 888-603-6873, ID# 30242050 at 5:00 p.m.
EST. Please call a few minutes before the scheduled start time to
ensure a proper connection.</p>
<p>A digital recording of the conference call will be made
available <tm:entity><tm:time_expression><tm:exact_time value="2008">on January 24, 2008</tm:exact_time></tm:time_expression></tm:entity> at 8:00 p.m. <tm:entity><tm:time_expression><tm:duration To="January 31 , 2008" value="through january 31 , 2008">through January 31, 2008</tm:duration></tm:time_expression></tm:entity> at 11:59 p.m. The replay dial-in is 800-642-1687. The conference ID
number to access the replay is 30242050.</p>
<p><tm:entity><tm:company Extension="Inc" value="renaissance learning">Renaissance Learning</tm:company></tm:entity>, Inc.</p><p><tm:entity><tm:company Extension="Inc" value="renaissance learning">Renaissance Learning</tm:company></tm:entity>, Inc. is the world's leading provider of
computer-based assessment technology for pre-K-12 schools. Adopted
by more than 73,000 North American schools, Renaissance Learning's
tools provide daily formative assessment and periodic
progress-monitoring technology to enhance core curriculum, support
differentiated instruction, and personalize practice in reading,
writing and math. Renaissance Learning products help educators make
the practice component of their existing curriculum more effective
by providing tools to personalize practice and easily manage the
daily activities for students of all levels. As a result, teachers
using Renaissance Learning products accelerate learning, get more
satisfaction from teaching, and help students achieve higher test
scores on state and national tests. Renaissance Learning has seven
<tm:entity><tm:location><tm:country><tm:place>U.S.</tm:place></tm:country></tm:location></tm:entity> locations and subsidiaries in <tm:entity><tm:location><tm:country><tm:place>Canada</tm:place></tm:country></tm:location></tm:entity>, <tm:entity><tm:location><tm:country><tm:place>India</tm:place></tm:country></tm:location></tm:entity>, and the <tm:entity><tm:location><tm:country><tm:place>United
Kingdom</tm:place></tm:country></tm:location></tm:entity>.</p></body>
</html>


</doc>

