<doc xmlns:tm="http://www.temis.com/annotations/1.1/">
<metadata>
<aboutcompany value="velocent systems"/>
<releaselocation value="naperville"/>
<data_source value="prnews"/>
<source value="velocent systems"/>
<processing_date>2008-01-21T17:11:52</processing_date>
<date>2008-01-09T09:00:00</date>
<quote symbol="OTC:CLRN" src-company="clarent" company="Clarent Corporation" date="2008-01-09" price="0.001"/></metadata>
<title><tm:entity><tm:company Domain="IT" Extension="Inc" value="velocent systems">Velocent Systems</tm:company></tm:entity> <tm:entity><tm:function FunctionCategory="Board" value="names president and coo">Names President and COO</tm:function></tm:entity></title>
<html>
<head>
<meta name="generator" content="HTML Tidy for Windows (vers 14 February 2006), see www.w3.org"/>
<!-- #BeginEditable "doctitle" -->
<title><tm:entity><tm:company Domain="IT" Extension="Inc" value="velocent systems">Velocent Systems</tm:company></tm:entity> <tm:entity><tm:function FunctionCategory="Board" value="names president and coo">Names President and COO</tm:function></tm:entity></title></head>
<body>
<p>Regional vice president of EMEA also appointed to aid growth
overseas</p>
<p><tm:entity><tm:location><tm:country location_country="United States of America"><tm:place>NAPERVILLE</tm:place></tm:country></tm:location></tm:entity>, <tm:entity><tm:location><tm:country location_country="United States of America"><tm:place>Ill.</tm:place></tm:country></tm:location></tm:entity>, <tm:entity><tm:time_expression><tm:relative_time Day="9" Month="Jan." value="jan. 9">Jan. 9</tm:relative_time></tm:time_expression></tm:entity> /PRNewswire/ -- <tm:entity><tm:company Domain="IT" Extension="Inc" value="velocent systems">Velocent Systems</tm:company></tm:entity>, a
provider of solutions that allow wireless carriers to effectively
and efficiently monitor their mobile data networks, today announced
that Mark McIlvane has been appointed president and COO and that
Julien Vernhiet was named regional vice president of the EMEA
region.</p><p>McIlvane has worked with a number of technology companies and
start-ups in the past, helping them to succeed in increasingly
competitive marketplaces. He joins Velocent from Personeta, where
he was <tm:entity><tm:function FunctionCategory="Board" value="president and ceo">president and CEO</tm:function></tm:entity>. Prior to Personeta he was the <tm:entity><tm:function FunctionCategory="Board" value="senior vice president">senior vice
president</tm:function></tm:entity> of sales at IP Unity, and also held several positions at
<tm:entity><tm:company Extension="Corporation" value="clarent">Clarent</tm:company></tm:entity> Corporation, most recently as <tm:entity><tm:function FunctionCategory="Board" value="executive vice president">executive vice president</tm:function></tm:entity> of
business operations.</p>
<p>"We're very fortunate to have Mark join our management team and
share our enthusiasm for the company," said <tm:entity><tm:person Family_Name="Peterson" First_Name="Bruce" Gender="Male" role="Person" value="bruce peterson">Bruce Peterson</tm:person></tm:entity>, <tm:entity><tm:function FunctionCategory="Board" role="Has_Function" value="founder and ceo">founder
and CEO</tm:function></tm:entity> of <tm:entity><tm:company Domain="IT" Extension="Inc" role="Who" value="velocent systems">Velocent Systems</tm:company></tm:entity>. "Mark's unique sales and marketing
background, coupled with his extensive start-up experience, will
play a significant role in helping Velocent meet its aggressive
goals <tm:entity><tm:time_expression><tm:exact_time Year="2008" value="in 2008">in 2008</tm:exact_time></tm:time_expression></tm:entity>."</p><p>Vernhiet joins Velocent as the <tm:entity><tm:function FunctionCategory="Board" value="regional vice president">regional vice president</tm:function></tm:entity> of <tm:entity><tm:organisation Domain="Regulatory" value="european medicines evaluation agency">EMEA</tm:organisation></tm:entity> focusing on sales, business and organizational development. Prior
to joining Velocent, he was division <tm:entity><tm:function FunctionCategory="Board" value="director">director</tm:function></tm:entity> at CTDI Nethouse
Services; sales <tm:entity><tm:function FunctionCategory="Board" value="director">director</tm:function></tm:entity> of <tm:entity><tm:organisation Domain="Regulatory" value="european medicines evaluation agency">EMEA</tm:organisation></tm:entity> for <tm:entity><tm:company Domain="TeleCommunication" value="somera communications">Somera Communications</tm:company></tm:entity>; and
business <tm:entity><tm:function FunctionCategory="Board" value="development manager">development manager</tm:function></tm:entity> at Crown Castle in <tm:entity><tm:location><tm:country><tm:place>Europe</tm:place></tm:country></tm:location></tm:entity>.</p><p>"I've been part of taking two start-up companies to billion
dollar valuations in the past and I'm thrilled to join Velocent
during such an exciting time to build on the foundation that's
already in place and make this the next success story," said
McIlvane, "And with the addition of Julien in <tm:entity><tm:organisation Domain="Regulatory" value="european medicines evaluation agency">EMEA</tm:organisation></tm:entity>, we're primed
for takeoff in what will be a groundbreaking year for the
company."</p><p>Velocent is able to collect up to 130 end-to-end Key Performance
Indicators (KPIs) in real-time, enabling wireless carriers to
better satisfy the needs of their highest average revenue per user
(ARPU) customers and thus reduce the risk of these valuable
customers churning. Velocent is uniquely positioned in the market
to examine the performance of the entire network on an individual
subscribers' basis and enable wireless carriers to isolate where
the problems occur so that they can be addressed as quickly as
possible and prioritized to have the greatest impact.</p>
<p>About <tm:entity><tm:company Domain="IT" Extension="Inc" value="velocent systems">Velocent Systems</tm:company></tm:entity></p><p><tm:entity><tm:company Domain="IT" Extension="Inc" value="velocent systems">Velocent Systems</tm:company></tm:entity>, Inc. has delivered the world's first
cost-effective, all-in-one solution capable of complete end-to-end
mobile data customer experience monitoring, service assurance, and
business intelligence. The software-based DPI product delivers
service quality indicators to isolate and prioritize service
delivery component performance hindrances from the application down
to a user's mobile device. The product gives the carrier views by
device type, software load, cell site, radio interface and the data
network both in the core and outside the core. The views are from
level 2 to level 7, and include accessibility, retainability, and
overall network integrity. Velocent's products are designed to aid
wireless carriers for optimizing their service delivery components
to dramatically reduce costly customer churn and increase average
revenue per user (ARPU) by providing unrivaled visibility into
mobile data service performance.</p><p>More information about <tm:entity><tm:company Domain="IT" Extension="Inc" value="velocent systems">Velocent Systems</tm:company></tm:entity> can be found at <a href="http://www.velocent.com" target="_new">http://www.velocent.com</a>.</p>
</body>
</html>


</doc>

