<doc xmlns:tm="http://www.temis.com/annotations/1.1/">
<metadata>
<aboutcompany value="sona mobile holdings"/>
<releaselocation value="las vegas"/>
<data_source value="prnews"/>
<source value="sona mobile holdings corp."/>
<processing_date>2008-01-21T17:06:58</processing_date>
<date>2008-01-10T09:00:00</date>
<quote symbol="OTC:SNMB" src-company="sona mobile" company="Sona Mobile Holdings Corp." date="2008-01-10" price="0.42"/><quote symbol="NASDAQ:MCRI" src-company="casino resort" company="Monarch Casino &amp; Resort, Inc." date="2008-01-10" price="20.40"/><quote symbol="NYSE:TAP" src-company="brewing" company="Molson Coors Brewing Company" date="2008-01-10" price="51.18"/><quote symbol="COL:BREW" src-company="brew" company="The Ceylon Brewery Limited" date="2008-01-10" price=""/></metadata>
<title>Station Casinos Enters into Joint Development, Licensing and Distribution Partnership with Sona Mobile
</title>
<html>
<head>
<meta name="generator" content="HTML Tidy for Windows (vers 14 February 2006), see www.w3.org"/>
<!-- #BeginEditable "doctitle" -->
<title>Station Casinos Enters into Joint Development, Licensing and
Distribution Partnership with Sona Mobile</title>
</head>
<body>
<p>Sona to provide In-Casino, Internet and Mobile Race and Sports
Wagering</p>
<p>Applications</p>
<p>LAS VEGAS, Jan. 10 /PRNewswire-FirstCall/ -- Sona Mobile
Holdings Corp. (OTC Bulletin Board: SNMB) announced today that it
has entered into a multi-year development and licensing agreement
with Station Casinos, Inc. for the joint development and
integration of Station's race and sports wagering applications. The
jointly developed products may be distributed by Sona worldwide
(other than in the <tm:entity><tm:location><tm:country location_country="United States of America"><tm:place>Las Vegas</tm:place></tm:country></tm:location></tm:entity> locals market, where Station Casinos
has exclusive rights for at least five years) and used by Station
Casinos in its properties. Sona will receive application
development fees and licensing fees, and the parties will share
revenues from applicable race and sports wagers. From time to time,
at its option, Station Casinos may elect to serve as Sona's test
site for certain products contemplated in this agreement.</p>
<p>"We are looking forward to working with Sona to leverage its
existing race and sports application portfolio, which will provide
additional wagering entertainment value, convenience and privacy
for our customers. We like Sona's vision and feel that it's a very
good strategic fit for our company," said Art Manteris, <tm:entity><tm:function FunctionCategory="Board" value="vice president">vice
president</tm:function></tm:entity> of race and sports book operations for Station
Casinos.</p>
<p><tm:entity><tm:person Family_Name="Kreloff" First_Name="Shawn" Gender="Male" role="Person" value="shawn kreloff">Shawn Kreloff</tm:person></tm:entity>, <tm:entity><tm:function FunctionCategory="Board" role="Has_Function" value="chairman and chief executive officer">Chairman and Chief Executive Officer</tm:function></tm:entity> of Sona,
stated: "<tm:entity><tm:company value="station">Station</tm:company></tm:entity> is the leader in the <tm:entity><tm:location><tm:country location_country="United States of America"><tm:place>Las Vegas</tm:place></tm:country></tm:location></tm:entity> locals market, and
runs one of the largest race and sports books in the country. This
is a partnership centered around bringing a state of the art
experience to Station's customers in the race and sports book, at
home on the internet, and on their mobile device. Sona is pleased
to have been chosen as <tm:entity><tm:company Extension="Inc" value="station casinos">Station Casinos</tm:company></tm:entity>' leading provider of race
and sports wagering technology."</p><p>Sona's first licensing fee payment was made upon execution of
the agreement, and development fees will be paid monthly.
Subsequent licensing fees and revenue sharing are subject to
receipt of all necessary <tm:entity><tm:location><tm:country location_country="United States of America"><tm:place>Nevada</tm:place></tm:country></tm:location></tm:entity> gaming regulatory approvals.</p>
<p>About <tm:entity><tm:company Domain="TeleCommunication" Extension="Holdings Corp, Holdings" value="sona mobile">Sona Mobile</tm:company></tm:entity> Holdings</p>
<p>Sona is a leading provider of secure software solutions for
server based gaming and entertainment applications. Sona's
patent-pending technology delivers a rich client experience without
compromising performance or security. Sona's key differentiator is
the innovative Sona Gaming Platform(SGP). Sona utilizes the SGP to
provide clients with wired or wireless server-based gaming content
including slots, table games, video poker and race and sports
wagering -- all from a single screen. The <tm:entity><tm:company Extension="International" value="gaming labs">Gaming Labs</tm:company></tm:entity> International
(<tm:entity><tm:companyticker value="gli">GLI</tm:companyticker></tm:entity>) certified SGP architecture works across a wide range of
mobile devices, kiosks, and computers. The SGP enables clients to
have a similar gaming interface in a casino, at the track, at home
on their computer or on their mobile device.</p><p>About <tm:entity><tm:company Extension="Inc" value="station casinos">Station Casinos</tm:company></tm:entity>, Inc.</p><p><tm:entity><tm:company Extension="Inc" value="station casinos">Station Casinos</tm:company></tm:entity>, Inc. is the leading provider of gaming and
entertainment to the residents of <tm:entity><tm:location><tm:country location_country="United States of America"><tm:place>Las Vegas</tm:place></tm:country></tm:location></tm:entity>, <tm:entity><tm:location><tm:country location_country="United States of America"><tm:place>Nevada</tm:place></tm:country></tm:location></tm:entity>. Station's
properties are regional entertainment destinations and include
various amenities, including numerous restaurants, entertainment
venues, movie theaters, bowling and convention/banquet space, as
well as traditional casino gaming offerings such as video poker,
slot machines, table games, bingo and race and sports wagering.
Station owns and operates <tm:entity><tm:location><tm:country><tm:place>Red Rock</tm:place></tm:country></tm:location></tm:entity> <tm:entity><tm:company Extension="Spa" value="casino resort">Casino Resort</tm:company></tm:entity> Spa, <tm:entity><tm:company Domain="ConsumerGood" value="palace station hotel">Palace
Station Hotel</tm:company></tm:entity>&amp; <tm:entity><tm:company Domain="ConsumerGood, ConsumerGoods" value="casino">Casino</tm:company></tm:entity>, <tm:entity><tm:media><tm:television Location_Continent="America" Location_Country="UnitedStates" value="boulder station">Boulder Station</tm:television></tm:media></tm:entity> Hotel &amp; <tm:entity><tm:company Domain="ConsumerGood, ConsumerGoods" value="casino">Casino</tm:company></tm:entity>,
<tm:entity><tm:media><tm:television Location_Continent="America" Location_Country="Argentina" value="santa fe station">Santa Fe Station</tm:television></tm:media></tm:entity> Hotel &amp; <tm:entity><tm:company Domain="ConsumerGood, ConsumerGoods" value="casino">Casino</tm:company></tm:entity>, Wildfire <tm:entity><tm:company Domain="ConsumerGood, ConsumerGoods" value="casino">Casino</tm:company></tm:entity> and Wild Wild
West Gambling Hall &amp; Hotel in <tm:entity><tm:location><tm:country location_country="United States of America"><tm:place>Las Vegas</tm:place></tm:country></tm:location></tm:entity>, <tm:entity><tm:location><tm:country location_country="United States of America"><tm:place>Nevada</tm:place></tm:country></tm:location></tm:entity>, <tm:entity><tm:media><tm:television Location_Continent="America" Location_Country="UnitedStates" value="texas station">Texas Station</tm:television></tm:media></tm:entity> Gambling Hall &amp; Hotel and Fiesta Rancho <tm:entity><tm:company Domain="ConsumerGood, ConsumerGoods" value="casino">Casino</tm:company></tm:entity> Hotel in North
<tm:entity><tm:location><tm:country location_country="United States of America"><tm:place>Las Vegas</tm:place></tm:country></tm:location></tm:entity>, <tm:entity><tm:location><tm:country location_country="United States of America"><tm:place>Nevada</tm:place></tm:country></tm:location></tm:entity>, and Sunset Station Hotel &amp; <tm:entity><tm:company Domain="ConsumerGood, ConsumerGoods" value="casino">Casino</tm:company></tm:entity>, Fiesta
<tm:entity><tm:location><tm:country location_country="United States of America"><tm:place>Henderson</tm:place></tm:country></tm:location></tm:entity> Casino Hotel, <tm:entity><tm:company value="magic star casino">Magic Star Casino</tm:company></tm:entity>, <tm:entity><tm:company value="gold rush casino">Gold Rush Casino</tm:company></tm:entity> and
<tm:entity><tm:company value="lake mead casino">Lake Mead Casino</tm:company></tm:entity> in <tm:entity><tm:location><tm:country location_country="United States of America"><tm:place>Henderson</tm:place></tm:country></tm:location></tm:entity>, <tm:entity><tm:location><tm:country location_country="United States of America"><tm:place>Nevada</tm:place></tm:country></tm:location></tm:entity>. Station also owns a 50%
interest in <tm:entity><tm:location><tm:country><tm:place>Green Valley</tm:place></tm:country></tm:location></tm:entity> Ranch Station <tm:entity><tm:company Domain="ConsumerGood, ConsumerGoods" value="casino">Casino</tm:company></tm:entity>, Barley's <tm:entity><tm:company Domain="ConsumerGood, ConsumerGoods" value="casino">Casino</tm:company></tm:entity>&amp; <tm:entity><tm:company Extension="Co" value="brewing">Brewing</tm:company></tm:entity> Company and The Greens in <tm:entity><tm:location><tm:country location_country="United States of America"><tm:place>Henderson</tm:place></tm:country></tm:location></tm:entity>, <tm:entity><tm:location><tm:country location_country="United States of America"><tm:place>Nevada</tm:place></tm:country></tm:location></tm:entity> and a
6.7% interest in the joint venture that owns the Palms <tm:entity><tm:company Domain="ConsumerGood, ConsumerGoods" value="casino">Casino</tm:company></tm:entity> Resort in <tm:entity><tm:location><tm:country location_country="United States of America"><tm:place>Las Vegas</tm:place></tm:country></tm:location></tm:entity>, <tm:entity><tm:location><tm:country location_country="United States of America"><tm:place>Nevada</tm:place></tm:country></tm:location></tm:entity>. In addition, Station manages <tm:entity><tm:location><tm:country><tm:place>Thunder
Valley</tm:place></tm:country></tm:location></tm:entity> <tm:entity><tm:company Domain="ConsumerGood, ConsumerGoods" value="casino">Casino</tm:company></tm:entity> near <tm:entity><tm:location><tm:country location_country="United States of America"><tm:place>Sacramento</tm:place></tm:country></tm:location></tm:entity>, <tm:entity><tm:location><tm:country location_country="United States of America"><tm:place>California</tm:place></tm:country></tm:location></tm:entity> on behalf of the United
Auburn Indian Community.</p>
<p>Forward-Looking Statements</p>
<p>Statements made in this news release that relate to future
plans, events or performances are forward-looking statements. Any
statement containing words such as "believes," "anticipates,"
"plans," "expects," or similar words, is forward-looking, and these
statements involve risks and uncertainties and are based on current
expectations. Actual results could differ materially from the
expectations expressed in these forward-looking statements.
Potential risks and uncertainties include those described in Sona's
public filings with the <tm:entity><tm:location><tm:country><tm:place>US</tm:place></tm:country></tm:location></tm:entity> Securities and <tm:entity><tm:organisation value="exchange commission">Exchange
Commission</tm:organisation></tm:entity>.<br/></p><p>For: <tm:entity><tm:company Domain="TeleCommunication" Extension="Holdings Corp, Holdings" value="sona mobile">Sona Mobile</tm:company></tm:entity> Holdings Corp.</p>
<p>Investor Contacts: Media Contact:</p>
<p><tm:entity><tm:person Family_Name="Fromer" First_Name="Todd" Gender="Male" value="todd fromer">Todd Fromer</tm:person></tm:entity>/ <tm:entity><tm:person Family_Name="Donohoe" First_Name="Garth, Russell, Anne" Gender="Male, Female" value="garth russell anne donohoe">Garth Russell Anne Donohoe</tm:person></tm:entity>/ <tm:entity><tm:person Family_Name="Conte" First_Name="Christa" Gender="Female" value="christa conte">Christa Conte</tm:person></tm:entity></p><p>KCSA Worldwide KCSA Worldwide</p>
<p>212-896-1215 / 212-896-1250 212-896-1261 / 212-896-1238</p>
<p><a href="mailto:tfromer@kcsa.com"><tm:entity><tm:email value="tfromer@kcsa.com">tfromer@kcsa.com</tm:email></tm:entity></a>/
<a href="mailto:grussell@kcsa.com"><tm:entity><tm:email value="grussell@kcsa.com">grussell@kcsa.com</tm:email></tm:entity></a><a href="mailto:adonohoe@kcsa.com"><tm:entity><tm:email value="adonohoe@kcsa.com">adonohoe@kcsa.com</tm:email></tm:entity></a>/ <a href="mailto:cconte@kcsa.com"><tm:entity><tm:email value="cconte@kcsa.com">cconte@kcsa.com</tm:email></tm:entity></a></p></body>
</html>


</doc>

