<doc xmlns:tm="http://www.temis.com/annotations/1.1/">
<metadata>
<aboutcompany value="open text"/>
<releaselocation value="chicago"/>
<data_source value="prnews"/>
<source value="open text corporation"/>
<processing_date>2008-01-21T17:10:07</processing_date>
<date>2008-01-09T10:15:00</date>
<quote symbol="NASDAQ:ORCL" src-company="oracle" company="Oracle Corporation" date="2008-01-09" price="21.61"/><quote symbol="OTC:USCM" src-company="usci" company="USCI, Inc." date="2008-01-09" price="0.0011"/></metadata>
<title>USCI Chooses Open Text for Accounts Payable Integration with Oracle(R) E-Business Suite
</title>
<html>
<head>
<meta name="generator" content="HTML Tidy for Windows (vers 14 February 2006), see www.w3.org"/>
<!-- #BeginEditable "doctitle" -->
<title>USCI Chooses Open Text for Accounts Payable Integration with
Oracle(R) E-Business Suite</title>
</head>
<body>
<p>Solutions Will Save Time and Money, Eliminate Paper-based
Processes and Add</p>
<p>Value to <tm:entity><tm:company><tm:potential_company role="Who" value="usci">USCI</tm:potential_company></tm:company></tm:entity>'s Investment In <tm:entity><tm:company Domain="IT" Extension="Corporation" role="Whom" value="oracle">Oracle</tm:company></tm:entity> Solutions Web Services
Bridge the Gap Between Structured and Unstructured Content</p>
<p><tm:entity><tm:location><tm:country location_country="United States of America"><tm:place>CHICAGO</tm:place></tm:country></tm:location></tm:entity>, <tm:entity><tm:time_expression><tm:relative_time Day="9" Month="Jan." value="jan. 9">Jan. 9</tm:relative_time></tm:time_expression></tm:entity> /PRNewswire-FirstCall/ - Getting more control
over thousands of invoices can save money for any company, but
<tm:entity><tm:company Extension="Co, Inc" value="utility service">Utility Service</tm:company></tm:entity> Company, Inc (<tm:entity><tm:company><tm:abbreviation value="usci">USCI</tm:abbreviation></tm:company></tm:entity>) has found a way to deliver far
more benefits in cost savings and efficiencies with a software
solution from <tm:entity><tm:company value="open text ( tm )">Open Text(TM)</tm:company></tm:entity>(<tm:entity><tm:stockindex value="nasdaq">NASDAQ</tm:stockindex></tm:entity>: <a class="small" href="http://studio-5.financialcontent.com/prnews?Page=Quote&amp;Ticker=OTEX" onclick="var s=s_gi(s_account); var hd1 = document.getElementById('headline'); s.tl(this,'o',getLinkName('Company Sanpshot'));">OTEX</a>, TSX: OTC), a global leader in enterprise content
management (ECM).</p>
<p>USCI selected Open Text's Livelink ECM - Accounts Payable
solution to add ECM capabilities to its Oracle E-Business Suite
implementation. The solution will eliminate paper processes and
manual data entry to improve accounts payable efficiency and reduce
costs. But USCI's solution will also help the company provide more
complete views of customer or project information across systems
and help the company manage business and compliance rules.</p>
<p>Based near <tm:entity><tm:location><tm:country location_country="United States of America"><tm:place>Atlanta</tm:place></tm:country></tm:location></tm:entity>, <tm:entity><tm:location><tm:country location_country="United States of America"><tm:place>Georgia</tm:place></tm:country></tm:location></tm:entity>, <tm:entity><tm:company value="usci">USCI</tm:company></tm:entity> is a leading provider of
services that help cities, counties and other government
organizations purchase and manage water tanks. USCI maintains
thousands of elevated tanks under full-service maintenance
contracts throughout the <tm:entity><tm:location><tm:country><tm:place>U.S.</tm:place></tm:country></tm:location></tm:entity> and also provides a full-range of
integrated water tank services, including sales and leasing of new
tanks, cellular antenna site marketing and management, and
communication site construction.</p>
<p>USCI chose the <tm:entity><tm:company Domain="IT" Extension="Corporation" value="oracle">Oracle</tm:company></tm:entity> E-Business Suite for its core ERP solution
to drive centralization of its accounts payable processes. To go
with its new <tm:entity><tm:company Domain="IT" Extension="Corporation" value="oracle">Oracle</tm:company></tm:entity> solution, the company began looking at ECM
solutions to help manage a fast-growing volume of documents from
accounts payable, which had become increasingly difficult to manage
with the company's rapid growth. At the top of USCI's shopping list
was a solution that could eliminate paper, manage documents
efficiently online, and work seamlessly with the company's new
Oracle E-Business Suite implementation.</p>
<p>USCI chose Open Text's solution because of its ability to manage
all accounts payable documents and document processes, plus
archiving and storage. A major driver for USCI's decision was that
Open Text's solution utilizes Web services to manage and provide
access to content in multiple systems, allowing USCI to connect
structured content in <tm:entity><tm:company Domain="IT" Extension="Corporation" value="oracle">Oracle</tm:company></tm:entity> to related unstructured content, such
as email and other information, stored in other systems. This
allows USCI staff to view content in the context of a specific
customer account or project, regardless of the system where the
content is stored. It also helps USCI manage business and
compliance rules for content consistently across systems.</p>
<p>"The <tm:entity><tm:company Domain="IT" Extension="Corporation" value="oracle">Oracle</tm:company></tm:entity> E-Business Suite has been a powerful solution to
help us reduce costs and increase productivity," said <tm:entity><tm:person Family_Name="Al-khazraji" First_Name="David" Gender="Male" role="Person" value="david al-khazraji">David
Al-Khazraji</tm:person></tm:entity>, <tm:entity><tm:function FunctionCategory="Board" role="Has_Function" value="it director">IT Director</tm:function></tm:entity> at <tm:entity><tm:company><tm:potential_company role="Who" value="usci">USCI</tm:potential_company></tm:company></tm:entity>. "But to help us get a handle on
documents, in particular the 40,000+ invoices we have to process
every year, we needed an ECM solution that could tie in tightly
with <tm:entity><tm:company Domain="IT" Extension="Corporation" value="oracle">Oracle</tm:company></tm:entity>. Open Text offered all the expertise and capabilities
we needed, with the added plus of a Web services-based solution
that will allow us to provide a unique 360-degree view of each
customer. This <tm:entity><tm:function FunctionCategory="Board" value="means managers">means managers</tm:function></tm:entity> working with a customer have access
to all relevant information, without having to log in to different
systems. This saves time and improves productivity, while helping
staff make the best decisions with all the information at
hand."</p>
<p>"USCI is a clear example of how companies can take a strategic
approach to a difficult challenge like accounts payable and not
only improve the way they handle invoices, but also deliver broader
benefits that can improve their business and their bottomline,"
said <tm:entity><tm:person Family_Name="Vangell" First_Name="Ron" Gender="Male" role="Person" value="ron vangell">Ron Vangell</tm:person></tm:entity>, <tm:entity><tm:function FunctionCategory="Board" role="Has_Function" value="vice president and general manager of open text">Vice President and General Manager of Open Text</tm:function></tm:entity>'s
<tm:entity><tm:company Domain="IT" Extension="Group" value="oracle solutions">Oracle Solutions</tm:company></tm:entity> Group.</p>
<p>Longer term, according to USCI's <tm:entity><tm:person Family_Name="Al-khazraji" First_Name="David" Gender="Male" role="Person" value="david al-khazraji">Al-Khazraji</tm:person></tm:entity>, the company will
look for ways to extend its Open Text solution. One area of
interest involves contract governance: Ensuring that USCI
<tm:entity><tm:function FunctionCategory="Other" value="consultants">consultants</tm:function></tm:entity> are staying within the scope of work defined by
contracts, and that the company's project teams are managing
milestones and change orders properly to avoid penalties and
delays. "Managing contract details is critical. We think Open
Text's solution working with <tm:entity><tm:company Domain="IT" Extension="Corporation" value="oracle">Oracle</tm:company></tm:entity>'s can help us manage these
details more efficiently, so that we can reduce these risks and,
more importantly, improve services to customers," said
<tm:entity><tm:person Family_Name="Al-khazraji" First_Name="David" Gender="Male" role="Person" value="david al-khazraji">Al-Khazraji</tm:person></tm:entity>.</p><p>For more information on Open Text's Livelink ECM - Accounts
Payable for <tm:entity><tm:company Domain="IT" Extension="Corporation" value="oracle">Oracle</tm:company></tm:entity> E-Business Suite, go to: <a href="http://www.opentext.com/2/sol-products/sol-pro-extensions-oracle/" target="_new">http://www.opentext.com/2/sol-products/sol-pro-extensions-oracle/</a>
pro-ll-ap-oracle-ebusiness-suite.htm<br/></p>
<p>Open Text is Certified Partner in the Oracle PartnerNetwork.</p>
<p>About Open Text</p>
<p><tm:entity><tm:company Extension="Corporation" value="open text">Open Text</tm:company></tm:entity>, an enterprise software company and leader in
enterprise content management, helps organizations manage and gain
the true value of their business content. Open Text brings two
decades of expertise supporting 46,000 customers and millions of
users in 114 countries. Working with our customers and partners, we
bring together leading Content Experts(TM) to help organizations
capture and preserve corporate memory, increase brand equity,
automate processes, mitigate risk, manage compliance and improve
competitiveness. For more information, visit <a href="http://www.opentext.com" target="_new">http://www.opentext.com</a>.</p><p><tm:entity><tm:location><tm:country><tm:place>Safe Harbor</tm:place></tm:country></tm:location></tm:entity> Statement Under the Private Securities Litigation
Reform Act</p>
<p>of 1995</p>
<p>This news release may contain forward-looking statements
relating to the success of any of the Company's strategic
initiatives, the Company's growth and profitability prospects, the
benefits of the Company's products to be realized by customers, the
Company's position in the market and future opportunities therein,
the deployment of Livelink and our other products by customers, and
future performance of <tm:entity><tm:company Extension="Corporation" value="open text">Open Text</tm:company></tm:entity> Corporation. Forward-looking
statements may also include, without limitation, any statement
relating to future events, conditions or circumstances.
Forward-looking statements in this release are not promises or
guarantees and are subject to certain risks and uncertainties, and
actual results may differ materially. The risks and uncertainties
that may affect forward-looking statements include, among others,
the failure to develop new products, risks involved in fluctuations
in currency exchange rates, delays in purchasing decisions of
customers, the completion and integration of acquisitions, the
possibility of technical, logistical or planning issues in
connection with deployments, the continuous commitment of the
Company's customers, demand for the Company's products and other
risks detailed from time to time in the Company's filings with the
Securities and <tm:entity><tm:organisation value="exchange commission">Exchange Commission</tm:organisation></tm:entity>(<tm:entity><tm:organisation><tm:abbreviation value="sec">SEC</tm:abbreviation></tm:organisation></tm:entity>), including the Form 10-K
<tm:entity><tm:time_expression><tm:duration To="June 30 , 2007" value="for the year ended june 30 , 2007">for the year ended June 30, 2007</tm:duration></tm:time_expression></tm:entity>. You should not place undue
reliance upon any such forward-looking statements, which are based
on management's beliefs and opinions at the time the statements are
made, and the Company does not undertake any obligations to update
forward-looking statements should circumstances or management's
beliefs or opinions change.</p><p>Copyright (C) 2008 by <tm:entity><tm:company Extension="Corporation" value="open text">Open Text</tm:company></tm:entity> Corporation. LIVELINK ECM and
OPEN TEXT are trademarks or registered trademarks of <tm:entity><tm:company Extension="Corporation" value="open text">Open Text</tm:company></tm:entity> Corporation in the <tm:entity><tm:location><tm:country><tm:place>United States of America</tm:place></tm:country></tm:location></tm:entity>, <tm:entity><tm:location><tm:country><tm:place>Canada</tm:place></tm:country></tm:location></tm:entity>, the <tm:entity><tm:organisation Domain="Governmental" value="european union">European
Union</tm:organisation></tm:entity> and/or other countries. This list of trademarks is not
exhaustive. <tm:entity><tm:company Domain="IT" Extension="Corporation" value="oracle">Oracle</tm:company></tm:entity> is a registered trademark of <tm:entity><tm:company Domain="IT" Extension="Corporation" value="oracle">Oracle</tm:company></tm:entity> Corporation
and/or its affiliates. Other trademarks, registered trademarks,
product names, company names, brands and service names mentioned
herein are property of Open Text Corporation or <tm:entity><tm:function FunctionCategory="Board" value="other respective owners">other respective
owners</tm:function></tm:entity>.</p></body>
</html>


</doc>

