<doc xmlns:tm="http://www.temis.com/annotations/1.1/">
<metadata>
<releaselocation value="washington"/>
<data_source value="prnews"/>
<source value="the free file alliance"/>
<processing_date>2008-01-21T17:00:57</processing_date>
<date>2008-01-11T12:22:00</date>
</metadata>
<title>Free File Alliance Announces 2008 Launch - Sixth Year of Free Tax Preparation Services Serving American Taxpayers
</title>
<html>
<head>
<meta name="generator" content="HTML Tidy for Windows (vers 14 February 2006), see www.w3.org"/>
<!-- #BeginEditable "doctitle" -->
<title>Free File Alliance Announces 2008 Launch - Sixth Year of
Free Tax Preparation Services Serving American Taxpayers</title>
</head>
<body>
<p><tm:entity><tm:location><tm:country location_country="United States of America"><tm:place>WASHINGTON</tm:place></tm:country></tm:location></tm:entity>, <tm:entity><tm:time_expression><tm:relative_time Day="11" Month="Jan." value="jan. 11">Jan. 11</tm:relative_time></tm:time_expression></tm:entity> /PRNewswire/ -- The Free File Alliance
<a href="http://www.freefilealliance.com" target="_new">(http://www.freefilealliance.com</a>), a voluntary coalition
of private sector tax software preparation companies that have a
landmark public-private partnership with the Internal Revenue
Service to provide free tax preparation services to millions of
Americans, announced today that it is <tm:entity><tm:time_expression><tm:duration From="sixth year" value="beginning its sixth year">beginning its sixth year</tm:duration></tm:time_expression></tm:entity> of
operation <tm:entity><tm:time_expression><tm:exact_time Year="2008" value="for the 2008">for the 2008</tm:exact_time></tm:time_expression></tm:entity> tax season.</p>
<p>"This public-private partnership has allowed more than 19.2
million taxpayers, most with low and moderate incomes, to file tax
returns at no charge <tm:entity><tm:time_expression><tm:duration value="over the last five years ,">over the last five years,</tm:duration></tm:time_expression></tm:entity>" said <tm:entity><tm:person Family_Name="Hugo" First_Name="Tim" Gender="Male" role="Person" value="tim hugo">Tim Hugo</tm:person></tm:entity>, the
<tm:entity><tm:function FunctionCategory="Board" role="Has_Function" value="executive director of the free file alliance">executive director of the Free File Alliance</tm:function></tm:entity>. "This program
includes 19 innovative private sector tax preparation companies
which provide critical assistance to taxpayers at no charge."</p><p>Through the Free File Alliance, the tax software industry will
make free services available to 70% of American taxpayers <tm:entity><tm:time_expression><tm:exact_time Year="2008" value="in 2008">in 2008</tm:exact_time></tm:time_expression></tm:entity>,
including all 95 million taxpayers with an adjusted gross income of
$54,000 or less. Taxpayers who would like to take advantage of the
program can find the Free File program on the Internal Revenue
Service website, <a href="http://www.irs.gov" target="_new">http://www.irs.gov</a>or may go to <tm:entity><tm:company value="freefilealliance">freefilealliance.com</tm:company></tm:entity>. On
irs.gov, taxpayers can find the offers made by industry
participants and choose the offer that fits their needs. The
taxpayer is then transferred to the company's website to prepare
and electronic file their taxes.</p><p>"The Free File Alliance is an innovative one-of-a-kind
partnership with the IRS that offers free federal tax services to
millions of low and moderate income Americans", said <tm:entity><tm:person Family_Name="Hugo" First_Name="Tim" Gender="Male" role="Person" value="tim hugo">Hugo</tm:person></tm:entity>. "We have
worked hard to strengthen Free File every year and incorporate
user-friendly consumer protections into the program. We are proud
that the Free File initiative has a tremendous track record of
success, with taxpayer surveys that indicate a nearly 100 percent
satisfaction rate."</p><p>The Free File Alliance companies have worked with the IRS every
year to improve the program and adhere to a series of
consumer-friendly "best practices."</p>
<p>"This unique partnership between government and private sector
companies provides very real and significant benefits to poor and
disadvantaged taxpayers," said the Alliance's <tm:entity><tm:function FunctionCategory="Other" value="lawyer">lawyer</tm:function></tm:entity> <tm:entity><tm:person Family_Name="Ryan" First_Name="Stephen" Gender="Male" value="stephen ryan">Stephen Ryan</tm:person></tm:entity> of McDermott, Will and Emery. "It also keeps government out of tax
preparation, protecting taxpayer privacy and promoting private
sector innovation and competition."</p>
<p><tm:entity><tm:time_expression><tm:relative_time value="earlier this year">Earlier this year</tm:relative_time></tm:time_expression></tm:entity>, taxpayers responding to an IRS survey
reported an overwhelming level of satisfaction with the
program.</p><p>According to the survey, 95 percent said they intend to use Free
File again <tm:entity><tm:time_expression><tm:relative_time value="next year">next year</tm:relative_time></tm:time_expression></tm:entity>, 99 percent said they found Free File very
easy or somewhat easy to use and 98 percent said they would
recommend Free File to others. Convenience, plus the free cost, are
the most appealing factors of Free File.</p></body>
</html>


</doc>

