<doc xmlns:tm="http://www.temis.com/annotations/1.1/">
<metadata>
<aboutcompany value="health management systems"/>
<releaselocation value="new york"/>
<data_source value="prnews"/>
<source value="health management systems"/>
<processing_date>2008-01-21T17:05:18</processing_date>
<date>2008-01-10T10:36:00</date>
<quote symbol="LON:HMS" src-company="hms" company="Hallin Marine Subsea International Plc" date="2008-01-10" price=""/></metadata>
<title><tm:entity><tm:location><tm:country><tm:place>Los Angeles</tm:place></tm:country></tm:location></tm:entity> County Extends Contract with <tm:entity><tm:company><tm:potential_company role="Whom" value="health management systems">Health Management Systems</tm:potential_company></tm:company></tm:entity></title>
<html>
<head>
<meta name="generator" content="HTML Tidy for Windows (vers 14 February 2006), see www.w3.org"/>
<!-- #BeginEditable "doctitle" -->
<title><tm:entity><tm:location><tm:country><tm:place>Los Angeles</tm:place></tm:country></tm:location></tm:entity> County Extends Contract with <tm:entity><tm:company><tm:potential_company role="Whom" value="health management systems">Health Management
Systems</tm:potential_company></tm:company></tm:entity></title></head>
<body>
<p><tm:entity><tm:location><tm:country location_country="United States of America"><tm:place>NEW YORK</tm:place></tm:country></tm:location></tm:entity>, <tm:entity><tm:time_expression><tm:relative_time Day="10" Month="Jan." value="jan. 10">Jan. 10</tm:relative_time></tm:time_expression></tm:entity> /PRNewswire-FirstCall/ -- The County of <tm:entity><tm:location><tm:country><tm:place>Los
Angeles</tm:place></tm:country></tm:location></tm:entity> Office of Managed Care has extended its current contract
with <tm:entity><tm:company Extension="Inc." role="Whom" value="health management systems">Health Management Systems</tm:company></tm:entity>, Inc. (<tm:entity><tm:companyticker value="hms">HMS</tm:companyticker></tm:entity>) to maintain county
public health and managed care information systems. Under the
contract, HMS will continue to provide proprietary software
solutions and data management services to the county's Office of
Managed Care (OMC) <tm:entity><tm:time_expression><tm:duration Year="2009" value="through 2009">through 2009</tm:duration></tm:time_expression></tm:entity>.</p><p>(Logo: <a href="http://www.newscom.com/cgi-bin/prnh/20030304/NYTU172LOGO" target="_new">http://www.newscom.com/cgi-bin/prnh/20030304/NYTU172LOGO</a>
)</p>
<p>The OMC operates Community Health Plan, a federally qualified
health maintenance organization that provides low- or no-cost
services through <tm:entity><tm:location><tm:country location_country="United States of America"><tm:place>California</tm:place></tm:country></tm:location></tm:entity> state healthcare programs, including
the <tm:entity><tm:location><tm:country location_country="United States of America"><tm:place>California</tm:place></tm:country></tm:location></tm:entity> Medicaid program (Medi-Cal), to more than 160,000
<tm:entity><tm:function FunctionCategory="Board" value="members">members</tm:function></tm:entity>. The OMC is part of the <tm:entity><tm:location><tm:country><tm:place>Los Angeles</tm:place></tm:country></tm:location></tm:entity> County <tm:entity><tm:organisation Domain="Governmental" value="department of health">Department of
Health</tm:organisation></tm:entity> Services, which oversees environmental, community, and
family health for nearly 10 million residents.</p>
<p>"<tm:entity><tm:time_expression><tm:duration value="over the years ,">Over the years,</tm:duration></tm:time_expression></tm:entity> HMS has teamed successfully with <tm:entity><tm:location><tm:country><tm:place>Los Angeles</tm:place></tm:country></tm:location></tm:entity> County in the effort to manage healthcare costs wisely, and we are
honored to be chosen once again for this mission," said <tm:entity><tm:person Family_Name="Lucia" First_Name="Bill" Gender="Male" role="Person" value="bill lucia">Bill Lucia</tm:person></tm:entity>,
<tm:entity><tm:function FunctionCategory="Board" role="Has_Function" value="president">President</tm:function></tm:entity> of <tm:entity><tm:company><tm:potential_company role="Who" value="hms">HMS</tm:potential_company></tm:company></tm:entity>. "We will continue to leverage our expertise to
help government-sponsored healthcare plans and healthcare agencies
meet new fiscal challenges."</p><p>About Health Management Systems</p>
<p><tm:entity><tm:company value="hms">HMS</tm:company></tm:entity>(<tm:entity><tm:stockindex value="nasdaq">Nasdaq</tm:stockindex></tm:entity>: <a class="small" href="http://studio-5.financialcontent.com/prnews?Page=Quote&amp;Ticker=HMSY" onclick="var s=s_gi(s_account); var hd1 = document.getElementById('headline'); s.tl(this,'o',getLinkName('Company Sanpshot'));">HMSY</a>) is the nation's leader in cost management, coordination
of benefits, and program integrity services for government
healthcare programs. The company serves the Medicaid programs of 40
states, 72 Medicaid managed care plans, the Centers for <tm:entity><tm:organisation Domain="Health" value="medicare">Medicare</tm:organisation></tm:entity> and Medicaid Services (CMS), child support agencies, SCHIP, and
<tm:entity><tm:organisation value="veterans administration">Veterans Administration</tm:organisation></tm:entity> facilities. HMS helps ensure that
healthcare claims are paid correctly and by the responsible party.
As a result of the company's services, government healthcare
programs recover over <tm:entity><tm:money_expression><tm:money Amount="1.0 billion" Currency="Dollar" value="$1.0 billion">$1.0 billion</tm:money></tm:money_expression></tm:entity> annually, and obtain access to
data that helps them prevent billions more in erroneous
payments.<br/></p>
<p>Contacts: <tm:entity><tm:person Family_Name="Marraro" First_Name="Francesca" Gender="Female" value="francesca marraro">Francesca Marraro</tm:person></tm:entity>(media relations)</p>
<p>(212) 857-5442</p>
<p><a href="mailto:fmarraro@hmsy.com"><tm:entity><tm:email value="fmarraro@hmsy.com">fmarraro@hmsy.com</tm:email></tm:entity></a></p><p><tm:entity><tm:person Family_Name="Rogers" First_Name="Christine" Gender="Female" value="christine rogers">Christine Rogers</tm:person></tm:entity>(investor relations)</p>
<p>(212) 857-5986</p>
<p><a href="mailto:crogers@hmsy.com"><tm:entity><tm:email value="crogers@hmsy.com">crogers@hmsy.com</tm:email></tm:entity></a></p></body>
</html>


</doc>

