<doc xmlns:tm="http://www.temis.com/annotations/1.1/">
<metadata>
<aboutcompany value="clipsyndicate"/>
<releaselocation value="new york"/>
<data_source value="prnews"/>
<source value="clipsyndicate"/>
<processing_date>2008-01-21T17:09:39</processing_date>
<date>2008-01-09T11:06:00</date>
<quote symbol="NASDAQ:FSCI" src-company="fisher communications" company="Fisher Communications, Inc." date="2008-01-09" price="35.85"/></metadata>
<title>ClipSyndicate's Video Search API Released to Social Network, Social News and Video Search Platform Developers
</title>
<html>
<head>
<meta name="generator" content="HTML Tidy for Windows (vers 14 February 2006), see www.w3.org"/>
<!-- #BeginEditable "doctitle" -->
<title>ClipSyndicate's Video Search API Released to Social Network,
Social News and Video Search Platform Developers</title>
</head>
<body>
<p><tm:entity><tm:location><tm:country location_country="United States of America"><tm:place>NEW YORK</tm:place></tm:country></tm:location></tm:entity>, <tm:entity><tm:time_expression><tm:relative_time Day="9" Month="Jan." value="jan. 9">Jan. 9</tm:relative_time></tm:time_expression></tm:entity> /PRNewswire/ -- ClipSyndicate, a service of
Critical Media's <tm:entity><tm:company value="media">Media</tm:company></tm:entity> and <tm:entity><tm:company Extension="Group" value="publishing services">Publishing Services</tm:company></tm:entity> Group, today
announced the release of its search API to social network, social
news and video syndication application developers. The release
falls under its standard revenue-share terms for web publishers.
With the newly-released API, <tm:entity><tm:company><tm:potential_company role="Who" value="clipsyndicate">ClipSyndicate</tm:potential_company></tm:company></tm:entity>, a rapidly growing,
ad-supported video syndication platform for licensed content, will
provide participating developers with a deep level of access and
integration options beginning with an archive of over 200,000
broadcast video clips delivered immediately as embedded flash
files. In partnership with more broadcast affiliate partners than
any other online syndication platform, applications and widgets
developed through ClipSyndicate will have access to feeds with over
1,000 new video news clips per day.</p><p>Interested developers must contact <a href="mailto:info@clipsyndicate.com"><tm:entity><tm:email value="info@clipsyndicate.com">info@clipsyndicate.com</tm:email></tm:entity></a>to join
the program.</p>
<p>"By distributing our API, we are providing on-demand access to
our entire ClipSyndicate video archive as well as breaking news
clips delivered from our platform in near real-time," said <tm:entity><tm:person Family_Name="Morgan" First_Name="Sean" Gender="Male" role="Person" value="sean morgan">Sean
Morgan</tm:person></tm:entity>, <tm:entity><tm:function FunctionCategory="Board" role="Has_Function" value="ceo of critical media">CEO of Critical Media</tm:function></tm:entity>. "From a revenue perspective, this
type of distribution allows us to develop new revenue streams based
on delivering banner and video ads tied to keyword search terms
passed through our API. Typically, vertical sites use ClipSyndicate
to syndicate highly relevant, authoritative video news content
where we deliver ads based on the vertical category of the
referring web site. With the API release, we are now able to open
up contextual ad delivery opportunities at horizontal sites.
Additionally, the API will no longer require that videos play at
the ClipSyndicate website; instead, our customizable and embeddable
flash player is pulled directly into each new application to enable
easy integration with websites, applications, and social news and
networking platforms."</p><p><tm:entity><tm:company><tm:potential_company role="Who" value="lingospot">Lingospot</tm:potential_company></tm:company></tm:entity>, an in-text content discovery service, has been
linking to ClipSyndicate through RSS integration and local storage
on <tm:entity><tm:company><tm:potential_company role="Who" value="lingospot">Lingospot</tm:potential_company></tm:company></tm:entity> servers. The <tm:entity><tm:company><tm:potential_company role="Who" value="lingospot">Lingospot</tm:potential_company></tm:company></tm:entity> service identifies interesting
terms on a publisher's page and automatically creates <tm:entity><tm:company><tm:potential_company role="Who" value="lingospot">Lingospot</tm:potential_company></tm:company></tm:entity> bubbles linked to these terms. These bubbles include links that
point to, among other content, relevant ClipSyndicate video. When a
user clicks on a ClipSyndicate video link, the video will play in a
small video player within the <tm:entity><tm:company><tm:potential_company role="Who" value="lingospot">Lingospot</tm:potential_company></tm:company></tm:entity> bubble.</p>
<p>With the ClipSyndicate API integration complete, <tm:entity><tm:company><tm:potential_company role="Who" value="lingospot">Lingospot</tm:potential_company></tm:company></tm:entity> is no
longer required to store, archive and integrate thousands of videos
per day. Instead, the API provides instant access to all video in
the ClipSyndicate archive on an on-demand basis, with no effort
required by <tm:entity><tm:company><tm:potential_company role="Who" value="lingospot">Lingospot</tm:potential_company></tm:company></tm:entity> to manage clips. More importantly, the
embeddable flash player is now a stand-alone component and
completely independent from <tm:entity><tm:company value="clipsyndicate">clipsyndicate.com</tm:company></tm:entity>. Clips are pulled
directly into the application immediately upon being considered
relevant to pages using the Lingospot application. The reader can
watch the relevant ClipSyndicate video and then continue reading
the article.</p><p>"I am very excited about integrating the Lingospot Platform with
the ClipSyndicate API and giving our publishers and their readers
immediate access to video licensed from major news producers
internationally, including <tm:entity><tm:company><tm:potential_company role="Whom" value="clear channel television">Clear Channel Television</tm:potential_company></tm:company></tm:entity>, and the <tm:entity><tm:company Extension="Group" value="fox television station">FOX
Television Station</tm:company></tm:entity> Group, <tm:entity><tm:company Domain="TeleCommunication" value="fisher communications">Fisher Communications</tm:company></tm:entity>, <tm:entity><tm:company Domain="TeleCommunication" value="bloomberg television">Bloomberg
Television</tm:company></tm:entity>, and Meredith Corporation, among others," said <tm:entity><tm:person Family_Name="Iatropoulos" First_Name="Nikos" Gender="Male" role="Person" value="nikos iatropoulos">Nikos
Iatropoulos</tm:person></tm:entity>, <tm:entity><tm:function FunctionCategory="Board" role="Has_Function" value="chief executive officer">CEO</tm:function></tm:entity> of <tm:entity><tm:company><tm:potential_company role="Who" value="lingospot">Lingospot</tm:potential_company></tm:company></tm:entity>. "ClipSyndicate enables us to deliver
the most in-depth, authoritative and continually-replenishing video
news material available to our publishers and their readers and,
with the API, we can now deliver this content within the <tm:entity><tm:company><tm:potential_company role="Who" value="lingospot">Lingospot</tm:potential_company></tm:company></tm:entity> bubble."</p>
<p><tm:entity><tm:time_expression><tm:relative_time value="last week">Last week</tm:relative_time></tm:time_expression></tm:entity>, Magnify.net announced it is using the ClipSyndicate
API to make a broadcast news video search application available to
thousands of channel creators who wish to search and publish
topical video channels. By using the API, Magnify users can search
any topic and view aggregate results from ClipSyndicate, then
instantly publish the best clips to their personal video pages.</p><p>About ClipSyndicate</p>
<p><tm:entity><tm:company><tm:potential_company role="Who" value="clipsyndicate">ClipSyndicate</tm:potential_company></tm:company></tm:entity> is an ad-supported platform for aggregating,
distributing and monetizing licensed video and audio assets in near
real-time on the Web. The platform is positioned to become the
definitive syndication network for video news assets, having more
license agreements with more authoritative news outlets than any
other online syndication platform. Viral distribution of highly
monetizable Professionally Generated Media ("PGM") clips across
thousands of high-quality registered websites aligns <tm:entity><tm:function FunctionCategory="Board" value="content owners">content owners</tm:function></tm:entity> and web publishers with the interests of long tail <tm:entity><tm:function FunctionCategory="Other" value="advertisers">advertisers</tm:function></tm:entity> looking for brand-safe inventory online. For more information
please visit <tm:entity><tm:company value="clipsyndicate">ClipSyndicate.com</tm:company></tm:entity>.</p><p>About Critical Media</p>
<p><tm:entity><tm:company Domain="Media" Extension="Inc" value="critical media">Critical Media</tm:company></tm:entity> Inc. is a company at the forefront of real-time
broadcast media capture, search, syndication and information
services. The Company provides tools and services to content
consumers, providers, distributors and <tm:entity><tm:function FunctionCategory="Other" value="advertisers">advertisers</tm:function></tm:entity>, leveraging its
real-time broadcast capture infrastructure. Every day, Critical
Media digitizes and monetizes over 10,000 hours of keyword
searchable broadcast content from 4 continents. The Company is
comprised of three divisions, The <tm:entity><tm:company Extension="Group" value="information services">Information Services</tm:company></tm:entity> Group which
markets Critical Mention(SM), the company's dynamic real-time
business intelligence platform, utilized by 25% of the Fortune 100,
the <tm:entity><tm:company value="media">Media</tm:company></tm:entity> and <tm:entity><tm:company Extension="Group" value="consumer services">Consumer Services</tm:company></tm:entity> Group which is focused on building
ClipSyndicate into the world's largest repository of fully
searchable authoritative video news and information, and the
<tm:entity><tm:company Extension="Group" value="broadcaster services">Broadcaster Services</tm:company></tm:entity> Group focused on providing broadcasters and
<tm:entity><tm:function FunctionCategory="Board" value="other content owners">other content owners</tm:function></tm:entity> with risk-free, streamlined solutions, such as
its clip publishing platform, Syndicaster(TM), intended to take all
complexity out of distributing and monetizing their video assets
online. Critical Media was founded <tm:entity><tm:time_expression><tm:exact_time Year="2002" value="in 2002">in 2002</tm:exact_time></tm:time_expression></tm:entity> under the name Critical
Mention by one of the <tm:entity><tm:function FunctionCategory="Board" value="founders of screaming media">founders of Screaming Media</tm:function></tm:entity>-- one of the
largest text syndication companies on the Internet now owned by <tm:entity><tm:stockindex value="dow jones">Dow
Jones</tm:stockindex></tm:entity>, Inc. and is headquartered in <tm:entity><tm:location><tm:country location_country="United States of America"><tm:place>New York City</tm:place></tm:country></tm:location></tm:entity>. For more
information please visit <a href="http://www.criticalmediainc.com" target="_new">http://www.criticalmediainc.com</a>.</p><p>About <tm:entity><tm:company><tm:potential_company role="Who" value="lingospot">Lingospot</tm:potential_company></tm:company></tm:entity></p><p><tm:entity><tm:company><tm:potential_company role="Who" value="lingospot">Lingospot</tm:potential_company></tm:company></tm:entity>, based in <tm:entity><tm:location><tm:country location_country="United States of America"><tm:place>Los Angeles</tm:place></tm:country></tm:location></tm:entity>, is a search and content
aggregation service that enables publishers to dynamically
crosslink their content and increase their readers' engagement with
no extra effort other than the words they put on their pages.</p><p>The company was formed to capitalize on five years of PhD
research in natural language processing and search. Using its
patent-pending natural language search technologies, <tm:entity><tm:company><tm:potential_company role="Who" value="lingospot">Lingospot</tm:potential_company></tm:company></tm:entity> drives online readers' discovery of new content leading to
incremental page views and an increase in time spent. To date, the
company has indexed over 2 Billion pages and has served over 3
Billion <tm:entity><tm:company><tm:potential_company role="Who" value="lingospot">Lingospot</tm:potential_company></tm:company></tm:entity> keywords.</p>
</body>
</html>


</doc>

