<doc xmlns:tm="http://www.temis.com/annotations/1.1/">
<metadata><aboutcompany value="vantage reporting"/><releaselocation value="boston"/><data_source value="prnews"/><source value="vantage reporting"/><processing_date>2008-01-21T17:10:09</processing_date><date>2008-01-09T10:12:00</date></metadata>
<title><tm:entity><tm:company Domain="Financial" Location_Continent="Europe" Location_Country="UnitedKingdom" value="york capital">York Capital</tm:company></tm:entity> Implements Vantage Reporting to Enhance Investor Relations and Client Servicing Across Its <tm:entity><tm:company Extension="Group" value="diverse">Diverse</tm:company></tm:entity> Group of Global Hedge Funds
</title>
<html>
<head>
<meta name="generator" content="HTML Tidy for Windows (vers 14 February 2006), see www.w3.org"/>
<!-- #BeginEditable "doctitle" -->
<title><tm:entity><tm:company Domain="Financial" Location_Continent="Europe" Location_Country="UnitedKingdom" value="york capital">York Capital</tm:company></tm:entity> Implements Vantage Reporting to Enhance
Investor Relations and Client Servicing Across Its <tm:entity><tm:company Extension="Group" value="diverse">Diverse</tm:company></tm:entity> Group of
Global Hedge Funds</title>
</head>
<body>
<p>Vantage Investor(TM) integrates with <tm:entity><tm:location><tm:country location_country="UnitedKingdom"><tm:place>York</tm:place></tm:country></tm:location></tm:entity>'s existing software to
deliver more flexible and customized investor communications and
client support</p><p>capabilities</p>
<p><tm:entity><tm:location><tm:country location_country="United States of America"><tm:place>BOSTON</tm:place></tm:country></tm:location></tm:entity>, <tm:entity><tm:time_expression><tm:relative_time Day="9" Month="Jan." value="jan. 9">Jan. 9</tm:relative_time></tm:time_expression></tm:entity> /PRNewswire/ -- Vantage Reporting, the only
vendor that provides private investment firms with customizable
software modules that extend their existing systems, today
announced that <tm:entity><tm:company Domain="Financial" Location_Continent="Europe" Location_Country="UnitedKingdom" value="york capital">York Capital</tm:company></tm:entity> has selected Vantage Investor(TM) to
streamline and improve the $13 billion <tm:entity><tm:company><tm:potential_company role="Who" value="aum">AUM</tm:potential_company></tm:company></tm:entity> investment <tm:entity><tm:function FunctionCategory="Other" value="advisor">advisor</tm:function></tm:entity>'s
global investor servicing and communications.</p><p>Built on Microsoft's open and flexible .NET Web development
platform, Vantage Investor(TM) enhances virtually any investment
management solution by adding dynamic contact relationship
management (CRM) tools tailored for each client environment.
Vantage Investor(TM) is one of the company's five modular solutions
that encompass the private investment lifecycle, from deal flow
management and portfolio performance reporting to fundraising and
investor servicing.</p>
<p>"Vantage's unique value proposition of specialized solutions
that are customized for each client and adaptable to incumbent
solutions was a critical factor in our choice," says <tm:entity><tm:location><tm:country><tm:place>Brooke</tm:place></tm:country></tm:location></tm:entity> Parish,
<tm:entity><tm:function FunctionCategory="Board" value="managing director">managing director</tm:function></tm:entity> at <tm:entity><tm:company Domain="Financial" Location_Continent="Europe" Location_Country="UnitedKingdom" value="york capital">York Capital</tm:company></tm:entity>. "We found only Vantage offers
the flexible web-based functionality that extends our existing
infrastructure to help us deliver superior investor servicing and
support."</p><p><tm:entity><tm:company Domain="Financial" Location_Continent="Europe" Location_Country="UnitedKingdom" value="york capital">York Capital</tm:company></tm:entity> implemented Vantage Investor across the firm's
strategically and globally diverse hedge funds. The solution
centralizes and helps <tm:entity><tm:location><tm:country location_country="UnitedKingdom"><tm:place>York</tm:place></tm:country></tm:location></tm:entity> manage complex hierarchical contact,
account and entity relationships to improve fundraising and
servicing to prospective and existing investors. Vantage Investor
correlates information and communications, such as call notes and
investor reports, delivering dynamic intelligence to enhance
investor servicing and support.</p>
<p>"<tm:entity><tm:company Domain="Financial" Location_Continent="Europe" Location_Country="UnitedKingdom" value="york capital">York Capital</tm:company></tm:entity> is among the elite private investment firms that
want their software to fit the way they work and not the other way
around," says <tm:entity><tm:function FunctionCategory="Board" role="Has_Function" value="vantage reporting ceo">Vantage Reporting CEO</tm:function></tm:entity> <tm:entity><tm:person Family_Name="Woolf" First_Name="Greg" Gender="Male" role="Person" value="greg woolf">Greg Woolf</tm:person></tm:entity>. "They wanted
customized and powerfully flexible CRM support across both their
on- and off-shore funds, and we were in the unique position to meet
their specific requirements."</p><p>Designed to integrate with each other and any other in-house or
vendor systems, Vantage's software products are customized for each
client environment to ensure a precise functional fit. The Vantage
Precision Tailoring Framework(TM) is the technical foundation that
allows for rapid customization and integration with existing third
party and/or proprietary solutions.<br/></p>
<p>Vantage Deal Manager(TM) streamlines the investment
decision-making</p>
<p>process. Centralized deal and document management helps the
investment</p>
<p>team make better decisions through improved collaboration.</p>
<p>Vantage Performance(TM) enables clients to create reports
and</p>
<p>sophisticated analyses of investment portfolios, going beyond
simple</p>
<p>fund management with advanced tools to analyze investments,</p>
<p>transactions and portfolio company operating performance.</p>
<p>Vantage Contact(TM) centralizes deal and investor contacts
with</p>
<p>immediate and real-time access to contact information and a
historical</p>
<p>record of meetings and communications.</p>
<p>Vantage Funds-of-Funds(TM) is a full-fledged solution for</p>
<p>institutional investors (funds-of-funds, endowments, and
investment</p>
<p><tm:entity><tm:function FunctionCategory="Other" value="advisors">advisors</tm:function></tm:entity>) that streamlines and enhances investment
decision-making,</p><p>investment accounting and client reporting.</p>
<p>Vantage Investor(TM) extends virtually any investment
management</p>
<p>solution by adding dynamic CRM (contact relationship
management)</p>
<p>capabilities tailored to private investment firms.</p>
<p>About Vantage Reporting</p>
<p>With offices in <tm:entity><tm:location><tm:country location_country="United States of America"><tm:place>Boston</tm:place></tm:country></tm:location></tm:entity> and <tm:entity><tm:location><tm:country location_country="United States of America"><tm:place>New York</tm:place></tm:country></tm:location></tm:entity>, <tm:entity><tm:company role="Who" value="vantage reporting">Vantage Reporting</tm:company></tm:entity> is the
only software provider that delivers customizable software modules
that extend and enhance the existing systems hedge funds, private
equity firms, funds-of-funds and investment <tm:entity><tm:function FunctionCategory="Other" value="advisors">advisors</tm:function></tm:entity> have in place.
The company's five core software modules-Vantage Deal Manager(TM),
Vantage Performance(TM), Vantage Contact(TM), Vantage
Funds-of-Funds(TM) and Vantage Investor(TM)-are tailored to the
unique workflow, reporting and analysis requirements of each firm.
The Vantage Precision Tailoring Framework(TM) is the technical
foundation that allows for rapid customization and integration with
existing third party and/or proprietary solutions. Leading private
investment firms that have embraced Vantage's unique approach have
raised more than <tm:entity><tm:money_expression><tm:money Amount="250 billion" Currency="Dollar" value="$250 billion">$250 billion</tm:money></tm:money_expression></tm:entity> dollars in capital to date.</p>
<p>About <tm:entity><tm:company Domain="Financial" Location_Continent="Europe" Location_Country="UnitedKingdom" value="york capital">York Capital</tm:company></tm:entity></p><p><tm:entity><tm:company Domain="Financial" Location_Continent="Europe" Location_Country="UnitedKingdom" value="york capital management">York Capital Management</tm:company></tm:entity> is a multi-strategy, event-driven hedge
fund company founded <tm:entity><tm:time_expression><tm:exact_time Year="1991" value="in 1991">in 1991</tm:exact_time></tm:time_expression></tm:entity> by <tm:entity><tm:person Family_Name="Dinan" First_Name="James, G" Gender="Male" value="james g dinan">James G. Dinan</tm:person></tm:entity>. <tm:entity><tm:company Domain="Financial" Location_Continent="Europe" Location_Country="UnitedKingdom" value="york capital">York Capital</tm:company></tm:entity> manages over <tm:entity><tm:money_expression><tm:money Amount="13 billion" Currency="Dollar" value="$13 billion">$13 billion</tm:money></tm:money_expression></tm:entity> on behalf of institutions, endowments,
foundations, fund of funds, wealthy individuals and their families.
Headquartered in <tm:entity><tm:location><tm:country location_country="United States of America"><tm:place>New York</tm:place></tm:country></tm:location></tm:entity>, the firm also has offices in <tm:entity><tm:location><tm:country location_country="UnitedKingdom"><tm:place>London</tm:place></tm:country></tm:location></tm:entity>,
<tm:entity><tm:location><tm:country><tm:place>Singapore</tm:place></tm:country></tm:location></tm:entity> and <tm:entity><tm:location><tm:country location_country="China"><tm:place>Hong Kong</tm:place></tm:country></tm:location></tm:entity>.</p></body>
</html>


</doc>

