<doc xmlns:tm="http://www.temis.com/annotations/1.1/">
<metadata>
<aboutcompany value="halock security labs:"/>
<releaselocation value="chicago"/>
<data_source value="prnews"/>
<source value="halock security labs"/>
<processing_date>2008-01-21T17:08:56</processing_date>
<date>2008-01-09T01:38:00</date>
</metadata>
<title>New Information Security Firm, Halock Security Labs(TM), Formed After Successful Takeover
</title>
<html>
<head>
<meta name="generator" content="HTML Tidy for Windows (vers 14 February 2006), see www.w3.org"/>
<!-- #BeginEditable "doctitle" -->
<title>New Information Security Firm, Halock Security Labs(TM),
Formed After Successful Takeover</title>
</head>
<body>
<p>Minority equity partners of Remington Associates perform
majority buyout</p>
<p>and re-launch as <tm:entity><tm:company><tm:potential_company role="Who" value="halock">Halock</tm:potential_company></tm:company></tm:entity></p><p><tm:entity><tm:location><tm:country location_country="United States of America"><tm:place>CHICAGO</tm:place></tm:country></tm:location></tm:entity>, <tm:entity><tm:time_expression><tm:relative_time Day="9" Month="Jan." value="jan. 9">Jan. 9</tm:relative_time></tm:time_expression></tm:entity> /PRNewswire/ -- <tm:entity><tm:time_expression><tm:duration From="10 years" value="after 10 years">After 10 years</tm:duration></tm:time_expression></tm:entity> of building a
loyal client base in finance, healthcare and retail, <tm:entity><tm:company Extension="Associates" value="remington">Remington</tm:company></tm:entity> Associates' partners <tm:entity><tm:person Family_Name="Kurzynski" First_Name="Terry" Gender="Male" value="terry kurzynski">Terry Kurzynski</tm:person></tm:entity> and <tm:entity><tm:person Family_Name="Simon" First_Name="Jeremy" Gender="Male" value="jeremy simon">Jeremy Simon</tm:person></tm:entity> engineered a
bloodless takeover to realize the full potential of their
philosophy of Purpose Driven Security(TM) and relaunched the firm
as Halock Security Labs(TM). "In order to execute this vision, we
recognized the need to restructure the organization as a firm
capable of addressing both the strategic and technical security
needs of our clients," says <tm:entity><tm:person Family_Name="Kurzynski" First_Name="Terry" Gender="Male" role="Person" value="terry kurzynski">Terry Kurzynski</tm:person></tm:entity>, <tm:entity><tm:company><tm:potential_company role="Who" value="halock">Halock</tm:potential_company></tm:company></tm:entity>'s <tm:entity><tm:function FunctionCategory="Board" role="Has_Function" value="chief executive officer">CEO</tm:function></tm:entity>.</p><p>Purpose Driven Security(TM) is <tm:entity><tm:company><tm:potential_company role="Who" value="halock">Halock</tm:potential_company></tm:company></tm:entity>'s unique service
philosophy that derives solutions from its client's strategy or
Information Security Policy. "Historically, traditional infosec
firms have oversold security that may not be 'appropriate' for an
organization's needs," says <tm:entity><tm:person Family_Name="Kurzynski" First_Name="Terry" Gender="Male" value="terry kurzynski">Kurzynski</tm:person></tm:entity>.</p><p>"Most of the traditional security firms have one hammer and
everything looks like a nail, thereby putting client's information
assets at risk," says <tm:entity><tm:person Family_Name="Simon" First_Name="Jeremy" Gender="Male" role="Person" value="jeremy simon">Jeremy Simon</tm:person></tm:entity>, <tm:entity><tm:company><tm:potential_company role="Who" value="halock">Halock</tm:potential_company></tm:company></tm:entity>'s <tm:entity><tm:function FunctionCategory="Board" role="Has_Function" value="chief technology officer">CTO</tm:function></tm:entity>. "Most vendors
approach clients already 'knowing' the solutions to solve their
client's problems. They have their tools and their goal is to map
your needs to their limited toolset," he adds.</p><p>"How could we in good conscience recommend solutions that did
not trace back to enterprise security requirements and the
Information Security Policy? Our approach from the beginning has
been to clarify and harmonize our client's legislative, regulatory,
contractual and business requirements for security, and pair that
up to appropriate solutions," says <tm:entity><tm:person Family_Name="Kurzynski" First_Name="Terry" Gender="Male" value="terry kurzynski">Kurzynski</tm:person></tm:entity>.</p><p><tm:entity><tm:company><tm:potential_company role="Who" value="halock">Halock</tm:potential_company></tm:company></tm:entity> applies its philosophy systematically; first identifying
all of the client's security requirements and developing an
appropriate strategy and Information Security Policy; <tm:entity><tm:company><tm:potential_company role="Who" value="halock">Halock</tm:potential_company></tm:company></tm:entity> then
assesses a client's ability to meet those requirements. "Only after
these steps have been taken can we help determine appropriate
controls for closing the gaps," says <tm:entity><tm:person Family_Name="Simon" First_Name="Jeremy" Gender="Male" value="jeremy simon">Simon</tm:person></tm:entity>. "It is the translation
from strategy to implementation of controls where most traditional
firms fall short. We educate and enable our clients to build and
maintain their own Information Security Program. This process
defines Purpose Driven Security(TM)."</p><p><tm:entity><tm:company><tm:potential_company role="Who" value="halock">Halock</tm:potential_company></tm:company></tm:entity> offers a full range of services that are interconnected:
Payment Card Industry (PCI) Data Security Standard (DSS) compliance
and validation, ISO 27001 Readiness, Systems and Application
Security, and Ethical Hacking training.</p>
<p>When asked about the origin of the <tm:entity><tm:company><tm:potential_company role="Who" value="halock">Halock</tm:potential_company></tm:company></tm:entity> name, <tm:entity><tm:person Family_Name="Kurzynski" First_Name="Terry" Gender="Male" value="terry kurzynski">Kurzynski</tm:person></tm:entity> explains that he is a retired skydiver and the root name HALO
stands for High-Altitude-Low-Opening. "It's a fitting analogy,"
says <tm:entity><tm:person Family_Name="Kurzynski" First_Name="Terry" Gender="Male" value="terry kurzynski">Kurzynski</tm:person></tm:entity>, "we saw the opportunity and knew we had to do a
heads-down dive and move fast".</p><p>About Halock Security Labs:</p>
<p>Halock Security Labs (formerly <tm:entity><tm:company Extension="Associates" value="remington">Remington</tm:company></tm:entity> Associates) is a
professional services organization focused 100% on information
security. <tm:entity><tm:company><tm:potential_company role="Who" value="halock">Halock</tm:potential_company></tm:company></tm:entity>'s core services include Assessments, Security
Strategy, Network &amp; Systems Security, and Web Application
Security. <tm:entity><tm:company><tm:potential_company role="Who" value="halock">Halock</tm:potential_company></tm:company></tm:entity>'s Purpose Driven Security(TM) philosophy is
designed to protect the critical information assets of clients as
well as to meet compliance needs.</p><p>Schaumburg, IL -- <a href="http://www.halock.com" target="_new">http://www.halock.com</a>-- 847.221.0200 --
<tm:entity><tm:email value="info@halock.com">info@halock.com</tm:email></tm:entity></p></body>
</html>


</doc>

