<doc xmlns:tm="http://www.temis.com/annotations/1.1/">
<metadata>
<aboutcompany value="vpisystems, inc."/>
<releaselocation value="holmdel"/>
<data_source value="prnews"/>
<source value="vpisystems, inc."/>
<processing_date>2008-01-21T17:05:27</processing_date>
<date>2008-01-10T10:00:00</date>
<quote symbol="FRA:WLJ" src-company="technology marketing" company="Worldwide Marketing Technology" date="2008-01-10" price=""/><quote symbol="NASDAQ:AMZN" src-company="amazon" company="Amazon.com, Inc." date="2008-01-10" price="84.26"/></metadata>
<title>VPIsystems to Present Conference Session at INTERNET TELEPHONY(R) Conference &amp; Expo East 2008
</title>
<html>
<head>
<meta name="generator" content="HTML Tidy for Windows (vers 14 February 2006), see www.w3.org"/>
<!-- #BeginEditable "doctitle" -->
<title><tm:entity><tm:company Extension="Inc" value="vpisystems">VPIsystems</tm:company></tm:entity> to Present Conference Session at INTERNET
TELEPHONY(R) Conference &amp; Expo East 2008</title>
</head>
<body>
<p><tm:entity><tm:function FunctionCategory="Board" role="Has_Function" value="chief executive officer">CEO</tm:function></tm:entity> <tm:entity><tm:person Family_Name="Firey" First_Name="Hank" Gender="Male, Undefined Gender" Title="M" role="Person" value="hank firey">Hank Firey</tm:person></tm:entity> to Discuss Network Management at IP
Communications</p>
<p>Industry's Leading Event at Miami Beach Convention Center <tm:entity><tm:time_expression><tm:relative_time Month="January" value="in january">in
January</tm:relative_time></tm:time_expression></tm:entity></p><p>HOLMDEL, N.J., <tm:entity><tm:time_expression><tm:relative_time Day="10" Month="Jan." value="jan. 10">Jan. 10</tm:relative_time></tm:time_expression></tm:entity> /PRNewswire/ -- <tm:entity><tm:company Extension="Inc" value="vpisystems">VPIsystems</tm:company></tm:entity>, a leading
provider of network resource planning software and services for the
global telecoms industry today announced that <tm:entity><tm:function FunctionCategory="Board" role="Has_Function" value="chief executive officer">CEO</tm:function></tm:entity> <tm:entity><tm:person Family_Name="Firey" First_Name="Hank" Gender="Male, Undefined Gender" Title="M" role="Person" value="hank firey">Hank Firey</tm:person></tm:entity> has
accepted an invitation to participate in a panel discussion on
network management at <tm:entity><tm:media><tm:television value="tmc">TMC</tm:television></tm:media></tm:entity>'s INTERNET TELEPHONY(R) Conference &amp;
EXPO East 2008 <tm:entity><tm:time_expression><tm:exact_time value="2008">on January 23, 2008</tm:exact_time></tm:time_expression></tm:entity> at the Miami Beach Convention
Center in <tm:entity><tm:location><tm:country location_country="United States of America"><tm:place>Miami</tm:place></tm:country></tm:location></tm:entity>, <tm:entity><tm:location><tm:country location_country="United States of America"><tm:place>Florida</tm:place></tm:country></tm:location></tm:entity>.</p><p>INTERNET TELEPHONY Conference &amp; EXPO, held <tm:entity><tm:time_expression><tm:relative_time value="january 23-25 , 2008">January 23-25,
2008</tm:relative_time></tm:time_expression></tm:entity>, is the world's largest and best-attended IP Communications
trade show. <tm:entity><tm:time_expression><tm:relative_time value="last year">Last year</tm:relative_time></tm:time_expression></tm:entity>'s east coast event, held in South <tm:entity><tm:location><tm:country location_country="United States of America"><tm:place>Florida</tm:place></tm:country></tm:location></tm:entity> <tm:entity><tm:time_expression><tm:relative_time Month="January" value="in january">in
January</tm:relative_time></tm:time_expression></tm:entity>, drew over 7,000 buyers and sellers of IP Communications
products and services. The upcoming show <tm:entity><tm:time_expression><tm:relative_time Month="January" value="in january">in January</tm:relative_time></tm:time_expression></tm:entity> will be the
17th INTERNET TELEPHONY Conference &amp; EXPO, and <tm:entity><tm:media><tm:television value="tmc">TMC</tm:television></tm:media></tm:entity> projects
total attendance to exceed 7,500.</p>
<p>"High QoE applications like VoIP and high-bandwidth applications
like video are putting ever greater pressure on IP networks. As a
result, traditional, reactive network planning strategies and
tactics are starting to break down and a new proactive approach to
network planning is taking their place," said <tm:entity><tm:person Family_Name="Firey" First_Name="Hank" Gender="Male, Undefined Gender" Title="M" role="Person" value="hank firey">Hank Firey</tm:person></tm:entity>, <tm:entity><tm:function FunctionCategory="Board" role="Has_Function" value="president and ceo">president
and CEO</tm:function></tm:entity> of <tm:entity><tm:company><tm:potential_company role="Who" value="vpisystems">VPIsystems</tm:potential_company></tm:company></tm:entity>. "I look forward to participating in such an
important and timely discussion, and know audience <tm:entity><tm:function FunctionCategory="Board" value="members">members</tm:function></tm:entity> will
walk away with a new understanding of how they can take control of
their network's evolution and ensure flawless network
performance."</p>
<p>"We are very pleased that <tm:entity><tm:person Family_Name="Firey" First_Name="Hank" Gender="Male, Undefined Gender" Title="M" value="hank firey">Mr. Firey</tm:person></tm:entity> will be participating <tm:entity><tm:time_expression><tm:relative_time value="in this year">in
this year</tm:relative_time></tm:time_expression></tm:entity>'s show. <tm:entity><tm:company Extension="Inc" value="vpisystems">VPIsystems</tm:company></tm:entity> is widely recognized and respected as
an industry leader, and I am confident that our attendees will
appreciate and value the opportunity to hear his perspective on
network management," said <tm:entity><tm:media><tm:television value="tmc">TMC</tm:television></tm:media></tm:entity> <tm:entity><tm:function FunctionCategory="Board" value="president">president</tm:function></tm:entity> and conference <tm:entity><tm:function FunctionCategory="Board" role="Has_Function" value="chairman">chairman</tm:function></tm:entity>,
<tm:entity><tm:person Family_Name="Tehrani" First_Name="Rich" Gender="Male" role="Person" value="rich tehrani">Rich Tehrani</tm:person></tm:entity>. "<tm:entity><tm:time_expression><tm:duration value="over the past twelve months ,">Over the past twelve months,</tm:duration></tm:time_expression></tm:entity> widespread deployment
of IP Communications services by global service providers,
businesses and governments has reinforced that this exciting
technology is a viable, cost-effective communications solution. As
a result, we are seeing a significant number of <tm:entity><tm:function FunctionCategory="Board" value="senior-level executives">senior-level
executives</tm:function></tm:entity> attending INTERNET TELEPHONY Conference &amp; EXPO as a
means of learning about the technology so they too can take
advantage of its benefits."</p>
<p>Registration for the show is now open. Anyone interested may
register by visiting <a href="http://www.itexpo.com" target="_new">http://www.itexpo.com</a>. Limited booth space is still
available as well. Vendors interested in exhibiting at the show
should contact <tm:entity><tm:person Family_Name="Rodriguez" First_Name="Dave" Gender="Male" value="dave rodriguez">Dave Rodriguez</tm:person></tm:entity> at 1-203-852-6800, ext. 146 or at
<a href="mailto:drodriguez@tmcnet.com"><tm:entity><tm:email value="drodriguez@tmcnet.com">drodriguez@tmcnet.com</tm:email></tm:entity></a>.</p><p>About <tm:entity><tm:company Extension="Inc" value="vpisystems">VPIsystems</tm:company></tm:entity>, Inc.</p><p><tm:entity><tm:company Extension="Inc" value="vpisystems">VPIsystems</tm:company></tm:entity> is the only provider of integrated capacity and
network planning software and services for the global
telecommunications industry. The company's OnePlan(TM) software
system gives telecommunications and multi- service providers the
ability to cohesively plan the financial, technical and marketing
aspects of their network evolution, for all current and future
network types. Headquartered in Holmdel, NJ, and with offices in
<tm:entity><tm:location><tm:country><tm:place>Europe</tm:place></tm:country></tm:location></tm:entity>, <tm:entity><tm:location><tm:country><tm:place>Asia</tm:place></tm:country></tm:location></tm:entity>, and <tm:entity><tm:location><tm:country><tm:place>Australia</tm:place></tm:country></tm:location></tm:entity>, <tm:entity><tm:company Extension="Inc" value="vpisystems">VPIsystems</tm:company></tm:entity>' software is used by over
150 communications service providers and network equipment
manufacturers to assess current and future capacity needs, and
optimally plan their QoS-constrained service networks and
underlying transport infrastructure. For further information, visit
us at <a href="http://www.vpisystems.com" target="_new">http://www.vpisystems.com</a>.</p><p>About <tm:entity><tm:media><tm:television value="tmc">TMC</tm:television></tm:media></tm:entity></p><p><tm:entity><tm:company Extension="Corporation" value="technology marketing">Technology Marketing</tm:company></tm:entity> Corporation (<tm:entity><tm:media><tm:television value="tmc">TMC</tm:television></tm:media></tm:entity>) publishes Customer
Inter@ction Solutions, INTERNET TELEPHONY, Unified Communications,
and <tm:entity><tm:media><tm:newspaper value="ims magazine">IMS Magazine</tm:newspaper></tm:media></tm:entity>. TMCnet, <tm:entity><tm:media><tm:television value="tmc">TMC</tm:television></tm:media></tm:entity>'s Web site, is the leading source of
news and articles for the communications and technology industries.
Ranked in the top 5,200 most visited Web sites in the world by
alexa.com*, TMCnet serves three million unique visitors each month.
<tm:entity><tm:media><tm:television value="tmc">TMC</tm:television></tm:media></tm:entity> is also the first publisher to test new products in its own
on-site laboratories, <tm:entity><tm:company Domain="Pharma" value="tmc labs">TMC Labs</tm:company></tm:entity>. In addition, <tm:entity><tm:media><tm:television value="tmc">TMC</tm:television></tm:media></tm:entity> produces INTERNET
TELEPHONY Conference &amp; EXPO, and <tm:entity><tm:organisation value="call center">Call Center</tm:organisation></tm:entity> 2.0 Conference and
Green Technology World Conference. For more information about <tm:entity><tm:media><tm:television value="tmc">TMC</tm:television></tm:media></tm:entity>,
visit <a href="http://www.tmcnet.com" target="_new">http://www.tmcnet.com</a>. (*alexa.com is an <tm:entity><tm:company value="amazon">amazon.com</tm:company></tm:entity> company that ranks Web sites by their traffic levels. Neither
<tm:entity><tm:company value="alexa">alexa.com</tm:company></tm:entity> nor <tm:entity><tm:company value="amazon">amazon.com</tm:company></tm:entity> is affiliated with TMCnet.) For more
information about <tm:entity><tm:media><tm:television value="tmc">TMC</tm:television></tm:media></tm:entity>, visit <a href="http://www.tmcnet.com" target="_new">http://www.tmcnet.com</a>.<br/></p><p>CONTACTS:</p>
<p><tm:entity><tm:person Family_Name="Pistilli" First_Name="Barbara" Gender="Female" value="barbara pistilli">Barbara Pistilli</tm:person></tm:entity></p><p><tm:entity><tm:company Extension="Inc" value="vpisystems">VPIsystems</tm:company></tm:entity>, Inc.</p><p><a href="mailto:barbara.pistilli@vpisystems.com"><tm:entity><tm:email value="barbara.pistilli@vpisystems.com">barbara.pistilli@vpisystems.com</tm:email></tm:entity></a></p><p><tm:entity><tm:phone_number value="+1.732.332.0233">+1.732.332.0233</tm:phone_number></tm:entity> x120</p>
<p><tm:entity><tm:person Family_Name="Razzak" First_Name="Mostafa" Gender="Male" value="mostafa razzak">Mostafa Razzak</tm:person></tm:entity></p><p>23-31 Communications</p>
<p>646-442-3361</p>
<p><tm:entity><tm:email value="m.razzak@23-31.com">m.razzak@23-31.com</tm:email></tm:entity></p><p><tm:entity><tm:person Family_Name="White" First_Name="Gerald, Kimber" Gender="Male, Undefined Gender" value="gerald kimber white">Gerald Kimber White</tm:person></tm:entity></p><p>RF|Binder Partners</p>
<p><a href="mailto:gerald.kimberwhite@rfbinder.com"><tm:entity><tm:email value="gerald.kimberwhite@rfbinder.com">gerald.kimberwhite@rfbinder.com</tm:email></tm:entity></a></p><p><tm:entity><tm:phone_number value="+1.781.455.8250">+1.781.455.8250</tm:phone_number></tm:entity></p></body>
</html>


</doc>

