<doc xmlns:tm="http://www.temis.com/annotations/1.1/">
<metadata>
<aboutcompany value="planit solutions"/>
<releaselocation value="tuscaloosa"/>
<data_source value="prnews"/>
<source value="at&amp;t inc."/>
<processing_date>2008-01-21T17:10:31</processing_date>
<date>2008-01-09T10:00:00</date>
</metadata>
<title>Planit Solutions Selects AT&amp;T to Upgrade Its Network Services
</title>
<html>
<head>
<meta name="generator" content="HTML Tidy for Windows (vers 14 February 2006), see www.w3.org"/>
<!-- #BeginEditable "doctitle" -->
<title><tm:entity><tm:company><tm:potential_company role="Who" value="planit solutions">Planit Solutions</tm:potential_company></tm:company></tm:entity> Selects <tm:entity><tm:company><tm:normalized_name Domain="TeleCommunication" Extension="Inc" value="at and t">AT&amp;T</tm:normalized_name></tm:company></tm:entity> to Upgrade Its Network
Services</title>
</head>
<body>
<p>TUSCALOOSA, <tm:entity><tm:location><tm:country location_country="United States of America"><tm:place>Ala.</tm:place></tm:country></tm:location></tm:entity>, <tm:entity><tm:time_expression><tm:relative_time Day="9" Month="Jan." value="jan. 9">Jan. 9</tm:relative_time></tm:time_expression></tm:entity> /PRNewswire-FirstCall/ -- <tm:entity><tm:company><tm:normalized_name Domain="TeleCommunication" Extension="Inc" value="at and t">AT&amp;T</tm:normalized_name></tm:company></tm:entity> Inc.
(<tm:entity><tm:stockindex value="nyse">NYSE</tm:stockindex></tm:entity>: <a class="small" href="http://studio-5.financialcontent.com/prnews?Page=Quote&amp;Ticker=T" onclick="var s=s_gi(s_account); var hd1 = document.getElementById('headline'); s.tl(this,'o',getLinkName('Company Sanpshot'));">T</a>) announced today a new two-year networking agreement with
Planit Solutions, a Tuscaloosa-based software-solutions provider
specializing in the home improvement, metalworking, woodworking and
cabinet-making industries.</p>
<p>Under the terms of the agreement, <tm:entity><tm:company><tm:normalized_name Domain="TeleCommunication" Extension="Inc" value="at and t">AT&amp;T</tm:normalized_name></tm:company></tm:entity> will provide <tm:entity><tm:company><tm:potential_company role="Who" value="planit solutions">Planit
Solutions</tm:potential_company></tm:company></tm:entity> with a new Virtual Private Network (VPN) solution, which
will provide consistent network services and deliver reliable
network availability to <tm:entity><tm:company><tm:potential_company role="Who" value="planit solutions">Planit Solutions</tm:potential_company></tm:company></tm:entity>' seven locations in six
states.</p><p>The <tm:entity><tm:company><tm:normalized_name Domain="TeleCommunication" Extension="Inc" value="at and t">AT&amp;T</tm:normalized_name></tm:company></tm:entity> VPN will provide <tm:entity><tm:company><tm:potential_company role="Who" value="planit solutions">Planit Solutions</tm:potential_company></tm:company></tm:entity> with improved
bandwidth speeds, which will satisfy corporate and networking
demands such as interoffice collaboration and a robust Voice over
Internet Protocol (VoIP) infrastructure. The new network services
will also help control <tm:entity><tm:company><tm:potential_company role="Who" value="planit solutions">Planit Solutions</tm:potential_company></tm:company></tm:entity>' overall monthly costs
while maintaining a high standard of network performance and
scalability.</p><p>"The VoIP and VPN solution provided by <tm:entity><tm:company><tm:normalized_name Domain="TeleCommunication" Extension="Inc" value="at and t">AT&amp;T</tm:normalized_name></tm:company></tm:entity> not only
improves our efficiencies in our sales force and back office but
also allows us to implement innovative technologies and resources
across the world," said <tm:entity><tm:person Family_Name="Davis" First_Name="Contrial" role="Person" value="contrial davis">Contrial Davis</tm:person></tm:entity>, <tm:entity><tm:function FunctionCategory="Board" role="Has_Function" value="manager of it">manager of IT</tm:function></tm:entity>, <tm:entity><tm:company><tm:potential_company role="Who" value="planit solutions">Planit
Solutions</tm:potential_company></tm:company></tm:entity>. "I can definitely see a continued relationship with
<tm:entity><tm:company><tm:normalized_name Domain="TeleCommunication" Extension="Inc" value="at and t">AT&amp;T</tm:normalized_name></tm:company></tm:entity> as we enter our implementation of third-generation
collaboration technology across all of our locations."</p>
<p>Also included is the use of the <tm:entity><tm:company><tm:normalized_name Domain="TeleCommunication" Extension="Inc" value="at and t">AT&amp;T</tm:normalized_name></tm:company></tm:entity> BusinessDirect(R) Web
portal for personalized, secure, anytime access to detailed
information regarding critical network services. With <tm:entity><tm:company><tm:normalized_name Domain="TeleCommunication" Extension="Inc" value="at and t">AT&amp;T</tm:normalized_name></tm:company></tm:entity> BusinessDirect, <tm:entity><tm:company value="planit">Planit</tm:company></tm:entity> will also be able to view, analyze and pay
its bill online.</p>
<p>Note: This <tm:entity><tm:company><tm:normalized_name Domain="TeleCommunication" Extension="Inc" value="at and t">AT&amp;T</tm:normalized_name></tm:company></tm:entity> release and other news announcements are
available as part of an RSS feed at <a href="http://www.att.com/rss" target="_new">http://www.att.com/rss</a>.</p>
<p>About <tm:entity><tm:company><tm:potential_company role="Who" value="planit solutions">Planit Solutions</tm:potential_company></tm:company></tm:entity></p><p>The <tm:entity><tm:company value="planit">Planit</tm:company></tm:entity> group of companies specializes in software solutions
-- retail design solutions for the home improvement industry, and
manufacturing solutions for the metalworking, woodworking and
cabinet making industries. Vast industry experience and technical
know-how combine to develop software products with market leading
solutions in all of these industries and in most major markets
around the world. Additional information is available at <a href="http://www.planitsolutions.com" target="_new">http://www.planitsolutions.com</a>.</p>
<p>About <tm:entity><tm:company><tm:normalized_name Domain="TeleCommunication" Extension="Inc" value="at and t">AT&amp;T</tm:normalized_name></tm:company></tm:entity></p><p><tm:entity><tm:company><tm:normalized_name Domain="TeleCommunication" Extension="Inc" value="at and t">AT&amp;T</tm:normalized_name></tm:company></tm:entity> Inc. (<tm:entity><tm:stockindex value="nyse">NYSE</tm:stockindex></tm:entity>: <a class="small" href="http://studio-5.financialcontent.com/prnews?Page=Quote&amp;Ticker=T" onclick="var s=s_gi(s_account); var hd1 = document.getElementById('headline'); s.tl(this,'o',getLinkName('Company Sanpshot'));">T</a>) is a premier communications holding company. Its
subsidiaries and affiliates, <tm:entity><tm:company><tm:normalized_name Domain="TeleCommunication" Extension="Inc" value="at and t">AT&amp;T</tm:normalized_name></tm:company></tm:entity> operating companies, are the
providers of <tm:entity><tm:company><tm:normalized_name Domain="TeleCommunication" Extension="Inc" value="at and t">AT&amp;T</tm:normalized_name></tm:company></tm:entity> services in the <tm:entity><tm:location><tm:country><tm:place>United States</tm:place></tm:country></tm:location></tm:entity> and around the
world. Among their offerings are the world's most advanced IP-based
business communications services and the nation's leading wireless,
high speed Internet access and voice services. In domestic markets,
<tm:entity><tm:company><tm:normalized_name Domain="TeleCommunication" Extension="Inc" value="at and t">AT&amp;T</tm:normalized_name></tm:company></tm:entity> is known for the directory publishing and advertising
sales leadership of its <tm:entity><tm:company value="yellow pages">Yellow Pages</tm:company></tm:entity> and <tm:entity><tm:company value="yellowpages">YELLOWPAGES.COM</tm:company></tm:entity> organizations, and the <tm:entity><tm:company><tm:normalized_name Domain="TeleCommunication" Extension="Inc" role="Who" value="at and t">AT&amp;T</tm:normalized_name></tm:company></tm:entity> brand is licensed to innovators in
such fields as communications equipment. As part of its
three-screen integration strategy, <tm:entity><tm:company><tm:normalized_name Domain="TeleCommunication" Extension="Inc" value="at and t">AT&amp;T</tm:normalized_name></tm:company></tm:entity> is expanding its <tm:entity><tm:media><tm:television value="tv entertainment">TV
entertainment</tm:television></tm:media></tm:entity> offerings. Additional information about <tm:entity><tm:company><tm:normalized_name Domain="TeleCommunication" Extension="Inc" value="at and t">AT&amp;T</tm:normalized_name></tm:company></tm:entity> Inc.
and the products and services provided by <tm:entity><tm:company><tm:normalized_name Domain="TeleCommunication" Extension="Inc" value="at and t">AT&amp;T</tm:normalized_name></tm:company></tm:entity> subsidiaries and
affiliates is available at <a href="http://www.att.com" target="_new">http://www.att.com</a>.</p><p>(C) 2007 <tm:entity><tm:company><tm:normalized_name Domain="TeleCommunication" Extension="Inc" value="at and t">AT&amp;T</tm:normalized_name></tm:company></tm:entity> Intellectual Property. All rights reserved.
<tm:entity><tm:company><tm:normalized_name Domain="TeleCommunication" Extension="Inc" value="at and t">AT&amp;T</tm:normalized_name></tm:company></tm:entity>, the <tm:entity><tm:company><tm:normalized_name Domain="TeleCommunication" Extension="Inc" value="at and t">AT&amp;T</tm:normalized_name></tm:company></tm:entity> logo and all other marks contained herein
are trademarks of <tm:entity><tm:company><tm:normalized_name Domain="TeleCommunication" Extension="Inc" value="at and t">AT&amp;T</tm:normalized_name></tm:company></tm:entity> Intellectual Property and/or <tm:entity><tm:company><tm:normalized_name Domain="TeleCommunication" Extension="Inc" value="at and t">AT&amp;T</tm:normalized_name></tm:company></tm:entity> affiliated companies. For more information, please review this
announcement in the <tm:entity><tm:company><tm:normalized_name Domain="TeleCommunication" Extension="Inc" value="at and t">AT&amp;T</tm:normalized_name></tm:company></tm:entity> newsroom at <a href="http://www.att.com/newsroom" target="_new">http://www.att.com/newsroom</a>.</p>
</body>
</html>


</doc>

