<doc xmlns:tm="http://www.temis.com/annotations/1.1/">
<metadata><aboutcompany value="pharsight corporation"/><releaselocation value="mountain view"/><data_source value="prnews"/><source value="pharsight corporation"/><processing_date>2008-01-21T17:07:35</processing_date><date>2008-01-10T07:30:00</date><quote symbol="LON:TIME" src-company="time" company="Timestrip plc" date="2008-01-10" price=""/><quote symbol="NASDAQ:PHST" src-company="pharsight" company="Pharsight Corporation" date="2008-01-10" price="4.90"/></metadata>
<title><tm:entity><tm:company Domain="Pharma" value="pharsight">Pharsight</tm:company></tm:entity> Announces Fiscal Third <tm:entity><tm:time_expression><tm:exact_time Year="2008" value="quarter 2008">Quarter 2008</tm:exact_time></tm:time_expression></tm:entity> Earnings Release Date and Conference Call
</title>
<html>
<head>
<meta name="generator" content="HTML Tidy for Windows (vers 14 February 2006), see www.w3.org"/>
<!-- #BeginEditable "doctitle" -->
<title><tm:entity><tm:company Domain="Pharma" value="pharsight">Pharsight</tm:company></tm:entity> Announces Fiscal Third <tm:entity><tm:time_expression><tm:exact_time Year="2008" value="quarter 2008">Quarter 2008</tm:exact_time></tm:time_expression></tm:entity> Earnings
Release Date and Conference Call</title>
</head>
<body>
<p>MOUNTAIN VIEW, <tm:entity><tm:location><tm:country location_country="United States of America"><tm:place>Calif.</tm:place></tm:country></tm:location></tm:entity>, <tm:entity><tm:time_expression><tm:relative_time Day="10" Month="Jan." value="jan. 10">Jan. 10</tm:relative_time></tm:time_expression></tm:entity> /PRNewswire-FirstCall/ --
<tm:entity><tm:company Domain="Pharma" value="pharsight">Pharsight</tm:company></tm:entity> Corporation (<tm:entity><tm:stockindex value="nasdaq">Nasdaq</tm:stockindex></tm:entity>: <a class="small" href="http://studio-5.financialcontent.com/prnews?Page=Quote&amp;Ticker=PHST" onclick="var s=s_gi(s_account); var hd1 = document.getElementById('headline'); s.tl(this,'o',getLinkName('Company Sanpshot'));">PHST</a>), a leading provider of software and strategic services
for optimizing clinical drug development, announced today that it
will release financial results <tm:entity><tm:time_expression><tm:duration value="for the fiscal">for the fiscal</tm:duration></tm:time_expression></tm:entity> third <tm:entity><tm:time_expression><tm:exact_time Year="2008" value="quarter 2008">quarter 2008</tm:exact_time></tm:time_expression></tm:entity>,
which ended <tm:entity><tm:time_expression><tm:exact_time value="2007">December 31, 2007</tm:exact_time></tm:time_expression></tm:entity>, after the market closes <tm:entity><tm:time_expression><tm:exact_time value="2008">on Thursday,
January 24, 2008</tm:exact_time></tm:time_expression></tm:entity>. The Company will host a conference call and
webcast <tm:entity><tm:time_expression><tm:exact_time value="2008">on Friday, January 25, 2008</tm:exact_time></tm:time_expression></tm:entity> at 10:00 a.m. Pacific <tm:entity><tm:company Domain="Media" Location_Undefined="Pacific" value="time">Time</tm:company></tm:entity> to
discuss the Company's fiscal third quarter results, and current
corporate developments. The dial-in number for the conference call
is 800-240-2134 for domestic participants and 303-262-2130 for
international participants.</p>
<p>A taped replay of the conference call will also be available
beginning approximately one hour after the call's conclusion and
will remain available <tm:entity><tm:time_expression><tm:duration value="for seven days">for seven days</tm:duration></tm:time_expression></tm:entity>. This replay can be accessed
by dialing 800-405-2236 for domestic callers, using passcode
11106750# and 303-590-3000 for international callers, using
passcode 11106750#. To access the live webcast of the call, go to
<tm:entity><tm:company Domain="Pharma" value="pharsight">Pharsight</tm:company></tm:entity>'s website at <a href="http://www.pharsight.com" target="_new">http://www.pharsight.com</a>. An archived webcast will also
be available at <a href="http://www.pharsight.com" target="_new">http://www.pharsight.com</a>.</p><p>About <tm:entity><tm:company Domain="Pharma" value="pharsight">Pharsight</tm:company></tm:entity> Corporation</p>
<p><tm:entity><tm:company Domain="Pharma" value="pharsight">Pharsight</tm:company></tm:entity> Corporation develops and markets integrated products
and services that enable pharmaceutical and biotechnology companies
to achieve significant and enduring improvements in the development
and use of therapeutic products. The company's goal is to help
customers reduce the time, cost and risk of drug development, as
well as optimize the post-approval marketing and use of
pharmaceutical products.</p>
<p><tm:entity><tm:company Domain="Pharma" value="pharsight">Pharsight</tm:company></tm:entity>'s approach enhances the fundamental element of drug
development success: strong decision-making. By adopting the
<tm:entity><tm:company Domain="Pharma" value="pharsight">Pharsight</tm:company></tm:entity> approach, customers acquire a new decision-making process
with the potential to systematically improve every level and phase
of their business and scientific processes. <tm:entity><tm:company Domain="Pharma" value="pharsight">Pharsight</tm:company></tm:entity> Corporation
is headquartered in Mountain View, <tm:entity><tm:location><tm:country location_country="United States of America"><tm:place>California</tm:place></tm:country></tm:location></tm:entity>. Information about
<tm:entity><tm:company Domain="Pharma" value="pharsight">Pharsight</tm:company></tm:entity> is available at <a href="http://www.pharsight.com" target="_new">http://www.pharsight.com</a>.</p></body>
</html>


</doc>

