<doc xmlns:tm="http://www.temis.com/annotations/1.1/">
<metadata><aboutcompany value="gomez"/><releaselocation value="lexington"/><data_source value="prnews"/><source value="gomez, inc."/><processing_date>2008-01-21T17:04:10</processing_date><date>2008-01-10T11:24:00</date><quote symbol="NYSE:ACN" src-company="accenture" company="Accenture Ltd." date="2008-01-10" price="33.61"/><quote symbol="NYSE:AEO" src-company="american eagle outfitters" company="American Eagle Outfitters" date="2008-01-10" price="18.97"/><quote symbol="LON:BED" src-company="bed" company="Bede plc" date="2008-01-10" price=""/><quote symbol="NYSE:MSO" src-company="martha stewart living omnimedia" company="Martha Stewart Living Omnimedia, Inc." date="2008-01-10" price="6.58"/><quote symbol="LON:SIL" src-company="silverjet" company="Silverjet Plc" date="2008-01-10" price="15.85"/><quote symbol="NYSE:UPS" src-company="ups" company="United Parcel Service, Inc." date="2008-01-10" price="69.66"/><quote symbol="NYSE:LCC" src-company="us airways" company="US Airways Group, Inc." date="2008-01-10" price="12.55"/><quote symbol="NASDAQ:CTXS" src-company="citrix systems" company="Citrix Systems, Inc." date="2008-01-10" price="35.78"/></metadata>
<title>Gomez Announces 2007 Financial Results; Reports 45 Percent Year-Over-Year Revenue Growth
</title>
<html>
<head>
<meta name="generator" content="HTML Tidy for Windows (vers 14 February 2006), see www.w3.org"/>
<!-- #BeginEditable "doctitle" -->
<title>Gomez Announces 2007 Financial Results; Reports 45 Percent
Year-Over-Year Revenue Growth</title>
</head>
<body>
<p>LEXINGTON, Mass., <tm:entity><tm:time_expression><tm:relative_time Day="10" Month="Jan." role="Context" value="jan. 10">Jan. 10</tm:relative_time></tm:time_expression></tm:entity> /PRNewswire/ -- <tm:entity><tm:company Extension="Inc, Inc." role="Who" value="gomez">Gomez</tm:company></tm:entity>, Inc., the
leading on-demand infrastructure web application experience
management solutions provider, today announced revenue growth of
more than 45 percent for the year ended December 31, 2007. More
than 400 new customers selected Gomez <tm:entity><tm:time_expression><tm:duration Year="2007" value="during 2007">during 2007</tm:duration></tm:time_expression></tm:entity> to help them
deliver quality web experiences to their customers.</p>
<p>"Gomez's outstanding performance <tm:entity><tm:time_expression><tm:exact_time Year="2007" value="in 2007">in 2007</tm:exact_time></tm:time_expression></tm:entity> demonstrates our
continued leadership," said <tm:entity><tm:function FunctionCategory="Board" role="Has_Function" value="chief executive officer">CEO</tm:function></tm:entity> <tm:entity><tm:person Domain="Financial" Family_Name="Ellertson" First_Name="Jaime" Gender="Male" role="Person" value="jaime ellertson">Jaime Ellertson</tm:person></tm:entity>. "Key to this
success was the introduction of new products for companies to test,
design and develop web applications for the Internet leveraging our
network, and consequently, we were able to close an increased
number of multi-product deals. As web applications have become not
just the norm, but also richer and more complex, more businesses
worldwide are relying on Gomez to enhance the quality of their web
experiences."<br/></p><p>2007 Milestones:</p>
<p>Business and financial:</p>
<ul>
<li>Generated year-over-year revenue growth of greater than 45
percent; and sustained 19 quarters of successive revenue
growth.</li>
<li>Successfully completed acquisitions of <tm:entity><tm:company Extension="Ag" value="sysformance">Sysformance</tm:company></tm:entity> AG, which
increased Gomez's presence in <tm:entity><tm:location><tm:country><tm:place>Germany</tm:place></tm:country></tm:location></tm:entity>, <tm:entity><tm:location><tm:country><tm:place>Austria</tm:place></tm:country></tm:location></tm:entity> and <tm:entity><tm:location><tm:country><tm:place>Switzerland</tm:place></tm:country></tm:location></tm:entity>, and
of BrowserCam, which added on-demand browser visual testing to our
product portfolio.</li><li>Deepened our leadership bench with key strategic appointments
including an SVP of <tm:entity><tm:company value="r&amp;d">R&amp;D</tm:company></tm:entity> and <tm:entity><tm:company Domain="IT" value="operations">Operations</tm:company></tm:entity>; a <tm:entity><tm:function FunctionCategory="Board" value="executive vice president">VP</tm:function></tm:entity> of <tm:entity><tm:media><tm:television value="worldwide network">Worldwide
Network</tm:television></tm:media></tm:entity> Operations and Network Engineering; a <tm:entity><tm:function FunctionCategory="Board" value="vp of lead generation programs">VP of Lead Generation
Programs</tm:function></tm:entity>, a <tm:entity><tm:function FunctionCategory="Board" value="executive vice president">VP</tm:function></tm:entity> of <tm:entity><tm:organisation Domain="Regulatory" value="european medicines evaluation agency">EMEA</tm:organisation></tm:entity> and a General Counsel.</li>
</ul>
<p>Go-to-market:</p>
<ul>
<li>Signed over 400 new customers including numerous contracts for
multiple year commitments. Major brands added <tm:entity><tm:time_expression><tm:duration value="during the year">during the year</tm:duration></tm:time_expression></tm:entity> included <tm:entity><tm:company value="accenture">Accenture</tm:company></tm:entity>, <tm:entity><tm:company><tm:normalized_name Domain="TeleCommunication" Extension="Inc" value="at and t">AT&amp;T</tm:normalized_name></tm:company></tm:entity> Inc., <tm:entity><tm:company Extension="Inc" Location_Continent="America" value="american eagle outfitters">American Eagle Outfitters</tm:company></tm:entity>, Inc.,
<tm:entity><tm:company Extension="Limited" value="bbc worldwide">BBC Worldwide</tm:company></tm:entity> Limited, <tm:entity><tm:company Location_Continent="Europe" Location_Country="UnitedKingdom" value="bed">Bed</tm:company></tm:entity> Bath &amp; Beyond Inc., <tm:entity><tm:company Extension="Inc" value="coach">Coach</tm:company></tm:entity>, Inc.,
comScore, Inc., <tm:entity><tm:company Extension="Inc" value="hallmark cards">Hallmark Cards</tm:company></tm:entity>, Inc., <tm:entity><tm:person Domain="Financial" Family_Name="Ellertson" First_Name="Jaime" Gender="Male" value="jaime ellertson">John Hancock</tm:person></tm:entity>, <tm:entity><tm:company Extension="Inc" value="martha stewart living omnimedia">Martha Stewart
Living Omnimedia</tm:company></tm:entity>, Inc., <tm:entity><tm:company Domain="IT" Extension="Ag" value="siemens">Siemens</tm:company></tm:entity> AG, <tm:entity><tm:company Extension="Plc" value="silverjet">Silverjet</tm:company></tm:entity> plc, <tm:entity><tm:company Domain="Automotive" Extension="Inc" Location_Continent="America" value="subaru">Subaru</tm:company></tm:entity> of
America, Inc., <tm:entity><tm:media><tm:newsagency value="the associated press">The Associated Press</tm:newsagency></tm:media></tm:entity>, <tm:entity><tm:company Extension="B V" value="the nielsen company">The Nielsen Company</tm:company></tm:entity> B.V., <tm:entity><tm:company Domain="Transportation" value="ups">UPS</tm:company></tm:entity>,
<tm:entity><tm:company Domain="Transportation" Extension="Inc" value="us airways">US Airways</tm:company></tm:entity> Inc., <tm:entity><tm:company Extension="Llc" value="yellowpages com">YELLOWPAGES.COM</tm:company></tm:entity> LLC, and Zappos.</li>
<li>Increased penetration into web-dependent vertical markets, with
key wins including: -- 40 new customers in retail -- 36 new
customers in consumer products goods -- 30 new customers in
financial services -- 29 new customers in media and publishing</li>
<li>Accelerated acceptance of new products. <tm:entity><tm:time_expression><tm:duration Year="2007" value="during the second half of 2007">During the second half
of 2007</tm:duration></tm:time_expression></tm:entity> more than one-third of our new enterprise customers
purchased multiple products from the Gomez(R) ExperienceFirst(TM)
platform.</li>
<li>Over 20 new channel partners including <tm:entity><tm:company value="blast radius">Blast Radius</tm:company></tm:entity>, <tm:entity><tm:company Domain="IT" Extension="Inc" value="citrix systems">Citrix
Systems</tm:company></tm:entity>, Inc., <tm:entity><tm:company><tm:normalized_name Domain="TeleCommunication" Extension="Inc" value="level 3">Level 3 Communications</tm:normalized_name></tm:company></tm:entity>, Inc., <tm:entity><tm:company value="rackspace">Rackspace</tm:company></tm:entity> Managed
Hosting, Ronghai Consulting (<tm:entity><tm:location><tm:country><tm:place>China</tm:place></tm:country></tm:location></tm:entity>), <tm:entity><tm:company Domain="IT" value="samsung networks">Samsung Networks</tm:company></tm:entity>, and
Torque|FKM joined the Gomez Performance Partner Program, which
already included the industry's top three content delivery
networks: Akamai, CDNetworks and Limelight Networks.</li>
<li><tm:entity><tm:company Extension="Co" value="named best saas">Named Best SaaS</tm:company></tm:entity> Company in the mid-size category <tm:entity><tm:time_expression><tm:exact_time Year="2007" value="for 2007">for 2007</tm:exact_time></tm:time_expression></tm:entity> by
Software Business Magazine.</li>
</ul>
<p>Technology and products:</p>
<ul>
<li>Successfully extended the Gomez ExperienceFirst platform,
entering the quality assurance market with a suite of on-demand
software tools that extend web performance into web 2.0 application
design and development.</li>
<li>Tripled the size of the Gomez(R) Active Last Mile(TM) XF
community, now offering 38,000 end-user desktops enabling external
website performance monitoring from different connection speeds,
ISPs, and geographies. "In addition to growth in our customer base
and revenues, increasing cash flow from operations <tm:entity><tm:time_expression><tm:relative_time value="this past year">this past year</tm:relative_time></tm:time_expression></tm:entity> further reinforced Gomez's strong financial position, and enabled
product development and network infrastructure investments, and the
acquisitions of <tm:entity><tm:company Extension="Ag" value="sysformance">Sysformance</tm:company></tm:entity> and BrowserCam," said Gomez <tm:entity><tm:function FunctionCategory="Board" role="Has_Function" value="chief legal officer">CFO</tm:function></tm:entity>,
<tm:entity><tm:person Family_Name="Darer" First_Name="Richard" Gender="Male" role="Person" value="richard darer">Richard Darer</tm:person></tm:entity>.</li></ul>
<p>About Gomez</p>
<p><tm:entity><tm:company Extension="Inc, Inc." value="gomez">Gomez</tm:company></tm:entity>, Inc. is the leading on-demand infrastructure provider for
web application experience management, helping the world's top
businesses ensure quality web experiences for their customers.
Gomez(R) ExperienceFirst(TM) applications are used by more than
1000 companies worldwide, including eight of the top 10 most
visited sites, six of the top 10 retailers, nine of the top 10
financial services firms, five of the top 10 social networking
companies, and four of the top 10 industrial companies. Gomez
provides the industry's only comprehensive solution for managing
the web application experience from development through deployment
and the entire application life cycle, featuring visual, functional
and load testing, actual end-user and active website monitoring,
competitive benchmarking, and more than 38,000 data sources
worldwide. For more information, please visit <a href="http://www.gomez.com" target="_new">http://www.gomez.com</a>.</p><p>Gomez(R) and Gomez.com(R) are registered service marks, and
ExperienceFirst(TM) and Active Last Mile(TM) XF are service marks,
of <tm:entity><tm:company Extension="Inc, Inc." value="gomez">Gomez</tm:company></tm:entity>, Inc. All other trademarks and service marks are the
property of their <tm:entity><tm:function FunctionCategory="Board" value="respective owners">respective owners</tm:function></tm:entity>.</p></body>
</html>


</doc>

