<doc xmlns:tm="http://www.temis.com/annotations/1.1/">
<metadata>
<aboutcompany value="fortify software, inc."/>
<releaselocation value="san mateo"/>
<data_source value="prnews"/>
<source value="fortify software inc."/>
<processing_date>2008-01-21T17:06:35</processing_date>
<date>2008-01-10T09:00:00</date>
<quote symbol="NYSE:FO" src-company="fortune" company="Fortune Brands, Inc." date="2008-01-10" price="68.25"/><quote symbol="NASDAQ:SGIC" src-company="silicon graphics" company="Silicon Graphics, Inc." date="2008-01-10" price="16.66"/></metadata>
<title>Fortify Software Names Enterprise Software Veteran <tm:entity><tm:person Family_Name="Newby" First_Name="Clark" Gender="Male" role="Person" value="clark newby">Clark Newby</tm:person></tm:entity> as <tm:entity><tm:function FunctionCategory="Board" role="Has_Function" value="vice president">Vice President</tm:function></tm:entity> of <tm:entity><tm:company><tm:potential_company role="Who" value="marketing">Marketing</tm:potential_company></tm:company></tm:entity></title>
<html>
<head>
<meta name="generator" content="HTML Tidy for Windows (vers 14 February 2006), see www.w3.org"/>
<!-- #BeginEditable "doctitle" -->
<title>Fortify Software Names Enterprise Software Veteran <tm:entity><tm:person Family_Name="Newby" First_Name="Clark" Gender="Male" role="Person" value="clark newby">Clark
Newby</tm:person></tm:entity> as <tm:entity><tm:function FunctionCategory="Board" role="Has_Function" value="vice president">Vice President</tm:function></tm:entity> of <tm:entity><tm:company><tm:potential_company role="Who" value="marketing">Marketing</tm:potential_company></tm:company></tm:entity></title></head>
<body>
<p>Successful enterprise marketing <tm:entity><tm:function FunctionCategory="Board" value="executive">executive</tm:function></tm:entity> brings extensive
expertise and</p>
<p>proven track record to leading application security vendor.</p>
<p>SAN MATEO, <tm:entity><tm:location><tm:country location_country="United States of America"><tm:place>Calif.</tm:place></tm:country></tm:location></tm:entity>, <tm:entity><tm:time_expression><tm:relative_time Day="10" Month="Jan." value="jan. 10">Jan. 10</tm:relative_time></tm:time_expression></tm:entity> /PRNewswire/ -- Fortify <tm:entity><tm:company Extension="Inc" value="software">Software</tm:company></tm:entity> Inc., the market leader in enterprise application security
solutions, today announced the appointment of <tm:entity><tm:person Family_Name="Newby" First_Name="Clark" Gender="Male" role="Person" value="clark newby">Clark Newby</tm:person></tm:entity> as <tm:entity><tm:function FunctionCategory="Board" role="Has_Function" value="vice president">Vice
President</tm:function></tm:entity> of <tm:entity><tm:company><tm:potential_company role="Who" value="marketing">Marketing</tm:potential_company></tm:company></tm:entity>. A 16-year veteran in information technology
and enterprise software markets, Newby brings an impressive track
record of implementing global marketing strategies to Fortify's
seasoned management team as the company continues to grow its
momentum into 2008 and beyond.</p><p>"We are thrilled to have a <tm:entity><tm:function FunctionCategory="Board" value="senior marketing executive">senior marketing executive</tm:function></tm:entity> of Clark's
caliber join our team," said <tm:entity><tm:person Family_Name="Jack" First_Name="John, M" Gender="Male" value="john m jack">John M. Jack</tm:person></tm:entity>, Fortify's <tm:entity><tm:function FunctionCategory="Board" value="chief executive officer">CEO</tm:function></tm:entity>. "Clark
brings many years of solid experience in leading global marketing
teams and his ability to create international visibility and
presence will be invaluable for Fortify's strategic initiatives
moving forward. Clark will play the lead role in building the
Fortify brand, defining our position and raising our company's
profile as we continue to set new standards in software security
innovation."</p><p>As <tm:entity><tm:function FunctionCategory="Board" value="vice president of marketing">Vice President of Marketing</tm:function></tm:entity>, Newby is responsible for driving
marketing and brand strategy, corporate communications, demand
generation and product marketing efforts.</p><p>"Fortify has just wrapped up a record-setting year and is in an
excellent position, powered by a unique vision for software
security," said Newby. "This is a company with extraordinary
technology, a great team which includes a world-class research
team, market-leading and award-winning solutions, and an
outstanding customer base. I'm excited to be a part of the team and
look forward to many new successes as Fortify continues to
grow."</p>
<p>Newby was most recently with <tm:entity><tm:company role="Who" value="polyserve">PolyServe</tm:company></tm:entity>, a data center software
company that was acquired <tm:entity><tm:time_expression><tm:relative_time Month="April" role="Context" value="last april">last April</tm:relative_time></tm:time_expression></tm:entity> by <tm:entity><tm:company><tm:normalized_name Domain="IT" role="Whom" value="hewlett-packard">Hewlett-Packard</tm:normalized_name></tm:company></tm:entity>. As <tm:entity><tm:function FunctionCategory="Board" value="vp of marketing">VP of
Marketing</tm:function></tm:entity>, Newby drove strategic marketing and communications
initiatives as well as oversaw product marketing. Prior to
PolyServe, he was <tm:entity><tm:function FunctionCategory="Board" value="senior director of global marketing">Senior Director of Global Marketing</tm:function></tm:entity> at <tm:entity><tm:company Domain="IT" role="Who" value="mercury interactive">Mercury
Interactive</tm:company></tm:entity>, where he directed worldwide marketing campaigns for
the company's business technology optimization products. Newby came
to Mercury <tm:entity><tm:time_expression><tm:exact_time Year="2003" value="in 2003">in 2003</tm:exact_time></tm:time_expression></tm:entity> with the acquisition of Kintana, where he held
positions in marketing, business development and strategic
alliances, and was instrumental in creating the 'IT governance'
market category. Prior to Kintana, Newby managed manufacturing
industries marketing for <tm:entity><tm:company Domain="IT" value="silicon graphics">Silicon Graphics</tm:company></tm:entity>, a high-performance
server and storage vendor.</p><p>Newby holds a bachelor's degree in mechanical engineering from
Cornell University and a master's in business administration from
the <tm:entity><tm:organisation Domain="Educational" value="university of california at berkeley">University of California at Berkeley</tm:organisation></tm:entity>.</p><p>About Fortify <tm:entity><tm:company Extension="Inc" value="software">Software</tm:company></tm:entity>, Inc.</p><p>Fortify(R) Software products protect companies from the threats
posed by security flaws in business-critical software applications.
Its software security products-Fortify SCA, Fortify <tm:entity><tm:function FunctionCategory="Board" value="manager">Manager</tm:function></tm:entity>,
Fortify Tracer and Fortify Defender-drive down costs and security
risks by automating key processes of developing and deploying
secure applications. Fortify Software's customers include
government agencies and <tm:entity><tm:company value="fortune">FORTUNE</tm:company></tm:entity> 500 companies in a wide variety of
industries, such as financial services, healthcare, e-commerce,
telecommunications, publishing, insurance, systems integration and
information management. The company is backed by world-class teams
of software security <tm:entity><tm:function FunctionCategory="Other" value="experts">experts</tm:function></tm:entity> and partners. More information is
available at <a href="http://www.fortify.com" target="_new">http://www.fortify.com</a>.</p></body>
</html>


</doc>

