<doc xmlns:tm="http://www.temis.com/annotations/1.1/">
<metadata>
<aboutcompany value="macworld conference &amp; expo"/>
<releaselocation value="sunnyvale"/>
<data_source value="prnews"/>
<source value="fujitsu computer products of america, inc."/>
<processing_date>2008-01-21T17:11:20</processing_date>
<date>2008-01-09T09:00:00</date>
</metadata>
<title><tm:entity><tm:company Domain="IT" Extension="Ltd" value="fujitsu">Fujitsu</tm:company></tm:entity> to Exhibit Upcoming and Award-Winning ScanSnap Scanners for Mac(R) at Macworld 2008
</title>
<html>
<head>
<meta name="generator" content="HTML Tidy for Windows (vers 14 February 2006), see www.w3.org"/>
<!-- #BeginEditable "doctitle" -->
<title><tm:entity><tm:company Domain="IT" Extension="Ltd" value="fujitsu">Fujitsu</tm:company></tm:entity> to Exhibit Upcoming and Award-Winning ScanSnap
Scanners for Mac(R) at Macworld 2008</title>
</head>
<body>
<p><tm:entity><tm:location><tm:country location_country="United States of America"><tm:place>SUNNYVALE</tm:place></tm:country></tm:location></tm:entity>, <tm:entity><tm:location><tm:country location_country="United States of America"><tm:place>Calif.</tm:place></tm:country></tm:location></tm:entity>, <tm:entity><tm:time_expression><tm:relative_time Day="9" Month="Jan." value="jan. 9">Jan. 9</tm:relative_time></tm:time_expression></tm:entity> /PRNewswire/ -- <tm:entity><tm:company Domain="IT" value="fujitsu computer">Fujitsu Computer</tm:company></tm:entity> <tm:entity><tm:company Extension="Inc" Location_Continent="America" value="products">Products</tm:company></tm:entity> of America, Inc., a market leader in document imaging
scanners and services, today announced it will showcase the newest
ScanSnap Scanner for Mac(R), at the Macworld 2008 Conference and
Expo(TM), <tm:entity><tm:time_expression><tm:relative_time Day="14, 18" Month="January" value="january 14-18">January 14-18</tm:relative_time></tm:time_expression></tm:entity> in <tm:entity><tm:location><tm:country location_country="United States of America"><tm:place>San Francisco</tm:place></tm:country></tm:location></tm:entity>. Also at the show, <tm:entity><tm:company Domain="IT" Extension="Ltd" value="fujitsu">Fujitsu</tm:company></tm:entity> will be announcing an upcoming device to address the mobile
document imaging needs of the Mac community.</p>
<p>The <tm:entity><tm:company Domain="IT" Extension="Ltd" value="fujitsu">Fujitsu</tm:company></tm:entity> ScanSnap S510M is one of the only single-pass duplex
automatic document feeder (ADF) scanners available today for the
Apple(R) community. Bundled with ABBYY FineReader(R) 3.0 for
ScanSnap, a custom-built optical character recognition (OCR)
software application based on ABBYY's award-winning recognition
technology, the S510M scanner enables users to convert documents
into editable and searchable portable document format (PDF) files,
all with the push of a button. Additionally, with the bundled
Adobe(R) Acrobat(R) 8 Professional, ScanSnap boasts flexible
editing features including commenting and mark-up capabilities,
enabling advanced collaboration. The <tm:entity><tm:company Domain="IT" value="fujitsu scansnap">Fujitsu ScanSnap</tm:company></tm:entity>, supporting
Mac OS(R) X v10.4 Tiger(TM), and Mac OS(R) X Leopard (available
today by free download), has a compact, upright, "one-button"
design equipped with a 50-page ADF that allows users to scan at
speeds up to 18 pages per minute (ppm) for single-sided documents
and 36 images per minute (ipm) for double-sided documents.</p><p><tm:entity><tm:company Domain="IT" Extension="Ltd" value="fujitsu">Fujitsu</tm:company></tm:entity> will give live product demonstrations to Macworld
attendees at booth #S308 and is setting up one-on-one media
briefings upon request. To reserve a space or to receive additional
information, please contact Shanee<tm:entity><tm:person Family_Name="Zur" First_Name="Ben-" value="ben-zur">Ben-Zur</tm:person></tm:entity> at 650/228-5205 or
<a href="mailto:sbenzur@vocecomm.com"><tm:entity><tm:email value="sbenzur@vocecomm.com">sbenzur@vocecomm.com</tm:email></tm:entity></a>.<br/></p><p>WHEN/WHERE:</p>
<p>Event: Macworld 2008 Conference and Expo(TM)</p>
<p>Location: The <tm:entity><tm:organisation value="moscone center">Moscone Center</tm:organisation></tm:entity>, <tm:entity><tm:location><tm:country location_country="United States of America"><tm:place>San Francisco</tm:place></tm:country></tm:location></tm:entity>, <tm:entity><tm:location><tm:country location_country="United States of America"><tm:place>CA</tm:place></tm:country></tm:location></tm:entity></p><p>Date: <tm:entity><tm:time_expression><tm:relative_time value="jan. 14-18 , 2008">Jan. 14-18, 2008</tm:relative_time></tm:time_expression></tm:entity></p><p>Booth: #S308</p>
<p>About Macworld Conference &amp; Expo</p>
<p>Owned and produced by Framingham, Massachusetts-based IDG World
Expo, Macworld Conference &amp; Expo is the world's most
comprehensive Macintosh(R) OS event. Macworld Conference &amp; Expo
showcases products and services for professionals involved in media
and creative content development for corporate and home
applications, as well as pro-sumers using Mac computers at home.
For more information or to register for the event, please visit the
Web site at <a href="http://www.macworldexpo.com" target="_new">http://www.macworldexpo.com,</a>or call (800) 645-EXPO.</p>
<p>About <tm:entity><tm:company Domain="IT" value="fujitsu computer">Fujitsu Computer</tm:company></tm:entity> Products of <tm:entity><tm:company Extension="Inc" value="america">America</tm:company></tm:entity>, Inc.</p><p><tm:entity><tm:company Domain="IT" value="fujitsu computer">Fujitsu Computer</tm:company></tm:entity> Products of <tm:entity><tm:company Extension="Inc" value="america">America</tm:company></tm:entity>, Inc. conducts engineering
and marketing activities in <tm:entity><tm:location><tm:country location_country="United States of America"><tm:place>Sunnyvale</tm:place></tm:country></tm:location></tm:entity>, <tm:entity><tm:location><tm:country location_country="United States of America"><tm:place>CA</tm:place></tm:country></tm:location></tm:entity> and sales operations
throughout the <tm:entity><tm:location><tm:country><tm:place>United States</tm:place></tm:country></tm:location></tm:entity>. <tm:entity><tm:company Domain="IT" value="fujitsu computer">Fujitsu Computer</tm:company></tm:entity> Products of <tm:entity><tm:location><tm:country><tm:place>America</tm:place></tm:country></tm:location></tm:entity> currently offers products and services including hard disk drives,
scanners and scanner maintenance, broadcast video products, palm
vein recognition technology and 10Gb Ethernet switches. <tm:entity><tm:company Domain="IT" value="fujitsu computer">Fujitsu
Computer</tm:company></tm:entity> Products of <tm:entity><tm:location><tm:country><tm:place>America</tm:place></tm:country></tm:location></tm:entity> is located at 1255 East Arques Avenue,
Sunnyvale, CA, 94085. For more information about <tm:entity><tm:company Domain="IT" Extension="Ltd" value="fujitsu">Fujitsu</tm:company></tm:entity> products
and services, call us at 800-626-4686 or 408-746-7000.</p>
<p>For more information, please see: <a href="http://us.fujitsu.com/fcpa" target="_new">http://us.fujitsu.com/fcpa</a></p>
<p>Copyright 2008 <tm:entity><tm:company Domain="IT" value="fujitsu computer">Fujitsu Computer</tm:company></tm:entity> Products of <tm:entity><tm:company Extension="Inc" value="america">America</tm:company></tm:entity>, Inc. All
rights reserved. <tm:entity><tm:company Domain="IT" Extension="Ltd" value="fujitsu">Fujitsu</tm:company></tm:entity> and the <tm:entity><tm:company Domain="IT" Extension="Ltd" value="fujitsu">Fujitsu</tm:company></tm:entity> logo are registered
trademarks and The Possibilities are Infinite and PalmSecure are
trademarks of <tm:entity><tm:company Domain="IT" Extension="Ltd" value="fujitsu">Fujitsu</tm:company></tm:entity> Ltd. ScanSnap is a trademark of <tm:entity><tm:company Domain="IT" value="fujitsu computer">Fujitsu
Computer</tm:company></tm:entity> Products of <tm:entity><tm:company Extension="Inc" value="america">America</tm:company></tm:entity>, Inc. All other trademarks are the
property of their <tm:entity><tm:function FunctionCategory="Board" value="respective owners">respective owners</tm:function></tm:entity>. Statements herein are based on
normal operating conditions and are not intended to create any
implied warranty of merchantability or fitness for a particular
purpose. <tm:entity><tm:company Domain="IT" value="fujitsu computer">Fujitsu Computer</tm:company></tm:entity> Products of <tm:entity><tm:company Extension="Inc" value="america">America</tm:company></tm:entity>, Inc. reserves the
right to modify at any time without notice these statements, our
services, products, and their warranty and performance
specifications.<br/></p><p>MEDIA CONTACTS:</p>
<p><tm:entity><tm:person Family_Name="Fowler, Shanee, Ben-zur" First_Name="Megan" Gender="Male" value="megan fowler shanee ben-zur">Megan Fowler Shanee Ben-Zur</tm:person></tm:entity></p><p><tm:entity><tm:company Domain="IT" value="fujitsu computer">Fujitsu Computer</tm:company></tm:entity> Products of <tm:entity><tm:company Extension="Inc" value="america">America</tm:company></tm:entity>, Inc. <tm:entity><tm:company Domain="TeleCommunication" Extension="Inc" value="voce communications">Voce Communications</tm:company></tm:entity>,
Inc.</p><p>408/746-7149 650/228-5205</p>
<p><a href="mailto:mfowler@us.fujitsu.com"><tm:entity><tm:email value="mfowler@us.fujitsu.com">mfowler@us.fujitsu.com</tm:email></tm:entity></a><a href="mailto:sbenzur@vocecomm.com"><tm:entity><tm:email value="sbenzur@vocecomm.com">sbenzur@vocecomm.com</tm:email></tm:entity></a></p></body>
</html>


</doc>

