<doc xmlns:tm="http://www.temis.com/annotations/1.1/">
<metadata>
<aboutcompany value="the university of california, san diego"/>
<releaselocation value="cary"/>
<data_source value="prnews"/>
<source value="sciquest, inc."/>
<processing_date>2008-01-21T17:03:34</processing_date>
<date>2008-01-10T12:59:00</date>
</metadata>
<title><tm:entity><tm:company><tm:potential_company role="Who" value="sciquest">SciQuest</tm:potential_company></tm:company></tm:entity> Continues to Surpass Milestones for Customer Wins, Growth and Market Share; Remains Clear Eprocurement Leader for Academic and Research-Centric Organizations
</title>
<html>
<head>
<meta name="generator" content="HTML Tidy for Windows (vers 14 February 2006), see www.w3.org"/>
<!-- #BeginEditable "doctitle" -->
<title><tm:entity><tm:company><tm:potential_company role="Who" value="sciquest">SciQuest</tm:potential_company></tm:company></tm:entity> Continues to Surpass Milestones for Customer Wins,
Growth and Market Share; Remains Clear Eprocurement Leader for
Academic and Research-Centric Organizations</title>
</head>
<body>
<p>Leading Customers in Key Markets, Differentiated Product
Offerings and</p>
<p>Software-as-a-Service Strategy Continue to Drive Record
Performance</p>
<p><tm:entity><tm:location><tm:country location_country="United States of America"><tm:place>CARY</tm:place></tm:country></tm:location></tm:entity>, N.C., <tm:entity><tm:time_expression><tm:relative_time Day="10" Month="Jan." value="jan. 10">Jan. 10</tm:relative_time></tm:time_expression></tm:entity> /PRNewswire/ -- <tm:entity><tm:company Extension="Inc" value="sciquest">SciQuest</tm:company></tm:entity>, Inc. today
announced it has surpassed a significant milestone with the signing
of its 100th customer, the <tm:entity><tm:organisation Domain="Educational" value="university of oxford">University of Oxford</tm:organisation></tm:entity>, and 16 additional
customers <tm:entity><tm:time_expression><tm:duration Year="2007" value="during the second half of 2007">during the second half of 2007</tm:duration></tm:time_expression></tm:entity>. This achievement reflects
SciQuest's dramatic growth and leadership providing eprocurement
products and services for academic, pharmaceutical, biotechnology
and other research-intensive organizations.</p><p>"SciQuest's expertise and the professional services they offer
made us confident in our decision to implement the full suite of
eprocurement solutions," said <tm:entity><tm:person Family_Name="Collins" First_Name="Linda" Gender="Female" role="Person" value="linda collins">Linda Collins</tm:person></tm:entity>, <tm:entity><tm:function FunctionCategory="Board" role="Has_Function" value="director of procurement">director of
procurement</tm:function></tm:entity> and contract services at the <tm:entity><tm:organisation Domain="Educational" value="university of california san diego">University of California,
San Diego</tm:organisation></tm:entity>. "Instead of managing many separate procurement processes
and systems, we have now moved forward with a consolidated solution
based on SciQuest's proven technology. We strive to become a leader
in procurement innovation and, ultimately, achieve best-in-class
recognition."<br/></p><p>Notable Achievements <tm:entity><tm:time_expression><tm:exact_time Year="2007" value="in 2007">in 2007</tm:exact_time></tm:time_expression></tm:entity> Included:</p>
<div style="margin-left: 2em">*Leading customer base -- More than
60 of the nation's top universities and nine of the top 15 global
pharmaceutical companies rely on SciQuest's modular suite of
procurement automation and supplier enablement solutions to reduce
costs, improve productivity and increase visibility for
enterprise-wide spend management. *Global expansion -- SciQuest
continued to pursue its next phase of rapid growth by securing new
business and expanding existing relationships with several European
customers. The recent hires of <tm:entity><tm:person Family_Name="Mazza" First_Name="Ralph" Gender="Male" role="Person" value="ralph mazza">Ralph Mazza</tm:person></tm:entity> as <tm:entity><tm:function FunctionCategory="Board" role="Has_Function" value="vice president">vice president</tm:function></tm:entity> of
global professional services and supplier enablement, and <tm:entity><tm:person Family_Name="Stevens" First_Name="Brad" Gender="Male" role="Person" value="brad stevens">Brad
Stevens</tm:person></tm:entity> as <tm:entity><tm:function FunctionCategory="Board" role="Has_Function" value="vice president">vice president</tm:function></tm:entity> of marketing and strategy, along with an
augmented presence in <tm:entity><tm:location><tm:country><tm:place>Europe</tm:place></tm:country></tm:location></tm:entity>, will help SciQuest continue to
aggressively pursue its plans to expand its customer base globally.
*Industry recognition -- SciQuest's success garnered a number of
national and local honors <tm:entity><tm:time_expression><tm:exact_time Year="2007" value="in 2007">in 2007</tm:exact_time></tm:time_expression></tm:entity>, including being named to the
Inc. 5,000 list of the fastest growing private companies in
<tm:entity><tm:location><tm:country><tm:place>America</tm:place></tm:country></tm:location></tm:entity>, and the Triangle Business Journal's "Fast 50" ranking of
the fastest growing private companies in the region, as well as the
receipt of 2007 "<tm:entity><tm:company Extension="Co" value="growth">Growth</tm:company></tm:entity> Company of the Year" awards from the
<tm:entity><tm:organisation value="council for entrepreneurial development">Council for Entrepreneurial Development</tm:organisation></tm:entity> and the <tm:entity><tm:location><tm:country location_country="United States of America"><tm:place>North Carolina</tm:place></tm:country></tm:location></tm:entity> Technology Association. The Triangle Business Journal also
recognized SciQuest as a "Best Place to Work." "SciQuest's focus on
research-centric organizations with a superior
software-as-a-service-based eprocurement solution has enabled the
company to outperform competitors," said <tm:entity><tm:person Family_Name="Wiehe" First_Name="Stephen" Gender="Male" role="Person" value="stephen wiehe">Stephen Wiehe</tm:person></tm:entity>, <tm:entity><tm:function FunctionCategory="Board" role="Has_Function" value="president and ceo">president
and CEO</tm:function></tm:entity> of <tm:entity><tm:company><tm:potential_company role="Who" value="sciquest">SciQuest</tm:potential_company></tm:company></tm:entity>. "Our strong financial performance, industry
recognition and leading customer-base have clearly positioned us as
the eprocurement market leader for academic and research-intensive
organizations."<br/></div><p>Astute Decisions, Business Model Drive Momentum</p>
<p>SciQuest's success today is a direct result of decisions made
over the</p>
<p><tm:entity><tm:time_expression><tm:relative_time value="last six years">last six years</tm:relative_time></tm:time_expression></tm:entity> that have transformed the company, including:</p>
<div style="margin-left: 2em">*Adopting a new business model -- <tm:entity><tm:time_expression><tm:exact_time Year="2002" value="in 2002">In
2002</tm:exact_time></tm:time_expression></tm:entity>, <tm:entity><tm:person Family_Name="Wiehe" First_Name="Stephen" Gender="Male" role="Person" value="stephen wiehe">Wiehe</tm:person></tm:entity> and his team reinvented SciQuest's business model from
a transactional online marketplace that bought and sold research
goods to a provider of on-demand eprocurement solutions that
leverage the company's expertise in research-intensive fields. As
one of the first companies to deliver its solution through the
software-as-a-service (<tm:entity><tm:company value="saas">SaaS</tm:company></tm:entity>) model, SciQuest provides customers
with eprocurement capabilities that don't tax their IT
infrastructure, encourage adoption and ensure sustainable revenue.
*Taking the company private -- <tm:entity><tm:person Family_Name="Wiehe" First_Name="Stephen" Gender="Male" role="Person" value="stephen wiehe">Wiehe</tm:person></tm:entity> took the company private <tm:entity><tm:time_expression><tm:exact_time Year="2004" value="in 2004">in
2004</tm:exact_time></tm:time_expression></tm:entity> to focus its efforts and resources on the development of a
service-oriented company that offers five-nines reliability and
24/7 support, the hallmarks of a successful <tm:entity><tm:company value="saas">SaaS</tm:company></tm:entity> provider.
*Removing barriers to eprocurement adoption -- SciQuest realized
that strategic procurement automation must be coupled with sourcing
and supplier enablement in order for customers to achieve the
technology's full potential for generating efficiencies and cost
savings. SciQuest's decision not to charge transaction-based fees,
a method common to other vendor solutions, encouraged the
participation of leading suppliers in its online marketplace. As
such, SciQuest customers are able to offer end users a broad
selection of goods and services to choose from, delivering a
superior "consumer-like" shopping experience that is a critical
factor in the adoption of eprocurement solutions.</div>
<p>Software-as-a-Service Pays Dividends</p>
<p><tm:entity><tm:time_expression><tm:relative_time value="this past year">This past year</tm:relative_time></tm:time_expression></tm:entity> marked the culmination of SciQuest's vision for
on-demand eprocurement automation. The company achieved record
revenue growth, and its focus on customer service as part of the
<tm:entity><tm:company value="saas">SaaS</tm:company></tm:entity> model and supplier enablement services allowed SciQuest to
achieve unprecedented customer retention, with a 99 percent
subscription renewal rate and a 66 percent compound annual customer
growth rate <tm:entity><tm:time_expression><tm:duration Year="2002" value="since 2002">since 2002</tm:duration></tm:time_expression></tm:entity>.</p><p>According to researchers at TripleTree, only five percent of the
550 <tm:entity><tm:company role="Who" value="saas">SaaS</tm:company></tm:entity> providers started <tm:entity><tm:time_expression><tm:relative_time role="Context" value="in the past five years">in the past five years</tm:relative_time></tm:time_expression></tm:entity> generate revenues
greater than $15 million. SciQuest is in this rare class.</p>
<p>About the <tm:entity><tm:organisation Domain="Educational" value="university of california san diego">University of California, San Diego</tm:organisation></tm:entity></p><p>Since its founding less than <tm:entity><tm:time_expression><tm:relative_time value="50 years ago">50 years ago</tm:relative_time></tm:time_expression></tm:entity>, UC <tm:entity><tm:location><tm:country location_country="United States of America"><tm:place>San Diego</tm:place></tm:country></tm:location></tm:entity>-- one
of the ten campuses in the <tm:entity><tm:organisation Domain="Educational" value="world renowned university of california">world-renowned University of California</tm:organisation></tm:entity> system-has rapidly achieved the status as one of the top
institutions in the nation for higher education and research. With
annual research funding of nearly <tm:entity><tm:money_expression><tm:money Amount="700 million" Currency="Dollar" value="$700 million">$700 million</tm:money></tm:money_expression></tm:entity>, <tm:entity><tm:company Domain="Pharma" value="ucsd">UCSD</tm:company></tm:entity> ranks fifth in
the nation-and first in the UC system -- in federal <tm:entity><tm:company value="r&amp;d">R&amp;D</tm:company></tm:entity> expenditures. <tm:entity><tm:company Domain="Pharma" value="ucsd">UCSD</tm:company></tm:entity> faculty and graduate programs have been ranked
10th best in the nation by the <tm:entity><tm:organisation value="national research council">National Research Council</tm:organisation></tm:entity>. The
campus, which enrolls more than 25,000 students, has one of the
nation's highest percentages of faculty elected to the prestigious
national academies.</p><p>About SciQuest</p>
<p><tm:entity><tm:company Extension="Inc" value="sciquest">SciQuest</tm:company></tm:entity> is the global leader in helping academic and
research-centric organizations realize the potential of strategic
procurement. The company's specialized knowledge, on-demand
software, and services-first approach empower more than 100 of the
best-known academic, pharmaceutical, biotechnology and research
organizations to manage spend, drive ROI, and advance their
critical missions.</p>
<p>SciQuest's strategic procurement solutions are strengthened by a
deep understanding of the higher education and research
environments combined with a broad supplier network for everything
from lab equipment to office supplies to services. The company's
intuitive, online shopping experience and diverse supplier
offerings are proven to increase user adoption and contract
compliance. Through software-as-a-service (<tm:entity><tm:company value="saas">SaaS</tm:company></tm:entity>) deployment,
organizations can quickly implement the right eprocurement
solution, whether it's a robust shopping platform for existing
eprocurement tools or to fully enable all aspects of purchasing
from sourcing to settlement.</p><p>For more information about SciQuest, please visit <a href="http://www.sciquest.com" target="_new">http://www.sciquest.com</a>
or call 877-710-0413 in the <tm:entity><tm:location><tm:country><tm:place>U.S.</tm:place></tm:country></tm:location></tm:entity> or <tm:entity><tm:phone_number value="+44 1794 341182">+44 1794 341182</tm:phone_number></tm:entity> in
<tm:entity><tm:location><tm:country><tm:place>Europe</tm:place></tm:country></tm:location></tm:entity>.<br/></p><p>Trademarks contained herein remain the property of their
<tm:entity><tm:function FunctionCategory="Board" value="respective owners">respective owners</tm:function></tm:entity>.</p><p>SciQuest media contact:</p>
<p><tm:entity><tm:person Family_Name="Phillips" First_Name="Ken" Gender="Male" value="ken phillips">Ken Phillips</tm:person></tm:entity></p><p><tm:entity><tm:company Extension="Group" value="davies murphy">Davies Murphy</tm:company></tm:entity> Group</p>
<p>781-418-2437</p>
<p><a href="mailto:kphillips@daviesmurphy.com"><tm:entity><tm:email value="kphillips@daviesmurphy.com">kphillips@daviesmurphy.com</tm:email></tm:entity></a></p></body>
</html>


</doc>

