<doc xmlns:tm="http://www.temis.com/annotations/1.1/">
<metadata><aboutcompany value="insight, inc."/><releaselocation value="manassas"/><data_source value="prnews"/><source value="insight, inc."/><processing_date>2008-01-21T17:08:57</processing_date><date>2008-01-09T01:33:00</date><quote symbol="LON:CPG" src-company="cpg" company="Compass Group plc" date="2008-01-09" price=""/><quote symbol="OTC:AITP" src-company="american italian pasta" company="American Italian Pasta Company" date="2008-01-09" price="6.60"/><quote symbol="NYSE:K" src-company="kellogg" company="Kellogg Company" date="2008-01-09" price="51.92"/><quote symbol="NYSE:CLX" src-company="clorox" company="The Clorox Company" date="2008-01-09" price="62.70"/><quote symbol="NYSE:GT" src-company="goodyear" company="The Goodyear Tire &amp; Rubber Company" date="2008-01-09" price="24.17"/><quote symbol="NYSE:PFE" src-company="pfizer" company="Pfizer Inc." date="2008-01-09" price="23.92"/></metadata>
<title>Insight Awarded Top IT Provider To Food, Beverage, &amp; <tm:entity><tm:company Extension="Industries" value="cpg">CPG</tm:company></tm:entity> Industries For 3rd Consecutive Year
</title>
<html>
<head>
<meta name="generator" content="HTML Tidy for Windows (vers 14 February 2006), see www.w3.org"/>
<!-- #BeginEditable "doctitle" -->
<title>Insight Awarded Top IT Provider To Food, Beverage, &amp; <tm:entity><tm:company Extension="Industries" value="cpg">CPG</tm:company></tm:entity> Industries For 3rd Consecutive Year</title>
</head>
<body>
<p>Strategic Supply Chain Design Wins Notice for Competitive
Advantage and</p>
<p>Optimal Profitability</p>
<p>MANASSAS, Va., <tm:entity><tm:time_expression><tm:relative_time Day="9" Month="Jan." value="jan. 9">Jan. 9</tm:relative_time></tm:time_expression></tm:entity> /PRNewswire/ -- <tm:entity><tm:company Extension="Inc" value="insight">INSIGHT</tm:company></tm:entity>, Inc., a top
international provider of supply chain planning solutions for the
world's foremost companies, was named to Food Logistics magazine's
prestigious list of top technology solution providers to the food,
beverage, and consumer packaged goods industry for the third
consecutive year. Food Logistics magazine's <tm:entity><tm:money_expression><tm:money Amount="100" Currency="Florin" value="fl 100">FL 100</tm:money></tm:money_expression></tm:entity> list is compiled
based on input from readers, industry analysts and <tm:entity><tm:function FunctionCategory="Other" value="consultants">consultants</tm:function></tm:entity>.
INSIGHT won for work with large and mid-sized, top-performing food
industry clients, such as <tm:entity><tm:company Location_Undefined="American Italian" value="american italian pasta">American Italian Pasta</tm:company></tm:entity>, <tm:entity><tm:company><tm:normalized_name Domain="ConsumerGoods" value="pepsi">PepsiCo</tm:normalized_name></tm:company></tm:entity>, <tm:entity><tm:company Domain="ConsumerGoods" value="nestle">Nestle</tm:company></tm:entity>,
<tm:entity><tm:company><tm:normalized_name Domain="ConsumerGoods" value="procter and gamble">P&amp;G</tm:normalized_name></tm:company></tm:entity>, <tm:entity><tm:company value="kellogg">Kellogg</tm:company></tm:entity>, <tm:entity><tm:company value="clorox">Clorox</tm:company></tm:entity>, Tyson's Foods, Chiquita NA Fresh, and Dr.
Pepper/7Up.</p><p>"We are pleased and honored that INSIGHT's SAILS 21 has been
named to the Food Logistics' Top 100 Technology Providers once
again," said <tm:entity><tm:person Family_Name="Karrenbauer" First_Name="Jeff" Gender="Male" role="Person" value="jeff karrenbauer">Jeff Karrenbauer</tm:person></tm:entity>, <tm:entity><tm:function FunctionCategory="Board" role="Has_Function" value="president of insight">president of INSIGHT</tm:function></tm:entity>. "Our clients
face difficult, often conflicting challenges such as profit
maximization, asset base minimization, shorter cycle times, demand
fulfillment objectives, mass customization, global operations,
green initiatives, lean objectives, inventory deployment and supply
chain risks. This mandates a requirement for assessment and re-
optimization of supply chains on a regular basis. SAILS 21 is
uniquely capable of analyzing and optimizing any supply chain, from
straightforward to the most complex in existence."</p><p>The Food Logistics Top 100 Technology Providers List is a
resource of software, hardware and IT service providers that focus
on the unique needs of manufacturers, retailers, grocery
wholesalers, convenience store and food service distributors and
other companies that comprise the food supply chain.</p>
<p>About <tm:entity><tm:company Extension="Inc" value="insight">INSIGHT</tm:company></tm:entity>, Inc.</p><p>INSIGHT provides optimization-based supply chain planning and
network design software and consulting services developed
specifically to meet the dynamic business challenges of
globalization, disruptions, and mergers/acquisitions prevalent <tm:entity><tm:time_expression><tm:relative_time value="in today">in
today</tm:relative_time></tm:time_expression></tm:entity>'s business environment. Founded by supply chain and logistics
<tm:entity><tm:function FunctionCategory="Other" value="experts">experts</tm:function></tm:entity> <tm:entity><tm:time_expression><tm:exact_time Year="1978" value="in 1978">in 1978</tm:exact_time></tm:time_expression></tm:entity> with the goal of using world-class technology to
add intelligence to decision making, INSIGHT solves the supply
chain management issues of the world's foremost companies,
including <tm:entity><tm:company><tm:normalized_name Domain="Pharma" value="abbott">Abbott Laboratories</tm:normalized_name></tm:company></tm:entity>, <tm:entity><tm:company Domain="UnclassifiedCompany" value="basf">BASF</tm:company></tm:entity>, <tm:entity><tm:company value="clorox">Clorox</tm:company></tm:entity>, <tm:entity><tm:company><tm:normalized_name Domain="Energy" value="exxon mobil">ExxonMobil</tm:normalized_name></tm:company></tm:entity>, <tm:entity><tm:company Domain="Automotive" value="goodyear">Goodyear</tm:company></tm:entity>,
GE, <tm:entity><tm:company value="kellogg">Kellogg</tm:company></tm:entity>, <tm:entity><tm:company Domain="ConsumerGoods" value="nestle">Nestle</tm:company></tm:entity>, <tm:entity><tm:company><tm:normalized_name Domain="ConsumerGoods" value="pepsi">PepsiCo</tm:normalized_name></tm:company></tm:entity>, <tm:entity><tm:company Domain="Pharma" value="pfizer">Pfizer</tm:company></tm:entity>, <tm:entity><tm:company><tm:normalized_name Domain="ConsumerGoods" value="procter and gamble">Procter &amp; Gamble</tm:normalized_name></tm:company></tm:entity>, <tm:entity><tm:company Domain="Automotive" value="toyota">Toyota</tm:company></tm:entity>,
and <tm:entity><tm:company Domain="ConsumerGoods" value="unilever">Unilever</tm:company></tm:entity>.</p><p>SAILS, INSIGHT's award-winning flagship product, can accurately
represent a company's current business practices, from raw
materials sourcing to capacity planning through delivery to the end
customer. The X-System(R), a proprietary optimization engine,
powers a family of planning and scheduling solutions, from the
design of a global supply chains to crew scheduling, troop
deployments, inventory optimization, and transportation
procurement. In addition, INSIGHT provides optimization components,
partnering with third party software providers to deliver
best-of-breed solutions. Our software and services help design
optimal supply chain networks that minimize costs and free up
capital, streamline operations, maximize profits, and increase
customer service levels. For more information, please visit us on
the Web at <a href="http://www.insight-mss.com" target="_new">http://www.insight-mss.com</a>.<br/></p><p>For more information, please contact:</p>
<p><tm:entity><tm:person Family_Name="Boyd" First_Name="Becky" Gender="Female" value="becky boyd">Becky Boyd</tm:person></tm:entity></p><p>MediaFirst PR - <tm:entity><tm:location><tm:country location_country="United States of America"><tm:place>Atlanta</tm:place></tm:country></tm:location></tm:entity></p><p>becky [at] mediafirst [dot] net</p>
<p>(770) 642-2080</p>
</body>
</html>


</doc>

