<doc xmlns:tm="http://www.temis.com/annotations/1.1/">
<metadata>
<aboutcompany value="internet telephony magazine"/>
<releaselocation value="sunnyvale"/>
<data_source value="prnews"/>
<source value="agito networks, inc."/>
<processing_date>2008-01-21T17:10:56</processing_date>
<date>2008-01-09T09:00:00</date>
<quote symbol="FRA:WLJ" src-company="technology marketing" company="Worldwide Marketing Technology" date="2008-01-09" price=""/><quote symbol="NASDAQ:AMZN" src-company="amazon" company="Amazon.com, Inc." date="2008-01-09" price="85.22"/></metadata>
<title><tm:entity><tm:company Domain="IT" Extension="Inc" value="agito networks">Agito Networks</tm:company></tm:entity>' RoamAnywhere Mobility Router Wins Product of the Year Award From INTERNET TELEPHONY Magazine
</title><html>
<head>
<meta name="generator" content="HTML Tidy for Windows (vers 14 February 2006), see www.w3.org"/>
<!-- #BeginEditable "doctitle" -->
<title><tm:entity><tm:company Domain="IT" Extension="Inc" value="agito networks">Agito Networks</tm:company></tm:entity>' RoamAnywhere Mobility Router Wins Product of
the Year Award From INTERNET TELEPHONY Magazine</title></head>
<body>
<p><tm:entity><tm:company Domain="IT" Extension="Inc" value="agito networks">Agito Networks</tm:company></tm:entity>' <tm:entity><tm:company value="roamanywhere">RoamAnywhere</tm:company></tm:entity> Recognized From Nearly 500 Other
Products Due to Its Outstanding Innovation, Ability to Address the
Real Mobility Needs</p>
<p>of Enterprise Customers</p>
<p><tm:entity><tm:location><tm:country location_country="United States of America"><tm:place>SUNNYVALE</tm:place></tm:country></tm:location></tm:entity>, <tm:entity><tm:location><tm:country location_country="United States of America"><tm:place>Calif.</tm:place></tm:country></tm:location></tm:entity>, <tm:entity><tm:time_expression><tm:relative_time Day="9" Month="Jan." value="jan. 9">Jan. 9</tm:relative_time></tm:time_expression></tm:entity> /PRNewswire/ -- <tm:entity><tm:company Domain="IT" Extension="Inc" value="agito networks">Agito Networks</tm:company></tm:entity>,
Inc.(<tm:entity><tm:company><tm:abbreviation value="tm">TM</tm:abbreviation></tm:company></tm:entity>), a company pioneering new technology in enterprise
mobility, today announced that <tm:entity><tm:company Extension="Corporation" value="technology marketing">Technology Marketing</tm:company></tm:entity> Corporation's
(TMC(R)) INTERNET TELEPHONY magazine (<a href="http://www.itmag.com" target="_new">http://www.itmag.com</a>) has
named <tm:entity><tm:company Domain="IT" Extension="Inc" value="agito networks">Agito Networks</tm:company></tm:entity>' RoamAnywhere(TM) Mobility Router as a
recipient of its 2007 Product of the Year Award. INTERNET TELEPHONY
has been the VoIP authority <tm:entity><tm:time_expression><tm:duration Year="1998" value="since 1998">since 1998</tm:duration></tm:time_expression></tm:entity>(TM).</p><p>In its 10th Annual Product of the Year Awards program, INTERNET
TELEPHONY recognized <tm:entity><tm:company Domain="IT" Extension="Inc" value="agito networks">Agito Networks</tm:company></tm:entity>' RoamAnywhere Mobility Router
from nearly 500 other products. According to the magazine,
<tm:entity><tm:company value="roamanywhere">RoamAnywhere</tm:company></tm:entity> was selected because of its advancements of VoIP and
IP telecommunications technologies, and its ability to address real
needs in the marketplace. A full list of Product of the Year
winners will be published <tm:entity><tm:time_expression><tm:exact_time Month="February" Year="2008" value="in the february 2008">in the February 2008</tm:exact_time></tm:time_expression></tm:entity> issue of INTERNET
TELEPHONY magazine (<a href="http://www.itmag.com" target="_new">http://www.itmag.com</a>). For more information about <tm:entity><tm:media><tm:television value="tmc">TMC</tm:television></tm:media></tm:entity>,
please visit <a href="http://www.tmcnet.com" target="_new">http://www.tmcnet.com</a>.</p><p>"<tm:entity><tm:company Domain="IT" Extension="Inc" value="agito networks">Agito Networks</tm:company></tm:entity> has proven they are committed to quality and
excellence while addressing real needs in the marketplace. INTERNET
TELEPHONY is pleased to grant a 2007 Product of the Year Award to
their RoamAnywhere Mobility Router," said <tm:entity><tm:person Family_Name="Tehrani" First_Name="Rich" Gender="Male" value="rich tehrani">Rich Tehrani</tm:person></tm:entity>, <tm:entity><tm:media><tm:television value="tmc">TMC</tm:television></tm:media></tm:entity> <tm:entity><tm:function FunctionCategory="Board" value="president">President</tm:function></tm:entity> and Editor-in-Chief of INTERNET TELEPHONY magazine.
"We're proud to honor their hard work and accomplishments and look
forward to more innovative solutions from <tm:entity><tm:company Domain="IT" Extension="Inc" value="agito networks">Agito Networks</tm:company></tm:entity> in the
future."</p>
<p><tm:entity><tm:company Domain="IT" Extension="Inc" value="agito networks">Agito Networks</tm:company></tm:entity>' RoamAnywhere Mobility Router is the industry's
first and only business mobile convergence platform that uses
RF-based, location-aware technologies to better mobilize voice and
data applications, while remaining agnostic to enterprise
customers' choices of mobile carriers and equipment vendors. For
the first time, enterprises can easily mobilize voice for their
workforce with Voice over WLAN (VoWLAN), and truly reap the
improved productivity and cost savings benefits that WiFi provides
for enterprise fixed mobile convergence (eFMC). With the
RoamAnywhere Mobility Router deployed, enterprises can benefit from
improved in-building coverage, cost savings on cellular expenses,
mobile policy controls, and enhanced user productivity.</p><p>"INTERNET TELEPHONY has been a leading publication for the
convergence industry for nearly a decade, and we were pleased to
receive this honor from them," said <tm:entity><tm:person Family_Name="Pejman" First_Name="Roshan" Gender="Male" role="Person" value="pejman roshan">Pejman Roshan</tm:person></tm:entity>, <tm:entity><tm:company Domain="IT" Extension="Inc" role="Who" value="agito networks">Agito Networks</tm:company></tm:entity> <tm:entity><tm:function FunctionCategory="Board" role="Has_Function" value="vice president">vice president</tm:function></tm:entity> of marketing and a company <tm:entity><tm:function FunctionCategory="Board" role="Has_Function" value="founder">founder</tm:function></tm:entity>. "The industry
continues to recognize and validate <tm:entity><tm:company Domain="IT" Extension="Inc" value="agito networks">Agito Networks</tm:company></tm:entity>' RF-based,
location-aware approach to mobile convergence as a superior way to
address enterprises' wireless cost, coverage and control issues,
while improving mobile user productivity. <tm:entity><tm:time_expression><tm:exact_time Year="2008" value="the year 2008">The year 2008</tm:exact_time></tm:time_expression></tm:entity> will mark
an exciting time of growth, further product differentiation, and
customer and partner acquisition for the company."</p>
<p>The <tm:entity><tm:company Domain="IT" Extension="Inc" value="agito networks">Agito Networks</tm:company></tm:entity> RoamAnywhere Mobility Router</p>
<p><tm:entity><tm:company Domain="IT" Extension="Inc" value="agito networks">Agito Networks</tm:company></tm:entity>' <tm:entity><tm:company value="roamanywhere">RoamAnywhere</tm:company></tm:entity> is an enterprise mobility solution
delivered on a network appliance and mobile client for
<tm:entity><tm:company Domain="IT" value="nokia">Nokia</tm:company></tm:entity>/Symbian and <tm:entity><tm:company Domain="TeleCommunication" value="windows mobile">Windows Mobile</tm:company></tm:entity> dual mode phones that enables
organizations to mobilize their voice and data applications. It is
the first and only business mobile convergence solution using
RF-based, location-aware technologies to better mobilize enterprise
voice and data applications, while working with all carriers and
leading equipment vendors.</p>
<p>The <tm:entity><tm:company Domain="IT" Extension="Inc" value="agito networks">Agito Networks</tm:company></tm:entity> RoamAnywhere Mobility Router provides
enterprises with cellular cost savings, IT control and visibility
over mobile devices and usage, robust in-building wireless
coverage, and productivity benefits yet unseen in a mobile
convergence product. The solution consists of the Agito
RoamAnywhere Mobility Router in the network and RoamAnywhere Client
agents running on mobile phones. The Agito RoamAnywhere Mobility
Router is delivered in a hardened, turn-key appliance for easy
deployment in enterprise networks. It offers a simple, intuitive
web management GUI, and is scalable to thousands of users. The
Agito RoamAnywhere Client, which supports multiple mobile phone
operating systems, has a small footprint that is installed over the
air. <tm:entity><tm:company value="roamanywhere">RoamAnywhere</tm:company></tm:entity>'s hybrid architecture separates the voice control
traffic from data traffic, reducing appliance load, response time,
and overhead.</p><p>About INTERNET TELEPHONY Magazine</p>
<p>INTERNET TELEPHONY has been the <tm:entity><tm:organisation value="voip authority">VoIP Authority</tm:organisation></tm:entity> <tm:entity><tm:time_expression><tm:duration Year="1998" value="since 1998">since 1998</tm:duration></tm:time_expression></tm:entity>(TM).
Since the first issue <tm:entity><tm:time_expression><tm:exact_time Month="February" Year="1998" value="in february of 1998">in February of 1998</tm:exact_time></tm:time_expression></tm:entity>, INTERNET TELEPHONY
magazine has been providing unbiased views of the complicated
converged communications space. INTERNET TELEPHONY offers rich
content from solutions-focused editorial content to reviews on
products and services from <tm:entity><tm:company Domain="Pharma" value="tmc labs">TMC Labs</tm:company></tm:entity>. INTERNET TELEPHONY magazine
has a circulation of 225,000 including pass-along readers. For more
information, please visit <a href="http://www.itmag.com" target="_new">http://www.itmag.com</a>.</p><p>About <tm:entity><tm:media><tm:television value="tmc">TMC</tm:television></tm:media></tm:entity></p><p><tm:entity><tm:company Extension="Corporation" value="technology marketing">Technology Marketing</tm:company></tm:entity> Corporation (<tm:entity><tm:media><tm:television value="tmc">TMC</tm:television></tm:media></tm:entity>) publishes Customer
Interaction Solutions, INTERNET TELEPHONY, Unified Communications,
and <tm:entity><tm:media><tm:newspaper value="ims magazine">IMS Magazine</tm:newspaper></tm:media></tm:entity>. TMCnet, <tm:entity><tm:media><tm:television value="tmc">TMC</tm:television></tm:media></tm:entity>'s web site, is the leading source of
news and articles for the communications and technology industries.
Ranked in the top 6,000 most visited web sites in the world by
alexa.com*, TMCnet serves as many as three million unique visitors
each month. <tm:entity><tm:media><tm:television value="tmc">TMC</tm:television></tm:media></tm:entity> is also the first publisher to test new products in
its own on-site laboratories, <tm:entity><tm:company Domain="Pharma" value="tmc labs">TMC Labs</tm:company></tm:entity>. In addition, <tm:entity><tm:media><tm:television value="tmc">TMC</tm:television></tm:media></tm:entity> produces
INTERNET TELEPHONY Conference &amp; EXPO and <tm:entity><tm:organisation value="call center">Call Center</tm:organisation></tm:entity> 2.0
Conference. For more information about <tm:entity><tm:media><tm:television value="tmc">TMC</tm:television></tm:media></tm:entity>, visit <a href="http://www.tmcnet.com" target="_new">http://www.tmcnet.com</a>.
(*alexa.com is an <tm:entity><tm:company value="amazon">amazon.com</tm:company></tm:entity> company that ranks web sites by their
traffic levels. Neither <tm:entity><tm:company value="alexa">alexa.com</tm:company></tm:entity> nor <tm:entity><tm:company value="amazon">amazon.com</tm:company></tm:entity> is affiliated with
TMCnet.)</p>
<p>About <tm:entity><tm:company Domain="IT" Extension="Inc" value="agito networks">Agito Networks</tm:company></tm:entity></p><p><tm:entity><tm:company Domain="IT" Extension="Inc" value="agito networks">Agito Networks</tm:company></tm:entity> is the technology leader in the enterprise
mobility space. Its product, the Agito RoamAnywhere Mobility Router
solution, is an innovative platform for mobilizing business voice
and data applications using RF-based, location-aware technologies
and patent-pending algorithms. Agito delivers the industry's only
carrier agnostic, business class solution for fast and automatic
network handoff between WiFi and cellular networks. Founded <tm:entity><tm:time_expression><tm:exact_time Year="2006" value="in 2006">in 2006</tm:exact_time></tm:time_expression></tm:entity> and headquartered in <tm:entity><tm:location><tm:country location_country="United States of America"><tm:place>Sunnyvale</tm:place></tm:country></tm:location></tm:entity>, <tm:entity><tm:location><tm:country location_country="United States of America"><tm:place>Calif.</tm:place></tm:country></tm:location></tm:entity>, the company is venture
backed, led by <tm:entity><tm:company Extension="Ventures" value="battery">Battery</tm:company></tm:entity> Ventures. Go to <a href="http://www.agitonetworks.com" target="_new">http://www.agitonetworks.com</a> for more
information.<br/></p>
<p><tm:entity><tm:company Domain="IT" Extension="Inc" value="agito networks">Agito Networks</tm:company></tm:entity> and <tm:entity><tm:company value="roamanywhere">RoamAnywhere</tm:company></tm:entity> are trademarks of <tm:entity><tm:company Domain="IT" Extension="Inc" value="agito networks">Agito
Networks</tm:company></tm:entity>, Inc.</p><p>Editorial Contact:</p>
<p><tm:entity><tm:person Family_Name="Spalding" First_Name="Dan" Gender="Male" value="dan spalding">Dan Spalding</tm:person></tm:entity></p><p><tm:entity><tm:company Domain="IT" Extension="Inc" value="agito networks">Agito Networks</tm:company></tm:entity>, Inc.</p><p>(408) 548-8025</p>
<p><a href="mailto:dspalding@agitonetworks.com"><tm:entity><tm:email value="dspalding@agitonetworks.com">dspalding@agitonetworks.com</tm:email></tm:entity></a></p></body>
</html>


</doc>

