<doc xmlns:tm="http://www.temis.com/annotations/1.1/">
<metadata>
<releaselocation value="west conshohocken"/>
<data_source value="prnews"/>
<source value="nocopi technologies, inc."/>
<processing_date>2008-01-21T17:03:21</processing_date>
<date>2008-01-10T14:04:00</date>
<quote symbol="OTC:NNUP" src-company="nocopi technologies" company="Nocopi Technologies, Inc." date="2008-01-10" price="0.50"/><quote symbol="NASDAQ:PCOP" src-company="pharmacopeia" company="Pharmacopeia, Inc." date="2008-01-10" price="5.35"/></metadata>
<title><tm:entity><tm:company Domain="IT" Extension="Inc., Inc" value="nocopi technologies">Nocopi Technologies</tm:company></tm:entity>, Inc. Meets With the United States <tm:entity><tm:company Domain="Pharma" Location_Continent="America" Location_Country="UnitedStates" value="pharmacopeia">Pharmacopeia</tm:company></tm:entity>(<tm:entity><tm:company><tm:abbreviation Location_Continent="America" Location_Country="UnitedStates" value="usp">USP</tm:abbreviation></tm:company></tm:entity>) Global Officials on Pharmaceutical Product Counterfeiting and Diversion; Introduces New Tamper Resistant Prescription Pads
</title><html>
<head>
<meta name="generator" content="HTML Tidy for Windows (vers 14 February 2006), see www.w3.org"/>
<!-- #BeginEditable "doctitle" -->
<title><tm:entity><tm:company Domain="IT" Extension="Inc., Inc" value="nocopi technologies">Nocopi Technologies</tm:company></tm:entity>, Inc. Meets With the United States
<tm:entity><tm:company Domain="Pharma" Location_Continent="America" Location_Country="UnitedStates" value="pharmacopeia">Pharmacopeia</tm:company></tm:entity>(<tm:entity><tm:company><tm:abbreviation Location_Continent="America" Location_Country="UnitedStates" value="usp">USP</tm:abbreviation></tm:company></tm:entity>) Global Officials on Pharmaceutical Product
Counterfeiting and Diversion; Introduces New Tamper Resistant
Prescription Pads</title></head>
<body>
<p>WEST CONSHOHOCKEN, Pa., <tm:entity><tm:time_expression><tm:relative_time Day="10" Month="Jan." value="jan. 10">Jan. 10</tm:relative_time></tm:time_expression></tm:entity> /PRNewswire-FirstCall/ --
<tm:entity><tm:person Family_Name="Feinstein" First_Name="Michael, A" Gender="Male" Title="M D" role="Person" value="michael a feinstein m d">Michael A. Feinstein, M.D.</tm:person></tm:entity>, <tm:entity><tm:function FunctionCategory="Board" role="Has_Function" value="chairman and chief executive officer">Chairman and Chief Executive Officer</tm:function></tm:entity> of
<tm:entity><tm:company Domain="IT" Extension="Inc., Inc" role="Who" value="nocopi technologies">Nocopi Technologies</tm:company></tm:entity>, Inc. (OTC <tm:entity><tm:media><tm:newspaper value="bulletin board">Bulletin Board</tm:newspaper></tm:media></tm:entity>: NNUP) and <tm:entity><tm:function FunctionCategory="Board" value="members">members</tm:function></tm:entity> of
his staff met recently with the <tm:entity><tm:company><tm:potential_company role="Who" value="usp">USP</tm:potential_company></tm:company></tm:entity>'s <tm:entity><tm:function FunctionCategory="Board" role="Has_Function" value="executive vice president and chief executive officer">Executive Vice President and
Chief Executive Officer</tm:function></tm:entity> <tm:entity><tm:person Family_Name="Williams" First_Name="Roger, L" Gender="Male" Title="M D" role="Person" value="roger l williams m d">Roger L. Williams, M.D.</tm:person></tm:entity>, and its leadership
staff representing four Continents at the Organization's
Headquarters in <tm:entity><tm:location><tm:country><tm:place>Rockville</tm:place></tm:country></tm:location></tm:entity>, MD. The discussion covered worldwide
efforts currently underway to combat pharmaceutical product
counterfeiting and diversion, an introduction to Nocopi's Secure
Rub tamper-proof prescription pads and information about Nocopi's
overt and covert technologies and products.</p><p><tm:entity><tm:company Domain="IT" Extension="Inc., Inc" value="nocopi technologies">Nocopi Technologies</tm:company></tm:entity> is a well-known company in the business of
developing solutions against counterfeiting, product diversion,
document security, and authentication via patented technologies
(including invisible inks, color changing inks, reactive thread and
document security paper products).</p>
<p>The <tm:entity><tm:company><tm:abbreviation Location_Continent="America" Location_Country="UnitedStates" value="usp">USP</tm:abbreviation></tm:company></tm:entity>, an independent, science-based public health
organization, promotes public health by developing and
disseminating quality standards and information for medicines, and
disseminates this information to practitioners, pharmacists, and
others who make decisions about healthcare around the world. The
<tm:entity><tm:company><tm:abbreviation Location_Continent="America" Location_Country="UnitedStates" value="usp">USP</tm:abbreviation></tm:company></tm:entity>'s Drug Quality and Information (USP DQI) program has
established a presence in USAID-priority countries on four
continents, advancing strategies to improve drug quality and the
appropriate use of drugs. Recent reports indicate the availability
of substandard and counterfeit drugs has reached a disturbing
proportion in many low-income countries.</p><p>Both parties discussed the new federal requirements which will
start to go into effect <tm:entity><tm:time_expression><tm:exact_time value="2008">on April 1, 2008</tm:exact_time></tm:time_expression></tm:entity>, as the result of recently
enacted legislation, requiring that states not pay pharmacies for
Medicaid prescriptions that do not have at least one of three
characteristics designed to prevent fraud and abuse through the
reproduction and/or modification of prescriptions. Those
characteristics are:<br/></p><ul>
<li>one or more industry-recognized features designed to prevent
unauthorized copying of a completed or blank prescription
form;</li>
<li>one or more industry-recognized features designed to prevent
the erasure or modification of information written on the
prescription by the provider; and</li>
<li>one or more industry-recognized features designed to prevent
the use of counterfeit prescription forms.</li>
</ul>
<p>Nocopi's new Tamper Resistant Prescription Pads meet all three
of these requirements.</p>
<p><tm:entity><tm:time_expression><tm:duration To="October 1 , 2008" value="by october 1 , 2008">By October 1, 2008</tm:duration></tm:time_expression></tm:entity>, all three anti-counterfeiting
characteristics must be embedded in all Medicaid prescription
orders. The Nocopi <tm:entity><tm:function FunctionCategory="Other" value="representatives">representatives</tm:function></tm:entity> demonstrated its secure
prescription paper, which is marketed under the brand name Secure
Rub. This economical and secure paper can be run through any offset
press to print the specific information required for any doctor's
office.</p>
<p>Nocopi participants demonstrated examples of overt and covert
technologies and products designed to combat counterfeiting and
diversion. Examples were provided to show how to determine where a
diversion problem is occurring, and how to positively identify the
real product from the knock-offs.</p>
<p><tm:entity><tm:person Family_Name="Feinstein" Title="Dr" value="dr feinstein">Dr. Feinstein</tm:person></tm:entity> said, "We believe that both overt and covert
security can be blended in such a manner as to help the drug
manufacturer, distributor, and pharmacist track and trace exactly
where pharmaceutical products are going. Our technologies at Nocopi
allow for the interruption of diversion channels, help to
authenticate the product as not being counterfeit, and all at a
very small cost per unit." <tm:entity><tm:person Family_Name="Feinstein" Title="Dr" value="dr feinstein">Dr. Feinstein</tm:person></tm:entity> further added, "Nocopi is
encouraged by the <tm:entity><tm:company><tm:abbreviation Location_Continent="America" Location_Country="UnitedStates" value="usp">USP</tm:abbreviation></tm:company></tm:entity>'s concern about the counterfeit and diverted
pharmaceutical problem. <tm:entity><tm:time_expression><tm:duration value="for many years">For many years</tm:duration></tm:time_expression></tm:entity> a myriad of other products
have been protected against such problems, and now our own health
and well-being must also be."</p>
<p>As a follow-up to this meeting, both parties agreed to continue
to exchange information about pharmaceutical counterfeiting and
diversion issues. Nocopi has been requested by the <tm:entity><tm:company><tm:abbreviation Location_Continent="America" Location_Country="UnitedStates" value="usp">USP</tm:abbreviation></tm:company></tm:entity> to supply
samples of its technologies and products for their consideration in
current and future USP DQI program efforts.</p>
<p>FORWARD-LOOKING INFORMATION</p>
<p>The foregoing contains forward-looking information within the
meaning of The Private Securities Litigation Act of 1995. Such
forward-looking statements involve certain risks and uncertainties.
Actual results may differ materially from such forward-looking
statements (a summary of which may be found in the Company's Annual
Report on Form 10-KSB <tm:entity><tm:time_expression><tm:duration To="December 31 , 2006" value="for the year ended december 31 , 2006">for the year ended December 31, 2006</tm:duration></tm:time_expression></tm:entity> and its
Quarterly Report on Form 10-QSB <tm:entity><tm:time_expression><tm:duration To="September 30 , 2007" value="for the quarter ended september 30 , 2007">for the quarter ended September 30,
2007</tm:duration></tm:time_expression></tm:entity> under the caption "Risk Factors"). The Company does not
undertake to publicly update or revise its forward-looking
statements even if experience or further changes make it clear that
any projected results (expressed or implied) will not be
realized.</p>
<p>Contact: <tm:entity><tm:person Family_Name="Lutterschmidt" First_Name="Rudolph" Gender="Male" role="Person" value="rudolph lutterschmidt">Rudolph Lutterschmidt</tm:person></tm:entity>, <tm:entity><tm:function FunctionCategory="Board" role="Has_Function" value="chief financial officer">Chief Financial Officer</tm:function></tm:entity><br/></p><p><tm:entity><tm:company Domain="IT" Extension="Inc., Inc" value="nocopi technologies">Nocopi Technologies</tm:company></tm:entity>, Inc., (610) 834-9600</p></body>
</html>


</doc>

