<doc xmlns:tm="http://www.temis.com/annotations/1.1/">
<metadata><aboutcompany value="custom credit systems"/><releaselocation value="richardson"/><data_source value="prnews"/><source value="custom credit systems"/><processing_date>2008-01-21T17:00:49</processing_date><date>2008-01-11T14:12:00</date><quote symbol="NYSE:FO" src-company="fortune" company="Fortune Brands, Inc." date="2008-01-11" price="68.25"/></metadata>
<title>Custom Credit Systems Announces the Addition of <tm:entity><tm:person Family_Name="Hamilton" First_Name="R, John" Gender="Male" Title="Mr, M" value="john r hamilton">John Hamilton</tm:person></tm:entity> IV as SVP of Implementation Services
</title>
<html>
<head>
<meta name="generator" content="HTML Tidy for Windows (vers 14 February 2006), see www.w3.org"/>
<!-- #BeginEditable "doctitle" -->
<title>Custom Credit Systems Announces the Addition of <tm:entity><tm:person Family_Name="Hamilton" First_Name="R, John" Gender="Male" Title="Mr, M" value="john r hamilton">John
Hamilton</tm:person></tm:entity> IV as SVP of Implementation Services</title>
</head>
<body>
<p>RICHARDSON, <tm:entity><tm:location><tm:country location_country="United States of America"><tm:place>Texas</tm:place></tm:country></tm:location></tm:entity>, <tm:entity><tm:time_expression><tm:relative_time Day="11" Month="Jan." value="jan. 11">Jan. 11</tm:relative_time></tm:time_expression></tm:entity> /PRNewswire/ -- Custom Credit Systems
announced today it has named <tm:entity><tm:person Family_Name="Hamilton" First_Name="R, John" Gender="Male" Title="Mr, M" role="Person" value="john r hamilton">John R. Hamilton</tm:person></tm:entity> IV <tm:entity><tm:function FunctionCategory="Board" role="Has_Function" value="senior vice president">Senior Vice
President</tm:function></tm:entity>, Implementation Services. <tm:entity><tm:person Family_Name="Hamilton" First_Name="R, John" Gender="Male" Title="Mr, M" value="john r hamilton">Mr. Hamilton</tm:person></tm:entity> will serve as a
<tm:entity><tm:function FunctionCategory="Board" value="member">member</tm:function></tm:entity> of the company's executive leadership team.</p>
<p>"I am excited to be joining Custom Credit Systems and look
forward to the great opportunities that lie ahead for the company,"
said <tm:entity><tm:person Family_Name="Hamilton" First_Name="R, John" Gender="Male" Title="Mr, M" value="john r hamilton">Mr. Hamilton</tm:person></tm:entity>. "Custom Credit Systems has a track record for
delivering high quality products and outstanding customer service
that is second to none. I am very excited about having a leadership
role in an organization with such a progressive and dynamic
management team."</p><p>Prior to joining Custom Credit Systems <tm:entity><tm:person Family_Name="Hamilton" First_Name="R, John" Gender="Male" Title="Mr, M" value="john r hamilton">Mr. Hamilton</tm:person></tm:entity> served as
<tm:entity><tm:function FunctionCategory="Board" value="senior vice president credit risk director">Senior Vice President, Credit Risk Director</tm:function></tm:entity> at Countrywide
Financial. Most recently, he served on the executive team at a
large financial service software company. He was part of the
integration management team for the <tm:entity><tm:organisation value="union planters regions bank merger">Union Planters-Regions Bank
Merger</tm:organisation></tm:entity> where he led the <tm:entity><tm:company Extension="Banking" value="business">Business</tm:company></tm:entity> Banking integration group. <tm:entity><tm:person Family_Name="Hamilton" First_Name="R, John" Gender="Male" Title="Mr, M" value="john r hamilton">Mr.
Hamilton</tm:person></tm:entity> began his career in technology at <tm:entity><tm:company Domain="Automotive" value="lotus development">Lotus Development</tm:company></tm:entity>. After
transitioning to commercial banking <tm:entity><tm:time_expression><tm:exact_time Year="1990" value="in the early 1990">in the early 1990</tm:exact_time></tm:time_expression></tm:entity>'s, he was a
charter <tm:entity><tm:function FunctionCategory="Board" value="member">member</tm:function></tm:entity> of the centralized commercial group at <tm:entity><tm:company Domain="Financial" Location_Continent="America" Location_Country="UnitedStates" value="sanwa bank">Sanwa Bank</tm:company></tm:entity> California. <tm:entity><tm:person Family_Name="Hamilton" First_Name="R, John" Gender="Male" Title="Mr, M" role="Person" value="john r hamilton">Mr. Hamilton</tm:person></tm:entity> was <tm:entity><tm:function FunctionCategory="Board" role="Has_Function" value="chief credit officer">Chief Credit Officer</tm:function></tm:entity> for <tm:entity><tm:company Extension="LLC" role="Who" value="creditpro">CreditPro</tm:company></tm:entity>,
LLC, a commercial lending and technology company. <tm:entity><tm:person Family_Name="Hamilton" First_Name="R, John" Gender="Male" Title="Mr, M" value="john r hamilton">Mr. Hamilton</tm:person></tm:entity> received his Bachelors degree from <tm:entity><tm:organisation Domain="Educational" value="california state university">California State University</tm:organisation></tm:entity>, at
<tm:entity><tm:location><tm:country location_country="United States of America"><tm:place>Fullerton</tm:place></tm:country></tm:location></tm:entity>.</p><p>"John has a broad and deep background in banking and technology
that will serve us well as we continue to grow and expand our
market share," said <tm:entity><tm:person Family_Name="Shaw" First_Name="Brian" Gender="Male" role="Person" value="brian shaw">Brian Shaw</tm:person></tm:entity>, <tm:entity><tm:function FunctionCategory="Board" role="Has_Function" value="president and chief executive officer">President and Chief Executive
Officer</tm:function></tm:entity>. "John has a proven track record in financial/technology
services and as an executive-level-manager within <tm:entity><tm:company value="fortune">Fortune</tm:company></tm:entity> 500
companies. His business acumen and leadership qualities will serve
our company well."</p>
<p>About Custom Credit Systems</p>
<p>Custom Credit Systems has been a premier provider of integrated,
straight through credit analysis, credit processing and credit
maintenance systems that are tailored to the unique needs of the
leading financial institution in the <tm:entity><tm:location><tm:country><tm:place>United States</tm:place></tm:country></tm:location></tm:entity> <tm:entity><tm:time_expression><tm:duration value="for over eighteen years">for over
eighteen years</tm:duration></tm:time_expression></tm:entity>. Custom Credit Systems' solutions are utilized by
many of the most innovative financial institutions in the country.
Five of the top ten financial institutions in the <tm:entity><tm:location><tm:country><tm:place>United States</tm:place></tm:country></tm:location></tm:entity> use
Custom Credit Systems products to streamline their operations,
provide better customer service and enhance their return to
shareholders. The company is also a leading innovator of technology
to support the complex processing needs of the financial services
industry (<a href="http://www.customcreditsystems.com" target="_new">http://www.customcreditsystems.com</a>).</p></body>
</html>


</doc>

