<doc xmlns:tm="http://www.temis.com/annotations/1.1/">
<metadata>
<aboutcompany value="scheduall"/>
<releaselocation value="hollywood"/>
<data_source value="prnews"/>
<source value="scheduall"/>
<processing_date>2008-01-21T17:13:01</processing_date>
<date>2008-01-08T18:39:00</date>
<quote symbol="NYSE:SYY" src-company="sysco" company="SYSCO Corporation" date="2008-01-08" price="29.55"/><quote symbol="NYSE:IP" src-company="international paper" company="International Paper Company" date="2008-01-08" price="30.53"/><quote symbol="BIT:MS" src-company="mediaset" company="MEDIASET" date="2008-01-08" price="46.40"/></metadata>
<title>ScheduALL Names <tm:entity><tm:person Family_Name="Ledlow" First_Name="Joel" Gender="Male" role="Person" value="joel ledlow">Joel Ledlow</tm:person></tm:entity> as <tm:entity><tm:function FunctionCategory="Board" role="Has_Function" value="chief executive officer">CEO</tm:function></tm:entity></title>
<html>
<head>
<meta name="generator" content="HTML Tidy for Windows (vers 14 February 2006), see www.w3.org"/>
<!-- #BeginEditable "doctitle" -->
<title>ScheduALL Names <tm:entity><tm:person Family_Name="Ledlow" First_Name="Joel" Gender="Male" role="Person" value="joel ledlow">Joel Ledlow</tm:person></tm:entity> as <tm:entity><tm:function FunctionCategory="Board" role="Has_Function" value="chief executive officer">CEO</tm:function></tm:entity></title></head>
<body>
<p>Technology Executive Brings Strong Track Record of Leadership
and Business</p>
<p>Development to Rapidly Growing Company</p>
<p><tm:entity><tm:location><tm:country location_country="United States of America"><tm:place>HOLLYWOOD</tm:place></tm:country></tm:location></tm:entity>, <tm:entity><tm:location><tm:country location_country="United States of America"><tm:place>Fla.</tm:place></tm:country></tm:location></tm:entity>, <tm:entity><tm:time_expression><tm:relative_time Day="8" Month="Jan." value="jan. 8">Jan. 8</tm:relative_time></tm:time_expression></tm:entity> /PRNewswire/ -- <tm:entity><tm:company value="scheduall">ScheduALL</tm:company></tm:entity>, the leading
provider of real-time resource management and reporting software to
the broadcast, production, and media industries, today announced
the appointment of <tm:entity><tm:person Family_Name="Ledlow" First_Name="Joel" Gender="Male" role="Person" value="joel ledlow">Joel Ledlow</tm:person></tm:entity> as <tm:entity><tm:function FunctionCategory="Board" role="Has_Function" value="chief executive officer">chief executive officer</tm:function></tm:entity>(<tm:entity><tm:function FunctionCategory="Board" role="Has_Function" value="chief executive officer">CEO</tm:function></tm:entity>).
Ledlow brings 19 years of executive-level experience in business
development to <tm:entity><tm:company><tm:potential_company role="Whom" value="scheduall">ScheduALL</tm:potential_company></tm:company></tm:entity>, with expertise in identifying emerging
markets and implementing scalable best practices that significantly
improve stakeholder value. In his new role, <tm:entity><tm:person Family_Name="Ledlow" First_Name="Joel" Gender="Male" role="Person" value="joel ledlow">Ledlow</tm:person></tm:entity> will focus on
<tm:entity><tm:company value="scheduall">ScheduALL</tm:company></tm:entity>'s next generation solutions, customer care, and expanding
its presence in key markets such as <tm:entity><tm:location><tm:country><tm:place>Europe</tm:place></tm:country></tm:location></tm:entity> and the <tm:entity><tm:location><tm:country><tm:place>Middle East</tm:place></tm:country></tm:location></tm:entity>.
<tm:entity><tm:company><tm:potential_company role="Who" value="ledlow">Ledlow</tm:potential_company></tm:company></tm:entity> will also establish West Coast operations in <tm:entity><tm:location><tm:country location_country="United States of America"><tm:place>Los Angeles</tm:place></tm:country></tm:location></tm:entity> that will provide enhanced services for <tm:entity><tm:company value="scheduall">ScheduALL</tm:company></tm:entity>'s growing number
of entertainment industry users.</p><p>"I'm excited to be on the team serving as <tm:entity><tm:company value="scheduall">ScheduALL</tm:company></tm:entity>'s <tm:entity><tm:function FunctionCategory="Board" value="chief executive officer">CEO</tm:function></tm:entity>. The
landscape for our unique technology, our revenue growth trends, and
our continued customer satisfaction initiatives stand to make 2008
an exceptional year. We are aggressively expanding our workforce to
take advantage of untapped markets in the <tm:entity><tm:location><tm:country><tm:place>U.K.</tm:place></tm:country></tm:location></tm:entity> and other <tm:entity><tm:organisation role="Context_Entity" value="emea">EMEA</tm:organisation></tm:entity> countries, as well as in the <tm:entity><tm:location><tm:country><tm:place>U.S.</tm:place></tm:country></tm:location></tm:entity>," said <tm:entity><tm:company><tm:potential_company role="Who" value="ledlow">Ledlow</tm:potential_company></tm:company></tm:entity>. "The future is
very bright for <tm:entity><tm:company value="scheduall">ScheduALL</tm:company></tm:entity> and I'm looking forward to our continued
innovation and delighting our customers with world class service
and strategic business and asset management solutions."</p>
<p><tm:entity><tm:person Family_Name="Ledlow" First_Name="Joel" Gender="Male" role="Person" value="joel ledlow">Ledlow</tm:person></tm:entity> has served as <tm:entity><tm:function FunctionCategory="Board" value="chief executive officer">CEO</tm:function></tm:entity> for Acarra, a "growth catalyst"
consulting firm for technology companies based in <tm:entity><tm:location><tm:country><tm:place>Boca</tm:place></tm:country></tm:location></tm:entity> Raton, Fla.;
<tm:entity><tm:function FunctionCategory="Board" value="ceo of touch point">CEO of Touch Point</tm:function></tm:entity>; and as <tm:entity><tm:function FunctionCategory="Board" value="vice president">vice president</tm:function></tm:entity> of CyberGuard during its
aggressive growth run (400%) <tm:entity><tm:time_expression><tm:duration Year="2001, 2005" value="from 2001 to 2005">from 2001 to 2005</tm:duration></tm:time_expression></tm:entity>, <tm:entity><tm:company value="productivity point">Productivity Point</tm:company></tm:entity>,
<tm:entity><tm:company Domain="ConsumerGoods" value="international paper">International Paper</tm:company></tm:entity>/<tm:entity><tm:company value="xpedx">XPEDX</tm:company></tm:entity>, <tm:entity><tm:company Domain="IT" value="sysco">SYSCO</tm:company></tm:entity>, and Parisian.</p><p>"Joel brings a strong track record of performance and leadership
to the company and we are confident his ability will serve as an
enabler for continued growth and success," said <tm:entity><tm:person Family_Name="Legow" First_Name="Rick" Gender="Male" role="Person" value="rick legow">Rick Legow</tm:person></tm:entity>,
<tm:entity><tm:function FunctionCategory="Board" role="Has_Function" value="president">president</tm:function></tm:entity> of <tm:entity><tm:company><tm:potential_company role="Who" value="scheduall">ScheduALL</tm:potential_company></tm:company></tm:entity>.</p><p>More information about <tm:entity><tm:company value="scheduall">ScheduALL</tm:company></tm:entity> and its software solutions is
available online at <a href="http://www.scheduall.com" target="_new">http://www.scheduall.com</a>.</p><p>About <tm:entity><tm:company value="scheduall">ScheduALL</tm:company></tm:entity></p><p><tm:entity><tm:company value="scheduall">ScheduALL</tm:company></tm:entity> is the broadcast industry's most widely used
production and operations management software. <tm:entity><tm:company value="scheduall">ScheduALL</tm:company></tm:entity> is used in
more than 1,200 broadcast, satellite, and production facilities
worldwide. The software offers complete workflow and resource
management that enables clients to optimize personnel, resource,
and bandwidth scheduling, leading to increased productivity.
<tm:entity><tm:company value="scheduall">ScheduALL</tm:company></tm:entity>'s scalable products provide a collaborative platform for
users in the broadcast, production, postproduction,
satellite/network transmission, and newsroom environments.
<tm:entity><tm:company value="scheduall">ScheduALL</tm:company></tm:entity> global and regional users include organizations such as
<tm:entity><tm:media><tm:television value="bbc">BBC</tm:television></tm:media></tm:entity>, <tm:entity><tm:media><tm:television value="fox">Fox</tm:television></tm:media></tm:entity> News Network, <tm:entity><tm:media><tm:newsagency value="the associated press">The Associated Press</tm:newsagency></tm:media></tm:entity>, <tm:entity><tm:company value="intelsat">IntelSat</tm:company></tm:entity>, <tm:entity><tm:company Domain="Media" value="turner studios">Turner
Studios</tm:company></tm:entity>, <tm:entity><tm:company Domain="Media" value="mediaset">Mediaset</tm:company></tm:entity>, CBC, <tm:entity><tm:media><tm:newspaper Location_Continent="Oceania" Location_Country="LatinAmerica, Australia" value="abc australia">ABC Australia</tm:newspaper></tm:media></tm:entity>, <tm:entity><tm:media><tm:television value="rtl">RTL</tm:television></tm:media></tm:entity>, and NewSkies
Satellites. More information is available at <a href="http://www.scheduall.com" target="_new">http://www.scheduall.com</a>.</p><p>Photo Link: <a href="http://www.wallstcom.com/ScheduALL/Ledlow.zip" target="_new">http://www.wallstcom.com/ScheduALL/Ledlow.zip</a></p>
</body>
</html>


</doc>

