<doc xmlns:tm="http://www.temis.com/annotations/1.1/">
<metadata><aboutcompany value="vixs systems inc."/><releaselocation value="toronto"/><data_source value="prnews"/><source value="vixs systems inc."/><processing_date>2008-01-21T17:12:35</processing_date><date>2008-01-09T00:49:00</date></metadata>
<title>ViXS XCode(TM) 2100/3000 Supports DRM Networking
</title>
<html>
<head>
<meta name="generator" content="HTML Tidy for Windows (vers 14 February 2006), see www.w3.org"/>
<!-- #BeginEditable "doctitle" -->
<title>ViXS XCode(TM) 2100/3000 Supports DRM Networking</title>
</head>
<body>
<p>Industry-leading Conditional Access Transcryption Engine, ViXS
Video Vault</p>
<p>Series, released for production</p>
<p><tm:entity><tm:location><tm:country location_country="Canada"><tm:place>TORONTO</tm:place></tm:country></tm:location></tm:entity>, <tm:entity><tm:time_expression><tm:relative_time Day="8" Month="Jan." value="jan. 8">Jan. 8</tm:relative_time></tm:time_expression></tm:entity> /PRNewswire/ - <tm:entity><tm:company Domain="IT" Extension="Inc" value="vixs systems">ViXS Systems</tm:company></tm:entity> Inc., a leading
developer of video processing solutions, today announced the debut
of the ViXS Video Vault Series. The Video Vault Series, which
includes the XCode(TM) 2100 Series and XCode(TM) 3000 series
security processors, is now available for production.</p>
<p>Most significant problems encountered with the storage and
movement of protected entertainment content across protected
boundaries are overcome with the Video Vault Series. The
single-chip security processors can descramble Conditional Access
(CA) or Digital Rights Management (DRM) and encrypt to a DRM for
multiple streams in real-time, thus creating the world's first
single-chip production transcryption engine. This transcryption
pipeline is particularly applicable to OpenCable, ISDB-T and DVB
using DRM schemes such as DTCP or WMDRM in applications such as
<tm:entity><tm:company Domain="IT" value="microsoft pbda">Microsoft PBDA</tm:company></tm:entity>, <tm:entity><tm:company value="ocur">OCUR</tm:company></tm:entity>, and DLNA in networking architectures like
WiFi, Ethernet, HomePlug or <tm:entity><tm:location><tm:country location_country="PuertoRico"><tm:place>MOCA</tm:place></tm:country></tm:location></tm:entity>.</p><p>The world market for protected entertainment content is
fractured into many different CA and DRM systems and the
requirement to provide multiple streams adds to the complexity -
examples being, BCAS for <tm:entity><tm:location><tm:country><tm:place>Japan</tm:place></tm:country></tm:location></tm:entity>, DVB for <tm:entity><tm:location><tm:country><tm:place>Europe</tm:place></tm:country></tm:location></tm:entity> and CableCard for
<tm:entity><tm:location><tm:country><tm:place>North America</tm:place></tm:country></tm:location></tm:entity>. The <tm:entity><tm:company><tm:potential_company role="Who" value="vixs video vault series">ViXS Video Vault Series</tm:potential_company></tm:company></tm:entity> provides a solution that
balances the programmability of software with the security and
speed of hardware to address these cross-market applications - all
with a single chip. Specific features and capabilities offered with
the Video Vault Series include:<br/></p>
<ul>
<li>Patented on-chip embedded security features for the protection
of multiple keys, multiple exchanges, signing and certificates
sessions to provide a hacker-proof protected environment for the
most sensitive content</li>
<li>Hardware acceleration blocks of major CA systems are
integrated, such as 3DES, Multi-2 and DVB-CSA with the appropriate
M/S CableCard, CI and smartcard interfaces</li>
<li>Hardware acceleration blocks for major DRM and key passing
mechanisms, such as DES, RSA and AES</li>
<li>Full duplex DRM transcryption gateway</li>
<li>Support for 4C and 5C type interactions</li>
<li>Both System-on-Chip (SoC) XCode(TM) 3000 and Companion Chip
XCode(TM) 2100 versions are now available. The SoC version runs a
full Linux stack. "Security is the basis of all video entertainment
transactions going forward. Our ViXS Video Vault Series will help
guarantee that all stakeholders' interests are protected in a
highly secure and cost-effective manner. Security and content
protection are an important part of the <tm:entity><tm:company value="vixs">ViXS</tm:company></tm:entity> road map and with the
Video Vault Series we've provided the world's first chip series
dedicated to the transcryption of video content", said <tm:entity><tm:person Family_Name="Daub" First_Name="Sally" Gender="Female" role="Person" value="sally daub">Sally Daub</tm:person></tm:entity>,
<tm:entity><tm:function FunctionCategory="Board" role="Has_Function" value="president and ceo">President and CEO</tm:function></tm:entity> of <tm:entity><tm:company Domain="IT" Extension="Inc" role="Who" value="vixs systems">ViXS Systems</tm:company></tm:entity>.</li></ul>
<p>About <tm:entity><tm:company Domain="IT" Extension="Inc" value="vixs systems">ViXS Systems</tm:company></tm:entity> Inc.</p>
<p><tm:entity><tm:company Domain="IT" Extension="Inc" value="vixs systems">ViXS Systems</tm:company></tm:entity> Inc. is a fabless semiconductor company enabling
advanced video processing technologies for top-tier Consumer
Electronic (CE) and Personal Computer (PC) companies. The company
has developed advanced video codecs with unprecedented capabilities
for processing, managing, protecting and distributing
broadcast-quality video. <tm:entity><tm:company value="vixs">ViXS</tm:company></tm:entity> supplies IC solutions and full
production reference designs to the world's top CE and PC
manufacturers, <tm:entity><tm:company value="oems">OEMs</tm:company></tm:entity> and <tm:entity><tm:company value="odms">ODMs</tm:company></tm:entity>. ViXS XCode video processors are
deployed worldwide in a variety of designs such as IPTV/cable
set-top boxes, multimedia PC boards, digital TVs, PVRs, and Blu-ray
and HD DVD products. Unique video technologies developed by <tm:entity><tm:company value="vixs">ViXS</tm:company></tm:entity>,
such as encoding, transcoding and decoding, provide CE and PC
manufacturers with the necessary feature differentiators they need
to become leaders in their respective markets. An additional
ingredient for the success of these products is <tm:entity><tm:company value="vixs">ViXS</tm:company></tm:entity>' support of
worldwide Conditional Access (CA) and Digital Rights Management
(DRM) whereby one product platform can support worldwide coverage.
To date, <tm:entity><tm:company value="vixs">ViXS</tm:company></tm:entity> has issued and filed over 100 patents. Headquartered
in <tm:entity><tm:location><tm:country location_country="Canada"><tm:place>Toronto</tm:place></tm:country></tm:location></tm:entity>, <tm:entity><tm:location><tm:country><tm:place>Canada</tm:place></tm:country></tm:location></tm:entity>, <tm:entity><tm:company value="vixs">ViXS</tm:company></tm:entity> is a global company with offices located
worldwide. For more information, visit <a href="http://www.vixs.com" target="_new">http://www.vixs.com</a>.</p>
</body>
</html>


</doc>

