<doc xmlns:tm="http://www.temis.com/annotations/1.1/">
<metadata>
<aboutcompany value="paragon technologies"/>
<releaselocation value="easton"/>
<data_source value="prnews"/>
<source value="paragon technologies, inc."/>
<processing_date>2008-01-21T17:02:46</processing_date>
<date>2008-01-10T15:04:00</date>
<quote symbol="OTC:SVTLQ" src-company="si systems" company="SiVault Systems, Inc." date="2008-01-10" price=""/><quote symbol="AMEX:PTG" src-company="paragon technologies" company="Paragon Technologies Inc." date="2008-01-10" price="7.20"/></metadata>
<title>Paragon Technologies Amends Its Existing Stock Repurchase Program
</title>
<html>
<head>
<meta name="generator" content="HTML Tidy for Windows (vers 14 February 2006), see www.w3.org"/>
<!-- #BeginEditable "doctitle" -->
<title>Paragon Technologies Amends Its Existing Stock Repurchase
Program</title>
</head>
<body>
<p>$2.9 Million Available for Stock Repurchases</p>
<p>EASTON, Pa., <tm:entity><tm:time_expression><tm:relative_time Day="10" Month="Jan." value="jan. 10">Jan. 10</tm:relative_time></tm:time_expression></tm:entity> /PRNewswire-FirstCall/ -- <tm:entity><tm:company Extension="Inc" value="paragon technologies">Paragon
Technologies</tm:company></tm:entity>, Inc. (<tm:entity><tm:stockindex value="amex">Amex</tm:stockindex></tm:entity>: <a class="small" href="http://studio-5.financialcontent.com/prnews?Page=Quote&amp;Ticker=PTG" onclick="var s=s_gi(s_account); var hd1 = document.getElementById('headline'); s.tl(this,'o',getLinkName('Company Sanpshot'));">PTG</a>), a leading supplier of "smart" material handling
solutions, including systems, technologies, products and services,
announced today that its Board of <tm:entity><tm:function FunctionCategory="Board" value="directors">Directors</tm:function></tm:entity> amended its existing
stock repurchase program by increasing the amount it has authorized
management to repurchase from up to $15,000,000 of the Company's
common stock to up to $17,000,000. The stock repurchases may, at
the discretion of the Company's management, be made from time to
time on the open market or in privately negotiated transactions.
Under the stock repurchase program, the Company may repurchase
shares of its common stock from time to time in compliance with SEC
regulations and subject to market conditions. The stock repurchase
program does not require the Company to acquire any specific number
of shares, and the Company may terminate the program at any time.
To date, cash expenditures for stock repurchases under the existing
stock repurchase program have amounted to approximately
$14,116,000. Subject to the <tm:entity><tm:money_expression><tm:money Amount="17,000,000" Currency="Dollar" value="$17,000,000">$17,000,000</tm:money></tm:money_expression></tm:entity> limitation, of which
approximately <tm:entity><tm:money_expression><tm:money Amount="2,884,000" Currency="Dollar" value="$2,884,000">$2,884,000</tm:money></tm:money_expression></tm:entity> remains available for repurchases, the
timing and quantity of any stock repurchases will be at the sole
discretion of the Company.</p>
<p>About Paragon Technologies</p>
<p><tm:entity><tm:company Extension="Inc" value="paragon technologies">Paragon Technologies</tm:company></tm:entity> is a leader in integrating material
handling systems and creating automated solutions for material flow
applications. <tm:entity><tm:company Domain="IT" value="si systems">SI Systems</tm:company></tm:entity>' branded technologies and material
handling solutions address unit assembly in manufacturing
operations and order fulfillment applications. One of the top
material handling systems suppliers worldwide, <tm:entity><tm:company Domain="IT" value="si systems">SI Systems</tm:company></tm:entity> leading
clients have included the <tm:entity><tm:location><tm:country><tm:place>United States</tm:place></tm:country></tm:location></tm:entity> <tm:entity><tm:company value="postal service">Postal Service</tm:company></tm:entity>, <tm:entity><tm:company Domain="Media" value="bmg">BMG</tm:company></tm:entity>,
<tm:entity><tm:company value="peterbilt">Peterbilt</tm:company></tm:entity>, <tm:entity><tm:company><tm:normalized_name Domain="Automotive" value="honda">Honda</tm:normalized_name></tm:company></tm:entity>, and Maybelline.</p><p>Cautionary Statement. Certain statements contained herein are
not based on historical fact and are "forward-looking statements"
within the meaning of the Private Securities Litigation Reform Act
of 1995 and the Securities and <tm:entity><tm:organisation value="exchange commission">Exchange Commission</tm:organisation></tm:entity> rules,
regulations and releases. Paragon intends that such forward-looking
statements be subject to the safe harbors created hereby. Among
other things, the forward-looking statements regard Paragon's
earnings, liquidity, financial condition, review of strategic
alternatives, and other matters. Words or phrases denoting the
anticipated results of future events, such as "anticipate," "does
not anticipate," "should help to," "believe," "estimate," "is
positioned," "expects," "may," "will," "is expected," "should,"
"continue," and similar expressions that denote uncertainty, are
intended to identify such forward-looking statements. Paragon's
actual results, performance, or achievements could differ
materially from the results expressed in, or implied by, such
"forward-looking statements:" (1) as a result of factors over which
Paragon has no control, including the strength of domestic and
foreign economies, sales growth, competition, and certain cost
increases; and (2) if the factors on which Paragon's conclusions
are based do not conform to its expectations. The forward-looking
statements contained in this press release may become outdated over
time. Paragon does not assume any responsibility for updating any
forward-looking statements. Furthermore, achievement of the
objectives of the Company is subject to certain risks, including,
but not limited to, those risks outlined in Paragon's filings with
the Securities and <tm:entity><tm:organisation value="exchange commission">Exchange Commission</tm:organisation></tm:entity>, including its annual report
on Form 10-K <tm:entity><tm:time_expression><tm:duration To="December 31 , 2006" value="for the year ended december 31 , 2006">for the year ended December 31, 2006</tm:duration></tm:time_expression></tm:entity> and the most
recent quarterly report on Form 10-Q <tm:entity><tm:time_expression><tm:duration To="September 30 , 2007" value="for the quarter ended september 30 , 2007">for the quarter ended
September 30, 2007</tm:duration></tm:time_expression></tm:entity>.</p><p>This press release and prior releases are available at <a href="http://www.ptgamex.com" target="_new">http://www.ptgamex.com</a>.</p>
</body>
</html>


</doc>

