<doc xmlns:tm="http://www.temis.com/annotations/1.1/">
<metadata><aboutcompany value="the weather channel interactive"/><releaselocation value="atlanta"/><data_source value="prnews"/><source value="the weather channel interactive, inc."/><processing_date>2008-01-21T17:07:28</processing_date><date>2008-01-10T08:00:00</date></metadata>
<title>The <tm:entity><tm:media><tm:television value="weather channel">Weather Channel</tm:television></tm:media></tm:entity> Interactive Introduces New Weather Mapplet for <tm:entity><tm:company Domain="IT" value="google maps">Google Maps</tm:company></tm:entity>; Selected to Provide Weather Data Layer for <tm:entity><tm:company Domain="IT" value="google earth">Google Earth</tm:company></tm:entity></title>
<html>
<head>
<meta name="generator" content="HTML Tidy for Windows (vers 14 February 2006), see www.w3.org"/>
<!-- #BeginEditable "doctitle" -->
<title>The <tm:entity><tm:media><tm:television value="weather channel">Weather Channel</tm:television></tm:media></tm:entity> Interactive Introduces New Weather
Mapplet for <tm:entity><tm:company Domain="IT" value="google maps">Google Maps</tm:company></tm:entity>; Selected to Provide Weather Data Layer for
<tm:entity><tm:company Domain="IT" value="google earth">Google Earth</tm:company></tm:entity></title></head>
<body>
<p><tm:entity><tm:company Domain="IT" value="google maps">Google Maps</tm:company></tm:entity> and <tm:entity><tm:company value="earth">Earth</tm:company></tm:entity> to Feature Data from <tm:entity><tm:company value="weather">weather.com</tm:company></tm:entity> Including
Neighborhood- Level Weather Conditions Powered by Patented
HiRAD(SM) System</p>
<p><tm:entity><tm:location><tm:country location_country="United States of America"><tm:place>ATLANTA</tm:place></tm:country></tm:location></tm:entity>, <tm:entity><tm:time_expression><tm:relative_time Day="10" Month="Jan." value="jan. 10">Jan. 10</tm:relative_time></tm:time_expression></tm:entity> /PRNewswire/ -- The <tm:entity><tm:media><tm:television value="weather channel">Weather Channel</tm:television></tm:media></tm:entity> <tm:entity><tm:company Extension="Inc" value="interactive">Interactive</tm:company></tm:entity>, Inc. (<tm:entity><tm:companyticker value="twci">TWCI</tm:companyticker></tm:entity>), today announced the introduction of a new
mapplet for <tm:entity><tm:company Domain="IT" value="google maps">Google Maps</tm:company></tm:entity>, making weather conditions available on the
map with one click. In addition, <tm:entity><tm:companyticker value="twci">TWCI</tm:companyticker></tm:entity> has been selected as the
weather provider supplying current weather conditions, forecasts
and radar in <tm:entity><tm:company Domain="IT" value="google earth">Google Earth</tm:company></tm:entity>.</p><p>The weather data layer on <tm:entity><tm:company Domain="IT" value="google maps">Google Maps</tm:company></tm:entity> and <tm:entity><tm:company value="earth">Earth</tm:company></tm:entity> features current
conditions powered by HiRAD (High Resolution Aggregated Data),
which is an exclusive patented technology developed by The <tm:entity><tm:media><tm:television value="weather channel">Weather
Channel</tm:television></tm:media></tm:entity> that delivers a more local snapshot of current weather
conditions for the contiguous <tm:entity><tm:location><tm:country><tm:place>United States</tm:place></tm:country></tm:location></tm:entity>. HiRAD combines
traditional weather observations with data obtained by Doppler
radar, satellite, lightning strike detection, computer models, and
climate profiles to provide unique conditions for 1.9 million
locations.</p><p>The weather mapplet for <tm:entity><tm:company Domain="IT" value="google maps">Google Maps</tm:company></tm:entity> enables users to add
customizable weather layers to their map. Options include clouds
and radar and points of interest, such as <tm:entity><tm:location><tm:country><tm:place>US</tm:place></tm:country></tm:location></tm:entity> and <tm:entity><tm:location><tm:country><tm:place>international
cities</tm:place></tm:country></tm:location></tm:entity> and airports and <tm:entity><tm:location><tm:country><tm:place>US</tm:place></tm:country></tm:location></tm:entity> golf courses, lakes and schools. When
selected, a bubble will appear at the point on the map with current
weather conditions and temperature displayed. If there is severe
weather for a point of interest, the bubble will be displayed in
red with details of the alert.</p>
<p>The mapplet's weather bubbles expand with a click to display
HiRAD data for the point of interest including temperature,
humidity, wind speed, and UV Index along with an observation of
overhead sky conditions, which is unique to the HiRAD system.
Forecast links including hourly, tomorrow, and 10-day are in the
expanded bubble along with a link to a video forecast for the
selected location. In addition, during severe tropical weather,
users will see a Hurricane Central option on the mapplet that will
enable them to track an active storm on the map.</p>
<p>Weather Layer on <tm:entity><tm:company Domain="IT" value="google earth">Google Earth</tm:company></tm:entity></p><p>Current conditions in the <tm:entity><tm:company Domain="IT" value="google earth">Google Earth</tm:company></tm:entity> weather data layer are
presented in a pop up window and include temperature, humidity,
wind speed, pressure and dewpoint, along with an observation of
overhead sky conditions. This is presented with forecast data
including a 36 hour forecast and links to hour by hour and 10 day
outlooks on <tm:entity><tm:company value="weather">weather.com</tm:company></tm:entity>. Also available are radar images on the map
which are provided by <tm:entity><tm:company value="weather">weather.com</tm:company></tm:entity> and <tm:entity><tm:company value="weather services international">Weather Services
International</tm:company></tm:entity>(<tm:entity><tm:companyticker value="wsi">WSI</tm:companyticker></tm:entity>) via a product known as NOWrad.</p><p>"Adding HiRAD data from <tm:entity><tm:company value="weather">weather.com</tm:company></tm:entity> to <tm:entity><tm:company Domain="IT" value="google maps">Google Maps</tm:company></tm:entity> and <tm:entity><tm:company value="earth">Earth</tm:company></tm:entity> enables people to find the weather at the locations most important
to them -- schools, parks, golf courses and neighborhoods. No one
else can make weather so personal and relevant," said <tm:entity><tm:person Family_Name="Fiveash" First_Name="Joe" Gender="Male" role="Person" value="joe fiveash">Joe Fiveash</tm:person></tm:entity>,
<tm:entity><tm:function FunctionCategory="Board" role="Has_Function" value="executive vice president">executive vice president</tm:function></tm:entity>/<tm:entity><tm:function FunctionCategory="Board" role="Has_Function" value="general manager">general manager</tm:function></tm:entity> of <tm:entity><tm:companyticker value="twci">TWCI</tm:companyticker></tm:entity>.</p><p>The <tm:entity><tm:media><tm:television value="weather channel">Weather Channel</tm:television></tm:media></tm:entity> Interactive mapplet on <tm:entity><tm:company Domain="IT" value="google maps">Google Maps</tm:company></tm:entity> will be a
part of the Featured Content section in the My Maps utility. The
mapplet can be found by visiting maps.google.com. To find the
weather layer on <tm:entity><tm:company Domain="IT" value="google earth">Google Earth</tm:company></tm:entity>, simply activate weather box under
"layers" in the sidebar.</p><p>About The <tm:entity><tm:media><tm:television value="weather channel">Weather Channel</tm:television></tm:media></tm:entity> Interactive</p>
<p>The <tm:entity><tm:media><tm:television value="weather channel">Weather Channel</tm:television></tm:media></tm:entity> Interactive is the leading provider of
broadband and wireless weather products including <tm:entity><tm:company value="weather">weather.com</tm:company></tm:entity>,
<tm:entity><tm:company value="desktop weather">Desktop Weather</tm:company></tm:entity> by The <tm:entity><tm:media><tm:television value="weather channel">Weather Channel</tm:television></tm:media></tm:entity>, and The <tm:entity><tm:media><tm:television value="weather channel">Weather Channel</tm:television></tm:media></tm:entity> Mobile. <tm:entity><tm:company value="weather">weather.com</tm:company></tm:entity>, the Web site of The <tm:entity><tm:media><tm:television value="weather channel">Weather Channel</tm:television></tm:media></tm:entity>, is the
ultimate source of weather on the Web helping users plan their
lives by delivering timely current conditions, <tm:entity><tm:function FunctionCategory="Other" value="expert">expert</tm:function></tm:entity> forecasts and
relevant lifestyle content for 98,000 locations worldwide. The
<tm:entity><tm:media><tm:television value="weather channel">Weather Channel</tm:television></tm:media></tm:entity> Interactive reaches more than 35 million unique
users online each month and is the most popular source of online
weather, news and information according to Nielsen//NetRatings. The
<tm:entity><tm:media><tm:television value="weather channel">Weather Channel</tm:television></tm:media></tm:entity> Interactive also provides consumers with unique and
customizable products such as Desktop Weather and a full lineup of
mobile services including downloads, messaging, mobile Web, and
mobile video. Other <tm:entity><tm:companyticker value="twci">TWCI</tm:companyticker></tm:entity> sites include <tm:entity><tm:company value="forgetaway">forGetaway.com</tm:company></tm:entity>, a vacation
home rental site, Forecast Earth, a site dedicated to the
discussion of climate change, and a series of international sites,
including <a href="http://www.weather.co.uk," target="_new">http://www.weather.co.uk,</a><a href="http://www.meteo123.com" target="_new">http://www.meteo123.com,</a> <a href="http://www.wetter123.com" target="_new">http://www.wetter123.com,</a> <a href="http://www.canaldotempo.com" target="_new">http://www.canaldotempo.com</a> and <a href="http://www.weather.com/espanol" target="_new">http://www.weather.com/espanol</a>.</p>
</body>
</html>


</doc>

