<doc xmlns:tm="http://www.temis.com/annotations/1.1/">
<metadata>
<aboutcompany value="megadata"/>
<releaselocation value="greenwich"/>
<data_source value="prnews"/>
<source value="megadata corporation"/>
<processing_date>2008-01-21T17:06:03</processing_date>
<date>2008-01-10T09:00:00</date>
<quote symbol="OTC:MDTA" src-company="megadata" company="Megadata Corporation" date="2008-01-10" price=""/></metadata>
<title><tm:entity><tm:company Extension="International" value="anchorage">Anchorage</tm:company></tm:entity> International Airport Contracts for Multiple PASSUR(R) Solutions
</title>
<html>
<head>
<meta name="generator" content="HTML Tidy for Windows (vers 14 February 2006), see www.w3.org"/>
<!-- #BeginEditable "doctitle" -->
<title><tm:entity><tm:company Extension="International" value="anchorage">Anchorage</tm:company></tm:entity> International Airport Contracts for Multiple
PASSUR(R) Solutions</title>
</head>
<body>
<p>Landing Fee Management and Operations Control Are Main Areas of
Focus</p>
<p>GREENWICH, Conn., <tm:entity><tm:time_expression><tm:relative_time Day="10" Month="Jan." value="jan. 10">Jan. 10</tm:relative_time></tm:time_expression></tm:entity> /PRNewswire-FirstCall/ -- <tm:entity><tm:company Extension="Corporation" value="megadata">Megadata</tm:company></tm:entity> Corporation (OTC <tm:entity><tm:media><tm:newspaper value="bulletin board">Bulletin Board</tm:newspaper></tm:media></tm:entity>: MDTA) announced today that the
<tm:entity><tm:company Extension="International" value="alaska">Alaska</tm:company></tm:entity> International Airports System (AIAS), comprised of <tm:entity><tm:company Extension="International" Location_Continent="America" Location_Country="UnitedStates" value="ted stevens anchorage">Ted
Stevens Anchorage</tm:company></tm:entity> International and <tm:entity><tm:company Extension="International" value="fairbanks">Fairbanks</tm:company></tm:entity> International
Airports, has purchased subscriptions to the PASSUR(R) landing fee
data feed (Pulse(TM)), and web software applications PASSUR
inSight(TM) and Portal(TM) to support live operations control.
These PASSUR solutions help airports maximize revenue and achieve
cost savings and operational efficiencies through instant
communications, coordination and consistent information, for
greater overall performance.</p>
<p>"PASSUR is going to help us bring airport revenue management
into the next generation," said <tm:entity><tm:person Family_Name="Day" First_Name="Keith" Gender="Male" value="keith day">Keith Day</tm:person></tm:entity>, AIAS <tm:entity><tm:function FunctionCategory="Other" value="controller">Controller</tm:function></tm:entity>. "We
have complex airspace and a diversity of operators, putting a
premium on the expertise PASSUR has in managing all the moving
parts of the landing fee equation and live operations. In the past,
we tried other solutions that frankly didn't work. The beauty of
PASSUR is that it is both a systemic solution that ensures all our
core business systems are driven by the same set of highly accurate
and reliable aviation statistics, and a suite of targeted software
solutions which will help specific departments execute on their
mission, whether that is revenue capture, passenger care or
operational excellence."</p><p>"We welcome <tm:entity><tm:location><tm:country location_country="United States of America"><tm:place>Anchorage</tm:place></tm:country></tm:location></tm:entity> and Fairbanks into the PASSUR network of
airports across the country," said <tm:entity><tm:person Family_Name="Barry" First_Name="Jim" Gender="Male" role="Person" value="jim barry">Jim Barry</tm:person></tm:entity>, <tm:entity><tm:company><tm:potential_company role="Who" value="megadata">Megadata</tm:potential_company></tm:company></tm:entity>'s <tm:entity><tm:function FunctionCategory="Board" role="Has_Function" value="president and ceo">president
and CEO</tm:function></tm:entity>. "They have entrusted us with some of their most important
business and operational requirements, leveraging our suite of
solutions effectively."</p><p>PASSUR Pulse(TM) gives airports access to the most complete,
accurate and timely activity reports of arrivals and departures,
based on the PASSUR radar record and integrated database of flight
information, including <tm:entity><tm:function FunctionCategory="Board" value="detailed owner">detailed owner</tm:function></tm:entity>/operator information, maximum
certificated weights by tail number, seat configurations, runway
utilization, and other details in aggregate and by individual
flight. The application is part of the <tm:entity><tm:location><tm:country><tm:place>PASSUR Landing</tm:place></tm:country></tm:location></tm:entity> Fee
Management program, which includes the option for online billing
support to replace airline self-reporting, and a complete
professional services support package.</p>
<p>PASSUR Portal(TM) provides a live snapshot of vital operational
information on a "web dashboard" which combines multiple
information sets derived from the one-of-a-kind PASSUR database,
and tools for coordination, communication and consistent
information sharing among all users.</p>
<p>PASSUR inSight(TM) is the only web-based flight following
program that combines national en route flight tracking with
precision, terminal-area tracking from the PASSUR network of radar,
along with a next-generation graphics engine for real-motion
tracking and aircraft movement, and the renowned <tm:entity><tm:organisation Domain="Political" value="passur eta">PASSUR ETA</tm:organisation></tm:entity>.</p><p>About <tm:entity><tm:company Extension="Corporation" value="megadata">Megadata</tm:company></tm:entity></p><p><tm:entity><tm:company Extension="Corporation" value="megadata">Megadata</tm:company></tm:entity> owns and operates a unique database of flight
information with proprietary decision-making software, primarily
powered by a growing international network of passive radars
(PASSURs) located at more than 85 airports world-wide, including 33
of the top 35 <tm:entity><tm:location><tm:country><tm:place>U.S.</tm:place></tm:country></tm:location></tm:entity> airports - from which it provides PASSUR
information, analytics, and decision support tools to improve the
financial condition and operational efficiency of aviation
organizations. <tm:entity><tm:company Extension="Corporation" value="megadata">Megadata</tm:company></tm:entity> offers unique user-friendly information as
well as decision algorithms which provide innovative commercial air
traffic solutions to more than 50 airports, including 8 of the top
10 <tm:entity><tm:location><tm:country><tm:place>U.S.</tm:place></tm:country></tm:location></tm:entity> airports; dozens of airlines, including 7 of the top 10
<tm:entity><tm:location><tm:country><tm:place>U.S.</tm:place></tm:country></tm:location></tm:entity> airlines; and more than 150 corporate aviation customers, as
well to the <tm:entity><tm:organisation Domain="Governmental" value="u s government">U.S. Government</tm:organisation></tm:entity>. In addition, the company has created
and implemented collaborative web-based software that allows the
company's customers to instantly share information to improve
individual and joint decision-making, creating additional value for
those customers.</p><p>Visit <tm:entity><tm:company Extension="Corporation" value="megadata">Megadata</tm:company></tm:entity>'s web site at <a href="http://www.passur.com" target="_new">http://www.passur.com</a>for updated products,
solutions and PASSUR news.</p>
<p>The forward-looking statements in this news release relating to
management's expectations and beliefs are based on preliminary
information and management assumptions. Such forward-looking
statements are subject to a wide range of risks and uncertainties
that could cause results to differ in material respects, including
those related to customer needs, budgetary constraints, competitive
pressures, the success of airline trials, the profitable use of the
Company's PASSURs located at major airports, the Company's
maintenance of above average quality of its product and services,
as well as potential regulatory changes. Further information
regarding factors that could affect the Company's results is
contained in the Company's SEC filings, including the <tm:entity><tm:time_expression><tm:exact_time value="2006">October 31,
2006</tm:exact_time></tm:time_expression></tm:entity> Form 10-K, and the <tm:entity><tm:time_expression><tm:exact_time value="2007">July 31, 2007</tm:exact_time></tm:time_expression></tm:entity> 10-Q.<br/></p>
<p>Contact:</p>
<p><tm:entity><tm:person Family_Name="Dunsky" First_Name="Ron" Gender="Male" value="ron dunsky">Ron Dunsky</tm:person></tm:entity></p><p>(203) 622-4086</p>
<p>(917) 587- 9672</p>
<p><a href="mailto:rondunsky@passur.com"><tm:entity><tm:email value="rondunsky@passur.com">rondunsky@passur.com</tm:email></tm:entity></a></p></body>
</html>


</doc>

