<doc xmlns:tm="http://www.temis.com/annotations/1.1/">
<metadata><releaselocation value="wilmington"/><data_source value="prnews"/><source value="ppd, inc."/><processing_date>2008-01-21T17:01:52</processing_date><date>2008-01-10T17:10:00</date><quote symbol="NYSE:PPD" src-company="ppd" company="Pre-Paid Legal Services, Inc." date="2008-01-10" price="50.22"/></metadata>
<title>CSS Informatics Signs Solutions Partner Agreement with <tm:entity><tm:company Extension="Partners" value="nimbus">Nimbus</tm:company></tm:entity> Partners
</title>
<html>
<head>
<meta name="generator" content="HTML Tidy for Windows (vers 14 February 2006), see www.w3.org"/>
<!-- #BeginEditable "doctitle" -->
<title>CSS Informatics Signs Solutions Partner Agreement with
<tm:entity><tm:company Extension="Partners" value="nimbus">Nimbus</tm:company></tm:entity> Partners</title>
</head>
<body>
<p>Business process management supports success in
technology-focused projects</p>
<p>WILMINGTON, N.C., <tm:entity><tm:time_expression><tm:relative_time Day="10" Month="Jan." role="Context" value="jan. 10">Jan. 10</tm:relative_time></tm:time_expression></tm:entity> /PRNewswire-FirstCall/ -- <tm:entity><tm:company Extension="Inc." role="Who" value="ppd">PPD</tm:company></tm:entity>, Inc.
(<tm:entity><tm:stockindex value="nasdaq">Nasdaq</tm:stockindex></tm:entity>: <tm:entity><tm:companyticker company="Pharmaceutical Product Development, Inc." value="NASDAQ:PPDI">PPDI</tm:companyticker></tm:entity>) today announced that CSS Informatics, the clinical
and safety data management consulting services and proprietary
e-technologies division of PPD, has entered into a solutions
partner agreement with <tm:entity><tm:company Extension="Partners" role="Whom" value="nimbus">Nimbus</tm:company></tm:entity> Partners, a provider of process
management software and services.</p>
<p>The agreement makes it possible for CSS Informatics to further
expand its range of services to clients by supporting them in
designing, managing and optimizing their business processes.
Control 2007 offers a Web-facilitated collaboration environment
that measures and optimizes processes, performs activity-based
costing, develops and reviews scenarios for process change, and
communicates the process for widespread adoption. CSS Informatics
will use Nimbus' Control 2007 software for business change projects
related to clinical and drug safety.</p>
<p>"Our alliance with Nimbus strengthens our information management
service capabilities," said <tm:entity><tm:person Family_Name="Downing" First_Name="Graham" Gender="Male" role="Person" value="graham downing">Graham Downing</tm:person></tm:entity>, <tm:entity><tm:function FunctionCategory="Board" role="Has_Function" value="vice president">vice president</tm:function></tm:entity> of
informatics. "By joining Nimbus' process management capabilities
with CSS Informatics' existing technology products and services, we
will be able to deliver more complete solutions to the business
challenges that our clients face. We believe that our new offerings
will result in even greater success in the business change projects
that we undertake."</p>
<p>With offices in the <tm:entity><tm:location><tm:country><tm:place>United States</tm:place></tm:country></tm:location></tm:entity> and <tm:entity><tm:location><tm:country><tm:place>Europe</tm:place></tm:country></tm:location></tm:entity>, <tm:entity><tm:location><tm:country><tm:place>CSS Informatics</tm:place></tm:country></tm:location></tm:entity> provides consulting services and proprietary e-technologies for
clinical and safety data management, including design, development,
implementation and validation of clinical research data systems,
training and regulatory consulting services. <tm:entity><tm:company role="Who" value="css informatics">CSS Informatics</tm:company></tm:entity> is a
division of PPD, a leading global contract research organization
with more than 10,000 professionals and offices in 30 countries.
For more information on CSS Informatics and PPD, visit our Web
sites at <a href="http://www.cssinformatics.com" target="_new">http://www.cssinformatics.com</a>and <a href="http://www.ppdi.com" target="_new">http://www.ppdi.com</a>.</p>
<p>Headquartered in the <tm:entity><tm:location><tm:country><tm:place>United Kingdom</tm:place></tm:country></tm:location></tm:entity>, with offices in mainland
<tm:entity><tm:location><tm:country><tm:place>Europe</tm:place></tm:country></tm:location></tm:entity>, the <tm:entity><tm:location><tm:country><tm:place>United States</tm:place></tm:country></tm:location></tm:entity>, <tm:entity><tm:location><tm:country><tm:place>Middle East</tm:place></tm:country></tm:location></tm:entity> and <tm:entity><tm:location><tm:country><tm:place>China</tm:place></tm:country></tm:location></tm:entity>, <tm:entity><tm:company Extension="Partners" value="nimbus">Nimbus</tm:company></tm:entity> Partners
is one of the UK's fastest-growing companies and is regularly
featured in the <tm:entity><tm:company><tm:normalized_name Domain="Financial" value="deloitte">Deloitte</tm:normalized_name></tm:company></tm:entity> Fast 50 &amp; 500. It has helped more than
250 organizations in 15 countries drive transformational change
through process management. Nimbus delivers software and service
solutions which enable the consistent adoption of strategic
initiatives throughout organizations. For more information, visit
<a href="http://www.nimbuspartners.com" target="_new">http://www.nimbuspartners.com</a>.</p><p>Except for historical information, all of the statements,
expectations and assumptions contained in this news release,
including expectations and assumptions about the cooperative
agreement with Nimbus Partners, are forward- looking statements
that involve a number of risks and uncertainties. Although PPD
attempts to be accurate in making these forward-looking statements,
it is possible that future circumstances might differ from the
assumptions on which such statements are based. In addition, other
important factors which could cause results to differ materially
include the following: continued success in sales growth; loss of
large contracts; increased cancellation rates; economic conditions
and outsourcing trends in the pharmaceutical, biotechnology,
medical device, academic and government industry segments;
competition within the outsourcing industry; the ability to attract
and retain key personnel; risks associated with and dependence on
collaborative relationships; risks associated with the development
and commercialization of drugs, including earnings dilution and
obtaining regulatory approval; risks associated with acquisitions
and investments, such as impairments; rapid technological advances
that make our products and services less competitive; risks that we
may not continue our dividend policy; and the other risk factors
set forth from time to time in the SEC filings for PPD, copies of
which are available free of charge upon request from the <tm:entity><tm:company Extension="Inc." value="ppd">PPD</tm:company></tm:entity> investor relations department.<br/></p>
<p>Contacts</p>
<p>Media:</p>
<p><tm:entity><tm:person Family_Name="Pentecost" First_Name="Sue, Ann" Gender="Female" value="sue ann pentecost">Sue Ann Pentecost</tm:person></tm:entity></p><p>+919 456 5890</p>
<p><a href="mailto:sueann.pentecost@rtp.ppdi.com"><tm:entity><tm:email value="sueann.pentecost@rtp.ppdi.com">sueann.pentecost@rtp.ppdi.com</tm:email></tm:entity></a></p><p>Analysts/Investors:</p>
<p><tm:entity><tm:person Family_Name="Eastwood" First_Name="Craig" Gender="Male" value="craig eastwood">Craig Eastwood</tm:person></tm:entity></p><p>+910 558 7517</p>
<p><a href="mailto:craig.eastwood@wilm.ppdi.com"><tm:entity><tm:email value="craig.eastwood@wilm.ppdi.com">craig.eastwood@wilm.ppdi.com</tm:email></tm:entity></a></p></body>
</html>


</doc>

