<doc xmlns:tm="http://www.temis.com/annotations/1.1/">
<metadata>
<releaselocation value="new york"/>
<data_source value="prnews"/>
<source value="medialink and filemaker"/>
<processing_date>2008-01-21T17:12:51</processing_date>
<date>2008-01-08T20:28:00</date>
</metadata>
<title>AUDIO from Medialink and FileMaker: Organize to the 'Macs'
</title>
<html>
<head>
<meta name="generator" content="HTML Tidy for Windows (vers 14 February 2006), see www.w3.org"/>
<!-- #BeginEditable "doctitle" -->
<title>AUDIO from Medialink and FileMaker: Organize to the
'Macs'</title>
</head>
<body>
<p><tm:entity><tm:location><tm:country location_country="United States of America"><tm:place>NEW YORK</tm:place></tm:country></tm:location></tm:entity>, <tm:entity><tm:time_expression><tm:relative_time Day="8" Month="Jan." value="jan. 8">Jan. 8</tm:relative_time></tm:time_expression></tm:entity> /PRNewswire/ -- The reason the "Mac computer
guy" on TV seems so relaxed may be because he might have just
tapped into the latest way to get Mac users organized.
<tm:entity><tm:function FunctionCategory="Other" value="organizational expert">Organizational expert</tm:function></tm:entity> <tm:entity><tm:person Family_Name="Franklin" First_Name="Liz" Gender="Female" value="liz franklin">Liz Franklin</tm:person></tm:entity> says FileMaker's new Bento
personal database software has all the simplicity and style they're
used to.<br/></p>
<p>Listen to this report from FileMaker at: <a href="http://media.medialink.com/WebNR.aspx?story=34299" target="_new">http://media.medialink.com/WebNR.aspx?story=34299</a></p>
<p>Registered journalists can access video, audio, text, graphics
and photos for free and unrestricted use at <a href="http://www.mediaseed.tv" target="_new">http://www.mediaseed.tv</a>.</p>
<p>01SF08-0031</p>
</body>
</html>


</doc>

