<doc xmlns:tm="http://www.temis.com/annotations/1.1/">
<metadata><aboutcompany value="shift4 corporation"/><releaselocation value="las vegas"/><data_source value="prnews"/><source value="shift4 corporation"/><processing_date>2008-01-21T17:08:25</processing_date><date>2008-01-09T16:18:00</date></metadata>
<title>Shift4 Launches Online Fraud Prevention Education Program
</title>
<html>
<head>
<meta name="generator" content="HTML Tidy for Windows (vers 14 February 2006), see www.w3.org"/>
<!-- #BeginEditable "doctitle" -->
<title>Shift4 Launches Online Fraud Prevention Education
Program</title>
</head>
<body>
<p>With losses of $1773 per employee, training course helps
retailers stop bad</p>
<p>transactions</p>
<p><tm:entity><tm:location><tm:country location_country="United States of America"><tm:place>LAS VEGAS</tm:place></tm:country></tm:location></tm:entity>, <tm:entity><tm:time_expression><tm:relative_time Day="9" Month="Jan." value="jan. 9">Jan. 9</tm:relative_time></tm:time_expression></tm:entity> /PRNewswire/ -- <tm:entity><tm:company Extension="Corporation" value="shift4">Shift4</tm:company></tm:entity> Corporation has taken
merchant advocacy to a new level by offering a unique new online
training course designed to help retail clerks stop bad
transactions at the register, the greatest point of vulnerability.
Losses associated with accepting bad checks, counterfeit currency,
and fake credit cards and ID exceed <tm:entity><tm:money_expression><tm:money Amount="1,733.00" Currency="Dollar" value="$1,733.00">$1,733.00</tm:money></tm:money_expression></tm:entity> per employee per
year. At a cost of under $40.00 per employee, the motivation to
train retail employees using Shift4's online fraud prevention
program is clear.</p>
<p>Upon completion of this course, retail employees and <tm:entity><tm:function FunctionCategory="Board" value="managers">managers</tm:function></tm:entity> will be able to cut losses by understanding common transaction
security risks and security features used by most card brands and
currency. They also will be better able to spot fake or altered
credit cards, currency, and drivers' licenses and other forms of
ID. This is the only course of its kind for retailers and will be
offered through <tm:entity><tm:organisation Domain="Educational" value="shift4 university">Shift4 University</tm:organisation></tm:entity> <tm:entity><tm:time_expression><tm:duration From="January 14 , 2008" value="starting january 14 , 2008">starting January 14, 2008</tm:duration></tm:time_expression></tm:entity>.</p><p>This fully interactive 40-minute online course uses high-quality
graphics, animations, visual aids, video and skill lessons.
Students experience a self- paced course designed to stop and start
at their convenience. Clerks, cashiers, <tm:entity><tm:function FunctionCategory="Board" value="managers">managers</tm:function></tm:entity> and anyone who
conducts transactions will greatly benefit from this valuable
content.</p>
<p>"When you consider all the challenges merchants face related to
transaction security and payments in general, this course was a
natural extension of our merchant advocacy culture. Shift4 is in
the business of developing tools that help merchants win. We see
this new online course as the first of many modules that will be
designed to stop bad transactions and provide the quality
educational content merchants need. Protecting the merchant against
loss is something that Shift4 has been involved with <tm:entity><tm:time_expression><tm:duration Year="1994" value="since 1994">since 1994</tm:duration></tm:time_expression></tm:entity>,"
stated <tm:entity><tm:person Family_Name="Carr" First_Name="Randy" Gender="Male" role="Person" value="randy carr">Randy Carr</tm:person></tm:entity>, <tm:entity><tm:function FunctionCategory="Board" role="Has_Function" value="vice president">Vice President</tm:function></tm:entity> of <tm:entity><tm:company><tm:potential_company role="Who" value="marketing">Marketing</tm:potential_company></tm:company></tm:entity> for <tm:entity><tm:company Extension="Corporation" role="Who" value="shift4">Shift4</tm:company></tm:entity> Corporation.</p>
<p>The online course will be launched <tm:entity><tm:time_expression><tm:exact_time Year="2008" value="at the 2008">at the 2008</tm:exact_time></tm:time_expression></tm:entity> <tm:entity><tm:organisation value="national retail federation">National Retail
Federation</tm:organisation></tm:entity> show <tm:entity><tm:time_expression><tm:exact_time value="2015">January 14 - 15</tm:exact_time></tm:time_expression></tm:entity> at the <tm:entity><tm:organisation value="javits center in new york">Javits Center in New York</tm:organisation></tm:entity>.
Shift4 will demonstrate the online course at booth #2442.</p><p>About <tm:entity><tm:company Extension="Corporation" value="shift4">Shift4</tm:company></tm:entity> Corporation</p>
<p><tm:entity><tm:company Extension="Corporation" value="shift4">Shift4</tm:company></tm:entity>, a leading developer of secure financial transaction
processing software and services, provides web-based, real-time
enterprise payment solutions for leaders in the hospitality,
retail, foodservices, auto rental and e-commerce markets. Through
connectivity to most major processors, Dollars on the net provides
both high speed and low cost authorizations and settlements for
credit, debit, check, private label and gift card transactions.
Dollars on the net also includes the ability to access, review and
edit transactions prior to settlement, as well as a searchable,
24-month archive of transactions for reporting and charge back
defense. For more information, contact <tm:entity><tm:person Family_Name="Carr" First_Name="Randy" Gender="Male" value="randy carr">Randy Carr</tm:person></tm:entity> 702-597-2480 ext.
3433, <tm:entity><tm:email value="randy@shift4.com">randy@shift4.com</tm:email></tm:entity>, or visit <a href="http://www.shift4.com" target="_new">http://www.shift4.com</a>.</p></body>
</html>


</doc>

