<doc xmlns:tm="http://www.temis.com/annotations/1.1/">
<metadata><aboutcompany value="autodesk"/><releaselocation value="lake oswego"/><data_source value="prnews"/><source value="autodesk, inc."/><processing_date>2008-01-21T17:06:28</processing_date><date>2008-01-10T09:00:00</date><quote symbol="NYSE:FO" src-company="fortune" company="Fortune Brands, Inc." date="2008-01-10" price="68.25"/><quote symbol="NASDAQ:ADSK" src-company="autodesk" company="Autodesk, Inc." date="2008-01-10" price="44.66"/></metadata>
<title><tm:entity><tm:company Domain="IT" value="autodesk opens">Autodesk Opens</tm:company></tm:entity> State-of-the-Art Customer <tm:entity><tm:organisation value="briefing center">Briefing Center</tm:organisation></tm:entity> in <tm:entity><tm:location><tm:country location_country="United States of America"><tm:place>Oregon</tm:place></tm:country></tm:location></tm:entity></title>
<html>
<head>
<meta name="generator" content="HTML Tidy for Windows (vers 14 February 2006), see www.w3.org"/>
<!-- #BeginEditable "doctitle" -->
<title><tm:entity><tm:company Domain="IT" value="autodesk opens">Autodesk Opens</tm:company></tm:entity> State-of-the-Art Customer <tm:entity><tm:organisation value="briefing center">Briefing Center</tm:organisation></tm:entity> in
<tm:entity><tm:location><tm:country location_country="United States of America"><tm:place>Oregon</tm:place></tm:country></tm:location></tm:entity></title></head>
<body>
<p>Interactive Facility Aims to Inspire Design and Manufacturing
Community</p>
<p>LAKE OSWEGO, Ore., <tm:entity><tm:time_expression><tm:relative_time Day="10" Month="Jan." value="jan. 10">Jan. 10</tm:relative_time></tm:time_expression></tm:entity> /PRNewswire-FirstCall/ -- <tm:entity><tm:company Domain="IT" Extension="Manufacturing, Inc" value="autodesk">Autodesk</tm:company></tm:entity>,
Inc. (<tm:entity><tm:stockindex value="nasdaq">Nasdaq</tm:stockindex></tm:entity>: <a class="small" href="http://studio-5.financialcontent.com/prnews?Page=Quote&amp;Ticker=ADSK" onclick="var s=s_gi(s_account); var hd1 = document.getElementById('headline'); s.tl(this,'o',getLinkName('Company Sanpshot'));">ADSK</a>), a world leader in 2D and 3D design software for the
manufacturing, building and construction, and media and
entertainment markets, today announced the launch of its first
<tm:entity><tm:organisation value="customer briefing center">Customer Briefing Center</tm:organisation></tm:entity> at the worldwide headquarters of the
<tm:entity><tm:company Domain="IT" Extension="Manufacturing, Inc" value="autodesk">Autodesk</tm:company></tm:entity> Manufacturing division in Lake Oswego, <tm:entity><tm:location><tm:country location_country="United States of America"><tm:place>Oregon</tm:place></tm:country></tm:location></tm:entity>. The purpose
of the new Center is to inspire designers and <tm:entity><tm:function FunctionCategory="Other" value="engineers">engineers</tm:function></tm:entity> by creating
an immersive design environment that showcases how technology can
be used to stimulate creativity, increase collaboration across
disciplines and foster greater innovation. A state-of-the-art
interactive facility, the <tm:entity><tm:organisation value="customer briefing center">Customer Briefing Center</tm:organisation></tm:entity> benefits
<tm:entity><tm:company Domain="IT" Extension="Manufacturing, Inc" value="autodesk">Autodesk</tm:company></tm:entity> customers and the larger design and manufacturing
community by providing a showcase for innovative customer work and
creating an environment of learning and discovery.</p>
<p>"We view the <tm:entity><tm:organisation value="customer briefing center">Customer Briefing Center</tm:organisation></tm:entity> as a space to inspire the
best designers and manufacturers of today and tomorrow," said
Robert "Buzz" Kross, <tm:entity><tm:function FunctionCategory="Board" value="senior vice president">senior vice president</tm:function></tm:entity> of <tm:entity><tm:company Domain="IT" Extension="Manufacturing, Inc" value="autodesk">Autodesk</tm:company></tm:entity> Manufacturing. "Companies from around the world, and <tm:entity><tm:function FunctionCategory="Board" value="members">members</tm:function></tm:entity> of the
community, will find this a place to experience design software
technology."</p>
<p>A Portland-area business <tm:entity><tm:time_expression><tm:duration value="for ten years ,">for ten years,</tm:duration></tm:time_expression></tm:entity> the <tm:entity><tm:company Domain="IT" Extension="Manufacturing, Inc" role="Who" value="autodesk">Autodesk</tm:company></tm:entity> Manufacturing Solutions division moved its headquarters to Lake
Oswego <tm:entity><tm:time_expression><tm:relative_time value="late last year">late last year</tm:relative_time></tm:time_expression></tm:entity>. Both the office facilities and the new
<tm:entity><tm:organisation value="customer briefing center">Customer Briefing Center</tm:organisation></tm:entity> were designed with LEED-certified
standards for sustainability.</p>
<p>The <tm:entity><tm:organisation value="customer briefing center">Customer Briefing Center</tm:organisation></tm:entity> showcases <tm:entity><tm:company Domain="IT" Extension="Manufacturing, Inc" value="autodesk">Autodesk</tm:company></tm:entity>'s Digital
Prototyping technologies, which let designers and <tm:entity><tm:function FunctionCategory="Other" value="engineers">engineers</tm:function></tm:entity> visualize, simulate and analyze the real-world performance of their
ideas early in the design process. This gives them the flexibility
to optimize and improve designs before actually executing them. As
a result, <tm:entity><tm:company Domain="IT" Extension="Manufacturing, Inc" value="autodesk">Autodesk</tm:company></tm:entity> customers not only see, but experience, their
designs before they are real, empowering them to save time and
money, improve quality and innovate.</p>
<p>The interactive exhibits at the <tm:entity><tm:organisation value="customer briefing center">Customer Briefing Center</tm:organisation></tm:entity> demonstrate the diverse ways that Digital Prototyping can be
leveraged to create the world's next-generation products. From a
wheelchair that is improving the quality of life for its users, to
one of the world's most advanced remote-controlled demolition robot
arms, the Center's exhibits provide a full immersion into the most
advanced Digital Prototyping technology for the automotive,
consumer product and industrial machinery markets.</p>
<p>Following the opening of the <tm:entity><tm:organisation value="lake oswego customer briefing center">Lake Oswego Customer Briefing
Center</tm:organisation></tm:entity>, <tm:entity><tm:company Domain="IT" Extension="Manufacturing, Inc" value="autodesk">Autodesk</tm:company></tm:entity> intends to build additional Customer Briefing
Centers in various locations around the world.</p>
<p>"With our first <tm:entity><tm:organisation value="customer briefing center">Customer Briefing Center</tm:organisation></tm:entity>, we are helping
customers to experience <tm:entity><tm:company Domain="IT" Extension="Manufacturing, Inc" value="autodesk">Autodesk</tm:company></tm:entity>'s industry-leading 3D Digital
Prototyping software solutions in an interactive, hands-on
environment," said Kross. "As <tm:entity><tm:company Domain="IT" Extension="Manufacturing, Inc" value="autodesk">Autodesk</tm:company></tm:entity> opens more locations
worldwide, we look forward to engaging even more customers with
facilities and programs that stimulate learning, discovery and
dialogue."</p>
<p>About <tm:entity><tm:company Domain="IT" Extension="Manufacturing, Inc" value="autodesk">Autodesk</tm:company></tm:entity></p><p><tm:entity><tm:company Domain="IT" Extension="Manufacturing, Inc" value="autodesk">Autodesk</tm:company></tm:entity>, Inc. is the world leader in 2D and 3D design software
for the manufacturing, building and construction, and media and
entertainment markets. Since its introduction of AutoCAD software
in 1982, Autodesk has developed the broadest portfolio of
state-of-the-art digital prototyping solutions to help customers
experience their ideas before they are real. <tm:entity><tm:company value="fortune">Fortune</tm:company></tm:entity> 1000 companies
rely on <tm:entity><tm:company Domain="IT" Extension="Manufacturing, Inc" value="autodesk">Autodesk</tm:company></tm:entity> for the tools to visualize, simulate and analyze
real-world performance early in the design process to save time and
money, enhance quality and foster innovation. For additional
information about <tm:entity><tm:company Domain="IT" Extension="Manufacturing, Inc" value="autodesk">Autodesk</tm:company></tm:entity>, visit <a href="http://www.autodesk.com" target="_new">http://www.autodesk.com</a>.</p><p><tm:entity><tm:company Domain="IT" Extension="Manufacturing, Inc" value="autodesk">Autodesk</tm:company></tm:entity> and <tm:entity><tm:company value="autocad">AutoCAD</tm:company></tm:entity> are registered trademarks of <tm:entity><tm:company Domain="IT" Extension="Manufacturing, Inc" value="autodesk">Autodesk</tm:company></tm:entity>,
Inc., in the <tm:entity><tm:location><tm:country><tm:place>USA</tm:place></tm:country></tm:location></tm:entity> and/or other countries. All other brand names,
product names or trademarks belong to their respective holders.
<tm:entity><tm:company Domain="IT" Extension="Manufacturing, Inc" value="autodesk">Autodesk</tm:company></tm:entity> reserves the right to alter product offerings and
specifications at any time without notice, and is not responsible
for typographical or graphical errors that may appear in this
document.<br/></p>
<p>Contact: <tm:entity><tm:person Family_Name="Hansen" First_Name="Stacy, Doyle, Eileen" Gender="Male, Female" value="stacy doyle eileen hansen">Stacy Doyle Eileen Hansen</tm:person></tm:entity></p><p>503.707.3861 503.471.6821</p>
<p>Email: <a href="mailto:stacy.doyle@autodesk.com"><tm:entity><tm:email value="stacy.doyle@autodesk.com">stacy.doyle@autodesk.com</tm:email></tm:entity></a><a href="mailto:eileen.hansen@edelman.com"><tm:entity><tm:email value="eileen.hansen@edelman.com">eileen.hansen@edelman.com</tm:email></tm:entity></a></p><p>(Logo: <a href="http://www.newscom.com/cgi-bin/prnh/20050415/SFF034LOGO" target="_new">http://www.newscom.com/cgi-bin/prnh/20050415/SFF034LOGO</a>)</p>
</body>
</html>


</doc>

