<doc xmlns:tm="http://www.temis.com/annotations/1.1/">
<metadata><aboutcompany value="sap(r) for retail"/><releaselocation value="newtown square"/><releaselocation value="new york"/><data_source value="prnews"/><source value="sap ag"/><processing_date>2008-01-21T17:03:19</processing_date><date>2008-01-10T14:20:00</date><quote symbol="NYSE:SAP" src-company="sap" company="SAP AG (ADR)" date="2008-01-10" price=""/><quote symbol="NYSE:MOT" src-company="motorola" company="Motorola, Inc." date="2008-01-10" price="14.93"/><quote symbol="BOM:972309" src-company="r 3" company="NABARD-SR8-R-9.3%-13-3-10-PVT" date="2008-01-10" price=""/><quote symbol="NYSE:NRF" src-company="nrf" company="Northstar Realty Finance Corp." date="2008-01-10" price=""/><quote symbol="NYSE:EDS" src-company="data business systems" company="Electronic Data Systems Corporation" date="2008-01-10" price="18.39"/></metadata>
<title><tm:entity><tm:company Domain="IT" value="sap">SAP</tm:company></tm:entity> to Demonstrate Leadership at <tm:entity><tm:organisation value="national retail federation">National Retail Federation</tm:organisation></tm:entity> Convention
</title>
<html>
<head>
<meta name="generator" content="HTML Tidy for Windows (vers 14 February 2006), see www.w3.org"/>
<!-- #BeginEditable "doctitle" -->
<title><tm:entity><tm:company Domain="IT" value="sap">SAP</tm:company></tm:entity> to Demonstrate Leadership at <tm:entity><tm:organisation value="national retail federation convention">National Retail Federation
Convention</tm:organisation></tm:entity></title></head>
<body>
<p><tm:entity><tm:company value="nrf">NRF</tm:company></tm:entity> 2008 Highlights to Include Harrods Super Session, Executive
Customer Roundtable, Introduction of <tm:entity><tm:function FunctionCategory="Board" value="new head of retail">New Head of Retail</tm:function></tm:entity> and
<tm:entity><tm:company Extension="Industries" value="wholesale">Wholesale</tm:company></tm:entity> Industries at</p>
<p><tm:entity><tm:company Domain="IT" value="sap">SAP</tm:company></tm:entity> and <tm:entity><tm:company value="product demonstrations">Product Demonstrations</tm:company></tm:entity> for Retailers of All Sizes</p>
<p><tm:entity><tm:location><tm:country location_country="United States of America"><tm:place>NEW YORK</tm:place></tm:country></tm:location></tm:entity> and NEWTOWN SQUARE, Pa., <tm:entity><tm:time_expression><tm:relative_time Day="10" Month="Jan." value="jan. 10">Jan. 10</tm:relative_time></tm:time_expression></tm:entity> /PRNewswire-FirstCall/
-- After another record-breaking year of continued leadership and
commitment in delivering innovative solutions to retailers
worldwide, <tm:entity><tm:company Domain="IT" value="sap">SAP</tm:company></tm:entity> AG (<tm:entity><tm:stockindex value="nyse">NYSE</tm:stockindex></tm:entity>: <tm:entity><tm:company Domain="IT" value="sap">SAP</tm:company></tm:entity>) today announced its planned
activities for the world's leading retail event, the <tm:entity><tm:organisation value="national retail federation">National
Retail Federation</tm:organisation></tm:entity>(<tm:entity><tm:organisation><tm:abbreviation value="nrf">NRF</tm:abbreviation></tm:organisation></tm:entity>) 97th Annual Convention and Expo, being held
at the <tm:entity><tm:organisation value="jacob k javits convention center">Jacob K. Javits Convention Center</tm:organisation></tm:entity> in <tm:entity><tm:location><tm:country location_country="United States of America"><tm:place>New York</tm:place></tm:country></tm:location></tm:entity>, <tm:entity><tm:location><tm:country location_country="United States of America"><tm:place>NY</tm:place></tm:country></tm:location></tm:entity>, <tm:entity><tm:time_expression><tm:relative_time Day="13, 16" Month="January" value="january 13-16">January
13-16</tm:relative_time></tm:time_expression></tm:entity>.</p><p>(Logo: <a href="http://www.newscom.com/cgi-bin/prnh/20050310/SFTH009LOGO-a" target="_new">http://www.newscom.com/cgi-bin/prnh/20050310/SFTH009LOGO-a</a>)</p>
<p><tm:entity><tm:company Domain="IT" value="sap customer harrods">SAP Customer Harrods</tm:company></tm:entity> to Host Super Session</p>
<p><tm:entity><tm:time_expression><tm:relative_time Day="14" Month="January" Weekday="Monday" value="on monday , january 14">On Monday, January 14</tm:relative_time></tm:time_expression></tm:entity>, Harrods, a long-standing <tm:entity><tm:company Domain="IT" value="sap">SAP</tm:company></tm:entity> customer,
will host a Super Session on the topic, "Anything is Possible: How
Harrods Understands, Anticipates and Inspires its Customers." <tm:entity><tm:time_expression><tm:duration value="for more than 155 years ,">For
more than 155 years,</tm:duration></tm:time_expression></tm:entity> Harrods has been a successful retailer that
sells everything from postage stamps to airplanes. During this
session, Harrods' chief information officer, David Llamas, will
offer insight into how the legendary London department store
transformed into a global, multi-channel brand. Participants will
learn how Harrods leverages a single platform from <tm:entity><tm:company Domain="IT" value="sap">SAP</tm:company></tm:entity> to enhance
customer service, increase operational efficiency and take
advantage of new multi-channel opportunities.</p>
<p>"With <tm:entity><tm:company Domain="IT" value="sap">SAP</tm:company></tm:entity>, our overall IT efficiency has improved measurably,"
said David Llamas, chief information officer, Harrods. "As a
percentage of sales, Harrods' IT spending is now 0.7 percent,
whereas in other similar businesses it is closer to 2 to 3 percent.
By consolidating our legacy applications onto a unique platform, we
don't need teams maintaining those previous legacy applications,
resulting in a less complex environment that is easier to support
and develop."</p><p>Executive Roundtable to Feature Beall's, Harrods and Steve &amp;
Barry's</p>
<p><tm:entity><tm:company Domain="IT" value="sap">SAP</tm:company></tm:entity> will be hosting an executive customer roundtable <tm:entity><tm:time_expression><tm:relative_time Day="15" Month="January" Weekday="Tuesday" value="on tuesday , january 15">on Tuesday,
January 15</tm:relative_time></tm:time_expression></tm:entity>. This invitation-only panel will offer press and
analysts the opportunity to speak directly to <tm:entity><tm:company Domain="IT" value="sap">SAP</tm:company></tm:entity> customers,
including Beall's, Harrods and Steve &amp; Barry's about their
operations as well as how <tm:entity><tm:company Domain="IT" value="sap">SAP</tm:company></tm:entity> is enabling them to be best-run
retailers.</p>
<p><tm:entity><tm:company Domain="IT" value="sap">SAP</tm:company></tm:entity> Strengthens Retail Leadership With <tm:entity><tm:function FunctionCategory="Board" value="new senior vice president">New Senior Vice President</tm:function></tm:entity> of <tm:entity><tm:company Extension="Industries" value="trading">Trading</tm:company></tm:entity></p><p>At <tm:entity><tm:company value="nrf">NRF</tm:company></tm:entity>, <tm:entity><tm:company Domain="IT" value="sap">SAP</tm:company></tm:entity> will introduce <tm:entity><tm:person Family_Name="Youd" First_Name="Verlin" Gender="Undefined Gender" value="verlin youd">Verlin Youd</tm:person></tm:entity>, the newly appointed
<tm:entity><tm:function FunctionCategory="Board" value="senior vice president">senior vice president</tm:function></tm:entity> of <tm:entity><tm:company Extension="Industries" value="trading">Trading</tm:company></tm:entity> Industries. In this position, <tm:entity><tm:person Family_Name="Youd" First_Name="Verlin" Gender="Undefined Gender" value="verlin youd">Youd</tm:person></tm:entity> is responsible for the company's strategy, approach and execution
for the retail and wholesale industries, and has the primary focus
of delivering value to customers. With more than 18 years of
experience in the software and retail industry, <tm:entity><tm:person Family_Name="Youd" First_Name="Verlin" Gender="Undefined Gender" value="verlin youd">Youd</tm:person></tm:entity> brings a
strong track record of success in delivering value to retailers
around the world. Prior to joining <tm:entity><tm:company Domain="IT" value="sap">SAP</tm:company></tm:entity>, <tm:entity><tm:company value="youd">Youd</tm:company></tm:entity> was the <tm:entity><tm:function FunctionCategory="Board" value="vice president">vice president</tm:function></tm:entity> of industry solutions at <tm:entity><tm:company Domain="IT" value="motorola">Motorola</tm:company></tm:entity>, where he led strategy and plan
execution across all target industries including retail and
hospitality, transportation and logistics, wholesale distribution,
manufacturing, energy and utilities, healthcare and field
mobility.</p><p>"<tm:entity><tm:company Domain="IT" value="sap">SAP</tm:company></tm:entity> is honored to continue our support of the <tm:entity><tm:organisation value="national retail federation">National Retail
Federation</tm:organisation></tm:entity> and join with our customers to share experiences and
keys to success in a demanding retail environment," said <tm:entity><tm:person Family_Name="Youd" First_Name="Verlin" Gender="Undefined Gender" value="verlin youd">Youd</tm:person></tm:entity>. "I
am proud to be a part of a leading organization whose market
leadership is communicated by industry <tm:entity><tm:function FunctionCategory="Other" value="experts">experts</tm:function></tm:entity> and most importantly
its customers, which truly demonstrates <tm:entity><tm:company Domain="IT" value="sap">SAP</tm:company></tm:entity>'s commitment to enable
retailers to be best-run businesses."</p><p><tm:entity><tm:company Domain="IT" value="sap">SAP</tm:company></tm:entity> will showcase its solutions for fast-growing retailers in a
large exposition booth (#1601) at <tm:entity><tm:company value="nrf">NRF</tm:company></tm:entity> that will feature SAP(R) for
Retail solutions for point-of-sale, demand management, in-store and
channel management, category and merchandise management, buying and
vendor management, supply chain management and core operations. <tm:entity><tm:company Domain="IT" value="sap">SAP</tm:company></tm:entity> will also demonstrate how its partner ecosystem creates compelling
value for customers. Visitors to the <tm:entity><tm:company Domain="IT" value="sap">SAP</tm:company></tm:entity> booth will be able to
review <tm:entity><tm:company Domain="IT" value="sap">SAP</tm:company></tm:entity> alliance solutions and services from CIBER, <tm:entity><tm:company Domain="IT" value="data business systems">Data
Business Systems</tm:company></tm:entity>, <tm:entity><tm:company><tm:normalized_name Domain="IT" value="hewlett-packard">Hewlett-Packard</tm:normalized_name></tm:company></tm:entity>, <tm:entity><tm:company><tm:normalized_name Domain="IT" value="ibm">IBM</tm:normalized_name></tm:company></tm:entity>, SEAL Consulting and UCS
Solutions.</p><p>About SAP(R) for Retail</p>
<p><tm:entity><tm:company Domain="IT" value="sap">SAP</tm:company></tm:entity> is the leading provider of application solutions for the
retail industry. <tm:entity><tm:company Domain="IT" value="sap">SAP</tm:company></tm:entity> helps retailers of all sizes to understand,
anticipate and inspire their customers, employees and shareholders
by delivering results. The SAP(R) for Retail solution portfolio
provides specific solutions for retail companies in the food,
fashion and hardlines businesses. The solution portfolio consists
of building blocks that cover the areas of merchandising (including
demand management -- price, promotion and markdown optimization);
store operations (including a portfolio of POS solutions); supply
chain, finance and human resources. <tm:entity><tm:company Domain="IT" value="sap">SAP</tm:company></tm:entity> allows companies to
implement solutions in a step-by-step approach, and provides an
easy, cost-effective means to connect information across the
business. (Additional information at <a href="http://www.sap.com/retail/" target="_new">http://www.sap.com/retail/</a>.)</p>
<p>About <tm:entity><tm:company Domain="IT" value="sap">SAP</tm:company></tm:entity></p><p><tm:entity><tm:company Domain="IT" value="sap">SAP</tm:company></tm:entity> is the world's leading provider of business software*.
Today, more than 43,400 customers in more than 120 countries run
SAP(R) applications-from distinct solutions addressing the needs of
small businesses and midsize companies to suite offerings for
global organizations. Powered by the <tm:entity><tm:company Domain="IT" value="sap">SAP</tm:company></tm:entity> NetWeaver(R) technology
platform to drive innovation and enable business change, <tm:entity><tm:company Domain="IT" value="sap">SAP</tm:company></tm:entity> software helps enterprises of all sizes around the world improve
customer relationships, enhance partner collaboration and create
efficiencies across their supply chains and business operations.
<tm:entity><tm:company Domain="IT" value="sap">SAP</tm:company></tm:entity> solution portfolios support the unique business processes of
more than 25 industries, including high tech, retail, financial
services, healthcare and the public sector. With subsidiaries in
more than 50 countries, the company is listed on several exchanges,
including the <tm:entity><tm:organisation Domain="Financial" value="frankfurt stock exchange">Frankfurt stock exchange</tm:organisation></tm:entity> and <tm:entity><tm:stockindex value="nyse">NYSE</tm:stockindex></tm:entity> under the symbol
"<tm:entity><tm:company Domain="IT" value="sap">SAP</tm:company></tm:entity>." (Additional information at &amp;lt;&amp;lt;A
HREF="http://www.sap.com"
target="_new"&amp;gt;http://www.sap.com&amp;gt;)<br/></p><p>(*) <tm:entity><tm:company Domain="IT" value="sap">SAP</tm:company></tm:entity> defines business software as comprising enterprise
resource</p>
<p>planning and related applications such as supply chain
management,</p>
<p>customer relationship management, product life-cycle management
and</p>
<p>supplier relationship management.</p>
<p>Any statements contained in this document that are not
historical facts are forward-looking statements as defined in the
<tm:entity><tm:location><tm:country><tm:place>U.S.</tm:place></tm:country></tm:location></tm:entity> Private Securities Litigation Reform Act of 1995. Words such
as "anticipate," "believe," "estimate," "expect," "forecast,"
"intend," "may," "plan," "project," "predict," "should" and "will"
and similar expressions as they relate to <tm:entity><tm:company Domain="IT" value="sap">SAP</tm:company></tm:entity> are intended to
identify such forward-looking statements. <tm:entity><tm:company Domain="IT" value="sap">SAP</tm:company></tm:entity> undertakes no
obligation to publicly update or revise any forward-looking
statements. All forward-looking statements are subject to various
risks and uncertainties that could cause actual results to differ
materially from expectations. The factors that could affect <tm:entity><tm:company Domain="IT" value="sap">SAP</tm:company></tm:entity>'s
future financial results are discussed more fully in <tm:entity><tm:company Domain="IT" value="sap">SAP</tm:company></tm:entity>'s filings
with the <tm:entity><tm:location><tm:country><tm:place>U.S.</tm:place></tm:country></tm:location></tm:entity> Securities and <tm:entity><tm:organisation value="exchange commission">Exchange Commission</tm:organisation></tm:entity>("SEC"), including
<tm:entity><tm:company Domain="IT" value="sap">SAP</tm:company></tm:entity>'s most recent Annual Report on Form <tm:entity><tm:money_expression><tm:money Amount="20-" Currency="Franc" value="20-f">20-F</tm:money></tm:money_expression></tm:entity> filed with the SEC.
Readers are cautioned not to place undue reliance on these forward-
looking statements, which speak only as of their dates.</p>
<p>Copyright (C) 2007 <tm:entity><tm:company Domain="IT" value="sap">SAP</tm:company></tm:entity> AG. All rights reserved.</p>
<p><tm:entity><tm:company Domain="IT" value="sap">SAP</tm:company></tm:entity>, <tm:entity><tm:company value="r 3">R/3</tm:company></tm:entity>, mySAP, <tm:entity><tm:company value="mysap">mySAP.com</tm:company></tm:entity>, xApps, xApp, <tm:entity><tm:company Domain="IT" value="sap netweaver">SAP NetWeaver</tm:company></tm:entity> and other
<tm:entity><tm:company Domain="IT" value="sap">SAP</tm:company></tm:entity> products and services mentioned herein as well as their
respective logos are trademarks or registered trademarks of <tm:entity><tm:company Domain="IT" value="sap">SAP</tm:company></tm:entity> AG
in <tm:entity><tm:location><tm:country><tm:place>Germany</tm:place></tm:country></tm:location></tm:entity> and in several other countries all over the world. All
other product and service names mentioned are the trademarks of
their respective companies. Data contained in this document serve
informational purposes only. National product specifications may
vary.<br/></p>
<p>For customers interested in learning more about <tm:entity><tm:company Domain="IT" value="sap">SAP</tm:company></tm:entity> products:</p>
<p><tm:entity><tm:organisation value="global customer center">Global Customer Center</tm:organisation></tm:entity>: <tm:entity><tm:phone_number value="+49 180 534-34-24">+49 180 534-34-24</tm:phone_number></tm:entity></p><p><tm:entity><tm:location><tm:country><tm:place>United States</tm:place></tm:country></tm:location></tm:entity> Only: 1 (800) 872-1SAP (1-800-872-1727)</p>
<p>For more information, press only:</p>
<p><tm:entity><tm:person Family_Name="Welsh" First_Name="Evan" Gender="Male" value="evan welsh">Evan Welsh</tm:person></tm:entity>, <tm:entity><tm:phone_number value="+1 ( 610 ) 203-9742">+1 (610) 203-9742</tm:phone_number></tm:entity>, <a href="mailto:evan.welsh@sap.com"><tm:entity><tm:email value="evan.welsh@sap.com">evan.welsh@sap.com</tm:email></tm:entity></a>, CET</p><p><tm:entity><tm:company Domain="IT" value="sap">SAP</tm:company></tm:entity> Press Office, <tm:entity><tm:phone_number value="+49 ( 6227 ) 7-46315">+49 (6227) 7-46315</tm:phone_number></tm:entity>, CET; <tm:entity><tm:phone_number value="+1 ( 610 ) 661-3200">+1 (610) 661-3200</tm:phone_number></tm:entity>,
EST;</p><p><a href="mailto:press@sap.com"><tm:entity><tm:email value="press@sap.com">press@sap.com</tm:email></tm:entity></a></p><p><tm:entity><tm:person Family_Name="Sarlo" First_Name="Jim" Gender="Male" value="jim sarlo">Jim Sarlo</tm:person></tm:entity>, Burson-Marsteller, <tm:entity><tm:phone_number value="+1 ( 312 ) 596-3525">+1 (312) 596-3525</tm:phone_number></tm:entity>, <a href="mailto:jim.sarlo@bm.com"><tm:entity><tm:email value="jim.sarlo@bm.com">jim.sarlo@bm.com</tm:email></tm:entity></a>, CST</p></body>
</html>


</doc>

