<doc xmlns:tm="http://www.temis.com/annotations/1.1/">
<metadata>
<aboutcompany value="savo"/>
<releaselocation value="chicago"/>
<data_source value="prnews"/>
<source value="savo"/>
<processing_date>2008-01-21T17:12:59</processing_date>
<date>2008-01-08T19:41:00</date>
<quote symbol="NASDAQ:ACXM" src-company="acxiom" company="Acxiom Corporation" date="2008-01-08" price="10.17"/><quote symbol="NYSE:ABC" src-company="amerisourcebergen" company="AmerisourceBergen Corp." date="2008-01-08" price="45.65"/></metadata>
<title>SAVO Unveils Groundbreaking Product Release
</title>
<html>
<head>
<meta name="generator" content="HTML Tidy for Windows (vers 14 February 2006), see www.w3.org"/>
<!-- #BeginEditable "doctitle" -->
<title><tm:entity><tm:company Extension="Group" value="savo">SAVO</tm:company></tm:entity> Unveils Groundbreaking Product Release</title>
</head>
<body>
<p>Industry leader sets new standards for adoption, ease of
deployment</p>
<p><tm:entity><tm:location><tm:country location_country="United States of America"><tm:place>CHICAGO</tm:place></tm:country></tm:location></tm:entity>, <tm:entity><tm:time_expression><tm:relative_time Day="8" Month="Jan." value="jan. 8">Jan. 8</tm:relative_time></tm:time_expression></tm:entity> /PRNewswire/ -- The <tm:entity><tm:company Extension="Group" value="savo">SAVO</tm:company></tm:entity> Group today unveiled
the next release of its award-winning Sales Enablement platform. By
incorporating "Web 2.0" technologies that deliver unprecedented
levels of value to front-line salespeople, companies of all sizes
can harness the collective genius of their entire organization and
drive that expertise into every customer conversation.</p>
<p><tm:entity><tm:company Extension="Group" value="savo">SAVO</tm:company></tm:entity>'s newest release combines the "best of" lessons learned
from <tm:entity><tm:company Extension="Group" value="savo">SAVO</tm:company></tm:entity>'s long-standing customer base with the "best of" recent
technology innovations. By applying, adapting, and expanding key
features of emerging technologies to uniquely address the top
objectives of sales-driven organizations, <tm:entity><tm:company Extension="Group" value="savo">SAVO</tm:company></tm:entity> drives new standards
for adoption, time to value, and ease of deployment.</p>
<p>"People have a new set of expectations when using business
websites," stated Drew Larsen, <tm:entity><tm:company><tm:potential_company role="Who" value="savo">SAVO</tm:potential_company></tm:company></tm:entity> <tm:entity><tm:function FunctionCategory="Board" role="Has_Function" value="president and chief">President and chief</tm:function></tm:entity> product
visionary. "If the software doesn't work as well and as intuitively
as the sites they're used to at home, it's simple -- they won't
adopt it. By taking cues from proven consumer web experiences like
shopping and social networking, and by learning from our work with
customers of all sizes, <tm:entity><tm:company Extension="Group" value="savo">SAVO</tm:company></tm:entity> has truly cracked the code on Sales
Enablement 2.0."</p>
<p>By leveraging key 2.0 concepts, <tm:entity><tm:company Extension="Group" value="savo">SAVO</tm:company></tm:entity> enables everyone in the
organization to: contribute content, insights, and feedback,
regardless of role; rate the quality, relevance, and effectiveness
of content through star ratings, comments, and usage statistics;
promote or "push" the most appropriate content to sellers via
targeted subscriptions and smartlists; harvest the best information
for specific selling situations and ongoing refinement; and
personalize assets to maximize the impact, without compromising the
brand.</p>
<p><tm:entity><tm:company><tm:potential_company role="Who" value="savo">SAVO</tm:potential_company></tm:company></tm:entity>'s new release was specifically designed to address the
needs of organizations with 5 or 5,000 sales <tm:entity><tm:function FunctionCategory="Other" value="representatives">representatives</tm:function></tm:entity>. The
product is now generally available to customers in the enterprise
and mid-market space.</p><p>About <tm:entity><tm:company Extension="Group" value="savo">SAVO</tm:company></tm:entity></p><p><tm:entity><tm:company Extension="Group" value="savo">SAVO</tm:company></tm:entity> is the industry's leading provider of sales enablement
solutions, which maximize a sales organization's ability to
communicate value and differentiation in clear, consistent, and
compelling ways. <tm:entity><tm:company Extension="Group" value="savo">SAVO</tm:company></tm:entity>'s award-winning, on demand application
combines proven sales and marketing best practices to address all
aspects of the sales enablement challenge -- spanning people,
process, content, and technology.</p><p><tm:entity><tm:company Extension="Group" value="savo">SAVO</tm:company></tm:entity>'s on-demand application and services have been developed
and refined through long-standing relationships with companies such
as Morgan Stanley, <tm:entity><tm:company value="careerbuilder">CareerBuilder.com</tm:company></tm:entity>, <tm:entity><tm:company value="acxiom">Acxiom</tm:company></tm:entity>, <tm:entity><tm:company value="autotrader">AutoTrader.com</tm:company></tm:entity>,
<tm:entity><tm:company Domain="Pharma" value="amerisourcebergen">AmerisourceBergen</tm:company></tm:entity>, <tm:entity><tm:company><tm:normalized_name Domain="Financial" value="citi">Citigroup</tm:normalized_name></tm:company></tm:entity>, <tm:entity><tm:company><tm:normalized_name Domain="Transportation" value="adp">ADP</tm:normalized_name></tm:company></tm:entity>, SPSS, and <tm:entity><tm:company Domain="Transportation" value="fedex kinkos">FedEx Kinkos</tm:company></tm:entity>. The
combination of real-world client experience, an innovative
consulting approach and award-winning technology uniquely positions
<tm:entity><tm:company Extension="Group" value="savo">SAVO</tm:company></tm:entity> to deliver practical solutions to enable the entire sales
organization.</p>
</body>
</html>


</doc>

