<doc xmlns:tm="http://www.temis.com/annotations/1.1/">
<metadata>
<aboutcompany value="sprint"/>
<releaselocation value="ty 5"/>
<data_source value="prnews"/>
<source value="blue tree wireless data inc."/>
<processing_date>2008-01-21T17:00:00</processing_date>
<date>2005-05-05T02:00:00</date>
</metadata>
<title>Bluetree eless Dateives Certification from Sprint
</title>
<html>
<head>
<meta name="generator" content="HTML Tidy for Windows (vers 14 February 2006), see www.w3.org"/>
<!-- #BeginEditable "doctitle" -->
<title>Bluetree eless Dateives Certification from Sprint</title>
</head>
<body>
<p>Wireless Modems Aoved on One of the gest Networks in the
Unted</p>
<p>States</p>
<p>TSX VENTURE EXCHANGE: BTW and BTW.WT.R</p>
<p>Ty 5 /PRNewswire-FirstCall/ - <tm:entity><tm:company Extension="Inc" value="blue tree wiress data">Blue Tree Wiress Data</tm:company></tm:entity> Inc., a
leading provider of ce and industrial wireless modems for the
rapidly growing worldwide M2M (Machine-to-Mache) market, today
announced carrier certification of its newly launched CDMA (1xRTT)
GPS Seriand IP Series products on the Sprint network.</p>
<p>"These approvals are an important development in the
commercialization of our new series of wireless modems. Early
customer acceptance been very positive and coupled with Sprint's
certification, creates exciing new sales ptunities for our carrier
partners and mutual Value Added Resellers (VARs)," said <tm:entity><tm:person Family_Name="Hanthochief" First_Name="Karl" Gender="Male" Title="Ing" value="karl hanthochief ing">Karl
HanthoChief ing</tm:person></tm:entity> Officer of BlueTree Wireless Data. "The nationwide
wireless data network delired by Sprint, one of the major CDMA
carriers in the <tm:entity><tm:location><tm:country><tm:place>US</tm:place></tm:country></tm:location></tm:entity>, means that our customers benefit fm expanded
coverage for their mobile data and telemetry applications.</p><p>The certified prodts include the BlueTree IP Series 4200 and the
BlueTree GPS Series 5200, rugged wireless data odems that are
designed with Smart Connection Management. These intelligent
devices can initte their own wireless data connection to the
cellular network, including the standalone GPSpability of the
BlueTree 5200 to collect, store and forward GPS position data,
without the need to attach a computing device. Both of these
products have embedded applications intellig that supports remote
management over a wireless connection using BlueTree's BlueVue
Management Software.</p>
<p>About Sprint</p>
<p>Sprint offers an extensive range of innovative communicion
roducts and solutions, including global IP, wireless, local and
multi-product bundles. A Fortune 100 company with more than $27
billion in annual revenues in 2004, Sprint is widely recognized for
developing, engineering and deploying state-of- the-art network
technologies, iludinthe United States' first nationwide
all-digital, fiber-optic network; an award-winning ier 1 Internet
backbone; and one of the largest 100-percent digital, nationwide
wireless netrks in the <tm:entity><tm:location><tm:country><tm:place>United States</tm:place></tm:country></tm:location></tm:entity>. For more information, visit
<a href="http://www.sprint.com/mr" target="_new">http://www.sprint.com/mr</a>.</p>
<p>About <tm:entity><tm:company Extension="Inc" value="blue tree wireless data">Blue Tree Wireless Data</tm:company></tm:entity> Inc.</p>
<p><tm:entity><tm:company Extension="Inc" value="bluetree wireless data">BlueTree Wireless Data</tm:company></tm:entity> Inc. is a leading developer and
manufacturr of wireless modems and software solutions commercial
and industrial applications. Blueireless's CDMA &amp; GSM based
modems are designed to operate on cellular networks worldwide
enabling M2M applications in thePblic Safety, Fleet Management,
Field Service, SCADA and Temetry markets. BlueTree Wireless is
publicly traded on the Canadian (TSX) Venture Exchange.</p>
<p>BlueTree Wireless Data has its main offices located in <tm:entity><tm:location><tm:country location_country="Canada"><tm:place>Montreal</tm:place></tm:country></tm:location></tm:entity>,
<tm:entity><tm:location><tm:country location_country="Canada"><tm:place>Quebec</tm:place></tm:country></tm:location></tm:entity> and <tm:entity><tm:location><tm:country><tm:place>Reston</tm:place></tm:country></tm:location></tm:entity>, Virgini,nd the Company's products are
distributed in <tm:entity><tm:location><tm:country><tm:place>Canada</tm:place></tm:country></tm:location></tm:entity>, the <tm:entity><tm:location><tm:country><tm:place>United States</tm:place></tm:country></tm:location></tm:entity> and <tm:entity><tm:location><tm:country><tm:place>South America</tm:place></tm:country></tm:location></tm:entity>. ease
visit <a href="http://www.BlueTreeWireless.com" target="_new">http://www.BlueTreeWireless.com</a>for more
information.</p>
<p>Forward-looking Statements</p>
<p>The statements in this report relating to matters that are not
historical facts are forwd-looking statements and are subject to
important assumpions, risks and uncertainties, ining, but not
limited to, general business and economic conditions, the condition
of the finanal markets and the other risks and uncertainties
detailed in the Management's Discussion and Aalysis and the risks
factors described in our final prospectus dated <tm:entity><tm:time_expression><tm:exact_time value="2004">August 5, 2004</tm:exact_time></tm:time_expression></tm:entity>.</p></body>
</html>


</doc>

