<doc xmlns:tm="http://www.temis.com/annotations/1.1/">
<metadata>
<aboutcompany value="macrosoft"/>
<releaselocation value="parsippany"/>
<data_source value="prnews"/>
<source value="macrosoft inc."/>
<processing_date>2008-01-21T17:12:03</processing_date>
<date>2008-01-09T08:45:00</date>
</metadata>
<title>Central <tm:entity><tm:location><tm:country location_country="United States of America"><tm:place>Vermont</tm:place></tm:country></tm:location></tm:entity> Public Service Selects Macrosoft's Emergency Resource Management Tool
</title>
<html>
<head>
<meta name="generator" content="HTML Tidy for Windows (vers 14 February 2006), see www.w3.org"/>
<!-- #BeginEditable "doctitle" -->
<title>Central <tm:entity><tm:location><tm:country location_country="United States of America"><tm:place>Vermont</tm:place></tm:country></tm:location></tm:entity> Public Service Selects <tm:entity><tm:company><tm:potential_company role="Who" value="macrosoft">Macrosoft</tm:potential_company></tm:company></tm:entity>'s Emergency
Resource Management Tool</title></head>
<body>
<p><tm:entity><tm:company><tm:potential_company role="Who" value="macrosoft">Macrosoft</tm:potential_company></tm:company></tm:entity>'s Resources on Demand (RoD) Enables Utility Storm
Centers to</p><p>Track and Manage Crews During Large Scale Emergency Outages</p>
<p>PARSIPPANY, N.J., Jan. 9 /PRNewswire/ -- Macrosoft has entered
into an agreement with Central Vermont Public Service to provide
its emergency resource management tool, Resources on Demand (RoD),
to the Rutland, VT-based utility. RoD is a multi-user system that
manages resource requests and allocations, tracks personnel
movements, and supports lodging and logistics during restoration
events.</p>
<p>"We are excited to add <tm:entity><tm:company><tm:potential_company role="Who" value="cvps">CVPS</tm:potential_company></tm:company></tm:entity> as our seventh utility client," said
<tm:entity><tm:person Family_Name="Singer" First_Name="Jason" Gender="Male" role="Person" value="jason singer">Jason Singer</tm:person></tm:entity>, <tm:entity><tm:function FunctionCategory="Board" role="Has_Function" value="director">director</tm:function></tm:entity> of <tm:entity><tm:company><tm:potential_company role="Who" value="macrosoft">Macrosoft</tm:potential_company></tm:company></tm:entity>'s Utility Practice. "RoD will
help <tm:entity><tm:company><tm:potential_company role="Who" value="cvps">CVPS</tm:potential_company></tm:company></tm:entity> speed efficiencies during restoration while creating a
permanent record for post- event reporting and analysis."</p>
<p>"In <tm:entity><tm:location><tm:country location_country="United States of America"><tm:place>Vermont</tm:place></tm:country></tm:location></tm:entity>, we face severe weather, <tm:entity><tm:time_expression><tm:duration From="spring" value="from spring">from spring</tm:duration></tm:time_expression></tm:entity> thunderstorms
to snow and ice <tm:entity><tm:time_expression><tm:relative_time value="in the winter">in the winter</tm:relative_time></tm:time_expression></tm:entity>. RoD will help us manage, track and
support the logistical needs of the crews we deploy during a storm
restoration," said <tm:entity><tm:person Family_Name="Desimone" First_Name="David" Gender="Male" role="Person" value="david desimone">David DeSimone</tm:person></tm:entity>, <tm:entity><tm:function FunctionCategory="Board" role="Has_Function" value="manager">manager</tm:function></tm:entity> of field operations at
<tm:entity><tm:company><tm:potential_company role="Who" value="cvps">CVPS</tm:potential_company></tm:company></tm:entity>, <tm:entity><tm:location><tm:country location_country="United States of America"><tm:place>Vermont</tm:place></tm:country></tm:location></tm:entity>'s largest electric utility.</p><p>Intuitive and user-friendly, <tm:entity><tm:company><tm:potential_company role="Who" value="macrosoft">Macrosoft</tm:potential_company></tm:company></tm:entity>'s Resources on Demand
provides storm center personnel with a tool to effectively organize
crew and equipment allocations, monitor personnel availability, and
improve the assignment process. The system leverages historical
data and reports to establish best practices for use during future
events.</p><p>"Storm management is a critical function, which we take
extremely seriously," said <tm:entity><tm:person Family_Name="Massie" First_Name="Scott" Gender="Male" role="Person" value="scott massie">Scott Massie</tm:person></tm:entity>, <tm:entity><tm:function FunctionCategory="Board" role="Has_Function" value="manager">manager</tm:function></tm:entity> of <tm:entity><tm:company role="Who" value="cvps">CVPS</tm:company></tm:entity>'s Central
Scheduling unit. "Resource on Demand will give us more information,
at-a-glance views of resources, and insights on how best to manage
our people and physical assets."</p><p>About <tm:entity><tm:company><tm:potential_company role="Who" value="macrosoft">Macrosoft</tm:potential_company></tm:company></tm:entity></p><p><tm:entity><tm:company><tm:potential_company role="Who" value="macrosoft">Macrosoft</tm:potential_company></tm:company></tm:entity> delivers high-quality, cost-effective, full lifecycle
solutions to complex software development projects. The company has
<tm:entity><tm:time_expression><tm:duration value="over a decade">over a decade</tm:duration></tm:time_expression></tm:entity> of successful engagements and over 150 professionals
working for an exceptional client list.</p>
<p><tm:entity><tm:company><tm:potential_company role="Who" value="macrosoft">Macrosoft</tm:potential_company></tm:company></tm:entity>'s highly qualified and professional development teams
can address the entire development lifecycle, from business process
engineering and system architecture design through final system
hosting and maintenance. <tm:entity><tm:company><tm:potential_company role="Who" value="macrosoft">Macrosoft</tm:potential_company></tm:company></tm:entity> maintains a leading edge in
software technology allowing the company to design new systems
efficiently and rapidly and successfully integrate those new system
capabilities in complex business and IT environments. <tm:entity><tm:company><tm:potential_company role="Who" value="macrosoft">Macrosoft</tm:potential_company></tm:company></tm:entity> can
be found at <a href="http://www.macrosoftinc.com" target="_new">http://www.macrosoftinc.com</a></p><p>About <tm:entity><tm:company><tm:potential_company role="Who" value="cvps">CVPS</tm:potential_company></tm:company></tm:entity></p><p><tm:entity><tm:company><tm:potential_company role="Who" value="cvps">CVPS</tm:potential_company></tm:company></tm:entity>, the largest of <tm:entity><tm:location><tm:country location_country="United States of America"><tm:place>Vermont</tm:place></tm:country></tm:location></tm:entity>'s 21 utilities, is an independent,
investor- owned company providing energy and energy-related
services to customers throughout <tm:entity><tm:location><tm:country location_country="United States of America"><tm:place>Vermont</tm:place></tm:country></tm:location></tm:entity>. The company serves more
than 158,000 customers across the state. <tm:entity><tm:company><tm:potential_company role="Who" value="cvps">CVPS</tm:potential_company></tm:company></tm:entity> has one non-regulated
business, <tm:entity><tm:company Extension="Corp." role="Who" value="catamount resources">Catamount Resources</tm:company></tm:entity> Corp., which sells and rents electric
water heaters through a subsidiary, <tm:entity><tm:company role="Whom" value="smart energy water">Smart Energy Water</tm:company></tm:entity> Heating
Services.<br/></p>
<p>Contact:</p>
<p><tm:entity><tm:person Family_Name="Kullmann" First_Name="John" Gender="Male" value="john kullmann">John Kullmann</tm:person></tm:entity></p><p>973-889-0500 x272</p>
<p><a href="mailto:jkullmann@macrosoftinc.com"><tm:entity><tm:email value="jkullmann@macrosoftinc.com">jkullmann@macrosoftinc.com</tm:email></tm:entity></a></p><p>This release was issued through eReleases(TM). For more
information, visit <a href="http://www.ereleases.com" target="_new">http://www.ereleases.com</a>.</p></body>
</html>


</doc>

