<doc xmlns:tm="http://www.temis.com/annotations/1.1/">
<metadata>
<aboutcompany value="trustwave"/>
<releaselocation value="chicago"/>
<data_source value="prnews"/>
<source value="trustwave"/>
<processing_date>2008-01-21T17:05:03</processing_date>
<date>2008-01-10T11:00:00</date>
<quote symbol="EPA:AC" src-company="accor" company="Accor" date="2008-01-10" price=""/><quote symbol="NYSE:V" src-company="visa" company="Visa Inc." date="2008-01-10" price=""/><quote symbol="NYSE:AXP" src-company="american express" company="American Express Company" date="2008-01-10" price="48.92"/><quote symbol="NYSE:DFS" src-company="discover" company="Discover Financial Services" date="2008-01-10" price="14.26"/><quote symbol="NYSE:MA" src-company="mastercard" company="MasterCard Incorporated" date="2008-01-10" price="195.99"/></metadata>
<title><tm:entity><tm:company><tm:potential_company role="Who" value="trustwave">Trustwave</tm:potential_company></tm:company></tm:entity> Acquires <tm:entity><tm:company><tm:potential_company role="Whom" value="creduware">Creduware</tm:potential_company></tm:company></tm:entity></title>
<html>
<head>
<meta name="generator" content="HTML Tidy for Windows (vers 14 February 2006), see www.w3.org"/>
<!-- #BeginEditable "doctitle" -->
<title><tm:entity><tm:company><tm:potential_company role="Who" value="trustwave">Trustwave</tm:potential_company></tm:company></tm:entity> Acquires <tm:entity><tm:company><tm:potential_company role="Whom" value="creduware">Creduware</tm:potential_company></tm:company></tm:entity></title></head>
<body>
<p>Deal enhances company's identity management offering</p>
<p><tm:entity><tm:location><tm:country location_country="United States of America"><tm:place>CHICAGO</tm:place></tm:country></tm:location></tm:entity>, <tm:entity><tm:time_expression><tm:relative_time Day="10" Month="Jan." value="jan. 10">Jan. 10</tm:relative_time></tm:time_expression></tm:entity> /PRNewswire/ -- <tm:entity><tm:company role="Who" value="trustwave">Trustwave</tm:company></tm:entity>, a leading provider
of information security and compliance management solutions to
businesses and organizations throughout the world, announces the
acquisition of <tm:entity><tm:company role="Whom" value="creduware">Creduware</tm:company></tm:entity>, an enterprise application security
infrastructure management company. The deal has closed effective
immediately and its terms are confidential.</p><p>As a result of the acquisition, Creduware's Credential
Management Platform will be integrated into Trustwave's suite of
identity management security solutions as two distinct
products:<br/></p>
<ul>
<li>Trustwave Certificate Lifecycle <tm:entity><tm:function FunctionCategory="Board" value="manager">Manager</tm:function></tm:entity>(CLM) -- Automates
digital certificate renewal and installation.</li>
<li><tm:entity><tm:technology value="trustwave application">Trustwave Application</tm:technology></tm:entity> <tm:entity><tm:function FunctionCategory="Board" value="password manager">Password Manager</tm:function></tm:entity>(APM) -- Automates
password policy and implements policy-based application
monitoring.</li>
</ul>
<p>Both CLM and APM product features enable organizations to reduce
exposure related to shared credentials, hard coded credentials, and
credential expiration and compromise.</p>
<p>"<tm:entity><tm:company><tm:potential_company role="Who" value="trustwave">Trustwave</tm:potential_company></tm:company></tm:entity>'s acquisition of <tm:entity><tm:company><tm:potential_company role="Whom" value="creduware">Creduware</tm:potential_company></tm:company></tm:entity> really helps establish the
longevity of this great product; we couldn't be happier to hear the
news," said <tm:entity><tm:person Family_Name="Mccullough" First_Name="Andrew" Gender="Male" value="andrew mccullough">Andrew McCullough</tm:person></tm:entity>, senior security <tm:entity><tm:function FunctionCategory="Other" value="engineer">engineer</tm:function></tm:entity> at <tm:entity><tm:company Domain="ConsumerGoods" value="accor">Accor</tm:company></tm:entity>,
one of the world's largest hotel operators.</p><p>This acquisition enables Trustwave to provide organizations a
proven, secure method of complying with the requirements of the PCI
DSS directly related to business system credentials:<br/></p>
<ul>
<li>Requirement 7: Restrict access to data by business
need-to-know</li>
<li>Requirement 8: Assign a unique ID to each person with computer
access(1). "Creduware's technology synchronizes digital certificate
lifecycle management and password management -- areas that can
present a challenge for even the most sophisticated organizations,"
says <tm:entity><tm:person Family_Name="Mccullen" First_Name="Robert, J" Gender="Male" role="Person" value="robert j mccullen">Robert J. McCullen</tm:person></tm:entity>, <tm:entity><tm:function FunctionCategory="Board" role="Has_Function" value="chairman and ceo">chairman and CEO</tm:function></tm:entity> of <tm:entity><tm:company><tm:potential_company role="Who" value="trustwave">Trustwave</tm:potential_company></tm:company></tm:entity>. "With
Certificate Lifecycle <tm:entity><tm:function FunctionCategory="Board" value="manager">Manager</tm:function></tm:entity> and <tm:entity><tm:technology value="application password">Application Password</tm:technology></tm:entity> <tm:entity><tm:function FunctionCategory="Board" value="manager">Manager</tm:function></tm:entity>,
we've delivered new identity management technology to our customers
that can help them meet industry and regulatory standards."
"Providing the CLM and APM software to Trustwave's existing
customer base will enable businesses and organizations throughout
the world to more efficiently meet their compliance requirements
mandated by standards such as PCI DSS," said <tm:entity><tm:person Family_Name="Trzupek" First_Name="Brian" Gender="Male" role="Person" value="brian trzupek">Brian Trzupek</tm:person></tm:entity>,
<tm:entity><tm:company><tm:potential_company role="Who" value="creduware">Creduware</tm:potential_company></tm:company></tm:entity>'s <tm:entity><tm:function FunctionCategory="Board" role="Has_Function" value="founder">founder</tm:function></tm:entity>, who will remain with Trustwave as <tm:entity><tm:function FunctionCategory="Board" value="director of product">director of
product</tm:function></tm:entity> management.</li>
</ul>
<p>About Trustwave</p>
<p><tm:entity><tm:company value="trustwave">Trustwave</tm:company></tm:entity> is a global provider of information security and
compliance management solutions to businesses and the public
sector. The company has provided service to more than 30,000
organizations throughout the world including banks, merchants,
service providers and software developers that are required to
validate compliance with industry best practices for safeguarding
information endorsed by <tm:entity><tm:company Domain="Financial" value="american express">American Express</tm:company></tm:entity>, <tm:entity><tm:company value="discover">Discover</tm:company></tm:entity>, <tm:entity><tm:company value="mastercard">MasterCard</tm:company></tm:entity> Worldwide, <tm:entity><tm:company Extension="International" value="visa">Visa</tm:company></tm:entity> International and Visa <tm:entity><tm:location><tm:country><tm:place>USA</tm:place></tm:country></tm:location></tm:entity>. Trustwave is a leading
certificate authority with thousands of secure sockets layer (SSL)
certificates issued. Trustwave is headquartered in <tm:entity><tm:location><tm:country location_country="United States of America"><tm:place>Chicago</tm:place></tm:country></tm:location></tm:entity> with
offices throughout <tm:entity><tm:location><tm:country><tm:place>North America</tm:place></tm:country></tm:location></tm:entity>, <tm:entity><tm:location><tm:country><tm:place>Europe</tm:place></tm:country></tm:location></tm:entity>, <tm:entity><tm:location><tm:country><tm:place>Africa</tm:place></tm:country></tm:location></tm:entity>, <tm:entity><tm:location><tm:country><tm:place>Asia</tm:place></tm:country></tm:location></tm:entity> and
<tm:entity><tm:location><tm:country><tm:place>Australia</tm:place></tm:country></tm:location></tm:entity>.</p><p>(1) <tm:entity><tm:organisation value="payment card industry security standards council">Payment Card Industry Security Standards Council</tm:organisation></tm:entity>. Payment
Card</p><p>Industry Data Security Standard. Version 1.1. September,
2006.</p>
</body>
</html>


</doc>

