<doc xmlns:tm="http://www.temis.com/annotations/1.1/">
<metadata>
<aboutcompany value="cash technologies"/>
<releaselocation value="los angeles"/>
<data_source value="prnews"/>
<source value="cash technologies, inc."/>
<processing_date>2008-01-21T17:08:36</processing_date>
<date>2008-01-09T16:07:00</date>
<quote symbol="AMEX:TQ" src-company="cash technologies" company="Cash Technologies, Inc." date="2008-01-09" price="0.18"/><quote symbol="OTC:CREB" src-company="champion parts" company="Champion Parts, Inc." date="2008-01-09" price="0.10"/></metadata>
<title><tm:entity><tm:stockindex value="amex">AMEX</tm:stockindex></tm:entity> Approves Cash Technologies Compliance Plan
</title>
<html>
<head>
<meta name="generator" content="HTML Tidy for Windows (vers 14 February 2006), see www.w3.org"/>
<!-- #BeginEditable "doctitle" -->
<title><tm:entity><tm:stockindex value="amex">AMEX</tm:stockindex></tm:entity> Approves Cash Technologies Compliance Plan</title>
</head>
<body>
<p><tm:entity><tm:location><tm:country location_country="United States of America"><tm:place>LOS ANGELES</tm:place></tm:country></tm:location></tm:entity>, <tm:entity><tm:time_expression><tm:relative_time Day="9" Month="Jan." value="jan. 9">Jan. 9</tm:relative_time></tm:time_expression></tm:entity> /PRNewswire-FirstCall/ -- <tm:entity><tm:company Domain="IT" Extension="Inc" value="cash technologies">Cash Technologies</tm:company></tm:entity>,
Inc. (<tm:entity><tm:stockindex value="amex">Amex</tm:stockindex></tm:entity>: <a class="small" href="http://studio-5.financialcontent.com/prnews?Page=Quote&amp;Ticker=TQ" onclick="var s=s_gi(s_account); var hd1 = document.getElementById('headline'); s.tl(this,'o',getLinkName('Company Sanpshot'));">TQ</a>) (the "Company") announced today that the <tm:entity><tm:organisation Domain="Financial" Location_Continent="America" value="american stock exchange">American Stock
Exchange</tm:organisation></tm:entity>(the "Exchange") notified the Company <tm:entity><tm:time_expression><tm:exact_time value="2008">on January 4, 2008</tm:exact_time></tm:time_expression></tm:entity> that its plan to regain compliance with the continued listing
standards of the Exchange <tm:entity><tm:time_expression><tm:duration To="March 1 , 2008" value="by march 1 , 2008">by March 1, 2008</tm:duration></tm:time_expression></tm:entity> has been approved.</p>
<p><tm:entity><tm:time_expression><tm:relative_time Month="November" value="in november">In November</tm:relative_time></tm:time_expression></tm:entity>, 2007, following the bankruptcy of <tm:entity><tm:company Extension="Inc" value="champion parts">Champion Parts</tm:company></tm:entity> Inc., which resulted in the Company writing off the approximate <tm:entity><tm:money_expression><tm:money Amount="8 million" Currency="Dollar" value="$8 million">$8
million</tm:money></tm:money_expression></tm:entity> balance on a promissory note owed to a subsidiary, the
Company disclosed that it had been notified by the Exchange that it
had fallen out of compliance with the continued listing standards
and was required to submit a plan to regain compliance.</p>
<p>Cash Tech submitted its plan to regain compliance <tm:entity><tm:time_expression><tm:relative_time Month="December" value="in december">in December</tm:relative_time></tm:time_expression></tm:entity>,
2007, which the Exchange has reviewed and approved. The Company's
listing on the Exchange is being continued pursuant to an
extension. Cash Tech will be permitted to be listed on the Exchange
so long as the Plan is successfully accomplished <tm:entity><tm:time_expression><tm:duration To="March 1 , 2008" value="by march 1 , 2008">by March 1,
2008</tm:duration></tm:time_expression></tm:entity>.</p><p>About <tm:entity><tm:company Domain="IT" Extension="Inc" value="cash technologies">Cash Technologies</tm:company></tm:entity></p><p><tm:entity><tm:company Domain="IT" Extension="Inc" value="cash technologies">Cash Technologies</tm:company></tm:entity>, Inc. develops and markets innovative data
processing solutions in the healthcare and financial services
industries. Its <tm:entity><tm:company Extension="Inc" value="claimremedi services">ClaimRemedi Services</tm:company></tm:entity>, Inc. subsidiary creates and
markets healthcare revenue acceleration solutions -- learn more at
<a href="http://www.Claim-Remedi.com" target="_new">http://www.Claim-Remedi.com</a>. Its <tm:entity><tm:company Domain="IT" Extension="Inc" value="cashtechcard systems">CashTechCard Systems</tm:company></tm:entity>,
Inc. subsidiary creates and markets stored value card programs. For
more information, visit <a href="http://www.cashtechcard.com" target="_new">http://www.cashtechcard.com</a>.</p><p>Matters discussed in this release include forward-looking
statements that involve risks and uncertainties, and actual results
may be materially different. Factors that could cause actual
results to differ include Cash Tech's inability to complete the
<tm:entity><tm:stockindex value="amex">Amex</tm:stockindex></tm:entity> compliance plan, activity levels in the securities markets and
other risk factors disclosed in Cash Tech's reports to the
Securities and <tm:entity><tm:organisation value="exchange commission">Exchange Commission</tm:organisation></tm:entity>, including its Forms 10-QSB and
Forms 10-KSB on file with the SEC.<br/></p><p>Media Contact:</p>
<p>Ed King</p>
<p>213-745-2000 Ext. 114</p>
<p><a href="mailto:eking@cashtech.com"><tm:entity><tm:email value="eking@cashtech.com">eking@cashtech.com</tm:email></tm:entity></a></p></body>
</html>


</doc>

