<doc xmlns:tm="http://www.temis.com/annotations/1.1/">
<metadata>
<aboutcompany value="navarre corporation"/>
<releaselocation value="minneapolis"/>
<data_source value="prnews"/>
<source value="navarre corporation"/>
<processing_date>2008-01-21T17:02:12</processing_date>
<date>2008-01-10T17:00:00</date>
<quote symbol="NASDAQ:NAVR" src-company="navarre" company="Navarre Corporation" date="2008-01-10" price="1.79"/></metadata>
<title><tm:entity><tm:company Extension="Corporation" value="navarre">Navarre</tm:company></tm:entity> Corporation to Announce Third <tm:entity><tm:time_expression><tm:exact_time Year="2008" value="quarter fiscal 2008">Quarter Fiscal 2008</tm:exact_time></tm:time_expression></tm:entity> Results <tm:entity><tm:time_expression><tm:exact_time value="2008">on February 6, 2008</tm:exact_time></tm:time_expression></tm:entity></title>
<html>
<head>
<meta name="generator" content="HTML Tidy for Windows (vers 14 February 2006), see www.w3.org"/>
<!-- #BeginEditable "doctitle" -->
<title><tm:entity><tm:company Extension="Corporation" value="navarre">Navarre</tm:company></tm:entity> Corporation to Announce Third <tm:entity><tm:time_expression><tm:exact_time Year="2008" value="quarter fiscal 2008">Quarter Fiscal 2008</tm:exact_time></tm:time_expression></tm:entity> Results <tm:entity><tm:time_expression><tm:exact_time value="2008">on February 6, 2008</tm:exact_time></tm:time_expression></tm:entity></title></head>
<body>
<p><tm:entity><tm:location><tm:country location_country="United States of America"><tm:place>MINNEAPOLIS</tm:place></tm:country></tm:location></tm:entity>, <tm:entity><tm:time_expression><tm:relative_time Day="10" Month="Jan." value="jan. 10">Jan. 10</tm:relative_time></tm:time_expression></tm:entity> /PRNewswire-FirstCall/ -- <tm:entity><tm:company Extension="Corporation" value="navarre">Navarre</tm:company></tm:entity> Corporation (<tm:entity><tm:stockindex value="nasdaq">Nasdaq</tm:stockindex></tm:entity>: <a class="small" href="http://studio-5.financialcontent.com/prnews?Page=Quote&amp;Ticker=NAVR" onclick="var s=s_gi(s_account); var hd1 = document.getElementById('headline'); s.tl(this,'o',getLinkName('Company Sanpshot'));">NAVR</a>), a publisher and distributor of physical and digital home
entertainment and multimedia software products, today announced
that it will report <tm:entity><tm:time_expression><tm:exact_time Year="2008" value="its third quarter of fiscal year 2008">its third quarter of fiscal year 2008</tm:exact_time></tm:time_expression></tm:entity> results
post market close <tm:entity><tm:time_expression><tm:exact_time value="2008">on the evening of Wednesday, February 6,
2008</tm:exact_time></tm:time_expression></tm:entity>.</p><p>In conjunction with the earnings press release, senior
management will host a conference call to discuss the Company's
results at 11:00 a.m. ET, <tm:entity><tm:time_expression><tm:exact_time value="2008">Thursday, February 7, 2008</tm:exact_time></tm:time_expression></tm:entity>. The call will
be hosted by <tm:entity><tm:person Family_Name="Deacon" First_Name="Cary" Gender="Male, Undefined Gender" Title="Mr" role="Person" value="mr cary deacon">Mr. Cary Deacon</tm:person></tm:entity>, <tm:entity><tm:function FunctionCategory="Board" role="Has_Function" value="chief executive officer">Chief Executive Officer</tm:function></tm:entity>.</p><p>The conference call can be accessed by dialing (800)798-2801,
conference participant passcode "79565540", ten minutes prior to
the scheduled start time. In addition, this call will be
simultaneously broadcast live over the internet and can be accessed
in the "Investors" section of the Company's web site located at
<a href="http://www.navarre.com" target="_new">http://www.navarre.com</a>. Those wishing to access the call
through the internet should go to the Company's web site 15 minutes
prior to the start time to register and download any necessary
software needed to listen to the call. A replay of the conference
call will be available at the Company's web site following the
call's completion.</p><p>About <tm:entity><tm:company Extension="Corporation" value="navarre">Navarre</tm:company></tm:entity> Corporation</p>
<p><tm:entity><tm:company Extension="Corporation" value="navarre">Navarre</tm:company></tm:entity> Corporation (<tm:entity><tm:stockindex value="nasdaq">Nasdaq</tm:stockindex></tm:entity>: <a class="small" href="http://studio-5.financialcontent.com/prnews?Page=Quote&amp;Ticker=NAVR" onclick="var s=s_gi(s_account); var hd1 = document.getElementById('headline'); s.tl(this,'o',getLinkName('Company Sanpshot'));">NAVR</a>) is a publisher and distributor of physical and digital
home entertainment and multimedia products, including PC software,
DVD video, video games and accessories. Navarre licenses and
publishes home entertainment and multimedia content through its
<tm:entity><tm:company Domain="Pharma" role="Whom" value="encore">Encore</tm:company></tm:entity>, <tm:entity><tm:company role="Whom" value="bci">BCI</tm:company></tm:entity>, and <tm:entity><tm:company role="Whom" value="funimation">FUNimation</tm:company></tm:entity> subsidiaries and has established
distribution relationships with customers across a wide spectrum of
retail channels which includes mass merchants, discount retailers,
wholesale clubs, office and electronic superstores, military sales
and e-tailers nationwide. Navarre was founded <tm:entity><tm:time_expression><tm:exact_time Year="1983" value="in 1983">in 1983</tm:exact_time></tm:time_expression></tm:entity> and is
headquartered in New Hope, <tm:entity><tm:location><tm:country location_country="United States of America"><tm:place>Minnesota</tm:place></tm:country></tm:location></tm:entity>. Additional information is
available at <a href="http://www.navarre.com" target="_new">http://www.navarre.com</a>.</p></body>
</html>


</doc>

