<doc xmlns:tm="http://www.temis.com/annotations/1.1/">
<metadata><aboutcompany value="sap-endorsed business solutions"/><releaselocation value="toronto"/><data_source value="prnews"/><source value="nrx"/><processing_date>2008-01-21T17:03:53</processing_date><date>2008-01-10T12:08:00</date><quote symbol="NYSE:SAP" src-company="sap" company="SAP AG (ADR)" date="2008-01-10" price=""/><quote symbol="TSE:NRX" src-company="nrx" company="Norex Exploration Services Inc." date="2008-01-10" price=""/><quote symbol="NYSE:VLO" src-company="valero energy" company="Valero Energy Corporation" date="2008-01-10" price="62.36"/><quote symbol="NYSE:FLR" src-company="fluor" company="Fluor Corporation (NEW)" date="2008-01-10" price="145.76"/><quote symbol="NYSE:AEP" src-company="american electric power" company="American Electric Power Company, Inc." date="2008-01-10" price="48.23"/><quote symbol="CVE:EPC" src-company="epc" company="Empire Mining Corporation" date="2008-01-10" price=""/></metadata>
<title>NRX(R) Announces <tm:entity><tm:organisation value="that asset center">That Asset Center</tm:organisation></tm:entity>, a Market-Leading Solution for Asset Information Management, is an SAP-Endorsed Business Solution
</title><html>
<head>
<meta name="generator" content="HTML Tidy for Windows (vers 14 February 2006), see www.w3.org"/>
<!-- #BeginEditable "doctitle" -->
<title>NRX(R) Announces <tm:entity><tm:organisation value="that asset center">That Asset Center</tm:organisation></tm:entity>, a Market-Leading
Solution for Asset Information Management, is an SAP-Endorsed
Business Solution</title></head>
<body>
<p><tm:entity><tm:company role="Who" value="nrx">NRX</tm:company></tm:entity> and <tm:entity><tm:company Domain="IT" Extension="AG, Ag" role="Who" value="sap">SAP</tm:company></tm:entity> Extend Collaboration and Leadership in the Global
Market to</p>
<p>Enable Capital Project Readiness and Operational Excellence</p>
<p><tm:entity><tm:location><tm:country location_country="Canada"><tm:place>TORONTO</tm:place></tm:country></tm:location></tm:entity>, <tm:entity><tm:time_expression><tm:relative_time Day="10" Month="Jan." value="jan. 10">Jan. 10</tm:relative_time></tm:time_expression></tm:entity> /PRNewswire/ -- Today, <tm:entity><tm:company value="nrx">NRX</tm:company></tm:entity>, a market leader in
asset information management solutions, announced that its <tm:entity><tm:organisation value="asset center">Asset
Center</tm:organisation></tm:entity> solution has become an SAP-endorsed business solution.</p>
<p><tm:entity><tm:company Domain="IT" Extension="AG, Ag" value="sap">SAP</tm:company></tm:entity> AG and <tm:entity><tm:company value="nrx">NRX</tm:company></tm:entity> will market <tm:entity><tm:organisation value="asset center">Asset Center</tm:organisation></tm:entity> globally and across a
wide variety of asset-intensive industries, such as process and
discrete manufacturing, utilities, the public sector, and defense
&amp; security industries. Current NRX customers include leading
companies in their respective industries, such as <tm:entity><tm:company Domain="Energy" value="chevron">Chevron</tm:company></tm:entity>, <tm:entity><tm:company Domain="Energy" value="valero energy">Valero
Energy</tm:company></tm:entity>, <tm:entity><tm:company Domain="Energy" value="petro canada">Petro-Canada</tm:company></tm:entity>, <tm:entity><tm:company Domain="Construction" Extension="Corporation" value="fluor">Fluor</tm:company></tm:entity> Corporation, <tm:entity><tm:company Domain="Construction" value="bechtel">Bechtel</tm:company></tm:entity>, <tm:entity><tm:company Domain="Energy" value="american electric power">American Electric
Power</tm:company></tm:entity>, <tm:entity><tm:company Domain="Energy" value="conectiv energy">Conectiv Energy</tm:company></tm:entity>, and Masterfoods.</p><p><tm:entity><tm:organisation value="asset center">Asset Center</tm:organisation></tm:entity> addresses key challenges faced by asset-intensive
organizations, such as data migration, rapid handover of capital
equipment operating details from builder to <tm:entity><tm:function FunctionCategory="Board" value="owner">owner</tm:function></tm:entity>, completing and
commissioning capital projects, and achieving rapid returns on
their investments. With a vast number of capital projects globally,
accelerating project schedules and controlling commissioning costs
is critical. In addition, asset-intensive customers face continuous
pressure to reduce costs for operating assets while increasing
safety, financial and environmental compliance, reliability,
availability, and productivity.</p><p>A common thread to these challenges is the lack of easy access
to asset information across the design, operate and maintain phases
of the asset lifecycle. <tm:entity><tm:organisation value="asset center">Asset Center</tm:organisation></tm:entity> is a scalable, integrated and
complete solution that creates the "Information Asset" that enables
business process improvement by connecting asset <tm:entity><tm:function FunctionCategory="Board" value="owners">owners</tm:function></tm:entity> with their
engineering partners and equipment suppliers through a common
information foundation.</p>
<p>The announcement marks the latest collaboration between <tm:entity><tm:company role="Who" value="nrx">NRX</tm:company></tm:entity> and
<tm:entity><tm:company Domain="IT" Extension="AG, Ag" role="Who" value="sap">SAP</tm:company></tm:entity> to address the pressing challenges faced by asset-intensive
companies.</p>
<p>"Our customers in the process industries are investing billions
of dollars in capital projects every year. They need immediate
returns and maximum performance on these assets," said <tm:entity><tm:person Family_Name="Maier" First_Name="Peter" Gender="Undefined Gender" role="Person" value="peter maier">Peter Maier</tm:person></tm:entity>,
<tm:entity><tm:function FunctionCategory="Board" role="Has_Function" value="senior vice president">senior vice president</tm:function></tm:entity> of <tm:entity><tm:company Extension="Industries" role="Who" value="ism process">ISM Process</tm:company></tm:entity> Industries at <tm:entity><tm:company Domain="IT" Extension="AG, Ag" role="Who" value="sap">SAP</tm:company></tm:entity> AG.
"<tm:entity><tm:organisation value="utilizing asset center">Utilizing Asset Center</tm:organisation></tm:entity> from NRX will help accelerate safe
operation of their newly commissioned equipment. We look forward to
working closely with NRX to address market needs for rapid handover
and documentation of equipment specifications, maintenance
routines, complete spares lists and all operating details needed to
achieve a 'high-performing' set of assets, all integrated with the
<tm:entity><tm:company Domain="IT" Extension="AG, Ag" value="sap">SAP</tm:company></tm:entity> business process platform."</p>
<p><tm:entity><tm:organisation value="asset center">Asset Center</tm:organisation></tm:entity>, used in conjunction with SAP(R) applications,
creates a compelling solution for the following business
scenarios:<br/></p><p>For <tm:entity><tm:function FunctionCategory="Board" value="asset owners">Asset Owners</tm:function></tm:entity>:</p><div style="margin-left: 2em">* Capital project readiness and
operational excellence * Accelerates achievement of full production
and reduces project cost, schedule and risk * Enables seamless and
cost effective data and document handover from <tm:entity><tm:company value="epc">EPC</tm:company></tm:entity>(Engineering-Procurement-Construction) firms and equipment
suppliers to operations and maintenance organizations * Improves
safety and asset reliability through accurate and complete master
data * Increases efficiency of maintenance work management and MRO
supply chain processes through accurate and complete master data *
Facilitates asset data migration and enrichment to ensure
Enterprise Asset Management (EAM) readiness</div>
<p>For <tm:entity><tm:company value="epc">EPC</tm:company></tm:entity> firms:</p>
<div style="margin-left: 2em">* Decreases project schedules and
costs by decreasing engineering cycle time * Leverages information
management as a competitive differentiator</div>
<p>Today's announcement extends a long history of cooperation
between the two companies. NRX was one of the first <tm:entity><tm:company Domain="IT" Extension="AG, Ag" value="sap">SAP</tm:company></tm:entity> software
partners to build solutions on the business process platform and is
also a <tm:entity><tm:function FunctionCategory="Board" value="member">member</tm:function></tm:entity> of the industry value networks (IVNs) for the oil and
gas, chemicals, mill products, and utilities industries.</p>
<p>"The inclusion of <tm:entity><tm:organisation value="asset center">Asset Center</tm:organisation></tm:entity> as an SAP-endorsed business
solution is an exciting step toward a paradigm shift that will
benefit asset-intensive companies tremendously," said <tm:entity><tm:person Family_Name="Gray" First_Name="Paul" Gender="Male" role="Person" value="paul gray">Paul Gray</tm:person></tm:entity>,
<tm:entity><tm:function FunctionCategory="Board" role="Has_Function" value="chief executive officer">CEO</tm:function></tm:entity> of <tm:entity><tm:company><tm:potential_company role="Who" value="nrx">NRX</tm:potential_company></tm:company></tm:entity>. "We are working closely with <tm:entity><tm:company Domain="IT" Extension="AG, Ag" value="sap">SAP</tm:company></tm:entity> to meet a compelling
market need by delivering a scalable and complete solution for
asset information management. The current norm is to spend an
enormous amount of time and money recreating information for each
stage of the asset lifecycle. <tm:entity><tm:organisation value="asset center">Asset Center</tm:organisation></tm:entity> drives performance and
reduces costs by creating the information once and providing all
participants in the asset lifecycle with access to a single,
reliable source of asset information. We look forward to working
with <tm:entity><tm:company Domain="IT" Extension="AG, Ag" value="sap">SAP</tm:company></tm:entity> and its customers through this endorsement to realize the
substantial business benefits that <tm:entity><tm:organisation value="asset center">Asset Center</tm:organisation></tm:entity> delivers."</p>
<p>About SAP-Endorsed Business Solutions</p>
<p>SAP-endorsed business solutions are complementary to <tm:entity><tm:company Domain="IT" Extension="AG, Ag" value="sap">SAP</tm:company></tm:entity> software offerings, are developed in accordance with <tm:entity><tm:company Domain="IT" Extension="AG, Ag" value="sap">SAP</tm:company></tm:entity> development guidelines, and provide additional choices and
flexibility for businesses running <tm:entity><tm:company Domain="IT" Extension="AG, Ag" value="sap">SAP</tm:company></tm:entity> software. SAP-endorsed
business solutions are powered by the <tm:entity><tm:company Domain="IT" Extension="AG, Ag" value="sap">SAP</tm:company></tm:entity> NetWeaver(R)
platform.</p>
<p>About NRX</p>
<p><tm:entity><tm:company value="nrx">NRX</tm:company></tm:entity> is the market leader in asset information management
solutions, enabling operational readiness for capital projects by
reducing schedule and cost, data migration complexity, and
accelerating time to full production. For operating assets, <tm:entity><tm:organisation value="asset center">Asset
Center</tm:organisation></tm:entity> enables operational excellence in process safety management,
reliability, and maintenance/materials management efficiency. <tm:entity><tm:organisation value="asset center">Asset
Center</tm:organisation></tm:entity> is purpose built to address information management
challenges across the entire asset lifecycle. The solution combines
data, document, and project management software and methodologies
to enable asset <tm:entity><tm:function FunctionCategory="Board" value="owners">owners</tm:function></tm:entity> and engineering companies to define their
requirements; manage the data and document collection and
transformation process; and easily deploy and sustain asset
information.<br/></p>
<p>For more information:</p>
<p><tm:entity><tm:person Family_Name="Leung" First_Name="Terence" Gender="Undefined Gender" value="terence leung">Terence Leung</tm:person></tm:entity></p><p><tm:entity><tm:function FunctionCategory="Board" value="vice president">Vice President</tm:function></tm:entity>, Marketing and Solutions</p><p>tel: 1 (877) 603 4679</p>
<p>email: <a href="mailto:tleung@nrx.com"><tm:entity><tm:email value="tleung@nrx.com">tleung@nrx.com</tm:email></tm:entity></a></p><p><a href="http://www.nrx.com" target="_new">http://www.nrx.com</a></p><p>NRX and <tm:entity><tm:organisation value="nrx asset center">NRX Asset Center</tm:organisation></tm:entity> are trademarks or registered trademarks
of <tm:entity><tm:company Extension="Corp" value="nrx global">NRX Global</tm:company></tm:entity> Corp. in the <tm:entity><tm:location><tm:country><tm:place>United States</tm:place></tm:country></tm:location></tm:entity>, <tm:entity><tm:location><tm:country><tm:place>Canada</tm:place></tm:country></tm:location></tm:entity> and other
countries.</p>
<p><tm:entity><tm:company Domain="IT" Extension="AG, Ag" value="sap">SAP</tm:company></tm:entity>, <tm:entity><tm:company Domain="IT" value="sap netweaver">SAP NetWeaver</tm:company></tm:entity> and other <tm:entity><tm:company Domain="IT" Extension="AG, Ag" value="sap">SAP</tm:company></tm:entity> products and services mentioned
herein as well as their respective logos are trademarks or
registered trademarks of <tm:entity><tm:company Domain="IT" Extension="AG, Ag" value="sap">SAP</tm:company></tm:entity> AG in <tm:entity><tm:location><tm:country><tm:place>Germany</tm:place></tm:country></tm:location></tm:entity> and in several other
countries all over the world. All other marks are the property of
their respective holders.</p>
<p>All other brands, products, or service names are or may be
trademarks or service marks of their <tm:entity><tm:function FunctionCategory="Board" value="respective owners">respective owners</tm:function></tm:entity>.</p><p>Any statements contained in this document that are not
historical facts are forward-looking statements as defined in the
<tm:entity><tm:location><tm:country><tm:place>U.S.</tm:place></tm:country></tm:location></tm:entity> Private Securities Litigation Reform Act of 1995. Words such
as "anticipate," "believe," "estimate," "expect," "forecast,"
"intend," "may," "plan," "project," "predict," "should" and "will"
and similar expressions as they relate to <tm:entity><tm:company Domain="IT" Extension="AG, Ag" value="sap">SAP</tm:company></tm:entity> are intended to
identify such forward-looking statements. <tm:entity><tm:company Domain="IT" Extension="AG, Ag" value="sap">SAP</tm:company></tm:entity> undertakes no
obligation to publicly update or revise any forward-looking
statements. All forward-looking statements are subject to various
risks and uncertainties that could cause actual results to differ
materially from expectations The factors that could affect <tm:entity><tm:company Domain="IT" Extension="AG, Ag" value="sap">SAP</tm:company></tm:entity>'s
future financial results are discussed more fully in <tm:entity><tm:company Domain="IT" Extension="AG, Ag" value="sap">SAP</tm:company></tm:entity>'s filings
with the <tm:entity><tm:location><tm:country><tm:place>U.S.</tm:place></tm:country></tm:location></tm:entity> Securities and <tm:entity><tm:organisation value="exchange commission">Exchange Commission</tm:organisation></tm:entity>("SEC"), including
<tm:entity><tm:company Domain="IT" Extension="AG, Ag" value="sap">SAP</tm:company></tm:entity>'s most recent Annual Report on Form <tm:entity><tm:money_expression><tm:money Amount="20-" Currency="Franc" value="20-f">20-F</tm:money></tm:money_expression></tm:entity> filed with the SEC.
Readers are cautioned not to place undue reliance on these
forward-looking statements, which speak only as of their dates.</p>
</body>
</html>


</doc>

