<doc xmlns:tm="http://www.temis.com/annotations/1.1/">
<metadata>
<aboutcompany value="vasco: vasco is the number one supplier of strong authentication"/>
<data_source value="prnews"/>
<source value="vasco"/>
<processing_date>2008-01-21T17:12:15</processing_date>
<date>2008-01-09T05:01:00</date>

<quote symbol="NASDAQ:VDSI" src-company="vasco data security international" company="VASCO Data Security International, Inc." date="2008-01-09" price="21.90"/></metadata>
<title>VASCO to Host Annual Investor and Media Conference in <tm:entity><tm:location><tm:country location_country="United States of America"><tm:place>New York</tm:place></tm:country></tm:location></tm:entity> <tm:entity><tm:time_expression><tm:relative_time Day="30" Month="January" value="on january 30">on January 30</tm:relative_time></tm:time_expression></tm:entity></title>
<html>
<head>
<meta name="generator" content="HTML Tidy for Windows (vers 14 February 2006), see www.w3.org"/>
<!-- #BeginEditable "doctitle" -->
<title>VASCO to Host Annual Investor and Media Conference in <tm:entity><tm:location><tm:country location_country="United States of America"><tm:place>New
York</tm:place></tm:country></tm:location></tm:entity> <tm:entity><tm:time_expression><tm:relative_time Day="30" Month="January" value="on january 30">on January 30</tm:relative_time></tm:time_expression></tm:entity></title></head>
<body>
<p>Strategic Direction <tm:entity><tm:time_expression><tm:exact_time Year="2008" value="for 2008">for 2008</tm:exact_time></tm:time_expression></tm:entity> to be communicated; Introduction of
new</p>
<p>Products in the <tm:entity><tm:location><tm:country><tm:place>U.S.</tm:place></tm:country></tm:location></tm:entity> Market; Customer Testimonials</p>
<p>OAKBROOK TERRACE, Ill. and <tm:entity><tm:location><tm:country location_country="Switzerland"><tm:place>ZURICH</tm:place></tm:country></tm:location></tm:entity>, <tm:entity><tm:location><tm:country><tm:place>Switzerland</tm:place></tm:country></tm:location></tm:entity>, <tm:entity><tm:time_expression><tm:relative_time Day="9" Month="Jan." value="jan. 9">Jan. 9</tm:relative_time></tm:time_expression></tm:entity> /PRNewswire-FirstCall/ -- <tm:entity><tm:company Extension="Inc" value="vasco data security international">VASCO Data Security International</tm:company></tm:entity>, Inc.
(<tm:entity><tm:stockindex value="nasdaq">Nasdaq</tm:stockindex></tm:entity>: <tm:entity><tm:companyticker company="VASCO Data Security International, Inc." value="NASDAQ:VDSI">VDSI</tm:companyticker></tm:entity>) (<a href="http://www.vasco.com" target="_new">http://www.vasco.com</a>), the leading software security
company specializing in authentication products, today announced
that it will hold its Annual Investor and Media Conference <tm:entity><tm:time_expression><tm:relative_time Day="30" Month="January" value="on january 30">on
January 30</tm:relative_time></tm:time_expression></tm:entity> in <tm:entity><tm:location><tm:country location_country="United States of America"><tm:place>New York</tm:place></tm:country></tm:location></tm:entity>, Millennium <tm:entity><tm:company Domain="ConsumerGood" value="broadway hotel">Broadway Hotel</tm:company></tm:entity>, 145 West 44th
Street. The event will take place between 11:00 am and 2:00 pm
EST.</p><p>During the event, VASCO will discuss its evolution towards the
<tm:entity><tm:company value="full option">Full Option</tm:company></tm:entity>, <tm:entity><tm:company Extension="Co" value="all terrain authentication">All-Terrain Authentication</tm:company></tm:entity> Company and will announce
its strategic direction for the future. In addition, VASCO
customers will share their experiences with VASCO's products ands
services. More details about the agenda of the event will be
communicated shortly.</p>
<p>Participation to the event is limited to media, business &amp;
financial analysts, brokers and <tm:entity><tm:function FunctionCategory="Board" value="portfolio managers">portfolio managers</tm:function></tm:entity>.</p><p>Subscribe online at <a href="http://www.vasco-events.com/InvestorSummit/index.asp" target="_new">http://www.vasco-events.com/InvestorSummit/index.asp</a></p>
<p>The Investor and Media Conference precedes VASCO's Banking
Summit. VASCO's Banking Summit will take place on Thursday, January
31 and Friday, February 1, 2008. Access to the Banking Summit is
limited to bank prospects and guest speakers.</p>
<p>About VASCO: VASCO is the number one supplier of strong
authentication and e-signature solutions and services. VASCO has
established itself as the world's leading software company
specialized in Internet Security, with a customer base of close to
6,000 companies in more than 100 countries, including approximately
950 international financial institutions. VASCO's prime markets are
the financial sector, enterprise security, e-commerce and
e-government.</p>
<p>Forward Looking Statements</p>
<p>Statements made in this news release that relate to future
plans, events or performances are forward-looking statements. Any
statement containing words such as "believes," "anticipates,"
"plans," "expects," and similar words, is forward-looking, and
these statements involve risks and uncertainties and are based on
current expectations. Consequently, actual results could differ
materially from the expectations expressed in these forward-looking
statements.</p>
<p>Reference is made to the Company's public filings with the <tm:entity><tm:location><tm:country><tm:place>US</tm:place></tm:country></tm:location></tm:entity> Securities and <tm:entity><tm:organisation value="exchange commission">Exchange Commission</tm:organisation></tm:entity> for further information
regarding the Company and its operations.</p>
<p>For more information contact:</p>
<p>VASCO: <tm:entity><tm:person Family_Name="Binst" First_Name="Jochem" Gender="Male" value="jochem binst">Jochem Binst</tm:person></tm:entity>, +32 2 609 97 00, <a href="mailto:jbinst@vasco.com"><tm:entity><tm:email value="jbinst@vasco.com">jbinst@vasco.com</tm:email></tm:entity></a></p></body>
</html>


</doc>

