<doc xmlns:tm="http://www.temis.com/annotations/1.1/">
<metadata>
<aboutcompany value="standard &amp; poor's"/>
<releaselocation value="huntington beach"/>
<data_source value="prnews"/>
<source value="impact medical solutions, inc."/>
<processing_date>2008-01-21T17:09:27</processing_date>
<date>2008-01-09T11:36:00</date>
<quote symbol="OTC:IMSU" src-company="impact medical solutions" company="IMPACT MEDICAL SOLUTIONS INC" date="2008-01-09" price=""/></metadata>
<title>Impact Medical Solutions Approved for Publication by <tm:entity><tm:company Domain="Financial" value="standard &amp; poor 's">Standard &amp; Poor's</tm:company></tm:entity></title>
<html>
<head>
<meta name="generator" content="HTML Tidy for Windows (vers 14 February 2006), see www.w3.org"/>
<!-- #BeginEditable "doctitle" -->
<title>Impact Medical Solutions Approved for Publication by
<tm:entity><tm:company Domain="Financial" value="standard &amp; poor 's">Standard &amp; Poor's</tm:company></tm:entity></title></head>
<body>
<p><tm:entity><tm:location><tm:country location_country="United States of America"><tm:place>HUNTINGTON BEACH</tm:place></tm:country></tm:location></tm:entity>, <tm:entity><tm:location><tm:country location_country="United States of America"><tm:place>Calif.</tm:place></tm:country></tm:location></tm:entity>, <tm:entity><tm:time_expression><tm:relative_time Day="9" Month="Jan." value="jan. 9">Jan. 9</tm:relative_time></tm:time_expression></tm:entity> /PRNewswire-FirstCall/ --
<tm:entity><tm:company Extension="Inc" value="impact medical solutions">Impact Medical Solutions</tm:company></tm:entity>, Inc. (OTC <tm:entity><tm:media><tm:newspaper value="bulletin board">Bulletin Board</tm:newspaper></tm:media></tm:entity>: IMSU), a
medical technology company, announced today that it has been
approved by <tm:entity><tm:company Domain="Financial" value="standard &amp; poor 's">Standard &amp; Poor's</tm:company></tm:entity> for publication in the <tm:entity><tm:stockindex value="s p">S&amp;P</tm:stockindex></tm:entity>'s
Market Access Program. This listing includes Impact Medical
Solutions' profile being added to and disseminated by <tm:entity><tm:company Domain="Financial" role="Who" value="standard &amp; poor 's">Standard
&amp; Poor's</tm:company></tm:entity> <tm:entity><tm:function FunctionCategory="Other" role="Context_Entity" value="advisor insight">Advisor Insight</tm:function></tm:entity>, an Internet-based research facility
used by over 100,000 investment <tm:entity><tm:function FunctionCategory="Other" value="advisors">advisors</tm:function></tm:entity> and professionals. A
public version of the site is available at <a href="http://www.advisorinsight.com" target="_new">http://www.advisorinsight.com</a>.</p>
<p>"Public company securities must meet state-level 'Blue Sky'
statutes before the securities can be recommended to investors in
those jurisdictions," said <tm:entity><tm:person Family_Name="Cockburn" First_Name="Wayne" Gender="Male" role="Person" value="wayne cockburn">Wayne Cockburn</tm:person></tm:entity>, <tm:entity><tm:function FunctionCategory="Board" role="Has_Function" value="ceo of impact medical solutions">CEO of Impact Medical
Solutions</tm:function></tm:entity>. "<tm:entity><tm:company Domain="Financial" value="standard &amp; poor 's">Standard &amp; Poor's</tm:company></tm:entity> is considered the premier
resource for addressing 'Blue Sky' compliance in 38 states. Our
<tm:entity><tm:stockindex value="s p">S&amp;P</tm:stockindex></tm:entity> listing is an important step in increasing the awareness of
Impact Medical Solutions within the financial markets and providing
maximum visibility to individual investors, brokers and <tm:entity><tm:function FunctionCategory="Other" value="advisors">advisors</tm:function></tm:entity>,
and institutions."</p><p>About <tm:entity><tm:company Domain="Financial" value="standard &amp; poor 's">Standard &amp; Poor's</tm:company></tm:entity></p><p><tm:entity><tm:company Domain="Financial" value="standard &amp; poor 's">Standard &amp; Poor's</tm:company></tm:entity> is a leading provider of financial market
intelligence. The world's foremost source of credit ratings,
indices, investment research, risk evaluation and data, <tm:entity><tm:company Domain="Financial" value="standard &amp; poor 's">Standard
&amp; Poor's</tm:company></tm:entity> provides a wide array of financial data and
information through its Market Access program. Published
continuously <tm:entity><tm:time_expression><tm:duration Year="1917" value="since 1917">since 1917</tm:duration></tm:time_expression></tm:entity>, <tm:entity><tm:company Domain="Financial, Media" value="standard &amp; poor 's corporation records">Standard &amp; Poor's Corporation Records</tm:company></tm:entity> provides in-depth coverage on domestic and international publicly
traded companies.</p>
<p>About Impact Medical Solutions</p>
<p><tm:entity><tm:company><tm:potential_company role="Who" value="impact medical">Impact Medical</tm:potential_company></tm:company></tm:entity> Solutions (OTCBB: IMSU) is engaged in the
research and commercial development of healthcare information
systems and technology. To date, it has focused on developing a
proprietary platform called Muscle Pattern Recognition (MPR), a
unique clinical tool for the analysis of muscle function. MPR
analyzes patterns of muscle recruitment and provides detailed
physiological information on muscle function that can assist in the
diagnosis and treatment of back and neck injuries and illness.</p>
<p>Forward-Looking and Cautionary Statements</p>
<p>This news release contains forward-looking statements within the
meaning of the Private Securities Litigation Reform Act of 1995 as
contained in Section 27A of the Securities Act of 1933 and Section
<tm:entity><tm:money_expression><tm:money Amount="21" Currency="Euro" value="21e">21E</tm:money></tm:money_expression></tm:entity> of the <tm:entity><tm:company Domain="Financial" value="securities exchange act">Securities Exchange Act</tm:company></tm:entity> of 1934 that reflect
management's current views and estimates regarding future market
conditions, company performance and financial results, business
prospects, new strategies, the competitive environment and other
events. You can identify these statements by the fact that they use
words such as "anticipate," "believe," "estimate," "expect,"
"intend," "project," "plan," "outlook," and other words and terms
of similar meaning. These statements involve a number of risks and
uncertainties that could cause actual results to materially differ
from the potential results discussed in the forward-looking
statements. Among the factors that could cause actual results and
outcomes to differ materially from those contained in such
forward-looking statements are the following: general economic
conditions, acquisitions and development of new businesses,
divestitures, product availability, sales volumes, pricing actions
and promotional activities of our competitors, profit margins,
weather, changes in law or regulations, foreign currency
fluctuation, availability of suitable real estate locations, our
ability to react to a disaster recovery situation, and the impact
of labor markets and new product introductions on our overall
profitability. A further list and description of these risks,
uncertainties and other matters can be found in the company's
annual report and other reports filed from time to time with the
Securities and <tm:entity><tm:organisation value="exchange commission">Exchange Commission</tm:organisation></tm:entity>, including, but not limited to,
<tm:entity><tm:company Extension="Inc" value="impact medical solutions">Impact Medical Solutions</tm:company></tm:entity>, Inc's Annual Report on Form 10-K filed
with the SEC <tm:entity><tm:time_expression><tm:exact_time value="2007">on April 17, 2007</tm:exact_time></tm:time_expression></tm:entity>. Impact Medical Solutions cautions
that the foregoing list of important factors is not complete and
assumes no obligation to update any forward- looking statements
that it may make.</p><p>For further information about Impact Medical Solutions, please
visit: <a href="http://www.impactmedsol.com" target="_new">http://www.impactmedsol.com</a>.</p></body>
</html>


</doc>

