<doc xmlns:tm="http://www.temis.com/annotations/1.1/">
<metadata>
<aboutcompany value="rada"/>
<releaselocation value="netanya"/>
<data_source value="prnews"/>
<source value="rada electronic industries ltd"/>
<processing_date>2008-01-21T17:09:28</processing_date>
<date>2008-01-09T11:30:00</date>
<quote symbol="NASDAQ:RADA" src-company="rada electronic industries" company="RADA Electronic Ind. Ltd." date="2008-01-09" price="2.58"/></metadata>
<title>RADA Signs a <tm:entity><tm:money_expression><tm:money Amount="1.6 million" Currency="Dollar" value="$1.6 million">$1.6 Million</tm:money></tm:money_expression></tm:entity> Agreement With a Strategic Customer for the Production of its Digital Video Recorder
</title>
<html>
<head>
<meta name="generator" content="HTML Tidy for Windows (vers 14 February 2006), see www.w3.org"/>
<!-- #BeginEditable "doctitle" -->
<title>RADA Signs a <tm:entity><tm:money_expression><tm:money Amount="1.6 million" Currency="Dollar" value="$1.6 million">$1.6 Million</tm:money></tm:money_expression></tm:entity> Agreement With a Strategic
Customer for the Production of its Digital Video Recorder</title>
</head>
<body>
<p><tm:entity><tm:location><tm:country location_country="Israel"><tm:place>NETANYA</tm:place></tm:country></tm:location></tm:entity>, <tm:entity><tm:location><tm:country><tm:place>Israel</tm:place></tm:country></tm:location></tm:entity>, <tm:entity><tm:time_expression><tm:relative_time Day="9" Month="January" value="january 9">January 9</tm:relative_time></tm:time_expression></tm:entity> /PRNewswire-FirstCall/ -- <tm:entity><tm:company Extension="Ltd" value="electronic industries">Electronic
Industries</tm:company></tm:entity> Ltd. (<tm:entity><tm:stockindex value="nasdaq">NASDAQ</tm:stockindex></tm:entity>: <a class="small" href="http://studio-5.financialcontent.com/prnews?Page=Quote&amp;Ticker=RADA" onclick="var s=s_gi(s_account); var hd1 = document.getElementById('headline'); s.tl(this,'o',getLinkName('Company Sanpshot'));">RADA</a>) announced today that it has signed an agreement with a
strategic customer to transfer on a non-exclusive basis the
production capabilities for its digital video recorder (DVR).</p>
<p>The DVR is one of RADA's largest selling products worldwide and
has been in production for several years.</p>
<p>The agreement is divided into phases. The initial phase, which
is valued at approximately $1.6 million, is for the delivery of
test equipment and training in connection with the establishment by
the strategic customer of the production infrastructure for the
product and for some integration efforts.</p>
<p>RADA expects to receive approximately $3 million in orders for
DVR units in 2008 from the strategic customer in addition to
payments for the first phase, and believes that the contract has
the potential to generate approximately $9 million in revenues over
the period 2009 through 2014 for the sale of parts, components,
sub-assemblies and ground debriefing systems.</p>
<p>About RADA</p>
<p><tm:entity><tm:company Extension="Ltd" value="rada electronic industries">RADA Electronic Industries</tm:company></tm:entity> Ltd. is an <tm:entity><tm:location><tm:country><tm:place>Israel</tm:place></tm:country></tm:location></tm:entity> based company
involved in the military and commercial aerospace industries. The
Company specializes in Avionics Systems (Digital Video Recorders,
Ground Debriefing Stations, Stores Management Systems, Flight Data
Recorders, Inertial Navigation Systems), Trainer Aircraft Upgrades,
Avionics Systems for UAVs, and Optronics (Head-Up Display Cameras
for fighter aircraft, and cameras for armored vehicles).</p>
<p>Note: Certain statements in this press release are
"forward-looking statements" within the meaning of the Private
Securities Litigation Act of 1995. Such statements involve known
and unknown risks, uncertainties and other factors that may cause
actual results to differ materially. Such risk uncertainties and
other factors include, but are not limited to, changes in general
economic conditions, risks in product and technology developments,
market acceptance of new products and continuing product demand,
level of competition and other factors described in the Company's
Annual Report on Form <tm:entity><tm:money_expression><tm:money Amount="20-" Currency="Franc" value="20-f">20-F</tm:money></tm:money_expression></tm:entity> and other filings with the Securities
and <tm:entity><tm:organisation value="exchange commission">Exchange Commission</tm:organisation></tm:entity>.<br/></p><p>Company Contact:</p>
<p>Dubi Sella (V.P Marketing &amp; Sales)</p>
<p>Tel: +972-9-892-1111</p>
<p><a href="mailto:mrkt@rada.com"><tm:entity><tm:email value="mrkt@rada.com">mrkt@rada.com</tm:email></tm:entity></a></p></body>
</html>


</doc>

