<doc xmlns:tm="http://www.temis.com/annotations/1.1/">
<metadata><releaselocation value="dallas"/><data_source value="prnews"/><source value="affiliated computer services, inc."/><processing_date>2008-01-21T17:07:57</processing_date><date>2008-01-09T18:43:00</date><quote symbol="NASDAQ:INTC" src-company="intel" company="Intel Corporation" date="2008-01-09" price="22.75"/><quote symbol="NYSE:FO" src-company="fortune" company="Fortune Brands, Inc." date="2008-01-09" price="67.72"/><quote symbol="NYSE:ACS" src-company="affiliated computer services" company="Affiliated Computer Services, Inc." date="2008-01-09" price="41.07"/></metadata>
<title>ACS Acquires <tm:entity><tm:company Extension="Limited" value="syan holdings">Syan Holdings</tm:company></tm:entity> Limited to Broaden Global IT Capabilities
</title>
<html>
<head>
<meta name="generator" content="HTML Tidy for Windows (vers 14 February 2006), see www.w3.org"/>
<!-- #BeginEditable "doctitle" -->
<title>ACS Acquires <tm:entity><tm:company Extension="Limited" value="syan holdings">Syan Holdings</tm:company></tm:entity> Limited to Broaden Global IT
Capabilities</title>
</head>
<body>
<p><tm:entity><tm:location><tm:country location_country="United States of America"><tm:place>DALLAS</tm:place></tm:country></tm:location></tm:entity>, <tm:entity><tm:time_expression><tm:relative_time Day="9" Month="Jan." value="jan. 9">Jan. 9</tm:relative_time></tm:time_expression></tm:entity> /PRNewswire-FirstCall/ -- <tm:entity><tm:company Extension="Inc" value="affiliated computer services">Affiliated Computer
Services</tm:company></tm:entity>, Inc. (<tm:entity><tm:stockindex value="nyse">NYSE</tm:stockindex></tm:entity>: <a class="small" href="http://studio-5.financialcontent.com/prnews?Page=Quote&amp;Ticker=ACS" onclick="var s=s_gi(s_account); var hd1 = document.getElementById('headline'); s.tl(this,'o',getLinkName('Company Sanpshot'));">ACS</a>) today announced that it has acquired Syan Holdings
Limited, a U.K.-based provider of information technology
outsourcing (ITO) services and one of the United Kingdom's largest
IBM Business Partners, for approximately $60 million (30.5 million
pounds Sterling). <tm:entity><tm:company><tm:potential_company role="Who" value="syan">Syan</tm:potential_company></tm:company></tm:entity>'s trailing twelve-months revenue was
approximately <tm:entity><tm:money_expression><tm:money Amount="75 million" Currency="Dollar" value="$75 million">$75 million</tm:money></tm:money_expression></tm:entity>. The transaction will be funded entirely
with existing cash on hand.</p><p>The acquisition strengthens ACS' global ITO presence by adding a
solid base of <tm:entity><tm:location><tm:country><tm:place>U.K.</tm:place></tm:country></tm:location></tm:entity> operations, including two data centers, and
expanding its reach into the <tm:entity><tm:location><tm:country><tm:place>United Kingdom</tm:place></tm:country></tm:location></tm:entity>. It also enhances the
company's position as a leading provider of IT solutions to global
FORTUNE 1000 clients.</p><p>"This acquisition strengthens ACS' end-to-end IT services.
<tm:entity><tm:company><tm:potential_company role="Who" value="syan">Syan</tm:potential_company></tm:company></tm:entity>'s data center facilities in the <tm:entity><tm:location><tm:country><tm:place>United Kingdom</tm:place></tm:country></tm:location></tm:entity>, combined with
their exceptional subject matter expertise, will enable ACS to
provide clients with multi-scope IT services on a global scale,"
said <tm:entity><tm:person Family_Name="Derrell" First_Name="James" Gender="Male" role="Person" value="derrell james">Derrell James</tm:person></tm:entity>, <tm:entity><tm:function FunctionCategory="Board" role="Has_Function" value="acs senior managing director of it">ACS senior managing director of IT</tm:function></tm:entity> <tm:entity><tm:company><tm:potential_company role="Who" value="outsourcing">Outsourcing</tm:potential_company></tm:company></tm:entity>.
"<tm:entity><tm:company><tm:potential_company role="Who" value="syan">Syan</tm:potential_company></tm:company></tm:entity>'s clients will be backed by a <tm:entity><tm:company value="fortune">FORTUNE</tm:company></tm:entity> 500 company that offers
a global delivery model, and ACS will be able to leverage an
impressive suite of ITO services for our global clients who have
operations in the <tm:entity><tm:location><tm:country><tm:place>United Kingdom</tm:place></tm:country></tm:location></tm:entity> and <tm:entity><tm:location><tm:country><tm:place>Europe</tm:place></tm:country></tm:location></tm:entity>."</p><p><tm:entity><tm:company><tm:potential_company role="Who" value="syan">Syan</tm:potential_company></tm:company></tm:entity>'s expertise is the delivery and support of managed services
and technology solutions involving <tm:entity><tm:company><tm:normalized_name Domain="IT" value="ibm">IBM</tm:normalized_name></tm:company></tm:entity> mid-range and <tm:entity><tm:company Domain="IT" value="intel">Intel</tm:company></tm:entity> servers.
Client services include server hosting and management, applications
management, desktop management, high-availability solutions, and
help desk operations.</p>
<p>"The acquisition of <tm:entity><tm:company><tm:potential_company role="Who" value="syan">Syan</tm:potential_company></tm:company></tm:entity> by ACS represents a shared commitment
to providing leading-edge technology, innovation, and solution
expertise for our clients around the globe. It increases the
breadth and depth of our IT capabilities and enables us to offer
the robust services our clients need," said <tm:entity><tm:person Family_Name="Djuric" First_Name="George" Gender="Male" role="Person" value="george djuric">George Djuric</tm:person></tm:entity>, <tm:entity><tm:company><tm:potential_company role="Who" value="syan">Syan</tm:potential_company></tm:company></tm:entity> <tm:entity><tm:function FunctionCategory="Board" role="Has_Function" value="managing director">managing director</tm:function></tm:entity>. "With our combined leadership talents, we have
strengthened our ability to deliver proven IT services to clients
in the <tm:entity><tm:location><tm:country><tm:place>United Kingdom</tm:place></tm:country></tm:location></tm:entity> and around the globe."</p>
<p>The business, which will be rebranded ACS <tm:entity><tm:company><tm:potential_company role="Who" value="syan">Syan</tm:potential_company></tm:company></tm:entity>, will continue to
be run by <tm:entity><tm:company><tm:potential_company role="Who" value="syan">Syan</tm:potential_company></tm:company></tm:entity>'s existing management team.</p><p>One of the leading IT outsourcing specialists in the <tm:entity><tm:location><tm:country><tm:place>United
Kingdom</tm:place></tm:country></tm:location></tm:entity>, <tm:entity><tm:company><tm:potential_company role="Who" value="syan">Syan</tm:potential_company></tm:company></tm:entity> has more than 20 years experience and a reputation
for successful delivery of high-quality services. With four <tm:entity><tm:location><tm:country><tm:place>U.K.</tm:place></tm:country></tm:location></tm:entity> facilities, including two high-specification data centers in
<tm:entity><tm:location><tm:country location_country="UnitedKingdom"><tm:place>Shropshire</tm:place></tm:country></tm:location></tm:entity>, <tm:entity><tm:location><tm:country><tm:place>England</tm:place></tm:country></tm:location></tm:entity>, <tm:entity><tm:location><tm:country><tm:place>Syan</tm:place></tm:country></tm:location></tm:entity> provides an extensive range of services
to companies throughout the <tm:entity><tm:location><tm:country><tm:place>United Kingdom</tm:place></tm:country></tm:location></tm:entity>, with a particular
emphasis on information security to ISO 27001 standards. The
company's outsourcing services include colocation, hosting, server
management, desktop management, call center services, and
application management. For more information about <tm:entity><tm:company><tm:potential_company role="Who" value="syan">Syan</tm:potential_company></tm:company></tm:entity>, please
visit <a href="http://www.syan.co.uk" target="_new">http://www.syan.co.uk</a>.</p><p>ACS, a global <tm:entity><tm:company value="fortune">FORTUNE</tm:company></tm:entity> 500 company with 62,000 people supporting
client operations reaching more than 100 countries, provides
business process outsourcing and information technology solutions
to world-class commercial and government clients. The company's
<tm:entity><tm:company value="class">Class</tm:company></tm:entity> A common stock trades on the <tm:entity><tm:organisation Domain="Financial" value="new york stock exchange">New York Stock Exchange</tm:organisation></tm:entity> under
the symbol "ACS." Visit ACS on the Internet at <a href="http://www.acs-inc.com" target="_new">http://www.acs-inc.com</a>.</p>
<p>The statements in this news release that do not directly relate
to historical facts constitute "forward-looking statements" within
the meaning of the Private Securities Litigation Reform Act of
1995. These statements are subject to numerous risks and
uncertainties, many of which are outside the Company's control. As
such, no assurance can be given that the actual events and results
will not be materially different than the anticipated results
described in the forward-looking statements. Factors could cause
actual results to differ materially from such forward-looking
statements. For a description of these factors, see the company's
prior filings with the Securities and <tm:entity><tm:organisation value="exchange commission">Exchange Commission</tm:organisation></tm:entity>,
including our most recent filing. ACS disclaims any intention or
obligation to revise any forward-looking statements, whether as a
result of new information, future event, or otherwise.</p></body>
</html>


</doc>

