<doc xmlns:tm="http://www.temis.com/annotations/1.1/">
<metadata><aboutcompany value="service strategies corporation"/><releaselocation value="philadelphia"/><data_source value="prnews"/><source value="primavera systems, inc."/><processing_date>2008-01-21T17:04:31</processing_date><date>2008-01-10T11:00:00</date><quote symbol="NYSE:EMC" src-company="emc" company="EMC Corporation" date="2008-01-10" price="16.62"/><quote symbol="NYSE:LMT" src-company="lockheed martin" company="Lockheed Martin Corporation" date="2008-01-10" price="108.54"/><quote symbol="NYSE:MCK" src-company="mckesson" company="McKesson Corporation" date="2008-01-10" price="67.37"/><quote symbol="NYSE:ROK" src-company="rockwell automation" company="Rockwell Automation" date="2008-01-10" price="61.15"/></metadata>
<title>PRIMAVERA(R) Earns Prestigious Service Capability &amp; Performance (SCP) Certification for Fifth Consecutive Year
</title>
<html>
<head>
<meta name="generator" content="HTML Tidy for Windows (vers 14 February 2006), see www.w3.org"/>
<!-- #BeginEditable "doctitle" -->
<title>PRIMAVERA(R) Earns Prestigious Service Capability &amp;
Performance (SCP) Certification for Fifth Consecutive Year</title>
</head>
<body>
<p><tm:entity><tm:company Extension="Companies" value="certification honors">Certification Honors</tm:company></tm:entity> Companies for Delivering Top Quality
Service and</p>
<p>Customer Support</p>
<p><tm:entity><tm:location><tm:country location_country="United States of America"><tm:place>PHILADELPHIA</tm:place></tm:country></tm:location></tm:entity>, <tm:entity><tm:time_expression><tm:relative_time Day="10" Month="Jan." value="jan. 10">Jan. 10</tm:relative_time></tm:time_expression></tm:entity> /PRNewswire/ -- <tm:entity><tm:company Domain="IT" Extension="Inc" value="primavera systems">Primavera Systems</tm:company></tm:entity>, Inc.,
announced today that for the fifth consecutive year, its U.S.-based
support center has achieved certification under the prestigious
Service Capability &amp; Performance (SCP) Support Standard. The
SCP criteria quantify the effectiveness of customer support based
on a stringent set of performance standards and represent best
practices in the industry.</p><p><tm:entity><tm:company><tm:potential_company role="Who" value="primavera">Primavera</tm:potential_company></tm:company></tm:entity> was selected for the honor after an extensive audit of
its <tm:entity><tm:location><tm:country><tm:place>U.S.-</tm:place></tm:country></tm:location></tm:entity> based support center, which offers full support for all
<tm:entity><tm:company><tm:potential_company role="Who" value="primavera">Primavera</tm:potential_company></tm:company></tm:entity> products and provides a searchable knowledgebase for
customers, complete with product downloads and information.
Certification requires comprehensive audits and annual
recertification to confirm that companies continue to meet the
requirements of the program.</p>
<p>"<tm:entity><tm:company><tm:potential_company role="Who" value="primavera">Primavera</tm:potential_company></tm:company></tm:entity> is dedicated to helping its customers make timely and
well- informed decisions about projects and portfolios -- at every
stage of the project lifecycle," said <tm:entity><tm:person Family_Name="Chen" First_Name="Jennifer" Gender="Female" role="Person" value="jennifer chen">Jennifer Chen</tm:person></tm:entity>, <tm:entity><tm:company><tm:potential_company role="Who" value="primavera">Primavera</tm:potential_company></tm:company></tm:entity>'s
<tm:entity><tm:function FunctionCategory="Board" role="Has_Function" value="vice president">vice president</tm:function></tm:entity> of customer support. "Our customers can access
support in a wide variety of ways, all of which are designed with
ease of use and rapid response to ensure the highest level of
satisfaction."</p>
<p>The SCP <tm:entity><tm:company Extension="Scp" value="support standard">Support Standard</tm:company></tm:entity> is part of a suite of service
capability and performance standards designed to improve the
quality and effectiveness of technology service operations. A
consortium of leading technology companies, along with the
<tm:entity><tm:organisation value="association for services management international">Association for Services Management International</tm:organisation></tm:entity> and <tm:entity><tm:company Extension="Corporation" value="service strategies">Service
Strategies</tm:company></tm:entity> Corporation, created the internationally recognized
standards, which define best practices for delivering world-class
technology service and support, quantify performance levels and
establish a foundation to build on existing quality processes.</p>
<p>"By passing the rigorous requirements necessary to achieve SCP
<tm:entity><tm:company Extension="Scp" value="certification">Certification</tm:company></tm:entity>, <tm:entity><tm:company value="primavera">Primavera</tm:company></tm:entity> has made it clear they are committed to
delivering world-class support to their customers," said <tm:entity><tm:company value="gordy stauffer">Gordy
Stauffer</tm:company></tm:entity>, SCP <tm:entity><tm:company Extension="Scp" value="auditor">Auditor</tm:company></tm:entity>. "During the SCP audit, <tm:entity><tm:company><tm:potential_company role="Who" value="primavera">Primavera</tm:potential_company></tm:company></tm:entity> demonstrated a clear commitment to customer satisfaction and
continuous improvement."</p>
<p><tm:entity><tm:company><tm:potential_company role="Who" value="primavera">Primavera</tm:potential_company></tm:company></tm:entity> joins the ranks of other leading technology companies
that have achieved the prestigious and sought-after SCP
<tm:entity><tm:company Extension="Scp" value="certification">Certification</tm:company></tm:entity>, including <tm:entity><tm:company Domain="IT" Extension="Corporation" value="emc">EMC</tm:company></tm:entity> Corporation, <tm:entity><tm:company Domain="Transportation" Extension="Inc" value="lockheed martin">Lockheed Martin</tm:company></tm:entity> Incorporated, <tm:entity><tm:company Domain="Pharma" value="ge medical systems">GE Healthcare</tm:company></tm:entity>, <tm:entity><tm:company Extension="Corporation" value="mckesson">McKesson</tm:company></tm:entity> Corporation, <tm:entity><tm:company value="rockwell automation">Rockwell
Automation</tm:company></tm:entity>, <tm:entity><tm:company Domain="IT" value="nokia">Nokia</tm:company></tm:entity> and Sage Software, among others. Currently, more
than 200 technology support organizations around the world
participate in the SCP program.</p>
<p>About <tm:entity><tm:company Extension="Corporation" value="service strategies">Service Strategies</tm:company></tm:entity> Corporation</p>
<p>Headquartered in <tm:entity><tm:location><tm:country location_country="United States of America"><tm:place>San Diego</tm:place></tm:country></tm:location></tm:entity>, <tm:entity><tm:location><tm:country location_country="United States of America"><tm:place>CA</tm:place></tm:country></tm:location></tm:entity>, Service Strategies advances
service excellence for quality-minded organizations by providing
industry standards, strategic advisory services and career
development solutions that ensure delivery of consistent,
high-quality service and support. Service Strategies applies a
proven benchmark process to its standards programs that measure and
drive effectiveness for continuous service improvement. In
addition, the company's tailored training programs enhance the
careers of service professionals throughout the industry and lead
to increased organizational effectiveness. The world's leading
service and support providers use Service Strategies' Service
Capability &amp; Performance (SCP) Standards as a roadmap for
service excellence. For more information, visit <a href="http://www.servicestrategies.com" target="_new">http://www.servicestrategies.com,</a>call toll free
800.552.3058, or email <tm:entity><tm:email value="info@servicestrategies.com">info@servicestrategies.com</tm:email></tm:entity></p><p>About <tm:entity><tm:company><tm:potential_company role="Who" value="primavera">Primavera</tm:potential_company></tm:company></tm:entity></p><p><tm:entity><tm:company value="primavera">Primavera</tm:company></tm:entity> is a software company who provides business solutions
for a project-driven world. The company helps organizations
identify which projects are most important, and makes it easy for
people to work collaboratively on those projects and deliver them
successfully. <tm:entity><tm:company><tm:potential_company role="Who" value="primavera">Primavera</tm:potential_company></tm:company></tm:entity> solutions are industry-specific and highly
scalable, with the power to support global enterprises. <tm:entity><tm:company><tm:potential_company role="Who" value="primavera">Primavera</tm:potential_company></tm:company></tm:entity> solutions have ensured the success of projects collectively worth
more than $5.5 trillion, including the management of IT projects
that span the globe, the construction of the world's tallest
buildings, ongoing multi-billion dollar oil discovery projects,
space exploration, and the efficient use of personnel at
professional services organizations. For more information, visit
<a href="http://www.primavera.com" target="_new">http://www.primavera.com</a>or call <tm:entity><tm:phone_number value="+1.800.423.0245">+1.800.423.0245</tm:phone_number></tm:entity>.</p><p><tm:entity><tm:company><tm:potential_company role="Who" value="primavera">Primavera</tm:potential_company></tm:company></tm:entity> and the <tm:entity><tm:company><tm:potential_company role="Who" value="primavera">Primavera</tm:potential_company></tm:company></tm:entity> sundial logo are trademarks of
<tm:entity><tm:company Domain="IT" Extension="Inc" value="primavera technologies">Primavera Technologies</tm:company></tm:entity>, Inc. All other trademarks and service marks
mentioned herein are the property of their <tm:entity><tm:function FunctionCategory="Board" value="respective owners">respective
owners</tm:function></tm:entity>.<br/></p><p>For more information, contact:</p>
<p><tm:entity><tm:person Family_Name="Rodemer" First_Name="Stacey" Gender="Female" value="stacey rodemer">Stacey Rodemer</tm:person></tm:entity> <tm:entity><tm:person Family_Name="Scavongelli" First_Name="Sara" Gender="Female" value="sara scavongelli">Sara Scavongelli</tm:person></tm:entity></p><p><tm:entity><tm:company Domain="IT" Extension="Inc" value="primavera systems">Primavera Systems</tm:company></tm:entity>, Inc. <tm:entity><tm:company Extension="Group" value="davies murphy">Davies Murphy</tm:company></tm:entity> Group</p>
<p>610-949-6905 781-418-2431</p>
<p><a href="mailto:srodemer@primavera.com"><tm:entity><tm:email value="srodemer@primavera.com">srodemer@primavera.com</tm:email></tm:entity></a><a href="mailto:primavera@daviesmurphy.com"><tm:entity><tm:email value="primavera@daviesmurphy.com">primavera@daviesmurphy.com</tm:email></tm:entity></a></p><p><a href="http://www.primavera.com" target="_new">http://www.primavera.com</a><a href="http://www.daviesmurphy.com" target="_new">http://www.daviesmurphy.com</a></p>
</body>
</html>


</doc>

