<doc xmlns:tm="http://www.temis.com/annotations/1.1/">
<metadata>
<aboutcompany value="advanced public safety"/>
<releaselocation value="wall"/>
<data_source value="prnews"/>
<source value="bio-key international, inc.; advanced public safety"/>
<processing_date>2008-01-21T17:04:02</processing_date>
<date>2008-01-10T11:38:00</date>
<quote symbol="OTC:BKYI" src-company="bio key international" company="BIO-key International, Inc." date="2008-01-10" price="0.11"/><quote symbol="NASDAQ:TRMB" src-company="trimble" company="Trimble Navigation Limited" date="2008-01-10" price="27.25"/></metadata>
<title><tm:entity><tm:organisation Domain="Governmental" value="missouri police department">Missouri Police Department</tm:organisation></tm:entity> Introduces Electronic Traffic Citations
</title>
<html>
<head>
<meta name="generator" content="HTML Tidy for Windows (vers 14 February 2006), see www.w3.org"/>
<!-- #BeginEditable "doctitle" -->
<title><tm:entity><tm:organisation Domain="Governmental" value="missouri police department">Missouri Police Department</tm:organisation></tm:entity> Introduces Electronic Traffic
Citations</title>
</head>
<body>
<div style="margin-left: 2em">- E-Ticketing Solution from <tm:entity><tm:company><tm:potential_company role="Who" value="bio-key">BIO-key</tm:potential_company></tm:company></tm:entity> and Advanced Public Safety Minimizes Officer Risk, Reduces Cost and
Increases Accuracy -</div>
<p>WALL, N.J., and <tm:entity><tm:location><tm:country><tm:place>DEERFIELD BEACH</tm:place></tm:country></tm:location></tm:entity>, <tm:entity><tm:location><tm:country location_country="United States of America"><tm:place>Fla.</tm:place></tm:country></tm:location></tm:entity>, <tm:entity><tm:time_expression><tm:relative_time Day="10" Month="Jan." value="jan. 10">Jan. 10</tm:relative_time></tm:time_expression></tm:entity> /PRNewswire-FirstCall/ -- <tm:entity><tm:company Extension="Inc" value="bio key international">BIO-key International</tm:company></tm:entity>, Inc. (OTC <tm:entity><tm:media><tm:newspaper value="bulletin board">Bulletin
Board</tm:newspaper></tm:media></tm:entity>: BKYI), a leader in finger-based biometric identification and
wireless public safety solutions, and Advanced Public Safety (APS),
a leading provider of electronic ticketing software for public
safety agencies, announced today that the <tm:entity><tm:location><tm:country><tm:place>Neosho</tm:place></tm:country></tm:location></tm:entity>, <tm:entity><tm:organisation Domain="Governmental" value="missouri police department">Missouri Police
Department</tm:organisation></tm:entity> has chosen the companies to provide the agency with a
complete electronic traffic citation system.</p>
<p><tm:entity><tm:time_expression><tm:duration Year="1999" value="since 1999">Since 1999</tm:duration></tm:time_expression></tm:entity>, <tm:entity><tm:organisation Domain="Governmental" value="neosho police department">Neosho Police Department</tm:organisation></tm:entity> patrol <tm:entity><tm:function FunctionCategory="Other" value="officers">officers</tm:function></tm:entity> have used
MobileCop(TM), <tm:entity><tm:company><tm:potential_company role="Who" value="bio-key">BIO-key</tm:potential_company></tm:company></tm:entity>'s wireless law enforcement query and
messaging solution. At traffic stops, the solution allows <tm:entity><tm:function FunctionCategory="Other" value="officers">officers</tm:function></tm:entity> to check federal and state databases for any stolen vehicle or
outstanding warrant alerts and to obtain other relevant information
on the vehicle and driver. Previously, <tm:entity><tm:function FunctionCategory="Other" value="officers">officers</tm:function></tm:entity> had to manually
transcribe driver and vehicle registration information from the
MobileCop laptop screen in their patrol cars onto hard copy traffic
warning and citation forms.</p>
<p>With the APS QuickTicket(TM) software integrated within
<tm:entity><tm:company><tm:potential_company role="Who" value="bio-key">BIO-Key</tm:potential_company></tm:company></tm:entity>'s MobileCop solution, <tm:entity><tm:function FunctionCategory="Other" role="Context_Entity" value="neosho officers">Neosho officers</tm:function></tm:entity> will have a system
that eliminates handwritten forms and uses unique APS software
capabilities to automatically move <tm:entity><tm:company><tm:potential_company role="Who" value="mobilecop">MobileCop</tm:potential_company></tm:company></tm:entity> query response data to
electronic forms -- significantly reducing data entry while
improving accuracy.</p>
<p>At a traffic stop, the <tm:entity><tm:function FunctionCategory="Other" value="officer">officer</tm:function></tm:entity> enters the violator's information
into the MobileCop application to obtain background information
from available national, state, and local databases. The APS
QuickTicket software then auto-populates the requisite information
from the mobile query database files directly onto the agency's
citation forms. The <tm:entity><tm:function FunctionCategory="Other" value="officers">officers</tm:function></tm:entity> print a copy of the citation for the
violator, and electronically transfer the data to be automatically
uploaded to police department and city court databases, which
reduces the manual data entry process.</p>
<p>"The system eliminates re-keying information two or three times,
improving overall efficiency. It also allows our <tm:entity><tm:function FunctionCategory="Other" value="officers">officers</tm:function></tm:entity> to clear
traffic stops faster, which improves safety on the roadside," said
Neosho Police Chief Dave McCracken.</p>
<p>"Law enforcement agencies can benefit from electronic traffic
citation solutions to increase efficiency by reducing the time
required for roadside traffic stops, eliminating redundant manual
data entry, and decreasing the number of tickets dismissed by
courts because they are incomplete, inaccurate or illegible," added
<tm:entity><tm:person Family_Name="Siney" First_Name="Jack" Gender="Male" role="Person" value="jack siney">Jack Siney</tm:person></tm:entity>, <tm:entity><tm:function FunctionCategory="Board" role="Has_Function" value="chief operating officer of advanced public safety">Chief Operating Officer of Advanced Public Safety</tm:function></tm:entity>. "A
key factor in the selection of <tm:entity><tm:company><tm:potential_company role="Who" value="bio-key">BIO-key</tm:potential_company></tm:company></tm:entity> and APS was our record of
successfully integrating our solutions for other MobileCop
customers, including the <tm:entity><tm:location><tm:country><tm:place>Montgomery</tm:place></tm:country></tm:location></tm:entity> County Police Department in
<tm:entity><tm:location><tm:country location_country="United States of America"><tm:place>Maryland</tm:place></tm:country></tm:location></tm:entity> and the <tm:entity><tm:organisation value="saginaw county sheriff 's dispatch center">Saginaw County Sheriff's Dispatch Center</tm:organisation></tm:entity> in
<tm:entity><tm:location><tm:country location_country="United States of America"><tm:place>Michigan</tm:place></tm:country></tm:location></tm:entity>."</p><p><tm:entity><tm:person Family_Name="Depasquale" First_Name="Mike" Gender="Male" role="Person" value="mike depasquale">Mike DePasquale</tm:person></tm:entity>, <tm:entity><tm:function FunctionCategory="Board" role="Has_Function" value="president and ceo">President and CEO</tm:function></tm:entity> of <tm:entity><tm:company><tm:potential_company role="Who" value="bio-key">BIO-key</tm:potential_company></tm:company></tm:entity> added, "By
partnering with APS we can deliver a superior solution that not
only reduces overall costs of operation, but also improves <tm:entity><tm:function FunctionCategory="Other" value="officer">officer</tm:function></tm:entity> safety and the accuracy of data entry. Law Enforcement agencies
implementing this solution immediately benefit from more timely and
accurate information."</p>
<p>About Advanced Public Safety</p>
<p>Based in <tm:entity><tm:location><tm:country><tm:place>Deerfield Beach</tm:place></tm:country></tm:location></tm:entity>, <tm:entity><tm:location><tm:country location_country="United States of America"><tm:place>Fla.</tm:place></tm:country></tm:location></tm:entity>, Advanced Public Safety (APS), a
<tm:entity><tm:company Extension="Co" value="trimble">Trimble</tm:company></tm:entity> Company, develops innovative technology solutions
specifically designed to address the challenges of today's public
safety agencies. APS focuses on creating software that operates in
conjunction with the mobile computers and handheld devices utilized
by law enforcement, corrections, fire and EMS personnel. APS'
products work with an agency's existing technology infrastructure
to significantly increase <tm:entity><tm:function FunctionCategory="Other" value="officer">officer</tm:function></tm:entity> safety and productivity. APS'
software solutions are utilized by law enforcement <tm:entity><tm:function FunctionCategory="Other" value="officers">officers</tm:function></tm:entity> throughout <tm:entity><tm:location><tm:country><tm:place>North America</tm:place></tm:country></tm:location></tm:entity>. For more information, visit <a href="http://www.aps.us" target="_new">http://www.aps.us</a>.</p><p>About <tm:entity><tm:company><tm:potential_company role="Who" value="bio-key">BIO-key</tm:potential_company></tm:company></tm:entity></p><p><tm:entity><tm:company Extension="Inc" value="bio key international">BIO-key International</tm:company></tm:entity>, Inc., headquartered in Wall, <tm:entity><tm:location><tm:country location_country="United States of America"><tm:place>New Jersey</tm:place></tm:country></tm:location></tm:entity>,
develops and delivers advanced identification solutions and
information services to law enforcement departments, public safety
agencies, government and private sector customers. <tm:entity><tm:company><tm:potential_company role="Who" value="bio-key">BIO-key</tm:potential_company></tm:company></tm:entity>'s mobile
wireless technology provides first responders with critical,
reliable, real-time data and images from local, state and national
databases. <tm:entity><tm:company><tm:potential_company role="Who" value="bio-key">BIO-key</tm:potential_company></tm:company></tm:entity>'s high performance, scalable, cost-effective and
easy-to-deploy biometric fingerprint identification technology
accurately identifies and authenticates users of wireless and
enterprise data to improve security, convenience and privacy and to
reduce identity theft. Over 750 police departments in <tm:entity><tm:location><tm:country><tm:place>North America</tm:place></tm:country></tm:location></tm:entity> use <tm:entity><tm:company><tm:potential_company role="Who" value="bio-key">BIO-key</tm:potential_company></tm:company></tm:entity> solutions, making <tm:entity><tm:company Extension="International" value="bio key">BIO-key</tm:company></tm:entity> the leading supplier of
mobile and wireless solutions for law enforcement. (<a href="http://www.bio-key.com" target="_new">http://www.bio-key.com</a>)</p>
<p>This news release contains forward-looking statements that are
subject to certain risks and uncertainties that may cause actual
results to differ materially from those projected on the basis of
these statements. The words "estimate," "project," "intends,"
"expects," "believes" and similar expressions are intended to
identify forward-looking statements. Such forward-looking
statements are made based on management's beliefs, as well as
assumptions made by, and information currently available to,
management pursuant to the "safe-harbor" provisions of the Private
Securities Litigation Reform Act of 1995. For a more complete
description of these and other risk factors that may affect the
future performance of <tm:entity><tm:company Extension="International" value="bio key">BIO-key</tm:company></tm:entity> International, see "Risk Factors" in
the Company's Annual Report on Form 10-KSB and its other filings
with the Securities and <tm:entity><tm:organisation value="exchange commission">Exchange Commission</tm:organisation></tm:entity>. Readers are cautioned
not to place undue reliance on these forward-looking statements,
which speak only as of the date made. The Company also undertakes
no obligation to disclose any revision to these forward-looking
statements to reflect events or circumstances after the date made
or to reflect the occurrence of unanticipated events.</p><p>Press Contact: <tm:entity><tm:company Extension="Inc" value="bio key international">BIO-key International</tm:company></tm:entity>, Inc.<br/></p><p><tm:entity><tm:person Family_Name="Yanak" First_Name="Bud" Gender="Male" value="bud yanak">Bud Yanak</tm:person></tm:entity></p><p>732-359-1100</p>
</body>
</html>


</doc>

