<doc xmlns:tm="http://www.temis.com/annotations/1.1/">
<metadata>
<aboutcompany value="vmware, inc."/>
<releaselocation value="palo alto"/>
<data_source value="prnews"/>
<source value="vmware, inc."/>
<processing_date>2008-01-21T17:00:00</processing_date>
<date>2008-01-11T15:54:00</date>
<quote symbol="NYSE:EMC" src-company="emc" company="EMC Corporation" date="2008-01-11" price="16.62"/><quote symbol="NYSE:VMW" src-company="vmware" company="VMware, Inc." date="2008-01-11" price="80.30"/></metadata>
<title>VMware Fusion Wins Annual Macworld Editors' Choice Award
</title>
<html>
<head>
<meta name="generator" content="HTML Tidy for Windows (vers 14 February 2006), see www.w3.org"/>
<!-- #BeginEditable "doctitle" -->
<title>VMware Fusion Wins Annual Macworld Editors' Choice
Award</title>
</head>
<body>
<p>VMware Desktop Virtualization Software for the Mac Wins Coveted
2007 Editors' Choice Award</p>
<p><tm:entity><tm:location><tm:country location_country="United States of America"><tm:place>PALO ALTO</tm:place></tm:country></tm:location></tm:entity>, <tm:entity><tm:location><tm:country location_country="United States of America"><tm:place>Calif.</tm:place></tm:country></tm:location></tm:entity>, <tm:entity><tm:time_expression><tm:relative_time Day="11" Month="Jan." value="jan. 11">Jan. 11</tm:relative_time></tm:time_expression></tm:entity> /PRNewswire-FirstCall/ -- <tm:entity><tm:company Extension="Inc" value="vmware">VMware</tm:company></tm:entity>,
Inc. today announced that VMware Fusion for the Mac has won an
Editors' Choice Award from one of the world's foremost Mac
authorities, Macworld. VMware Fusion allows Mac users to
simultaneously and seamlessly run Mac OS X, Windows and other
PC-based applications on the same Mac.</p><p>"Eddy-award winning products represent the latest innovations
for Mac users," said Jason Snell, vice president and editorial
director at Macworld. "Virtualization is one of the most fiercely
competitive areas in the Mac market, and VMware Fusion has had a
huge impact, bringing both innovative features and the credibility
of the <tm:entity><tm:company Extension="Inc" value="vmware">VMware</tm:company></tm:entity> name. That's why VMware Fusion is clearly one of the
breakthrough Mac products of the year."</p>
<p>Macworld recognized 32 products in this year's awards, including
11 hardware products, 18 software products, and three Websites.
Selected by editors and reviewers, the annual awards identify the
best and most innovative products available for the Mac. Macworld's
Editors' Choice Awards are not open to outside nominations, and
nominees are chosen from products tested by Macworld editors
throughout the course of the year. Final selections are made by
Macworld's editorial staff.</p>
<p>Introduced <tm:entity><tm:time_expression><tm:exact_time Month="August" Year="2007" value="in august 2007">in August 2007</tm:exact_time></tm:time_expression></tm:entity>, VMware Fusion is backed by nearly a
decade of proven, high-performance virtualization technology used
by all of the Fortune 100 and more than 91% of the Fortune 1000.
VMware Fusion provides the most seamless way to run Windows
applications on your Mac.</p><p>"We are honored that VMware Fusion has been chosen by such a
respected voice within the Mac community," said <tm:entity><tm:person Family_Name="Pat" First_Name="Lee" Gender="Male" role="Person" value="pat lee">Pat Lee</tm:person></tm:entity>, <tm:entity><tm:function FunctionCategory="Board" role="Has_Function" value="group manager">group
manager</tm:function></tm:entity> of consumer products at <tm:entity><tm:company Extension="Inc" value="vmware">VMware</tm:company></tm:entity>. "VMware Fusion continues to
prove itself as the best-in-class product for consumers seeking the
best of both worlds -- Mac and PC."</p><p>More information about VMware Fusion can be found online at
<a href="http://www.vmware.com/mac" target="_new">http://www.vmware.com/mac</a>.</p><p>About <tm:entity><tm:company Extension="Inc" value="vmware">VMware</tm:company></tm:entity>, Inc.</p><p><tm:entity><tm:company Extension="Inc" value="vmware">VMware</tm:company></tm:entity>(<tm:entity><tm:stockindex value="nyse">NYSE</tm:stockindex></tm:entity>: <a class="small" href="http://studio-5.financialcontent.com/prnews?Page=Quote&amp;Ticker=VMW" onclick="var s=s_gi(s_account); var hd1 = document.getElementById('headline'); s.tl(this,'o',getLinkName('Company Sanpshot'));">VMW</a>) is the global leader in virtual infrastructure software
for industry-standard systems. Organizations of all sizes use
<tm:entity><tm:company><tm:potential_company role="Who" value="vmware">VMware</tm:potential_company></tm:company></tm:entity> solutions to simplify their IT, fully leverage their
existing computing investments and respond faster to changing
business demands. <tm:entity><tm:company Extension="Inc" value="vmware">VMware</tm:company></tm:entity> is based in <tm:entity><tm:location><tm:country location_country="United States of America"><tm:place>Palo Alto</tm:place></tm:country></tm:location></tm:entity>, <tm:entity><tm:location><tm:country location_country="United States of America"><tm:place>California</tm:place></tm:country></tm:location></tm:entity> and
majority-owned by <tm:entity><tm:company Domain="IT" Extension="Corporation" value="emc">EMC</tm:company></tm:entity> Corporation (<tm:entity><tm:stockindex value="nyse">NYSE</tm:stockindex></tm:entity>: <a class="small" href="http://studio-5.financialcontent.com/prnews?Page=Quote&amp;Ticker=EMC" onclick="var s=s_gi(s_account); var hd1 = document.getElementById('headline'); s.tl(this,'o',getLinkName('Company Sanpshot'));"><tm:entity><tm:company Domain="IT" Extension="Corporation" value="emc">EMC</tm:company></tm:entity></a>). For more information, visit <a href="http://www.vmware.com" target="_new">http://www.vmware.com</a>.</p><p><tm:entity><tm:company Extension="Inc" value="vmware">VMware</tm:company></tm:entity> and VMware Fusion are a registered trademarks or
trademarks of <tm:entity><tm:company Extension="Inc" value="vmware">VMware</tm:company></tm:entity>, Inc. in the <tm:entity><tm:location><tm:country><tm:place>United States</tm:place></tm:country></tm:location></tm:entity> and/or other
jurisdictions. All other marks and names mentioned herein may be
trademarks of their respective companies.<br/></p>
<p><tm:entity><tm:person Family_Name="Fuentes" First_Name="Nick" Gender="Male" value="nick fuentes">Nick Fuentes</tm:person></tm:entity></p><p><tm:entity><tm:company Extension="Inc" value="vmware">VMware</tm:company></tm:entity></p><p><a href="mailto:nfuentes@vmware.com"><tm:entity><tm:email value="nfuentes@vmware.com">nfuentes@vmware.com</tm:email></tm:entity></a></p><p>650-427-1104</p>
<p><tm:entity><tm:person Family_Name="Nestor" First_Name="Joy" Gender="Male" value="joy nestor">Joy Nestor</tm:person></tm:entity></p><p>OutCast Communications for <tm:entity><tm:company Extension="Inc" value="vmware">VMware</tm:company></tm:entity></p><p><a href="mailto:joy@outcastpr.com"><tm:entity><tm:email value="joy@outcastpr.com">joy@outcastpr.com</tm:email></tm:entity></a></p><p>415-392-8282</p>
</body>
</html>


</doc>

