<doc xmlns:tm="http://www.temis.com/annotations/1.1/">
<metadata><aboutcompany value="oracle database 11g"/><releaselocation value="redwood shores"/><data_source value="prnews"/><source value="oracle"/><processing_date>2008-01-21T17:11:57</processing_date><date>2008-01-09T09:00:00</date><quote symbol="NASDAQ:ORCL" src-company="oracle" company="Oracle Corporation" date="2008-01-09" price="21.61"/></metadata>
<title>eWEEK Names Oracle(R) Database 11g One of 2007's Most Important Products
</title>
<html>
<head>
<meta name="generator" content="HTML Tidy for Windows (vers 14 February 2006), see www.w3.org"/>
<!-- #BeginEditable "doctitle" -->
<title>eWEEK Names Oracle(R) Database 11g One of 2007's Most
Important Products</title>
</head>
<body>
<p>Flagship Product Recognized for Advanced Security, Management
and</p>
<p>Automation Features</p>
<p><tm:entity><tm:location><tm:country><tm:place>REDWOOD SHORES</tm:place></tm:country></tm:location></tm:entity>, <tm:entity><tm:location><tm:country location_country="United States of America"><tm:place>Calif.</tm:place></tm:country></tm:location></tm:entity>, <tm:entity><tm:time_expression><tm:relative_time Day="9" Month="Jan." value="jan. 9">Jan. 9</tm:relative_time></tm:time_expression></tm:entity> /PRNewswire-FirstCall/ -- <tm:entity><tm:company Domain="IT" Extension="Corporation" value="oracle">Oracle</tm:company></tm:entity>(<tm:entity><tm:stockindex value="nasdaq">Nasdaq</tm:stockindex></tm:entity>: <a class="small" href="http://studio-5.financialcontent.com/prnews?Page=Quote&amp;Ticker=ORCL" onclick="var s=s_gi(s_account); var hd1 = document.getElementById('headline'); s.tl(this,'o',getLinkName('Company Sanpshot'));">ORCL</a>) today announced that <tm:entity><tm:company Domain="Pharma" value="eweek labs">eWEEK Labs</tm:company></tm:entity> recognized Oracle(R)
Database 11g as one of "The Most Important Products of 2007." The
honor acknowledges <tm:entity><tm:company Domain="IT" value="oracle database">Oracle Database</tm:company></tm:entity> 11g as one of 10 new product
releases that provide businesses with significant technology
improvements.</p>
<p>(Logo: <a href="http://www.newscom.com/cgi-bin/prnh/20020718/ORCLLOGO" target="_new">http://www.newscom.com/cgi-bin/prnh/20020718/ORCLLOGO</a>)</p>
<p><tm:entity><tm:company Domain="IT" value="oracle database">Oracle Database</tm:company></tm:entity> 11g delivers more than 400 new features to ease
everyday challenges such as rapid data growth, 24x7 availability,
managing all of an enterprise's information, and managing change.
Its grid computing capabilities offer high performance,
scalability, and reliability at low cost, and feature unique
capabilities designed to help accelerate the change towards
consolidated enterprise grids. In addition, <tm:entity><tm:company Domain="IT" value="oracle database">Oracle Database</tm:company></tm:entity> 11g
Enterprise Edition features four new options that address key
customer challenges:<br/></p>
<ul>
<li><tm:entity><tm:company Domain="IT" Extension="Corporation" value="oracle">Oracle</tm:company></tm:entity> Real Application Testing;</li>
<li><tm:entity><tm:company Domain="IT" Extension="Corporation" value="oracle">Oracle</tm:company></tm:entity> Advanced Compression;</li>
<li><tm:entity><tm:company Domain="IT" value="oracle total recall">Oracle Total Recall</tm:company></tm:entity>; and,</li><li><tm:entity><tm:company Domain="IT" value="oracle active data guard">Oracle Active Data Guard</tm:company></tm:entity>. "As the worldwide database leader,
<tm:entity><tm:company Domain="IT" Extension="Corporation" value="oracle">Oracle</tm:company></tm:entity> distinguishes itself from competitors with leading security,
scalability, availability, and data center automation
capabilities," said <tm:entity><tm:person Family_Name="Mendelsohn" First_Name="Andy" Gender="Male" role="Person" value="andy mendelsohn">Andy Mendelsohn</tm:person></tm:entity>, <tm:entity><tm:function FunctionCategory="Board" role="Has_Function" value="senior vice president">senior vice president</tm:function></tm:entity>, <tm:entity><tm:company Domain="IT" role="Who" value="oracle database server technologies">Oracle
Database Server Technologies</tm:company></tm:entity>. "<tm:entity><tm:company Domain="IT" value="oracle database">Oracle Database</tm:company></tm:entity> 11g represents years
of experience solving our customers' business and IT challenges,
and it gives us great pride to be recognized by eWEEK."</li>
</ul>
<p>In its acknowledgement of <tm:entity><tm:company Domain="IT" value="oracle database">Oracle Database</tm:company></tm:entity> 11g as one of 2007's
most important products, <tm:entity><tm:company Domain="Pharma" value="eweek labs">eWEEK Labs</tm:company></tm:entity> highlighted new functionality
such as advanced database tuning, which tests the impact of system
changes and provides suggestions on how to modify databases for
better performance. In recognition of the product, <tm:entity><tm:company Domain="Pharma" value="eweek labs">eWEEK Labs</tm:company></tm:entity> stated, "<tm:entity><tm:company Domain="IT" Extension="Corporation" value="oracle">Oracle</tm:company></tm:entity>'s Database 11g is the cornerstone of the vendor's
dynamically allocated computing grids and should garner the
attention of <tm:entity><tm:function FunctionCategory="Board" value="database managers">database managers</tm:function></tm:entity> with its improved management,
recovery and table compression capabilities."</p>
<p><tm:entity><tm:company Domain="IT" value="oracle database">Oracle Database</tm:company></tm:entity> 11g is generally available on the leading Linux,
UNIX and Windows platforms. Free evaluation versions of <tm:entity><tm:company Domain="IT" value="oracle database">Oracle
Database</tm:company></tm:entity> 11g are available for download from the <tm:entity><tm:company Domain="IT" Extension="Corporation" value="oracle">Oracle</tm:company></tm:entity> Technology
Network at: <a href="http://www.oracle.com/technology/software/products/database/index.html" target="_new">http://www.oracle.com/technology/software/products/database/index.html</a>.
For more information about <tm:entity><tm:company Domain="IT" value="oracle database">Oracle Database</tm:company></tm:entity> 11g, go to: <a href="http://www.oracle.com/database" target="_new">http://www.oracle.com/database</a>.</p>
<p>Additional information on the <tm:entity><tm:company Domain="Pharma" value="eweek labs">eWEEK Labs</tm:company></tm:entity> accolade can be found
at: <a href="http://www.eweek.com/slideshow_viewer/0,1205,l=&amp;s=700&amp;a=221736&amp;po=8,00.asp" target="_new">http://www.eweek.com/slideshow_viewer/0,1205,l=&amp;s=700&amp;a=221736&amp;po=8,00.asp</a>.</p>
<p>About <tm:entity><tm:company Domain="IT" value="oracle database">Oracle Database</tm:company></tm:entity> 11g</p>
<p><tm:entity><tm:company Domain="IT" value="oracle database">Oracle Database</tm:company></tm:entity> is the only database designed for grid
computing. With more than 400 new features, 36,000 person-months of
development, and 15 million test hours, <tm:entity><tm:company Domain="IT" value="oracle database">Oracle Database</tm:company></tm:entity> 11g is
making the management of enterprise information easier than ever,
enabling customers to know more about their business and innovate
more quickly. <tm:entity><tm:company Domain="IT" value="oracle database">Oracle Database</tm:company></tm:entity> 11g delivers superior performance,
scalability, availability, security and ease of management on a
low-cost grid of industry standard storage and servers.</p>
<p>About eWEEK</p>
<p>eWEEK is a technology information source for builders of
enterprise infrastructure. eWEEK enables readers to successfully
evaluate, deploy and leverage new technology solutions for
competitive advantage. The publication delivers to its readers
breaking news, technology evaluations and strategic analyses on the
technologies, platforms and trends that impact enterprise-wide
computing. eWEEK reaches 400,100 enterprise technology buyers who
are evaluating and purchasing technology solutions for their
companies. eWEEK delivers news, analysis and technology reviews in
print weekly and on a daily basis on the Web.</p>
<p>About <tm:entity><tm:company Domain="IT" Extension="Corporation" value="oracle">Oracle</tm:company></tm:entity></p><p><tm:entity><tm:company Domain="IT" Extension="Corporation" value="oracle">Oracle</tm:company></tm:entity>(<tm:entity><tm:stockindex value="nasdaq">Nasdaq</tm:stockindex></tm:entity>: <a class="small" href="http://studio-5.financialcontent.com/prnews?Page=Quote&amp;Ticker=ORCL" onclick="var s=s_gi(s_account); var hd1 = document.getElementById('headline'); s.tl(this,'o',getLinkName('Company Sanpshot'));">ORCL</a>) is the world's largest enterprise software company. For
more information about <tm:entity><tm:company Domain="IT" Extension="Corporation" value="oracle">Oracle</tm:company></tm:entity> visit our Web site at <a href="http://www.oracle.com" target="_new">http://www.oracle.com</a>.</p>
<p>Trademarks</p>
<p><tm:entity><tm:company Domain="IT" Extension="Corporation" value="oracle">Oracle</tm:company></tm:entity> is a registered trademark of <tm:entity><tm:company Domain="IT" Extension="Corporation" value="oracle">Oracle</tm:company></tm:entity> Corporation and/or
its affiliates. Other names may be trademarks of their <tm:entity><tm:function FunctionCategory="Board" value="respective owners">respective
owners</tm:function></tm:entity>.</p></body>
</html>


</doc>

