<doc xmlns:tm="http://www.temis.com/annotations/1.1/">
<metadata><aboutcompany value="the rearden commerce alliance program"/><releaselocation value="foster city"/><data_source value="prnews"/><source value="rearden commerce"/><processing_date>2008-01-21T17:05:26</processing_date><date>2008-01-10T10:00:00</date></metadata>
<title><tm:entity><tm:company Extension="Partners" role="Who" value="rearden commerce helps tmc">Rearden Commerce Helps TMC</tm:company></tm:entity> Partners Succeed With New Partner Marketplace, Opportunity to Sell 'Long Tail' Services
</title>
<html>
<head>
<meta name="generator" content="HTML Tidy for Windows (vers 14 February 2006), see www.w3.org"/>
<!-- #BeginEditable "doctitle" -->
<title><tm:entity><tm:company Extension="Partners" role="Who" value="rearden commerce helps tmc">Rearden Commerce Helps TMC</tm:company></tm:entity> Partners Succeed With New Partner
Marketplace, Opportunity to Sell 'Long Tail' Services</title>
</head>
<body>
<p>New Partner Marketplace Helps Growing Number of <tm:entity><tm:person Family_Name="Rearden" role="Person" value="rearden">Rearden</tm:person></tm:entity> <tm:entity><tm:function FunctionCategory="Board" value="commerce alliance program members tap">Commerce
Alliance Program Members Tap</tm:function></tm:entity> Qualified Sales Leads, Benefit from
Access to Valuable</p>
<p>Information</p>
<p>FOSTER CITY, <tm:entity><tm:location><tm:country location_country="United States of America"><tm:place>Calif.</tm:place></tm:country></tm:location></tm:entity>, <tm:entity><tm:time_expression><tm:relative_time Day="10" Month="Jan." role="Context" value="jan. 10">Jan. 10</tm:relative_time></tm:time_expression></tm:entity> /PRNewswire/ -- <tm:entity><tm:company><tm:potential_company role="Who" value="rearden commerce">Rearden Commerce</tm:potential_company></tm:company></tm:entity>,
creator of the <tm:entity><tm:function FunctionCategory="Other" role="Context_Entity" value="first on-demand personal assistant">first on-demand personal assistant</tm:function></tm:entity> and the first
on-demand platform for services, today announced its new Partner
Marketplace. The Rearden Commerce Partner Marketplace is a powerful
new tool to increase collaboration between <tm:entity><tm:company><tm:potential_company role="Who" value="rearden commerce">Rearden Commerce</tm:potential_company></tm:company></tm:entity> and its
<tm:entity><tm:function FunctionCategory="Board" value="alliance program members">Alliance Program members</tm:function></tm:entity>, comprised of more than 50 of the top
travel management companies (<tm:entity><tm:company value="tmcs">TMCs</tm:company></tm:entity>) across the <tm:entity><tm:location><tm:country><tm:place>United States</tm:place></tm:country></tm:location></tm:entity>.</p><p>The Rearden Commerce Partner Marketplace provides participating
<tm:entity><tm:media><tm:television value="tmc">TMC</tm:television></tm:media></tm:entity> partners the leads, sales and marketing tools, and support
required to win new joint customers and deliver superior service.
Partner Marketplace benefits include:<br/></p>
<ul>
<li>Immediate, Ongoing Access to Qualified Leads -- As a result of
the multiple trade events and campaigns it executes each year,
Rearden Commerce generates a significant volume of sales leads.
Through the <tm:entity><tm:company value="partner marketplace">Partner Marketplace</tm:company></tm:entity>, the company now makes these
valuable leads available to participating <tm:entity><tm:media><tm:television value="tmc">TMC</tm:television></tm:media></tm:entity> partners based on
their geography.</li>
<li>Outstanding Sales and Marketing Tools -- <tm:entity><tm:media><tm:television value="tmc">TMC</tm:television></tm:media></tm:entity> partners have
access to a rich repository of sales and marketing tools that help
them close new business faster. These materials include a knowledge
base for RFPs, competitive matrices, sales presentations and
collateral, demo guidelines, activation guides, email templates,
product release notes, recorded training sessions and more.</li>
<li>Sales Support from Rearden Commerce -- The Partner Marketplace
provides partners a secure interface for registering new
opportunities and requesting sales support. Participating <tm:entity><tm:company value="tmcs">TMCs</tm:company></tm:entity> can
manage leads and opportunities, register deals, request demo
assistance, get rapid answers to questions from customers and
prospects, and request creation of new customer domains "Our
fast-growing roster of <tm:entity><tm:media><tm:television value="tmc">TMC</tm:television></tm:media></tm:entity> partners is an important part of our
success and we're committed to supporting this group through the
launch of innovative new tools such as the Partner Marketplace,"
said <tm:entity><tm:person Family_Name="D'astolfo" First_Name="Tony" Gender="Male" role="Person" value="tony d'astolfo">Tony D'Astolfo</tm:person></tm:entity>, <tm:entity><tm:function FunctionCategory="Board" role="Has_Function" value="vice president">Vice President</tm:function></tm:entity> of <tm:entity><tm:company><tm:potential_company role="Who" value="worldwide sales">Worldwide Sales</tm:potential_company></tm:company></tm:entity>, <tm:entity><tm:person Family_Name="Rearden" role="Person" value="rearden">Rearden</tm:person></tm:entity> Commerce. "No other provider in our space offers this level of
support to their channel partners." "Our relationship with Rearden
Commerce has enabled us to transform our business by expanding the
services we offer clients well beyond travel, to include such
services as dining, entertainment and conferencing," said <tm:entity><tm:person Family_Name="Cain" First_Name="Michael" Gender="Male" role="Person" value="michael cain">Michael
Cain</tm:person></tm:entity>, <tm:entity><tm:function FunctionCategory="Board" role="Has_Function" value="president">President</tm:function></tm:entity> of <tm:entity><tm:company Extension="CO" role="Who" value="boulder">Boulder</tm:company></tm:entity>, CO -based Cain Travel. "I'm excited
about the Partner Marketplace on two levels. First, it delivers all
the Rearden Commerce documentation we need, as well as information
on upcoming webinars and other reseller support programs. That in
itself is unique. Then, when combined with the leads we get through
the Partner Marketplace, the tool helps make for a true partnership
between our two companies. We've already added one new customer as
a result of a lead generated through the Partner Marketplace."</li></ul>
<p><tm:entity><tm:company Extension="Partners" value="rearden commerce tmc">Rearden Commerce TMC</tm:company></tm:entity> Partners Benefit from New Revenue
Opportunities</p>
<p>Rearden Commerce's <tm:entity><tm:media><tm:television value="tmc">TMC</tm:television></tm:media></tm:entity> partners have recognized the value of the
Rearden Commerce solution in providing their customers with an
addictive, industry-leading Web 2.0 service that drives user
adoption. The unprecedented breadth of the <tm:entity><tm:company><tm:potential_company role="Who" value="rearden commerce">Rearden Commerce</tm:potential_company></tm:company></tm:entity> solution helps corporate customers not only reduce expenses for
air, hotel and car rental, but also helps them manage their
spending for a broader range of employee services including dining,
airport parking, car service, corporate entertainment, Web and
audio conferencing, and desktop shipping -- significant <tm:entity><tm:company value="t&amp;e">T&amp;E</tm:company></tm:entity> expenses that have historically gone unmanaged.</p>
<p>In addition, Rearden Commerce <tm:entity><tm:company value="tmcs">TMCs</tm:company></tm:entity> have the opportunity to earn
merchant transaction fees for the services employees typically
consume while traveling, including dining, car service, airport
parking and conferencing services. According to Rearden Commerce
calculations and estimates from <tm:entity><tm:function FunctionCategory="Other" value="analyst">analyst</tm:function></tm:entity> firm <tm:entity><tm:company value="phocuswright">PhoCusWright</tm:company></tm:entity>, business
spending on such unmanaged <tm:entity><tm:company value="t&amp;e">T&amp;E</tm:company></tm:entity> services is expected to exceed
<tm:entity><tm:money_expression><tm:money Amount="170 billion" Currency="Dollar" value="$170 billion">$170 billion</tm:money></tm:money_expression></tm:entity> <tm:entity><tm:time_expression><tm:exact_time Year="2007" value="in 2007">in 2007</tm:exact_time></tm:time_expression></tm:entity>, in the <tm:entity><tm:location><tm:country><tm:place>U.S.</tm:place></tm:country></tm:location></tm:entity> alone.</p>
<p>"Interestingly, a number of our <tm:entity><tm:company value="tmcs">TMCs</tm:company></tm:entity> are now selling services
like Web and audio conferencing, which directly impact the volume
of travel a customer may do. This is a pretty revolutionary
concept," commented <tm:entity><tm:person Family_Name="D'astolfo" First_Name="Tony" Gender="Male" role="Person" value="tony d'astolfo">D'Astolfo</tm:person></tm:entity>. "But given the emphasis many
companies are placing today on improving their 'green' policies,
the ability for a <tm:entity><tm:media><tm:television value="tmc">TMC</tm:television></tm:media></tm:entity> to suggest alternatives to air travel is an
important value-add for their clients."</p>
<p>"If <tm:entity><tm:company value="tmcs">TMCs</tm:company></tm:entity> just handle business the traditional way and don't look
at other avenues to provide more value to clients, our industry is
in danger of becoming obsolete," said <tm:entity><tm:person Family_Name="Potts" First_Name="Becky" Gender="Female" role="Person" value="becky potts">Becky Potts</tm:person></tm:entity>, <tm:entity><tm:function FunctionCategory="Board" role="Has_Function" value="president">President</tm:function></tm:entity> of
Salt Lake City-based Morris Murdock Travel. "At Morris Murdock, we
take a proactive approach with our clients and want to provide
technology and services before our clients even begin asking for
them. What we liked about Rearden Commerce was the range of
services they offer that let us stay at the forefront of providing
our customers a superior experience. For instance, we can now offer
dining services to our clients that help them save money. And
before now, who ever would have thought their <tm:entity><tm:media><tm:television value="tmc">TMC</tm:television></tm:media></tm:entity> could help a
customer secure an outstanding rate for their audio and Web
conferencing? This is where the industry is headed and having these
capabilities puts Morris Murdock<tm:entity><tm:function FunctionCategory="Board" role="Has_Function" value="head">head</tm:function></tm:entity> and shoulders above our
competition."</p>
<p>About the Rearden Commerce Alliance Program</p>
<p>The Rearden Commerce Alliance Program enables selected regional
<tm:entity><tm:company value="tmcs">TMCs</tm:company></tm:entity> to deliver the Rearden Commerce solution to companies of any
size. In choosing its <tm:entity><tm:function FunctionCategory="Board" value="alliance program members">Alliance Program members</tm:function></tm:entity>, Rearden Commerce
identifies and certifies <tm:entity><tm:company value="tmcs">TMCs</tm:company></tm:entity> that have well-established client
relationships, a reputation for outstanding customer service,
diversified offerings, successful client deployments and a proven
track record for delivering value to the business traveler. For
more information on Rearden Commerce's Alliance Program, please
call 877-778-2763 or go to <a href="http://www.reardencommerce.com" target="_new">http://www.reardencommerce.com</a>.</p><p>Rearden Commerce(TM)</p>
<p>Rearden Commerce provides the ultimate personal productivity
tool: an <tm:entity><tm:function FunctionCategory="Other" value="innovative on-demand personal assistant">innovative on-demand personal assistant</tm:function></tm:entity> that simplifies
life, helping people quickly find the services and goods they need
based on what they like, where they are, and what they are doing.
The <tm:entity><tm:function FunctionCategory="Other" value="rearden personal assistant">Rearden Personal Assistant</tm:function></tm:entity> is based on the Rearden Commerce
Platform, which connects users instantly with the world's largest
ecosystem of more than 137,000 trusted merchants and third-party
applications providers. The <tm:entity><tm:function FunctionCategory="Other" value="rearden personal assistant">Rearden Personal Assistant</tm:function></tm:entity> also helps
thousands of companies save money by consistently guiding employees
to preferred suppliers offering negotiated discounts and helping
them make smarter purchase decisions. With Rearden Commerce, the
power of the intelligent Web is finally realized. Rearden Commerce
is headquartered in Foster City, CA. For more information, visit
<a href="http://www.reardencommerce.com" target="_new">http://www.reardencommerce.com</a>.</p></body>
</html>


</doc>

