<doc xmlns:tm="http://www.temis.com/annotations/1.1/">
<metadata>
<releaselocation value="santa barbara"/>
<data_source value="prnews"/>
<source value="leaselogic, inc."/>
<processing_date>2008-01-21T17:04:19</processing_date>
<date>2008-01-10T11:00:00</date>
</metadata>
<title>Competitive Intelligence Service for <tm:entity><tm:company Domain="Financial" value="california community banks hits">California Community Banks Hits</tm:company></tm:entity> the Market
</title>
<html>
<head>
<meta name="generator" content="HTML Tidy for Windows (vers 14 February 2006), see www.w3.org"/>
<!-- #BeginEditable "doctitle" -->
<title>Competitive Intelligence Service for <tm:entity><tm:company Domain="Financial" value="california community banks hits">California Community
Banks Hits</tm:company></tm:entity> the Market</title>
</head>
<body>
<p><tm:entity><tm:location><tm:country location_country="Honduras"><tm:place>SANTA BARBARA</tm:place></tm:country></tm:location></tm:entity>, <tm:entity><tm:location><tm:country location_country="United States of America"><tm:place>Calif.</tm:place></tm:country></tm:location></tm:entity>, <tm:entity><tm:time_expression><tm:relative_time Day="10" Month="Jan" value="jan 10">Jan 10</tm:relative_time></tm:time_expression></tm:entity> /PRNewswire/ -- <tm:entity><tm:company Extension="Inc" value="leaselogic">LeaseLogic</tm:company></tm:entity>, Inc. a
Santa Barbara data-mining company, has announced a new service for
California community banks. With this new service California
community banks can now know whom their competitor banks are doing
business with. They can track their competitors on a daily basis.
And they can do all of this at a very affordable price.</p><p>This new service for California community banks gives daily
reports of what financing deals happened <tm:entity><tm:time_expression><tm:relative_time value="the previous day">the previous day</tm:relative_time></tm:time_expression></tm:entity>. There
are three main benefits for the users of this service. 1) The
service allows banks to see if their existing customers are doing
business with their competitors. 2) It allows banks to easily
market to their competitor's customers. 3) It allows California
banks to keep track of their market share, switch rate, and general
trends within their territory.</p><p>Knowledge is king. With the threat of a slowing economy
knowledge of the local market will be even more important than it
already is. The banks that know the potential customers and trends
in their local market are the banks that are going to succeed.</p>
<p><tm:entity><tm:company Extension="Inc" value="leaselogic">LeaseLogic</tm:company></tm:entity>'s ultimate goal is to create a more efficient market
economy. Where potential lenders can more easily find potential
borrowers. Where small businesses can get the best possible
financing they need in order to be successful, and where California
community banks can find eligible borrowers more easily.</p><p><tm:entity><tm:company Extension="Inc" value="leaselogic">LeaseLogic</tm:company></tm:entity> is offering a free trial of their service for all
California community banks. Please visit the following web address
to get started <a href="http://www.LLogic.com/cabank" target="_new">http://www.LLogic.com/cabank</a>.</p>
<p><tm:entity><tm:company Extension="Inc" value="leaselogic">LeaseLogic</tm:company></tm:entity> is best known for providing sales leads for equipment
sellers. By data-mining public financing records <tm:entity><tm:company Extension="Inc" value="leaselogic">LeaseLogic</tm:company></tm:entity> is able
to map competitive markets. Lease Logic can provide its clients
with information about the customers that are most likely to buy
new equipment. Currently <tm:entity><tm:company Extension="Inc" value="leaselogic">LeaseLogic</tm:company></tm:entity> offers equipment leasing sales
leads, copier sales leads, office equipment sales leads, medical
equipment sales leads, dental equipment sales leads, heavy
equipment sales leads, excavation equipment sales leads,
manufacturing equipment sales leads, computer sales leads,
telephone equipment sales leads, phone equipment sales leads,
automotive equipment sales leads, and restaurant equipment sales
leads. More information can be found at <a href="http://www.LLogic.com" target="_new">http://www.LLogic.com</a></p>
</body>
</html>


</doc>

