<doc xmlns:tm="http://www.temis.com/annotations/1.1/">
<metadata>
<aboutcompany value="iist: the international institute for software testing (iist) was"/>
<releaselocation value="orlando"/>
<data_source value="prnews"/>
<source value="international institute for software testing"/>
<processing_date>2008-01-21T17:01:03</processing_date>
<date>2008-01-11T12:18:00</date>
</metadata>
<title>The <tm:entity><tm:organisation Domain="Educational" value="international institute for software">International Institute for Software</tm:organisation></tm:entity> Testing (IIST) Announces Our Test Certification Week in <tm:entity><tm:location><tm:country location_country="United States of America"><tm:place>Orlando</tm:place></tm:country></tm:location></tm:entity>, FL - <tm:entity><tm:time_expression><tm:relative_time value="february 18-22 , 2008">February 18-22, 2008</tm:relative_time></tm:time_expression></tm:entity> at the Holiday Inn International Drive - Offering World-Class Testing Education Dedicated Solely to Software Testing and QA
</title>
<html>
<head>
<meta name="generator" content="HTML Tidy for Windows (vers 14 February 2006), see www.w3.org"/>
<!-- #BeginEditable "doctitle" -->
<title>The <tm:entity><tm:organisation Domain="Educational" value="international institute for software">International Institute for Software</tm:organisation></tm:entity> Testing (IIST)
Announces Our Test Certification Week in <tm:entity><tm:location><tm:country location_country="United States of America"><tm:place>Orlando</tm:place></tm:country></tm:location></tm:entity>, FL - <tm:entity><tm:time_expression><tm:relative_time value="february 18-22 , 2008">February
18-22, 2008</tm:relative_time></tm:time_expression></tm:entity> at the Holiday Inn International Drive - Offering
World-Class Testing Education Dedicated Solely to Software Testing
and QA</title>
</head>
<body>
<p>Take advantage of our Special Discount: Register One - get the
Second</p>
<p>Registration at 50% THIS OFFER AVAILABLE ONLY BY CALLING
877-GET-IIST TO OBTAIN DISCOUNT CODE</p>
<p>Who should attend: - <tm:entity><tm:function FunctionCategory="Other" value="test engineers">Test Engineers</tm:function></tm:entity>- Test and QA <tm:entity><tm:function FunctionCategory="Board" value="managers">Managers</tm:function></tm:entity>-
Business</p>
<p>Analysts - Quality Analysts - <tm:entity><tm:function FunctionCategory="Board" value="project managers">Project Managers</tm:function></tm:entity></p><p><tm:entity><tm:location><tm:country location_country="United States of America"><tm:place>ORLANDO</tm:place></tm:country></tm:location></tm:entity>, <tm:entity><tm:location><tm:country location_country="United States of America"><tm:place>Fla.</tm:place></tm:country></tm:location></tm:entity>, <tm:entity><tm:time_expression><tm:relative_time Day="11" Month="Jan." value="jan. 11">Jan. 11</tm:relative_time></tm:time_expression></tm:entity> /PRNewswire/ -- IIST will be offering 20
different courses on software testing and quality assurance. Test
professionals who attend IIST classes consistently report the
following benefits:<br/></p>
<ul>
<li>Reduced flow of bug reports from UAT and customers</li>
<li>Reduced call volumes to your help desk and support team</li>
<li>More reliable software that meets or exceeds customer
expectations</li>
<li>Higher quality releases</li>
<li>More consistent requirement management practices</li>
<li>Increased team confidence &amp; morale</li>
<li>Shortened time to production</li>
</ul>
<p>A full list of courses and outlines <tm:entity><tm:time_expression><tm:duration value="for the week">for the week</tm:duration></tm:time_expression></tm:entity> are available
for viewing at: <a href="http://www.iist.org/stpw/orlando08/index.php" target="_new">http://www.iist.org/stpw/orlando08/index.php</a><br/></p>
<p><tm:entity><tm:time_expression><tm:relative_time Weekday="Monday" value="monday tuesday">Monday Tuesday</tm:relative_time></tm:time_expression></tm:entity> Wednesday</p>
<p><tm:entity><tm:time_expression><tm:relative_time value="february 18 , february 19 , february 20">February 18, February 19, February 20</tm:relative_time></tm:time_expression></tm:entity>,</p><p>2008 2008 2008</p>
<p>Principles of Effective Test Writing Testable</p>
<p>Software Testing Design Requirements and</p>
<p>Requirement-Based</p>
<p>Testing</p>
<p>Evaluating Business Principles of Managing the Test</p>
<p>Requirements Software Test Execution Process</p>
<p>Automation</p>
<p>Effective Test Structured Query Test Automation</p>
<p>Management Language for Test Strategies and</p>
<p>Professionals Architectures</p>
<p>Test Process Managing the Test Test Process</p>
<p>Measurements and Project Management</p>
<p>Improvement</p>
<p><tm:entity><tm:time_expression><tm:relative_time Weekday="Thursday" value="thursday friday">Thursday Friday</tm:relative_time></tm:time_expression></tm:entity></p><p><tm:entity><tm:time_expression><tm:relative_time value="february 21 , february 22">February 21, February 22</tm:relative_time></tm:time_expression></tm:entity>,</p><p>2008 2008</p>
<p>Risk-Based Test Management Software Inspections and</p>
<p>Reviews for QA and Test</p>
<p>Professionals</p>
<p>Project Management for Identifying and Executing the</p>
<p>QA Professionals Most Important Tests</p>
<p>Testing in Incremental Risk Management Methods</p>
<p>and Highly Iterative and Metrics for</p>
<p>Software Projects Test Projects</p>
<p>Building and Managing Software Quality Assurance</p>
<p>a Test Team Methods and Techniques</p>
<p>About IIST: The <tm:entity><tm:organisation Domain="Educational" value="international institute for software">International Institute for Software</tm:organisation></tm:entity> Testing
(IIST) was founded <tm:entity><tm:time_expression><tm:exact_time Year="1996" value="in 1996">in 1996</tm:exact_time></tm:time_expression></tm:entity> to serve testing and QA professionals.
IIST's areas of expertise include: Software Testing, Test
Management, Test Automation, Test Design Techniques, Test Process,
Testing Web Applications and e-Business, Performance Testing,
Software Quality, Quality Management, Software Quality Assurance,
User Acceptance Testing, Software Inspections and Peer Reviews.
IIST sponsors the International PSQT Conference.</p>
<p>Contact: <tm:entity><tm:person Family_Name="Kallerup" First_Name="John" Gender="Male" value="john kallerup">John Kallerup</tm:person></tm:entity>, Dir. Prof. Svcs., -- <a href="mailto:jkallerup@iist.org"><tm:entity><tm:email value="jkallerup@iist.org">jkallerup@iist.org</tm:email></tm:entity></a>--<br/></p>
<p><a href="http://www.iist.org" target="_new">http://www.iist.org</a>-- 877-GET-IIST</p>
</body>
</html>


</doc>

