<doc xmlns:tm="http://www.temis.com/annotations/1.1/">
<metadata><aboutcompany value="magma"/><releaselocation value="campbell"/><data_source value="prnews"/><source value="rainmaker systems, inc."/><processing_date>2008-01-21T17:12:09</processing_date><date>2008-01-09T07:30:00</date><quote symbol="NASDAQ:MSFT" src-company="microsoft" company="Microsoft Corporation" date="2008-01-09" price="34.44"/><quote symbol="NASDAQ:RMKR" src-company="rainmaker systems" company="Rainmaker Systems, Inc." date="2008-01-09" price="5.86"/></metadata>
<title>Rainmaker Signs Magma Design Automation
</title>
<html>
<head>
<meta name="generator" content="HTML Tidy for Windows (vers 14 February 2006), see www.w3.org"/>
<!-- #BeginEditable "doctitle" -->
<title>Rainmaker Signs Magma Design Automation</title>
</head>
<body>
<p>Rainmaker's ViewCentral Platform to <tm:entity><tm:company Extension="Co" value="support">Support</tm:company></tm:entity> Company's Live and
Virtual</p>
<p>Customer and Employee Training Events</p>
<p>CAMPBELL, <tm:entity><tm:location><tm:country location_country="United States of America"><tm:place>Calif.</tm:place></tm:country></tm:location></tm:entity>, <tm:entity><tm:time_expression><tm:relative_time Day="9" Month="Jan." value="jan. 9">Jan. 9</tm:relative_time></tm:time_expression></tm:entity> /PRNewswire-FirstCall/ -- <tm:entity><tm:company Extension="Inc" value="rainmaker systems">Rainmaker
Systems</tm:company></tm:entity>, Inc. (<tm:entity><tm:stockindex value="nasdaq">Nasdaq</tm:stockindex></tm:entity>: <a class="small" href="http://studio-5.financialcontent.com/prnews?Page=Quote&amp;Ticker=RMKR" onclick="var s=s_gi(s_account); var hd1 = document.getElementById('headline'); s.tl(this,'o',getLinkName('Company Sanpshot'));">RMKR</a>), a leading provider of sales and marketing solutions
combining hosted application software and execution services, today
announced it has signed a contract with <tm:entity><tm:company Extension="Inc." role="Whom" value="magma ( r ) design automation">Magma(R) Design Automation</tm:company></tm:entity> Inc. (<tm:entity><tm:stockindex value="nasdaq">Nasdaq</tm:stockindex></tm:entity>: <a class="small" href="http://studio-5.financialcontent.com/prnews?Page=Quote&amp;Ticker=LAVA" onclick="var s=s_gi(s_account); var hd1 = document.getElementById('headline'); s.tl(this,'o',getLinkName('Company Sanpshot'));">LAVA</a>) -- a provider of electronic design automation (EDA)
products to the world's major semiconductor manufacturers -- to
deploy its ViewCentral(TM) Classroom and vClassroom Learning
Management Services (LMS) platform for the company's customers and
employees.</p>
<p>Rainmaker's VC Classroom, vClassroom and eLearning platforms
will be deployed to drive online registration and help increase
attendance for Magma's face-to-face on-site training events,
on-demand and live, instructor-led virtual courses and events.</p>
<p>The ViewCentral platform is a fully-hosted, online software
application that supports all aspects of live and virtual training
programs and events including scheduling, advertising,
registration, payments, follow-up communications and reporting
needs.</p>
<p>"We've been searching for a management system to automate our
registrations, communications, and delivery styles for customer and
employee events," said <tm:entity><tm:person Family_Name="Piexoto" First_Name="William" Gender="Male" value="william piexoto">William Piexoto</tm:person></tm:entity>, Magma's <tm:entity><tm:function FunctionCategory="Board" value="training department manager">Training Department
Manager</tm:function></tm:entity>. "Rainmaker's ViewCentral platform is precisely what we've
been looking for as a management system with a full complement of
reporting and record keeping capabilities."</p><p>Rainmaker's Web-based solution also includes a Magma-branded,
self-service registration facility to fully automate registration,
enabling attendees to self-register any time of the day or night
and automatically receive online confirmation, meeting information
and reminders. Registrants are also able to sync directly to their
personal <tm:entity><tm:company Domain="IT" value="microsoft">Microsoft</tm:company></tm:entity> Outlook calendars.</p>
<p>"Our ViewCentral platform is specifically designed to help
clients improve productivity and shorten training cycles for their
customers, partners and employees," said <tm:entity><tm:person Family_Name="Silton" First_Name="Michael" Gender="Male" value="michael silton">Michael Silton</tm:person></tm:entity>,
Rainmaker's <tm:entity><tm:function FunctionCategory="Board" value="chief executive officer">CEO</tm:function></tm:entity>. "We are pleased that Magma recognizes the value
<tm:entity><tm:company><tm:potential_company role="Who" value="viewcentral">ViewCentral</tm:potential_company></tm:company></tm:entity> delivers to the bottom line and has selected us to help
boost enrollment, increase revenue and control administrative costs
for their training events."</p>
<p>About Magma</p>
<p>Magma's software for designing integrated circuits (ICs) is used
to create complex, high-performance chips required in cellular
telephones, electronic games, Wi-Fi, MP3 players, DVD/digital
video, networking, automotive electronics and other electronic
applications. Magma's EDA software for IC implementation, analysis,
physical verification, circuit simulation and characterization is
recognized as embodying the best in semiconductor technology,
enabling the world's top chip companies to "Design Ahead of the
Curve"(TM) while reducing design time and costs. Magma is
headquartered in <tm:entity><tm:location><tm:country location_country="United States of America"><tm:place>San Jose</tm:place></tm:country></tm:location></tm:entity>, <tm:entity><tm:location><tm:country location_country="United States of America"><tm:place>Calif.</tm:place></tm:country></tm:location></tm:entity>, with offices around the world.
Magma's stock trades on <tm:entity><tm:stockindex value="nasdaq">NASDAQ</tm:stockindex></tm:entity> under the ticker symbol LAVA. Visit
Magma Design Automation on the Web at <a href="http://www.magma-da.com" target="_new">http://www.magma-da.com</a>.</p>
<p>About Rainmaker</p>
<p><tm:entity><tm:company Extension="Inc" value="rainmaker systems">Rainmaker Systems</tm:company></tm:entity>, Inc. delivers sales and marketing solutions,
combining hosted application software and execution services
designed to drive more revenue for our clients. Our Revenue
Delivery Platform(SM) combines proprietary, on-demand application
software and advanced analytics with specialized sales and
marketing execution services. Rainmaker clients include large
enterprises in a range of industries, including computer hardware
and software, telecommunications, and financial services
industries. For more information visit <a href="http://www.rmkr.com" target="_new">http://www.rmkr.com</a>or call
800-631-1545.</p>
<p>NOTE: Rainmaker Systems, the Rainmaker logo, Sunset Direct and
Contract Renewals Plus are registered with the <tm:entity><tm:location><tm:country><tm:place>U.S.</tm:place></tm:country></tm:location></tm:entity> Patent and
Trademark Office. All other service marks or trademarks are the
property of their <tm:entity><tm:function FunctionCategory="Board" value="respective owners">respective owners</tm:function></tm:entity>.</p><p>Some of the information in this press release may contain
projections or other forward-looking statements regarding future
events or the future financial performance of the Company and its
subsidiaries. We wish to caution you that these statements involve
risks and uncertainties and actual events or results may differ
materially. Among the important factors which could cause actual
results to differ materially from those in the forward-looking
statements are general market conditions, unfavorable economic
conditions, our ability to execute our business strategy, our
ability to integrate acquisitions and expand our operations without
disruption to our business, the effectiveness of our sales team and
approach, our ability to target, analyze and forecast the revenue
to be derived from a client and the costs associated with providing
services to that client, the date during the course of a calendar
year that a new client is acquired, the length of the integration
cycle for new clients and the timing of revenues and costs
associated therewith, our client concentration given that the
Company remains dependent on a few large client relationships,
potential competition in the marketplace, the ability to retain and
attract employees, market acceptance of our service programs and
pricing options, our ability to maintain our existing technology
platform and to deploy new technology, our ability to sign new
clients and control expenses, the possibility of the
discontinuation of some client relationships, the financial
condition of our clients' business and other factors detailed in
the Company's filings with the Securities and <tm:entity><tm:organisation value="exchange commission">Exchange Commission</tm:organisation></tm:entity>,
including our filings on Forms 10-K and 10-Q.</p></body>
</html>


</doc>

