<doc xmlns:tm="http://www.temis.com/annotations/1.1/">
<metadata>
<aboutcompany value="shoretel, inc."/>
<releaselocation value="sunnyvale"/>
<data_source value="prnews"/>
<source value="shoretel, inc."/>
<processing_date>2008-01-21T17:11:46</processing_date>
<date>2008-01-09T09:00:00</date>
<quote symbol="NASDAQ:SHOR" src-company="shoretel" company="ShoreTel, Inc." date="2008-01-09" price="5.15"/></metadata>
<title>Palisades Charter High <tm:entity><tm:organisation Domain="Educational" value="school implements">School Implements</tm:organisation></tm:entity> ShoreTel's Unified Communications Solution
</title>
<html>
<head>
<meta name="generator" content="HTML Tidy for Windows (vers 14 February 2006), see www.w3.org"/>
<!-- #BeginEditable "doctitle" -->
<title>Palisades Charter High <tm:entity><tm:organisation Domain="Educational" value="school implements">School Implements</tm:organisation></tm:entity> <tm:entity><tm:company><tm:potential_company role="Who" value="shoretel">ShoreTel</tm:potential_company></tm:company></tm:entity>'s Unified
Communications Solution</title></head>
<body>
<p><tm:entity><tm:company><tm:potential_company role="Who" value="shoretel">ShoreTel</tm:potential_company></tm:company></tm:entity>'s Flexible, Reliable Phone System Puts a Telephone in
Every</p><p>Classroom, Automatically Notifies Appropriate <tm:entity><tm:organisation Domain="Educational" value="school personnel">School Personnel</tm:organisation></tm:entity> of 911</p>
<p>Emergencies</p>
<p><tm:entity><tm:location><tm:country location_country="United States of America"><tm:place>SUNNYVALE</tm:place></tm:country></tm:location></tm:entity>, <tm:entity><tm:location><tm:country location_country="United States of America"><tm:place>Calif.</tm:place></tm:country></tm:location></tm:entity>, <tm:entity><tm:time_expression><tm:relative_time Day="9" Month="Jan." value="jan. 9">Jan. 9</tm:relative_time></tm:time_expression></tm:entity> /PRNewswire-FirstCall/ -- <tm:entity><tm:company Extension="Inc" value="shoretel ( r )">ShoreTel(R)</tm:company></tm:entity>,
Inc. (<tm:entity><tm:stockindex value="nasdaq">Nasdaq</tm:stockindex></tm:entity>: <a class="small" href="http://studio-5.financialcontent.com/prnews?Page=Quote&amp;Ticker=SHOR" onclick="var s=s_gi(s_account); var hd1 = document.getElementById('headline'); s.tl(this,'o',getLinkName('Company Sanpshot'));">SHOR</a>), a leading provider of Pure IP Unified Communications
solutions, today announced that <tm:entity><tm:organisation Domain="Educational" value="palisades charter high school">Palisades Charter High School</tm:organisation></tm:entity> in
<tm:entity><tm:location><tm:country><tm:place>Pacific</tm:place></tm:country></tm:location></tm:entity> Palisades, CA has replaced its PBX-based phone system with
a highly reliable <tm:entity><tm:company><tm:potential_company role="Who" value="shoretel">ShoreTel</tm:potential_company></tm:company></tm:entity> IP Unified Communications (UC) system
that has allowed the school to put a telephone in every classroom.
The flexible call handling and personalization capabilities of the
<tm:entity><tm:company><tm:potential_company role="Who" value="shoretel">ShoreTel</tm:potential_company></tm:company></tm:entity> UC system have enabled teachers to communicate more
efficiently with peers, students, <tm:entity><tm:function FunctionCategory="Board" value="administrators">administrators</tm:function></tm:entity> and the community
without the fear of being distracted by unwanted calls during
precious class time. <tm:entity><tm:organisation Domain="Educational" value="palisades charter high school">Palisades Charter High School</tm:organisation></tm:entity> has also
implemented ShoreTel's <tm:entity><tm:money_expression><tm:money Amount="911" Currency="Euro" value="e911">E911</tm:money></tm:money_expression></tm:entity> Notification Application, which
immediately notifies appropriate school personnel of a 911
emergency, enhancing the school's ability to quickly and
efficiently coordinate a response. With the <tm:entity><tm:company><tm:potential_company role="Who" value="shoretel">ShoreTel</tm:potential_company></tm:company></tm:entity> UC system,
school staff can now easily implement adds, moves, and changes,
which significantly reduce ongoing maintenance costs.</p>
<p>"The <tm:entity><tm:company><tm:potential_company role="Who" value="shoretel">ShoreTel</tm:potential_company></tm:company></tm:entity> UC system is so reliable, flexible, and easy to
configure that it allows me to say 'yes' to the individual call
handling requests that teachers and <tm:entity><tm:function FunctionCategory="Board" value="administrators">administrators</tm:function></tm:entity> make," said
Maisha-Cole Perri, technology <tm:entity><tm:function FunctionCategory="Other" value="coordinator">coordinator</tm:function></tm:entity> at <tm:entity><tm:organisation Domain="Educational" value="palisades charter high school">Palisades Charter High
School</tm:organisation></tm:entity>. "This was impossible with our PBX system because of the
time and cost of bringing technicians to the site. Now I can make
the changes myself. With <tm:entity><tm:company><tm:potential_company role="Who" value="shoretel">ShoreTel</tm:potential_company></tm:company></tm:entity>, the telephone has become an
important productivity tool that helps teachers and <tm:entity><tm:function FunctionCategory="Board" value="administrators">administrators</tm:function></tm:entity> do their jobs better."</p>
<p><tm:entity><tm:money_expression><tm:money Amount="911" Currency="Euro" value="e911">E911</tm:money></tm:money_expression></tm:entity> Notification Application</p>
<p>As part of the Palisades <tm:entity><tm:organisation Domain="Educational" value="charter high school">Charter High School</tm:organisation></tm:entity> deployment, Perri
opted for <tm:entity><tm:company><tm:potential_company role="Who" value="shoretel">ShoreTel</tm:potential_company></tm:company></tm:entity>'s <tm:entity><tm:money_expression><tm:money Amount="911" Currency="Euro" value="e911">E911</tm:money></tm:money_expression></tm:entity> Notification Application. Providing
calling party information to the 911 service during an emergency is
a standard feature of every ShoreTel system, but the <tm:entity><tm:money_expression><tm:money Amount="911" Currency="Euro" value="e911">E911</tm:money></tm:money_expression></tm:entity> Notification Application takes 911 calling a step further. Whenever
a <tm:entity><tm:company><tm:potential_company role="Who" value="shoretel">ShoreTel</tm:potential_company></tm:company></tm:entity> phone is used to dial 911, the system automatically
notifies the school's <tm:entity><tm:function FunctionCategory="Board" value="executive director director of communications">Executive Director, Director of
Communications</tm:function></tm:entity>, School Police Officer, and Dean of Discipline of
the call. Each person has an important and different role to play,
and by receiving simultaneous notification, they can immediately
create an appropriate and unified response to the emergency.
Built-in messaging allows them to send text messages to each other
from their desktops, further improving their ability to coordinate
a timely response.</p><p>Call Scheduling Application</p>
<p><tm:entity><tm:company><tm:potential_company role="Who" value="shoretel">ShoreTel</tm:potential_company></tm:company></tm:entity> helps customers embed voice communications into their
core business processes as part of a unified communications
solution. At the school's request, ShoreTel Professional Services
developed a custom call scheduling application that tracks each
teacher's schedule and does not ring classroom phones during class
hours. The application gives the teachers the best of both worlds,
an in-class phone for communicating with peers, parents and
<tm:entity><tm:function FunctionCategory="Board" value="administrators">administrators</tm:function></tm:entity>- and for emergency calls - but with no danger of
being disturbed by calls during class time.</p>
<p>Easy Configuration</p>
<p><tm:entity><tm:company><tm:potential_company role="Who" value="shoretel">ShoreTel</tm:potential_company></tm:company></tm:entity>'s ShoreWare <tm:entity><tm:function FunctionCategory="Board" value="director">Director</tm:function></tm:entity> has made it easy for Perri to
configure the system for the specific needs of <tm:entity><tm:organisation Domain="Educational" value="palisades charter high school">Palisades Charter
High School</tm:organisation></tm:entity> teachers and <tm:entity><tm:function FunctionCategory="Board" value="administrators">administrators</tm:function></tm:entity>. For example, flexible hunt
groups let the school decide which administration phones ring
simultaneously or in a specific order to ensure all calls are
answered with the least distraction. With pick-up groups, some
<tm:entity><tm:function FunctionCategory="Board" value="administrators">administrators</tm:function></tm:entity> have the ability to pick up a call if everyone else
is busy - even though their phone is not ringing.</p>
<p>"Unified Communications is all about productivity, and the
Palisades <tm:entity><tm:organisation Domain="Educational" value="charter high school">Charter High School</tm:organisation></tm:entity> deployment illustrates how <tm:entity><tm:company><tm:potential_company role="Who" value="shoretel">ShoreTel</tm:potential_company></tm:company></tm:entity> enhances productivity through unified messaging, flexible
customization, and easy configuration and personalization," said
<tm:entity><tm:person Family_Name="Timmerman" First_Name="Steve" Gender="Male" role="Person" value="steve timmerman">Steve Timmerman</tm:person></tm:entity>, <tm:entity><tm:function FunctionCategory="Board" role="Has_Function" value="vice president">vice president</tm:function></tm:entity> of marketing at <tm:entity><tm:company><tm:potential_company role="Who" value="shoretel">ShoreTel</tm:potential_company></tm:company></tm:entity>.</p><p>About <tm:entity><tm:company Extension="Inc" value="shoretel">ShoreTel</tm:company></tm:entity>, Inc.</p><p><tm:entity><tm:company Extension="Inc" value="shoretel">ShoreTel</tm:company></tm:entity>, Inc., (<tm:entity><tm:stockindex value="nasdaq">Nasdaq</tm:stockindex></tm:entity>: <a class="small" href="http://studio-5.financialcontent.com/prnews?Page=Quote&amp;Ticker=SHOR" onclick="var s=s_gi(s_account); var hd1 = document.getElementById('headline'); s.tl(this,'o',getLinkName('Company Sanpshot'));">SHOR</a>) is a leading provider of Pure IP unified communications
systems. <tm:entity><tm:company><tm:potential_company role="Who" value="shoretel">ShoreTel</tm:potential_company></tm:company></tm:entity> enables companies of any size to seamlessly
integrate all communications - voice, data, messaging - with their
business processes. Independent of device or location, <tm:entity><tm:company><tm:potential_company role="Who" value="shoretel">ShoreTel</tm:potential_company></tm:company></tm:entity>'s
distributed software architecture eliminates the traditional costs,
complexity and reliability issues typically associated with other
solutions. <tm:entity><tm:company><tm:potential_company role="Who" value="shoretel">ShoreTel</tm:potential_company></tm:company></tm:entity> continues to deliver the highest levels of
customer satisfaction, ease of use and manageability while driving
down the overall total cost of ownership. <tm:entity><tm:company><tm:potential_company role="Who" value="shoretel">ShoreTel</tm:potential_company></tm:company></tm:entity> is headquartered
in <tm:entity><tm:location><tm:country location_country="United States of America"><tm:place>Sunnyvale</tm:place></tm:country></tm:location></tm:entity>, <tm:entity><tm:location><tm:country location_country="United States of America"><tm:place>California</tm:place></tm:country></tm:location></tm:entity>, and has regional offices in the <tm:entity><tm:location><tm:country><tm:place>United
Kingdom</tm:place></tm:country></tm:location></tm:entity>, <tm:entity><tm:location><tm:country location_country="Australia"><tm:place>Sydney</tm:place></tm:country></tm:location></tm:entity>, <tm:entity><tm:location><tm:country><tm:place>Australia</tm:place></tm:country></tm:location></tm:entity> and <tm:entity><tm:location><tm:country location_country="Germany"><tm:place>Munich</tm:place></tm:country></tm:location></tm:entity>, <tm:entity><tm:location><tm:country><tm:place>Germany</tm:place></tm:country></tm:location></tm:entity>. For more
information, visit <a href="http://www.shoretel.com" target="_new">http://www.shoretel.com</a>or call 1-877-80SHORE.<br/></p>
<p>Press Contacts:</p>
<p><tm:entity><tm:person Family_Name="Rose" First_Name="Kim" Gender="Undefined Gender" value="kim rose">Kim Rose</tm:person></tm:entity></p><p><tm:entity><tm:company Extension="Inc" value="shoretel">ShoreTel</tm:company></tm:entity>, Inc.</p><p>408-331-3357</p>
<p><a href="mailto:krose@ShoreTel.com"><tm:entity><tm:email value="krose@shoretel.com">krose@ShoreTel.com</tm:email></tm:entity></a></p></body>
</html>


</doc>

