<doc xmlns:tm="http://www.temis.com/annotations/1.1/">
<metadata>
<aboutcompany><usdc:_usdc_is_an_industry-led_public value="private partnership" xmlns:usdc="usdc"/></aboutcompany>
<releaselocation value="san jose"/>
<data_source value="prnews"/>
<source value="usdc"/>
<processing_date>2008-01-21T17:08:25</processing_date>
<date>2008-01-09T16:40:00</date>
<quote symbol="NYSE:MOT" src-company="motorola" company="Motorola, Inc." date="2008-01-09" price="14.79"/><quote symbol="NYSE:N" src-company="n" company="NetSuite Inc." date="2008-01-09" price="30.75"/><quote symbol="NASDAQ:TRID" src-company="trident" company="Trident Microsystems, Inc." date="2008-01-09" price="5.60"/><quote symbol="NASDAQ:AMAT" src-company="applied materials" company="Applied Materials, Inc." date="2008-01-09" price="16.64"/><quote symbol="NYSE:HON" src-company="honeywell" company="Honeywell International Inc." date="2008-01-09" price="57.60"/><quote symbol="NASDAQ:PANL" src-company="universal display" company="Universal Display Corporation" date="2008-01-09" price="18.34"/><quote symbol="PINK:USDC" src-company="usdc" company="USDATA CORP" date="2008-01-09" price=""/></metadata>
<title>2008 Flexible Electronics and Displays Conference Attracts Record Number of Exhibitors and Sponsors
</title>
<html>
<head>
<meta name="generator" content="HTML Tidy for Windows (vers 14 February 2006), see www.w3.org"/>
<!-- #BeginEditable "doctitle" -->
<title>2008 Flexible Electronics and Displays Conference Attracts
Record Number of Exhibitors and Sponsors</title>
</head>
<body>
<p>Exhibitor Space Expanded to Accommodate New Players to Showcase
Products at</p>
<p>Flex Conference</p>
<p><tm:entity><tm:location><tm:country location_country="United States of America"><tm:place>SAN JOSE</tm:place></tm:country></tm:location></tm:entity>, <tm:entity><tm:location><tm:country location_country="United States of America"><tm:place>Calif.</tm:place></tm:country></tm:location></tm:entity>, <tm:entity><tm:time_expression><tm:relative_time Day="9" Month="Jan." value="jan. 9">Jan. 9</tm:relative_time></tm:time_expression></tm:entity> /PRNewswire/ -- The <tm:entity><tm:organisation value="u s display consortium">U.S. Display
Consortium</tm:organisation></tm:entity>(<tm:entity><tm:organisation><tm:abbreviation value="usdc">USDC</tm:abbreviation></tm:organisation></tm:entity>), a public/private partnership chartered with
developing the flexible electronics and displays industry supply
chain, today announced that an unprecedented number of exhibitors
and sponsors have signed up for the 7th annual Flexible Electronics
&amp; Displays Conference and Exhibition. This significant increase
has initiated a move to a bigger space to accommodate more
exhibitors and is attributed to the burgeoning interest in the
diverse new technologies represented by the printed electronics
industry. The Flex Conference will be held <tm:entity><tm:time_expression><tm:relative_time value="january 21 - 24 , 2008">January 21 - 24, 2008</tm:relative_time></tm:time_expression></tm:entity> at
the <tm:entity><tm:location><tm:country><tm:place>Pointe Hilton Squaw Peak</tm:place></tm:country></tm:location></tm:entity> Resort in <tm:entity><tm:location><tm:country location_country="United States of America"><tm:place>Phoenix</tm:place></tm:country></tm:location></tm:entity>, <tm:entity><tm:location><tm:country location_country="United States of America"><tm:place>Ariz.</tm:place></tm:country></tm:location></tm:entity></p><p>Some of the new players taking a high-profile role <tm:entity><tm:time_expression><tm:relative_time value="this year">this year</tm:relative_time></tm:time_expression></tm:entity> include EI, Exopack, iTi Corp., <tm:entity><tm:company Domain="IT" value="nanomas technologies">NanoMas Technologies</tm:company></tm:entity>, <tm:entity><tm:company value="n">N.</tm:company></tm:entity>Dakota
State's <tm:entity><tm:organisation Extension="Science" value="center for nanoscale science &amp; engineering">Center for Nanoscale Science &amp; Engineering</tm:organisation></tm:entity>, <tm:entity><tm:company Domain="Pharma" value="northfield automation">Northfield
Automation</tm:company></tm:entity>, <tm:entity><tm:company value="sonoplot">Sonoplot</tm:company></tm:entity>, <tm:entity><tm:company value="tamarack scientific">Tamarack Scientific</tm:company></tm:entity>, <tm:entity><tm:company value="trident">Trident</tm:company></tm:entity> and <tm:entity><tm:company value="unijet">UniJet</tm:company></tm:entity>. In
addition to these new companies, returning sponsors and exhibitors
include <tm:entity><tm:company value="agi">AGI</tm:company></tm:entity>, <tm:entity><tm:company Domain="IT" value="applied materials">Applied Materials</tm:company></tm:entity>, <tm:entity><tm:company value="camm">CAMM</tm:company></tm:entity>, <tm:entity><tm:company Domain="UnclassifiedCompany, Media" value="dupont teijin films">Dupont Teijin Films</tm:company></tm:entity>, <tm:entity><tm:company Extension="Corporation" value="e ink">E Ink</tm:company></tm:entity>,
Emerson &amp; Cuming, FDC, FUJIFILMS Dimatix, GE, <tm:entity><tm:location><tm:country location_country="Australia"><tm:place>Hamilton</tm:place></tm:country></tm:location></tm:entity> Precision Metals, H-P, <tm:entity><tm:company value="honeywell">Honeywell</tm:company></tm:entity>, <tm:entity><tm:company Domain="IT" value="motorola">Motorola</tm:company></tm:entity>, <tm:entity><tm:company Domain="Transportation" value="new way air">New Way Air</tm:company></tm:entity> Bearings,
Plextronics, Precision Process, Soligie, Sartomer, and <tm:entity><tm:company Extension="Corp, Media" value="universal display">Universal
Display</tm:company></tm:entity> Corp. Media sponsors include Cintelliq, Displaybank,
DisplaySearch, ID TechEx and NanoMarkets.</p>
<p>Examples of the leading-edge technologies newly featured <tm:entity><tm:time_expression><tm:relative_time value="in this year">in this
year</tm:relative_time></tm:time_expression></tm:entity>'s exhibits include several ink jet applications from Trident,
<tm:entity><tm:company value="unijet">UniJet</tm:company></tm:entity> and iTi. Trident develops piezoelectric impulse ink jet
printheads and inks for applications requiring inert, rugged,
stainless steel printing equipment, while iTi manufactures digital
systems for industrial applications, and customized requirements.
Other offerings include <tm:entity><tm:company value="sonoplot">Sonoplot</tm:company></tm:entity>'s applications in biological,
microarrays, polymer-based and printable electronics, and
semiconductor packaging; Exopack's electronic and engineered films;
and <tm:entity><tm:company Domain="IT" value="nanomas technologies">NanoMas Technologies</tm:company></tm:entity>, which enables mass production of
high-quality nanoparticles and carbon nanotubes.</p><p>"<tm:entity><tm:company value="usdc">USDC</tm:company></tm:entity> has expanded its outreach to industries beyond its
traditional scope, which has greatly contributed to the doubling in
exhibitor and sponsor participation," noted <tm:entity><tm:person Family_Name="Gamota" First_Name="Dan" Gender="Male" value="dan gamota">Dan Gamota</tm:person></tm:entity> of <tm:entity><tm:company Domain="IT" value="motorola">Motorola</tm:company></tm:entity>,
conference co-chair and an early leader in <tm:entity><tm:company value="usdc">USDC</tm:company></tm:entity>'s move to pursue
new directions in flexible printed electronics. "Seeing new players
exhibiting their latest products and giving presentations on the
most recent technology and product developments are the reason
<tm:entity><tm:company value="usdc">USDC</tm:company></tm:entity>'s conference is the premier event to attend in this area,"
added <tm:entity><tm:person Family_Name="Gamota" First_Name="Dan" Gender="Male" value="dan gamota">Gamota</tm:person></tm:entity>. The organizations that <tm:entity><tm:company value="usdc">USDC</tm:company></tm:entity> has developed closer
collaboration with include the <tm:entity><tm:company Extension="Industries" value="printing">Printing</tm:company></tm:entity> Industries of <tm:entity><tm:location><tm:country><tm:place>America</tm:place></tm:country></tm:location></tm:entity>(<tm:entity><tm:location><tm:country><tm:place>PIA</tm:place></tm:country></tm:location></tm:entity>), <tm:entity><tm:organisation value="graphic arts technical foundation">Graphic Arts Technical Foundation</tm:organisation></tm:entity>(<tm:entity><tm:organisation><tm:abbreviation value="gatf">GATF</tm:abbreviation></tm:organisation></tm:entity>), International
Microelectronics and Packaging Society (iMaps) and <tm:entity><tm:organisation value="organic electronic association">Organic
Electronic Association</tm:organisation></tm:entity>(<tm:entity><tm:organisation><tm:abbreviation value="oe a">OE-A</tm:abbreviation></tm:organisation></tm:entity>), as well as the <tm:entity><tm:organisation Domain="Educational" value="institute of electrical">Institute of
Electrical</tm:organisation></tm:entity> and <tm:entity><tm:function FunctionCategory="Other" value="electronics engineers">Electronics Engineers</tm:function></tm:entity>(IEEE), which will publish the
peer-reviewed papers for the all-new academic track.</p>
<p>"We look forward to participating with other industry leaders as
exhibitors <tm:entity><tm:time_expression><tm:relative_time value="at this year">at this year</tm:relative_time></tm:time_expression></tm:entity>'s Flex Conference where we will show our
latest electronic paper demonstrators and very recent products
including electronic books using E Ink technology. This is a highly
respected forum-essential for everyone interested in sharing and
hearing the most recent data and progress being made in this
dynamic, growing sector," commented <tm:entity><tm:person Family_Name="Mccreary" First_Name="Michael" Gender="Male" Title="Dr" role="Person" value="dr michael mccreary">Dr. Michael McCreary</tm:person></tm:entity>, <tm:entity><tm:function FunctionCategory="Board" role="Has_Function" value="vice president of research and advanced development">vice
president of Research and Advanced Development</tm:function></tm:entity> at <tm:entity><tm:company Extension="Corporation" role="Who" value="e ink">E Ink</tm:company></tm:entity> Corporation
and <tm:entity><tm:function FunctionCategory="Board" role="Has_Function" value="chairman">chairman</tm:function></tm:entity> of <tm:entity><tm:company><tm:potential_company role="Who" value="usdc">USDC</tm:potential_company></tm:company></tm:entity>'s board of <tm:entity><tm:function FunctionCategory="Board" value="directors">directors</tm:function></tm:entity>. He added, "If you only
have the opportunity to participate in one flexible display and
printed electronics conference, this is certainly the one to
attend."</p><p>A limited number of conference sponsorships and exhibits spaces
are still available. For more information, contact <tm:entity><tm:person Family_Name="Hoffman" First_Name="Heidi" Gender="Male" value="heidi hoffman">Heidi Hoffman</tm:person></tm:entity>(<tm:entity><tm:email value="heidi@usdc.org">heidi@usdc.org</tm:email></tm:entity>), or call <tm:entity><tm:company value="usdc">USDC</tm:company></tm:entity> at 408.993.8111.</p>
<p>About <tm:entity><tm:company value="usdc">USDC</tm:company></tm:entity>: <tm:entity><tm:company value="usdc">USDC</tm:company></tm:entity> is an industry-led public/private partnership
providing a common platform for flat panel display and flexible
electronics manufacturers and developers, integrators, and the
supplier base. Headquartered in <tm:entity><tm:location><tm:country location_country="United States of America"><tm:place>San Jose</tm:place></tm:country></tm:location></tm:entity>, <tm:entity><tm:location><tm:country location_country="United States of America"><tm:place>Calif.</tm:place></tm:country></tm:location></tm:entity>, the consortium's
primary mission is to identify and manage <tm:entity><tm:company value="r&amp;d">R&amp;D</tm:company></tm:entity> projects and
share results with <tm:entity><tm:company value="usdc">USDC</tm:company></tm:entity> <tm:entity><tm:function FunctionCategory="Board" value="member">member</tm:function></tm:entity> companies. The <tm:entity><tm:company value="usdc">USDC</tm:company></tm:entity> also provides a
communication channel among industry, government and the financial
communities; sponsors forums to broaden the impact of technological
developments; and educates consumers on the importance of emerging
technology. More information about the <tm:entity><tm:company value="usdc">USDC</tm:company></tm:entity> can be found at
<a href="http://www.usdc.org" target="_new">http://www.usdc.org</a>and <a href="http://www.fpoelectronics.org" target="_new">http://www.fpoelectronics.org</a>.</p></body>
</html>


</doc>

