<doc xmlns:tm="http://www.temis.com/annotations/1.1/">
<metadata><aboutcompany value="outstart evolution lcms"/><releaselocation value="boston"/><data_source value="prnews"/><source value="outstart"/><processing_date>2008-01-21T17:09:25</processing_date><date>2008-01-09T11:55:00</date><quote symbol="NYSE:VZ" src-company="verizon" company="Verizon Communications Inc." date="2008-01-09" price="42.47"/><quote symbol="NASDAQ:ADSK" src-company="autodesk" company="Autodesk, Inc." date="2008-01-09" price="44.39"/><quote symbol="NYSE:CVS" src-company="caremark" company="CVS Caremark Corporation" date="2008-01-09" price="37.19"/></metadata>
<title><tm:entity><tm:company Extension="&amp; Associates" value="bersin">Bersin</tm:company></tm:entity>&amp; Associates Names the <tm:entity><tm:organisation Extension="Science" value="national science teacher 's association">National Science Teacher's Association</tm:organisation></tm:entity> a 2007 Learning Leader for Its Innovation With OutStart Evolution LCMS
</title>
<html>
<head>
<meta name="generator" content="HTML Tidy for Windows (vers 14 February 2006), see www.w3.org"/>
<!-- #BeginEditable "doctitle" -->
<title><tm:entity><tm:company Extension="&amp; Associates" value="bersin">Bersin</tm:company></tm:entity>&amp; Associates Names the <tm:entity><tm:organisation Extension="Science" value="national science teacher 's association">National Science Teacher's
Association</tm:organisation></tm:entity> a 2007 Learning Leader for Its Innovation With OutStart
Evolution <tm:entity><tm:company value="lcms">LCMS</tm:company></tm:entity></title></head>
<body>
<p><tm:entity><tm:location><tm:country location_country="United States of America"><tm:place>BOSTON</tm:place></tm:country></tm:location></tm:entity>, <tm:entity><tm:time_expression><tm:relative_time Day="9" Month="Jan." value="jan. 9">Jan. 9</tm:relative_time></tm:time_expression></tm:entity> /PRNewswire/ -- <tm:entity><tm:company value="outstart">OutStart</tm:company></tm:entity>, the leading provider of
eKnowledge software solutions for learning and knowledge-sharing,
today announced that the <tm:entity><tm:organisation Extension="Science" value="national science teacher 's association">National Science Teacher's Association</tm:organisation></tm:entity>(<tm:entity><tm:organisation><tm:abbreviation value="nsta">NSTA</tm:abbreviation></tm:organisation></tm:entity>) has won the <tm:entity><tm:company Extension="&amp; Associates" value="bersin">Bersin</tm:company></tm:entity>&amp; Associates 2007 Learning Leaders
Award for its innovative use of OutStart Evolution <tm:entity><tm:company value="lcms">LCMS</tm:company></tm:entity>.</p><p>The <tm:entity><tm:company><tm:potential_company role="Who" value="nsta">NSTA</tm:potential_company></tm:company></tm:entity>(<a href="http://www.nsta.org" target="_new">http://www.nsta.org</a>) won the award for its development
of online learning experiences focused on science content that
reaches more than 25,000 teachers today and is expected to grow to
more than 1 million. The project enables science teachers to
leverage e-learning and create self-sustaining programs that will
have a significant impact on the quality of science teaching in the
nation. With OutStart Evolution <tm:entity><tm:company value="lcms">LCMS</tm:company></tm:entity>, <tm:entity><tm:company><tm:potential_company role="Who" value="nsta">NSTA</tm:potential_company></tm:company></tm:entity> was able to create
reusable and repurposable interactive content with built-in metrics
for evaluation of use and formative learner feedback. Additionally,
the solution provided the opportunity for summative final
assessment to enable teacher certification.</p>
<p>"We are honored to be called a Learning Leader for our work to
improve the collective and collaborative knowledge and learning for
the nation's science teachers," said <tm:entity><tm:person Family_Name="Whitsett" First_Name="John" Gender="Male" role="Person" value="john whitsett">John Whitsett</tm:person></tm:entity>, <tm:entity><tm:function FunctionCategory="Board" role="Has_Function" value="president">president</tm:function></tm:entity>, <tm:entity><tm:company><tm:potential_company role="Who" value="nsta">NSTA</tm:potential_company></tm:company></tm:entity> 2007-2008. "Working with OutStart Evolution <tm:entity><tm:company value="lcms">LCMS</tm:company></tm:entity> was a key factor
for achieving our goals with the project."</p>
<p>"On behalf of everyone at <tm:entity><tm:company value="outstart">OutStart</tm:company></tm:entity>, I congratulate <tm:entity><tm:company><tm:potential_company role="Who" value="nsta">NSTA</tm:potential_company></tm:company></tm:entity> for
winning the <tm:entity><tm:company Extension="&amp; Associates" value="bersin">Bersin</tm:company></tm:entity>&amp; Associates 2007 Learning Leaders Award and
we are thrilled that OutStart Evolution <tm:entity><tm:company value="lcms">LCMS</tm:company></tm:entity> is playing such a key
role in building this world- class learning," said <tm:entity><tm:person Family_Name="Zarrabian" First_Name="Massood" role="Person" value="massood zarrabian">Massood
Zarrabian</tm:person></tm:entity>, <tm:entity><tm:function FunctionCategory="Board" role="Has_Function" value="president and ceo">president and CEO</tm:function></tm:entity> of <tm:entity><tm:company><tm:potential_company role="Who" value="outstart">OutStart</tm:potential_company></tm:company></tm:entity>. "We look forward to
working together as they continue to reach more of our teachers and
positively impact the quality of education in the <tm:entity><tm:location><tm:country><tm:place>U.S.</tm:place></tm:country></tm:location></tm:entity>"</p><p>"We applaud the <tm:entity><tm:company><tm:potential_company role="Who" value="nsta">NSTA</tm:potential_company></tm:company></tm:entity> for its innovation and are pleased to award
them the 2007 Learning Leader Award for Organizational and
Management Excellence," said <tm:entity><tm:person Family_Name="Bersin" First_Name="Josh" Gender="Undefined Gender" role="Person" value="josh bersin">Josh Bersin</tm:person></tm:entity>, <tm:entity><tm:function FunctionCategory="Board" role="Has_Function" value="president">president</tm:function></tm:entity> of <tm:entity><tm:company Extension="&amp; Associates" role="Who" value="bersin">Bersin</tm:company></tm:entity>&amp;
Associates. "We believe the training needs of our nation's science
teachers will be well served by <tm:entity><tm:company><tm:potential_company role="Who" value="nsta">NSTA</tm:potential_company></tm:company></tm:entity>'s content strategy, long-term
planning, strong governance and cost-efficiency."</p><p>About OutStart Evolution <tm:entity><tm:company value="lcms">LCMS</tm:company></tm:entity></p><p>Recognized as the asset-based <tm:entity><tm:company value="lcms">LCMS</tm:company></tm:entity> industry leader, <tm:entity><tm:company value="outstart evolution lcms">OutStart
Evolution LCMS</tm:company></tm:entity> delivers a flexible and adaptive solution for
creating, managing, assembling and delivering content. It provides
multiple native and 3rd party authoring options and robust content
management that maintains the value of existing and future learning
assets. The solution manages content from any source, provides
content reusability and is designed to adapt to future forms of
learning information and emerging standards. To ensure fast
time-to-value, Evolution <tm:entity><tm:company value="lcms">LCMS</tm:company></tm:entity> installs <tm:entity><tm:time_expression><tm:relative_time value="in one day">in one day</tm:relative_time></tm:time_expression></tm:entity> and users are
typically delivering personalized learning <tm:entity><tm:time_expression><tm:relative_time value="in less than 4 weeks">in less than 4
weeks</tm:relative_time></tm:time_expression></tm:entity>.</p><p>About <tm:entity><tm:company Extension="&amp; Associates" value="bersin">Bersin</tm:company></tm:entity>&amp; Associates</p>
<p><tm:entity><tm:company Extension="&amp; Associates" value="bersin">Bersin</tm:company></tm:entity>&amp; Associates is the only research and advisory
services firm focused solely on research in enterprise learning and
talent management. <tm:entity><tm:company Extension="&amp; Associates" value="bersin">Bersin</tm:company></tm:entity>&amp; Associates' WhatWorks(R) research
and research-based services are designed to deliver actionable
direction and to help improve operational effectiveness and
business impact.</p>
<p><tm:entity><tm:company Extension="&amp; Associates" value="bersin">Bersin</tm:company></tm:entity>&amp; Associates research <tm:entity><tm:function FunctionCategory="Board" value="members">members</tm:function></tm:entity> gain access to a
comprehensive library of best practices, case studies, benchmarks,
and in-depth market analyses designed to guide professionals in
making fast and confident decisions. Research areas include
planning and strategy, learning programs and delivery, talent
management, technology and infrastructure, and measurement and
analytics. <tm:entity><tm:function FunctionCategory="Board" value="member">Member</tm:function></tm:entity> benefits include in-depth advisory services,
access to proprietary webcasts, <tm:entity><tm:function FunctionCategory="Other" value="on-site analyst">on-site analyst</tm:function></tm:entity> visits, and
strategic workshops. For more information, go to <a href="http://www.bersin.com" target="_new">http://www.bersin.com</a> or
call 561 455 0622.</p>
<p>About <tm:entity><tm:company value="outstart">OutStart</tm:company></tm:entity></p><p><tm:entity><tm:company value="outstart">OutStart</tm:company></tm:entity> software powers formal and on-demand learning,
knowledge sharing and community/<tm:entity><tm:function FunctionCategory="Other" value="expert">expert</tm:function></tm:entity> collaboration solutions that
enable knowledge workers -- employees, partners, and customers --
to perform their roles far more efficiently and effectively.
<tm:entity><tm:company value="agustawestland">AgustaWestland</tm:company></tm:entity>, <tm:entity><tm:company Domain="IT" value="autodesk">Autodesk</tm:company></tm:entity>, <tm:entity><tm:company Domain="TeleCommunication" value="british telecom">British Telecom</tm:company></tm:entity>, CVS <tm:entity><tm:company Domain="Pharma" value="caremark">Caremark</tm:company></tm:entity>, the <tm:entity><tm:organisation Domain="Governmental" value="us navy">US
Navy</tm:organisation></tm:entity>, <tm:entity><tm:company Domain="TeleCommunication" value="verizon">Verizon</tm:company></tm:entity> Wireless and others rely on <tm:entity><tm:company value="outstart">OutStart</tm:company></tm:entity> to increase
individual and organizational performance, improve knowledge
transfer and lower operating costs. Located in <tm:entity><tm:location><tm:country location_country="United States of America"><tm:place>Boston</tm:place></tm:country></tm:location></tm:entity>, <tm:entity><tm:location><tm:country location_country="United States of America"><tm:place>Mass.</tm:place></tm:country></tm:location></tm:entity>,
<tm:entity><tm:company value="outstart">OutStart</tm:company></tm:entity> has offices throughout the <tm:entity><tm:location><tm:country><tm:place>U.S.</tm:place></tm:country></tm:location></tm:entity> and <tm:entity><tm:location><tm:country><tm:place>Europe</tm:place></tm:country></tm:location></tm:entity> and can be
found on the web at <a href="http://www.outstart.com" target="_new">http://www.outstart.com</a>.</p></body>
</html>


</doc>

