<doc xmlns:tm="http://www.temis.com/annotations/1.1/">
<metadata>
<aboutcompany value="opentv"/>
<releaselocation value="san francisco"/>
<data_source value="prnews"/>
<source value="opentv corp."/>
<processing_date>2008-01-21T17:05:39</processing_date>
<date>2008-01-10T09:30:00</date>

<quote symbol="NASDAQ:OPTV" src-company="opentv" company="OpenTV Corp." date="2008-01-10" price="1.29"/><quote symbol="BAK:TRUE" src-company="true corporation" company="True Corporation PCL" date="2008-01-10" price="22.20"/><quote symbol="NYSE:DIS" src-company="disney" company="The Walt Disney Company" date="2008-01-10" price="30.67"/></metadata>
<title>OpenTV Selected by TrueVisions <tm:entity><tm:media><tm:television value="ubc">UBC</tm:television></tm:media></tm:entity> for PVR Launch
</title>
<html>
<head>
<meta name="generator" content="HTML Tidy for Windows (vers 14 February 2006), see www.w3.org"/>
<!-- #BeginEditable "doctitle" -->
<title><tm:entity><tm:company Extension="Corp" value="opentv">OpenTV</tm:company></tm:entity> Selected by <tm:entity><tm:company><tm:potential_company role="Who" value="truevisions">TrueVisions</tm:potential_company></tm:company></tm:entity> <tm:entity><tm:media><tm:television value="ubc">UBC</tm:television></tm:media></tm:entity> for PVR Launch</title>
</head>
<body>
<p><tm:entity><tm:location><tm:country><tm:place>Thailand</tm:place></tm:country></tm:location></tm:entity>'s leading digital pay-TV operator to offer personal
video</p><p>recording services powered by OpenTV Core2(TM), OpenTV
PVR2(TM)</p>
<p><tm:entity><tm:location><tm:country location_country="United States of America"><tm:place>SAN FRANCISCO</tm:place></tm:country></tm:location></tm:entity>, <tm:entity><tm:time_expression><tm:relative_time Day="10" Month="Jan." value="jan. 10">Jan. 10</tm:relative_time></tm:time_expression></tm:entity> /PRNewswire-FirstCall/ -- <tm:entity><tm:company Extension="Corp" value="opentv">OpenTV</tm:company></tm:entity> Corp.
(<tm:entity><tm:stockindex value="nasdaq">Nasdaq</tm:stockindex></tm:entity>: <tm:entity><tm:companyticker company="OpenTV Corp." value="NASDAQ:OPTV">OPTV</tm:companyticker></tm:entity>), a leading provider of solutions for the delivery of
advanced digital television and cross-platform interactive
services, announced today that <tm:entity><tm:company><tm:potential_company role="Who" value="truevisions">TrueVisions</tm:potential_company></tm:company></tm:entity> <tm:entity><tm:media><tm:television value="ubc">UBC</tm:television></tm:media></tm:entity>, <tm:entity><tm:location><tm:country><tm:place>Thailand</tm:place></tm:country></tm:location></tm:entity>'s leading
digital pay-TV operator, has selected <tm:entity><tm:company Extension="Corp" value="opentv">OpenTV</tm:company></tm:entity>'s middleware solution
to enable and power their new PVR services.</p><p>"<tm:entity><tm:company Extension="Corp" value="opentv">OpenTV</tm:company></tm:entity> is very excited to have been selected by <tm:entity><tm:company><tm:potential_company role="Who" value="truevisions">TrueVisions</tm:potential_company></tm:company></tm:entity> <tm:entity><tm:media><tm:television value="ubc">UBC</tm:television></tm:media></tm:entity> to enable a wide array of PVR functionalities and power a strong
offering of new services," said <tm:entity><tm:person Family_Name="Ivanchenko" First_Name="Mike" Gender="Male" role="Person" value="mike ivanchenko">Mike Ivanchenko</tm:person></tm:entity>, <tm:entity><tm:company><tm:potential_company role="Who" value="opentv">OpenTV</tm:potential_company></tm:company></tm:entity>'s <tm:entity><tm:function FunctionCategory="Board" role="Has_Function" value="senior vice president">Senior
Vice President</tm:function></tm:entity> of <tm:entity><tm:company><tm:potential_company role="Who" value="sales">Sales</tm:potential_company></tm:company></tm:entity>. "This new deployment further strengthens
OpenTV's position as the provider of choice for middleware
solutions and reinforces our vision of an integrated digital world
where consumers have easy access to meaningful and targeted
content."</p><p><tm:entity><tm:company><tm:potential_company role="Who" value="truevisions">TrueVisions</tm:potential_company></tm:company></tm:entity> <tm:entity><tm:media><tm:television value="ubc">UBC</tm:television></tm:media></tm:entity> will be offering standard definition personal
video recorders by Humax integrated with <tm:entity><tm:company Extension="Corp" value="opentv">OpenTV</tm:company></tm:entity> Core2 and <tm:entity><tm:company Extension="Corp" value="opentv">OpenTV</tm:company></tm:entity> PVR2 solutions, in combination with Irdeto's content security for
digital TV. <tm:entity><tm:company Extension="Corp" value="opentv">OpenTV</tm:company></tm:entity>'s advanced platform will provide <tm:entity><tm:company><tm:potential_company role="Who" value="truevisions">TrueVisions</tm:potential_company></tm:company></tm:entity> <tm:entity><tm:media><tm:television value="ubc">UBC</tm:television></tm:media></tm:entity> subscribers with a range of interactive TV content, PVR services
and will allow for mobile and Web management of their PVR services.
The EPG, PVR applications, and interactive TV services were
developed by <tm:entity><tm:company><tm:potential_company role="Who" value="truevisions">TrueVisions</tm:potential_company></tm:company></tm:entity> <tm:entity><tm:media><tm:television value="ubc">UBC</tm:television></tm:media></tm:entity> and integrated seamlessly with
<tm:entity><tm:company Extension="Corp" value="opentv">OpenTV</tm:company></tm:entity>'s platform.</p><p>"<tm:entity><tm:company Extension="Corp" value="opentv">OpenTV</tm:company></tm:entity> has been a key partner in our efforts to offer
compelling and advanced services to better enable our customers'
lifestyle to enjoy television and other value added services," said
<tm:entity><tm:person Family_Name="Prapakamol" First_Name="Ongard" role="Person" value="ongard prapakamol">Ongard Prapakamol</tm:person></tm:entity>, <tm:entity><tm:function FunctionCategory="Board" role="Has_Function" value="chief commercial officer">Chief Commercial Officer</tm:function></tm:entity> for <tm:entity><tm:company><tm:potential_company role="Who" value="truevisions">TrueVisions</tm:potential_company></tm:company></tm:entity> <tm:entity><tm:media><tm:television value="ubc">UBC</tm:television></tm:media></tm:entity>.
"Their solutions enable us to fulfill our product strategy in
providing a well integrated PVR with a highly intuitive user
experience and compelling interactive TV services like football
live score, games, and much more exciting services to come."</p><p><tm:entity><tm:company><tm:potential_company role="Who" value="truevisions">TrueVisions</tm:potential_company></tm:company></tm:entity> <tm:entity><tm:media><tm:television value="ubc">UBC</tm:television></tm:media></tm:entity>'s PVR services are currently in final testing
and are expected to launch <tm:entity><tm:time_expression><tm:exact_time Year="2008" value="early 2008">early 2008</tm:exact_time></tm:time_expression></tm:entity>.</p><p>About <tm:entity><tm:company Extension="Corp" value="opentv">OpenTV</tm:company></tm:entity></p><p><tm:entity><tm:company Extension="Corp" value="opentv">OpenTV</tm:company></tm:entity> is one of the world's leading providers of solutions for
the delivery of digital and interactive television. The company's
software has been integrated in more than 96 million digital
set-top boxes and digital televisions around the world, and enables
enhanced program guides, video-on-demand, personal video recording,
enhanced television, interactive shopping, interactive and
addressable advertising, games and a variety of consumer care and
communication applications. For more information, please visit
<a href="http://www.opentv.com" target="_new">http://www.opentv.com</a>.</p><p>About <tm:entity><tm:company Extension="Plc" value="true visions">True Visions</tm:company></tm:entity> Plc.</p>
<p><tm:entity><tm:company><tm:potential_company role="Who" value="truevisions">TrueVisions</tm:potential_company></tm:company></tm:entity> <tm:entity><tm:media><tm:television value="ubc">UBC</tm:television></tm:media></tm:entity>, a subsidiary of <tm:entity><tm:company Extension="Plc" value="true corporation">True Corporation</tm:company></tm:entity> Plc, is the
largest subscription-based television provider in <tm:entity><tm:location><tm:country><tm:place>Thailand</tm:place></tm:country></tm:location></tm:entity>.
<tm:entity><tm:company><tm:potential_company role="Who" value="truevisions">TrueVisions</tm:potential_company></tm:company></tm:entity> provides a superior-quality signal through its CAtv and
DStv networks. <tm:entity><tm:company><tm:potential_company role="Who" value="truevisions">TrueVisions</tm:potential_company></tm:company></tm:entity> is committed to delivering
globally-popular programming on 82 high-quality channels, including
infotainment, knowledge, news, sports, and entertainment content.
<tm:entity><tm:company><tm:potential_company role="Who" value="truevisions">TrueVisions</tm:potential_company></tm:company></tm:entity> boasts a wide selection of home entertainment as well
as impressive after sale service. <tm:entity><tm:company><tm:potential_company role="Who" value="truevisions">TrueVisions</tm:potential_company></tm:company></tm:entity> offer its subscribers
the Platinum Package, Gold Package, Silver Package, True Knowledge
Package, and 38 channel convergence package known as TrueLife Free
View. And now <tm:entity><tm:company><tm:potential_company role="Who" value="truevisions">TrueVisions</tm:potential_company></tm:company></tm:entity> also offers a new buy-through package
from <tm:entity><tm:company><tm:normalized_name Domain="Media" value="hbo">HBO</tm:normalized_name></tm:company></tm:entity>, <tm:entity><tm:company value="discovery">Discovery</tm:company></tm:entity> and <tm:entity><tm:company value="disney">Disney</tm:company></tm:entity>.</p><p>Cautionary Language Regarding Forward-Looking Information</p>
<p>The foregoing information contains certain "forward-looking
statements" within the meaning of the <tm:entity><tm:location><tm:country><tm:place>United States</tm:place></tm:country></tm:location></tm:entity> Private
Securities Litigation Reform Act of 1995. These statements are
based on management's current expectations and are subject to
uncertainty and changes in circumstances. Actual results may differ
materially from these expectations due to changes in political,
economic, business, competitive, market and regulatory factors. In
particular, factors that could cause our actual results to differ
include risks related to: market acceptance of interactive
television services and applications such as ours; delays in the
development or introduction of new applications and versions of our
service; technical difficulties with networks or operating systems;
our ability to manage our resources effectively; changes in
technologies that affect the television industry; and the
protection of our proprietary information. These and other risks
are more fully described in our periodic reports and registration
statements filed with the Securities and <tm:entity><tm:organisation value="exchange commission">Exchange Commission</tm:organisation></tm:entity> and
can be obtained online at the Commission's web site at <a href="http://www.sec.gov" target="_new">http://www.sec.gov</a>. Readers
should consider the information contained in this release together
with other publicly available information about our company for a
more informed overview of our company. We disclaim any intention or
obligation to update or revise any forward-looking statements,
whether as a result of new information, future events or
otherwise.</p>
</body>
</html>


</doc>

