<doc xmlns:tm="http://www.temis.com/annotations/1.1/">
<metadata><aboutcompany value="secureworks"/><releaselocation value="atlanta"/><data_source value="prnews"/><source value="secureworks"/><processing_date>2008-01-21T17:10:43</processing_date><date>2008-01-09T10:00:00</date><quote symbol="NYSE:IT" src-company="gartner" company="Gartner, Inc." date="2008-01-09" price="16.24"/></metadata>
<title>Security Services Provider <tm:entity><tm:company><tm:potential_company role="Who" value="secureworks">SecureWorks</tm:potential_company></tm:company></tm:entity> Expands Its Offerings to Include Managed Log Retention Powered by New Partner LogLogic
</title>
<html>
<head>
<meta name="generator" content="HTML Tidy for Windows (vers 14 February 2006), see www.w3.org"/>
<!-- #BeginEditable "doctitle" -->
<title>Security Services Provider <tm:entity><tm:company><tm:potential_company role="Who" value="secureworks">SecureWorks</tm:potential_company></tm:company></tm:entity> Expands Its Offerings
to Include Managed Log Retention Powered by New Partner
LogLogic</title>
</head>
<body>
<p><tm:entity><tm:location><tm:country location_country="United States of America"><tm:place>ATLANTA</tm:place></tm:country></tm:location></tm:entity>, <tm:entity><tm:time_expression><tm:relative_time Day="9" Month="Jan." value="jan. 9">Jan. 9</tm:relative_time></tm:time_expression></tm:entity> /PRNewswire/ -- SecureWorks(R), a leading
information security services provider protecting over 2,000
clients, has added a managed log retention service to a variety of
its current managed, monitored and on- demand service offerings.
The new service, driven by a partnership with an industry-leading
log management solution provider LogLogic(R), will provide
enterprises with comprehensive log aggregation, retention,
searching and reporting.</p>
<p>As part of the new partnership, SecureWorks will manage <tm:entity><tm:company><tm:potential_company role="Who" value="loglogic">LogLogic</tm:potential_company></tm:company></tm:entity> appliances and integrate <tm:entity><tm:company><tm:potential_company role="Who" value="loglogic">LogLogic</tm:potential_company></tm:company></tm:entity> functionality into the
SecureWorks Client Portal for blended reporting and workflow
capabilities. SecureWorks will also monitor and correlate the logs,
collected by <tm:entity><tm:company><tm:potential_company role="Who" value="loglogic">LogLogic</tm:potential_company></tm:company></tm:entity> appliances, to identify and respond to
security threats. In addition, SecureWorks will resell <tm:entity><tm:company><tm:potential_company role="Who" value="loglogic">LogLogic</tm:potential_company></tm:company></tm:entity> appliances and support contracts.</p>
<p>"In this current regulatory environment, the ability to digest
all the data logs from various devices is essential for compliance
purposes," said <tm:entity><tm:person Family_Name="Merchant" First_Name="Corey" Gender="Undefined Gender" role="Person" value="corey merchant">Corey Merchant</tm:person></tm:entity>, <tm:entity><tm:function FunctionCategory="Board" role="Has_Function" value="vice president of product management">Vice President of Product
Management</tm:function></tm:entity> at <tm:entity><tm:company><tm:potential_company role="Who" value="secureworks">SecureWorks</tm:potential_company></tm:company></tm:entity>. "<tm:entity><tm:company><tm:potential_company role="Who" value="loglogic">LogLogic</tm:potential_company></tm:company></tm:entity> enhances our existing log
monitoring by allowing us to collect, analyze and store all logs,
not just security events of interest. It's just one more tool in
our arsenal of managed security services we provide to keep clients
safe and compliant. We are thrilled to be able to collaborate with
LogLogic who has been paving the way for log management and
intelligence for so long."</p>
<p>"We are pleased to be partnering with SecureWorks to provide
customers a services-based log management solution for risk and
compliance," said <tm:entity><tm:person Family_Name="Yusin" First_Name="Robert" Gender="Male" role="Person" value="robert yusin">Robert Yusin</tm:person></tm:entity>, <tm:entity><tm:function FunctionCategory="Board" role="Has_Function" value="executive vice president">Executive Vice President</tm:function></tm:entity>, Worldwide
<tm:entity><tm:company Domain="IT" role="Who" value="field operations">Field Operations</tm:company></tm:entity> for <tm:entity><tm:company><tm:potential_company role="Who" value="loglogic">LogLogic</tm:potential_company></tm:company></tm:entity>. "Utilizing the <tm:entity><tm:company><tm:potential_company role="Who" value="loglogic">LogLogic</tm:potential_company></tm:company></tm:entity> Services-Oriented Architecture, SecureWorks offers clients an
accelerated path to meet risk and compliance requirements."</p>
<p>The expanded service offerings will be available from
SecureWorks <tm:entity><tm:time_expression><tm:exact_time value="2008">on February 1, 2008</tm:exact_time></tm:time_expression></tm:entity>.</p><p>About SecureWorks</p>
<p>With over 2,000 clients, SecureWorks is one of the market's
leading Security-as-a-Service (Saas) providers. Organizations are
protected from external and internal cyber-threats through
SecureWorks' On-Demand Security Information and Event Management
(SIEM) platform, the SecureWorks Counter Threat Unit(TM), and three
fully synchronous Security Operations Centers (SOCs) staffed with
SANS GIAC certified analysts working 24x7 to safeguard client
systems. SecureWorks has won <tm:entity><tm:media><tm:newspaper value="sc magazine">SC Magazine</tm:newspaper></tm:media></tm:entity>'s MSSP <tm:entity><tm:time_expression><tm:exact_time Year="2006, 2007" value="of the year 2006 &amp; 2007">of the Year 2006
&amp; 2007</tm:exact_time></tm:time_expression></tm:entity>, Best Intrusion Prevention 2006 and has been named to
the Inc 500 and <tm:entity><tm:company><tm:normalized_name Domain="Financial" value="deloitte">Deloitte</tm:normalized_name></tm:company></tm:entity> lists of fastest-growing companies.
<a href="http://www.secureworks.com" target="_new">http://www.secureworks.com</a></p><p>About <tm:entity><tm:company><tm:potential_company role="Who" value="loglogic">LogLogic</tm:potential_company></tm:company></tm:entity></p><p>LogLogic(R) provides a world leading enterprise-class platform
for collecting, storing, reporting and alerting on 100% of IT log
data from virtually any source. <tm:entity><tm:company><tm:potential_company role="Who" value="loglogic">LogLogic</tm:potential_company></tm:company></tm:entity> 4 LX and ST systems
address the compliance, operations and risk mitigation needs of the
most demanding Global Enterprises. <tm:entity><tm:company><tm:potential_company role="Who" value="loglogic">LogLogic</tm:potential_company></tm:company></tm:entity>'s innovations include
creating the world's first search engine for fast-moving IT log
data and Compliance Suites that automate using log data to enforce
critical controls and regulations. <tm:entity><tm:company><tm:potential_company role="Who" value="loglogic">LogLogic</tm:potential_company></tm:company></tm:entity> has established a
position as a market visionary and leader, as evidenced by awards
and accolades, including "Leader" in <tm:entity><tm:company Domain="IT" value="gartner">Gartner</tm:company></tm:entity>'s 2007 SIEM Magic
Quadrant; SCMagazine's 'Approved for SCLabs Rating' <tm:entity><tm:time_expression><tm:exact_time Year="2006, 2007" value="in 2006 and 2007">in 2006 and
2007</tm:exact_time></tm:time_expression></tm:entity>, ITWeek's Editor's Choice Award; and Best of Interop 2005. For
more information, visit <a href="http://www.loglogic.com" target="_new">http://www.loglogic.com</a>and <a href="http://blog.loglogic.com" target="_new">http://blog.loglogic.com</a>.</p>
</body>
</html>


</doc>

