<doc xmlns:tm="http://www.temis.com/annotations/1.1/">
<metadata><aboutcompany value="sajan"/><releaselocation value="minneapolis"/><data_source value="prnews"/><source value="sajan"/><processing_date>2008-01-21T17:09:45</processing_date><date>2008-01-09T11:06:00</date></metadata>
<title>Sajan Grows 2007 Revenue by 140% and Adds over 150 New Clients
</title>
<html>
<head>
<meta name="generator" content="HTML Tidy for Windows (vers 14 February 2006), see www.w3.org"/>
<!-- #BeginEditable "doctitle" -->
<title>Sajan Grows 2007 Revenue by 140% and Adds over 150 New
Clients</title>
</head>
<body>
<p><tm:entity><tm:location><tm:country location_country="United States of America"><tm:place>MINNEAPOLIS</tm:place></tm:country></tm:location></tm:entity>, <tm:entity><tm:time_expression><tm:relative_time Day="9" Month="Jan." value="jan. 9">Jan. 9</tm:relative_time></tm:time_expression></tm:entity> /PRNewswire/ -- Sajan, the leader in
on-demand language translation technology and services, has
announced <tm:entity><tm:time_expression><tm:relative_time value="2007 year end">2007 year end</tm:relative_time></tm:time_expression></tm:entity> profitability with revenue growth in excess
of 140%, adding over 150 new clients <tm:entity><tm:time_expression><tm:exact_time Year="2007" value="in 2007">in 2007</tm:exact_time></tm:time_expression></tm:entity> alone. "Our People,
Process, and Technology blend provides clients a solution that is
genuinely unique and does not promise results, it delivers them,"
comments <tm:entity><tm:person Family_Name="Zimmerman" First_Name="Shannon" Gender="Female" value="shannon zimmerman">Shannon Zimmerman</tm:person></tm:entity>, Sajan <tm:entity><tm:function FunctionCategory="Board" value="chief executive officer">CEO</tm:function></tm:entity>. "Our continued belief is
that investments in differentiating technology represent the
greatest means of creating new value for our clients, while
enabling Sajan to operate more efficiently. These solutions gave us
a clear advantage <tm:entity><tm:time_expression><tm:exact_time Year="2007" value="in 2007">in 2007</tm:exact_time></tm:time_expression></tm:entity> and position us well <tm:entity><tm:time_expression><tm:exact_time Year="2008" value="for 2008">for 2008</tm:exact_time></tm:time_expression></tm:entity>."</p><p>(Logo: <a href="http://www.newscom.com/cgi-bin/prnh/20080109/AQW007LOGO" target="_new">http://www.newscom.com/cgi-bin/prnh/20080109/AQW007LOGO</a>)</p>
<p>Sajan's technology suite expanded <tm:entity><tm:time_expression><tm:exact_time Year="2007" value="in 2007">in 2007</tm:exact_time></tm:time_expression></tm:entity> with the launch of
GCMS(TM) 4.0, Authoring Coach(TM) 2.5, and X-Content
Integration(TM). The Sajan on-demand technology solution is offered
in combination with Sajan's language translation services. All data
is readily accessible and maintained in a non-proprietary format
giving clients the assurance of maximum flexibility.</p>
<p>"We are very appreciative for each of our new clients; the
continued selection of Sajan validates our unique and advanced
solution," says Zimmerman, "we look forward to similar growth <tm:entity><tm:time_expression><tm:exact_time Year="2008" value="in 2008">in
2008</tm:exact_time></tm:time_expression></tm:entity>."</p><p>About Sajan</p>
<p>Sajan is the innovative way to obtain language translation.
Sajan's language translation services use advanced process and
quality management through our next generation technology. Sajan's
patent-pending data management and on-demand collaboration and
workflow platform creates a unique blend of technology and service,
resulting in the most advanced and measurable solution available
today.</p>
<p>Website: <a href="http://www.sajan.com" target="_new">http://www.sajan.com</a></p></body>
</html>


</doc>

